sayfa,sira,kalem,bf_eski,bf_yeni,kaynak_yeni,ref_idler,emsal_ozet
Elektrik_AG,186,"T09 (depo trafo binası) ADP/13: 3200 A Cu bara, dikili tip form 3b/4, TS EN 61439",28000.0,34000.0,REF-derin(1),R00716;R00717,"TEDAK 2021 İzmir Buca metro ADP Form4B 6,3 m 83.315 € (ACB dahil) → ~13,2 k€/m; 6 hücre ~4,8 m ≈ 63,5 k€ − 2 ACB 23 k€ = 40,5 k€; mevcut 28 k€ ile harmanlandı"
Elektrik_AG,186,"Açık tip motorlu hava devre kesici (ACB) 3x3200 A 40 kA (Q1, Q2 trafo girişleri, kuplaj/ATS kilitli)",11500.0,11500.0,TAHMIN (emsal yok),,3200 A motorlu ACB için tekil teklif yok (ADP toplam fiyatlarına gömülü); 11.500 € 2026 piyasası için makul
Elektrik_AG,186,Su deposu ATS panosu (yangın pompaları D06-YPP-001/002 90 kW + D06-SDP-J1; şebeke/jeneratör),9000.0,9000.0,TAHMIN (emsal yok),R05628;R06168;R05649,"UL/FM yangın pompası transfer switch refleri pompa başına 8,8–15,5 k€ (Arı Yangın 2013, MAS 2011); kalem UL/FM listeli değilse 9.000 € makul – UL/FM şartsa ~2x risk (işaretlendi)"
Elektrik_AG,186,"AJDP (acil/jeneratör dağıtım panosu): 630 A Cu bara, Q3 3x800 A 40 kA (jeneratör), Q7 3x630 A, 3x500 A (JDP), 4x50 A (UPS), 3x63 A, 3x32 A; elektronik sayaç + 3x800/5 A",22000.0,22000.0,TAHMIN (emsal yok),,630 A AJDP için doğrudan emsal yok (Kocaeli tramvay TM AC panosu 11–12 k€ daha küçük kapsam); mevcut korundu
Elektrik_AG,186,"D01-ADP atölye binası ana dağıtım panosu: 3x1250 A 35 kA giriş, 1250 A Cu bara, toroid kaçak akım rölesi 300 mA-30 A, B+C parafudr, enerji analizörü 1250/5 A, ~30 çıkış (3x25…3x630 A)",38000.0,35165.0,REF-derin(1),R00717,"TEDAK 2021 İzmir Buca LVS-402 ADP 2. bölüm (3 m, Form4B) 32.331 €; 1250 A ADP ile benzer boy → mevcut 38.000 ile harmanlandı"
Elektrik_AG,186,"D01-JDP jeneratör dağıtım + D01-UDP (TCC UPS) dağıtım panoları, 2 x ATS panosu",6500.0,7177.0,REF-derin(1),R00719,TEDAK 2021 Buca UPS dağıtım panosu dikili Form4B 7.853 € → mevcut 6.500 ile harmanlandı
Elektrik_AG,186,"D03-ADP-001 vagon yıkama binası ana dağıtım panosu (102,9 kW)",6000.0,3400.0,REF-derin,R00867;R00868;R00479,"Bursa T2 Haluk 2015 250 kVA 3x400 A AG panosu 2.118 €, 400 kVA 3x630 A 2.685 €; Ankara-Sivas Platin 2019 250 kVA ADP 2.585 € → medyan 2.585 × eski TL işçilik düzeltmesi %30 → 3.400 €"
Elektrik_AG,186,"Pano montajı, bara bağlantıları, test/devreye alma, SCADA I/O",6000.0,6000.0,TAHMIN (emsal yok),,Montaj/test/SCADA I/O götürü – emsal yok
Elektrik_AG,195,Atölye+idari bina (D01) temel altı ağ 1x120 mm2 örgülü çıplak bakır (~18x8-18 m gözlü),22.0,16.7,REF-derin,R00725;R00792;R01107,"120 mm² örgülü Cu: Buca 2021 kablo üreticisi 12,6 €/m (M), ESCO 2021 12,4 €/m (M), Mezitli Arkom 2021 10,9 €/kg≈11,7 €/m (M) → +%35 serme/bağlantı işçiliği → medyan 16,7 €/m (LME Cu ~10 k$/t ile uyumlu)"
Elektrik_AG,195,D01 bina içi topraklama: 1x120 ana + 1x70 + H07Z-R 1x16 ekipman iletkenleri,9.0,9.0,TAHMIN (emsal yok),,"120/70/16 karışık bina içi topraklama – karışım oranı belirsiz, ortalama 9 € makul"
Elektrik_AG,195,"Binalar arası topraklama irtibat hattı 1x120 mm2 Cu (saha, eş potansiyel)",22.0,16.7,REF-derin,R00725;R00792;R01107,"120 mm² örgülü Cu: Buca 2021 kablo üreticisi 12,6 €/m (M), ESCO 2021 12,4 €/m (M), Mezitli Arkom 2021 10,9 €/kg≈11,7 €/m (M) → +%35 serme/bağlantı işçiliği → medyan 16,7 €/m (LME Cu ~10 k$/t ile uyumlu)"
Elektrik_AG,198,Katener bölgesi (EN 50122-1 OCL zone) metal kısımları için gerilim sınırlayıcı/izolasyon kontrol bağlantısı,1500.0,1500.0,TAHMIN (emsal yok),R00896,"Haluk 2015 ray potansiyeli sınırlama cihazı 13,8 k€ (cihazın kendisi) – kalem yalnız bağlantı, emsal değil"
Elektrik_AG,199,"Hatboyu kablo kanalı içinde 30x3,5 mm galvanizli çelik şerit (her iki yanda 1’er hat)",5.5,2.73,REF-derin,R00794;R01106;R00915;R00480,"30x3,5 galv. şerit: ESCO 2021 1,5 €/m (M) ve Arkom 2021 1,2 €/m (M) +%50 kanal içi serme → 2,25/1,8; Bursa T2 Haluk 2015 2,7 €/m (TL, işçilik +%20 → 3,2); Platin 2019 gömülü 4,6 → medyan 2,73 €/m (mevcut 5,5 çok yüksek)"
Elektrik_AG,199,"Katener direği topraklama bağlantısı (30x3,5 şerit filizi ~3 m + bağlantı klemensi)",35.0,35.0,TAHMIN (emsal yok),,Direk filizi+klemens için emsal yok; 35 € biraz yüksek olabilir (~25–30 €)
Elektrik_AG,199,Şerit ek/düğüm noktaları (galvaniz çapraz kroşe / egzotermik),18.0,18.0,TAHMIN (emsal yok),,Kroşe/egzotermik ek için emsal yok
Elektrik_AG,199,"Kazık elektrodu Cu Ø20 x 3 m (hatboyu, ~250 m’de bir, her iki şerit)",190.0,130.0,REF-derin,R00793;R00916;R00984;R00533,"Ø20 som Cu elektrot 3,5 m: ESCO 2021 119,7 € (M)+%25=150; Bursa T2 Haluk 2015 152,8 €, MET 168,2 €; Başkentray Desat 150,8 € → medyan 151,7 € × 3,0/3,5 m boy → 130 €"
Elektrik_AG,216,N2XH 3x240/120 mm2,125.0,128.0,REF-derin,R00682;R00726;R00689,"Prysmian 2021 Buca N2XH 1x240 30,3 €/m, 3x70/35 31,2 €/m (M, LME Cu 9.990 $/t) → ~0,127 €/mm²·m × 840 mm² = 107 € + %20 çekme → 128 €/m"
Elektrik_AG,216,N2XH FE180 3x185/95 mm2 (AJDP→JDP),115.0,124.0,REF-derin,R00683;R00691;R00682,"Prysmian 2021 N2XH 1x185 23,2 €/m (M) → 0,127 €/mm²×650 mm²=83 € × FE180 farkı 1,25 + %20 montaj → 124 €/m"
Elektrik_AG,216,N2XH FE180 1x185 mm2 + H07Z1 1x95 (jeneratör→AJDP),40.0,47.0,REF-derin,R00683;R00684,"Prysmian 2021 N2XH 1x185 23,2 € ×1,25 (FE180) + 1x95 ~10 € → 39 € (M) + %20 montaj → 47 €/m"
Elektrik_AG,216,NYY 3x120/70 mm2,58.0,59.0,REF-derin,R00689;R00682,"Prysmian 2021 N2XH 3x70/35 31,2 €, 1x240 30,3 € (M) → 0,127 €/mm²×430 mm² ×0,9 (NYY/PVC) = 49 € + %20 → 59 €/m"
Elektrik_AG,216,N2XH 3x120/70 mm2,62.0,65.5,REF-derin,R00689;R00682,"Prysmian 2021 N2XH (M) 0,127 €/mm²×430 mm² = 54,6 € + %20 montaj → 65,5 €/m"
Elektrik_AG,216,N2XH FE180 3x95/50 mm2 (su deposu yangın pompaları YPP-001/002),58.0,63.8,REF-derin,R00689;R00691,"Prysmian 2021 N2XH 3x70/35 31,2 € (M) ölçekli 335 mm² = 42,5 € ×1,25 FE180 + %20 montaj → 63,8 €/m"
Elektrik_AG,216,N2XH 4x16 mm2 (N2XH 564 + FE180 17),11.5,10.2,REF-derin,R00688;R00902;R00973,"N2XH 4x16: Prysmian 2021 8,5 € (M)+%20=10,2; Bursa T2 Haluk 2015 7,6 €, MET 10,2 € (M+İ) → medyan 10,2 €/m"
Elektrik_AG,216,NYY 4x10 mm2 (D00-AP çevre aydınlatma panoları 8 fider + SKP-3/4 makas besleme),7.5,6.0,REF-derin,R00691;R00688,"Prysmian 2021 FE180 4x10 6,5 €, N2XH 4x16 8,5 € → N2XH/NYY 4x10 ≈5,0 € (M) + %20 → 6,0 €/m"
Elektrik_AG,216,N2XH 4x6 mm2 (N2XH 733 + FE180 367),6.0,4.2,REF-derin,R00687;R00903;R00974;R00850,"N2XH 4x6: Prysmian 2021 3,6 € (M)+%20=4,3; Bursa T2 Haluk 2015 3,5 €, MET 4,4 €, Delta Tema 2,6 € (M)+%20=3,1 → medyan 3,9 € ×1,08 (1/3 FE180) → 4,2 €/m"
Elektrik_AG,216,H07Z-R PE iletkenleri (16-120 mm2) fiderlerle birlikte,6.0,6.0,TAHMIN (emsal yok),,"H07Z-R PE 16–120 karışık – kesit dağılımı belirsiz, 6 € korundu"
Elektrik_AG,216,D02 trafo binası kablo merdiveni/tava 500 mm (KT-500),38.0,30.8,REF-derin,R00803;R01104;R01105,"KT-500 tava: Buca EAE 2021 CTA 500 20,7 €/m (M), Mezitli Arkom 2021 400/600 tava 13,0/17,9 → 500≈15,5 €/m (M); medyan 18,1 × 1,7 (kapak/ek/askı + montaj) → 30,8 €/m"
Elektrik_AG,216,"Atölye+idari bina (D01) kablo tavaları KT-100/KT-200 (çoğu KT-200, çukurlarda h:-0,5 m, holde h:3,00/6,45 m) + askı/konsol",17.0,15.3,REF-derin,R00801;R01101;R00800;R01102,"KT-200 tava: Buca EAE 2021 8,3 €/m, Mezitli Arkom 2021 8,1 €/m (M) → 8,2 × 1,7 (askı/konsol+montaj) × 1,1 (6,45 m yükseklik) → 15,3 €/m"
Elektrik_AG,216,Tava topraklama iletkeni 16 mm2 çıplak Cu (tava boyunca),3.5,3.0,REF-derin,R00724;R00900;R00971;R00518;R00485,"16 mm² Cu: Buca 2021 örgülü 1,7 € (M)+%35=2,3; Bursa T2 Haluk 2015 4,4 €, MET 2,5 €; Başkentray Desat 3,0 €; Platin 2019 3,4 € → medyan 3,0 €/m"
Elektrik_AG,216,Saha dışı fiderler için HDPE koruge boru Ø110/160 (binalar arası),5.5,5.5,TAHMIN (emsal yok),R04035;R01311,"HDPE koruge Ø110/160: refler (AUS 2018 3,5 €/m, YM Çerkezköy 2018 4,6 €/m) çap belirtmiyor – mevcut 5,5 € Ø160 payı ile makul"
Elektrik_AG,216,D01 linye kabloları için HF boru/spiral + buat (sıva altı/üstü),2.2,1.95,REF-derin(1),R03097,"SAGE 2018 Q16 rijit boru aksesuarlı 1,7 €/m (M+İ) → mevcut 2,2 ile harmanlandı"
Elektrik_AG,218,"NYY 3x185/95 mm2 (TR-06→Hızmalı Köprüsü 660 m, TR-07→Eyüp Peygamber 630 m)",70.0,85.4,REF-derin,R00683;R00689,"NYY 3x185/95: Prysmian 2021 N2XH 1x185 23,2 €, 3x70/35 31,2 € (M) → 0,127 €/mm²×650×0,9 = 74 € + %15 kanal içi serme → 85,4 €/m (mevcut 70 Cu içeriğine göre düşük: ~5,8 kg Cu/m)"
Elektrik_AG,218,NYY 3x120/70 mm2 (TR-8→Harran 1590 m),50.0,56.5,REF-derin,R00689;R00682,"Prysmian 2021 (M) 0,127 €/mm²×430×0,9 = 49 € + %15 kanal içi → 56,5 €/m"
Elektrik_AG,218,"NYY 3x95/50 mm2 (TR-06→Balıklıgöl 270 m, TR-8→Rasathane 390 m)",42.0,44.0,REF-derin,R00689;R00684,"Prysmian 2021 (M) 0,127 €/mm²×335×0,9 = 38,3 € + %15 → 44,0 €/m"
Elektrik_AG,218,NYY 3x70/35 mm2 (TR-05→Göbeklitepe 820 m),33.0,32.3,REF-derin,R00689,"Prysmian 2021 Buca N2XH 3x70/35 31,2 €/m (M) ×0,9 NYY +%15 → 32,3 €/m (tek kesit ama aynı kesit; Cu bazlı diğer reflerle tutarlı)"
Elektrik_AG,218,"N2XH-O 4x10 mm2 (TM UDP→makas kontrol panosu SKP-1, 634 m/TM)",8.5,7.25,REF-derin(1),R00691,"Prysmian 2021 FE180 4x10 6,5 €/m (M) → N2XH 4x10 ≈5,2 + %15 = 6,0 €; mevcut 8,5 ile harmanlandı → 7,25"
Elektrik_AG,218,Hatboyu kablo kanalı içi AG kablo konsolu/kelepçe (kanal duvarına),4.0,4.0,TAHMIN (emsal yok),,Kanal içi konsol/kelepçe – emsal yok
Elektrik_AG,218,Hatboyu aydınlatma kablo koruma borusu HDPE koruge (yol geçişleri + tranşe),3.5,3.5,TAHMIN (emsal yok),R04035;R01311,"HDPE koruge (hatboyu): AUS 2018 HDPE muhafaza borusu 3,5 €/m M+İ ile aynı – çap belirsiz, 3,5 € korundu"
Elektrik_AG,322,İstasyon AG-aydınlatma uygulama projeleri (Tip1 Tip3 Tip4 – 6 istasyon adaptasyonu dahil),18000.0,18000.0,TAHMIN (emsal yok),,Elektrik uygulama projesi/hesap/as-built – tramvay ölçeğinde emsal yok (metro tasarım refleri ölçek dışı)
Elektrik_AG,322,Depo sahası binaları AG-aydınlatma uygulama projeleri (D01 D02 D03 D05 D06 D07 + çevre aydınlatma),22000.0,22000.0,TAHMIN (emsal yok),,Elektrik uygulama projesi/hesap/as-built – tramvay ölçeğinde emsal yok (metro tasarım refleri ölçek dışı)
Elektrik_AG,322,Hat trafo binaları (T00 tip ×4) AG-aydınlatma uygulama projeleri,6000.0,6000.0,TAHMIN (emsal yok),,Elektrik uygulama projesi/hesap/as-built – tramvay ölçeğinde emsal yok (metro tasarım refleri ölçek dışı)
Elektrik_AG,322,Hatboyu aydınlatma uygulama projesi (yol aydınlatma planları + pano cetvelleri + TEDAŞ onayı),12000.0,12000.0,TAHMIN (emsal yok),,Elektrik uygulama projesi/hesap/as-built – tramvay ölçeğinde emsal yok (metro tasarım refleri ölçek dışı)
Elektrik_AG,322,Aydınlatma hesapları (DIALux) + kablo kesit / gerilim düşümü / kısa devre / selektivite hesapları,6000.0,6000.0,TAHMIN (emsal yok),,Elektrik uygulama projesi/hesap/as-built – tramvay ölçeğinde emsal yok (metro tasarım refleri ölçek dışı)
Elektrik_AG,322,As-built projeler ve işletme-bakım dokümantasyonu,8000.0,8000.0,TAHMIN (emsal yok),,Elektrik uygulama projesi/hesap/as-built – tramvay ölçeğinde emsal yok (metro tasarım refleri ölçek dışı)
Elektrik_AG,323,66W LED direk üstü aydınlatma armatürü (IP65/66 peron),260.0,267.0,REF-derin(1),R00490,"Ankara-Sivas Platin 2019 LED projektör ≤100 W 274,8 € (poz 742.455, montajlı) → mevcut 260 ile harmanlandı"
Elektrik_AG,323,"Peron aydınlatma direği h=3,5 m galvaniz çift kollu (ankraj dahil – temel inşai)",550.0,550.0,TAHMIN (emsal yok),R00852,"3,5 m çift kollu peron direği: kg bazlı (Haluk 2,5 €/kg) ~250–350 € çıkar; dekoratif/mimari şartname olabileceğinden 550 korundu – biraz yüksek"
Elektrik_AG,323,100W kubbe/kanopi acil aydınlatma armatürü – projede aydınlatma ucu (UPS),220.0,247.0,REF-derin(1),R00490,"Platin 2019 LED projektör ≤100 W 274,8 € (montajlı) → mevcut 220 ile harmanlandı"
Elektrik_AG,323,UPS 10 kVA 3F/3F online IGBT + manuel by-pass,5300.0,5000.0,REF-derin,R00675;R00676;R00535;R00894;R06584,"10 kVA UPS (akü hariç): Buca 2021 20 kVA+120/240 dk farkından UPS gövdesi ~5,9 k€ → 10 kVA ~3,8 k€ (M)+%15=4.370; Başkentray Desat 2012 10 kVA 4.700; Bursa T2 Haluk 2015 istasyon UPS 5.302; Narlıdere Bombardier 2018 10 kVA 1 h 6.000 → medyan 5.000 €"
Elektrik_AG,323,UPS akü grubu VRLA 2 saat otonomi (10 kVA tam yük) – 32×12V 100Ah blok (384 V DC) + akü kabini,3150.0,3150.0,TAHMIN (emsal yok),R01952;R01745,"Akü: Cesa 2021 12V105Ah 341 €/blok, Uskom 2018 12V150Ah 571 €/blok yangın/telekom panelinde tekil alım (aşırı); 2026 blok bazlı (12V-33Ah ~75 €) hesap mevcut ile uyumlu"
Elektrik_AG,324,UPS 10 kVA 3F/3F online IGBT + manuel by-pass,5300.0,5000.0,REF-derin,R00675;R00676;R00535;R00894;R06584,"10 kVA UPS (akü hariç): Buca 2021 20 kVA+120/240 dk farkından UPS gövdesi ~5,9 k€ → 10 kVA ~3,8 k€ (M)+%15=4.370; Başkentray Desat 2012 10 kVA 4.700; Bursa T2 Haluk 2015 istasyon UPS 5.302; Narlıdere Bombardier 2018 10 kVA 1 h 6.000 → medyan 5.000 €"
Elektrik_AG,325,UPS 10 kVA 3F/3F online IGBT + manuel by-pass,5300.0,5000.0,REF-derin,R00675;R00676;R00535;R00894;R06584,"10 kVA UPS (akü hariç): Buca 2021 20 kVA+120/240 dk farkından UPS gövdesi ~5,9 k€ → 10 kVA ~3,8 k€ (M)+%15=4.370; Başkentray Desat 2012 10 kVA 4.700; Bursa T2 Haluk 2015 istasyon UPS 5.302; Narlıdere Bombardier 2018 10 kVA 1 h 6.000 → medyan 5.000 €"
Elektrik_AG,326,UPS 10 kVA 3F/3F online IGBT + manuel by-pass,5300.0,5000.0,REF-derin,R00675;R00676;R00535;R00894;R06584,"10 kVA UPS (akü hariç): Buca 2021 20 kVA+120/240 dk farkından UPS gövdesi ~5,9 k€ → 10 kVA ~3,8 k€ (M)+%15=4.370; Başkentray Desat 2012 10 kVA 4.700; Bursa T2 Haluk 2015 istasyon UPS 5.302; Narlıdere Bombardier 2018 10 kVA 1 h 6.000 → medyan 5.000 €"
Elektrik_AG,327,UPS 10 kVA 3F/3F online IGBT + manuel by-pass,5300.0,5000.0,REF-derin,R00675;R00676;R00535;R00894;R06584,"10 kVA UPS (akü hariç): Buca 2021 20 kVA+120/240 dk farkından UPS gövdesi ~5,9 k€ → 10 kVA ~3,8 k€ (M)+%15=4.370; Başkentray Desat 2012 10 kVA 4.700; Bursa T2 Haluk 2015 istasyon UPS 5.302; Narlıdere Bombardier 2018 10 kVA 1 h 6.000 → medyan 5.000 €"
Elektrik_AG,328,UPS 10 kVA 3F/3F online IGBT + manuel by-pass,5300.0,5000.0,REF-derin,R00675;R00676;R00535;R00894;R06584,"10 kVA UPS (akü hariç): Buca 2021 20 kVA+120/240 dk farkından UPS gövdesi ~5,9 k€ → 10 kVA ~3,8 k€ (M)+%15=4.370; Başkentray Desat 2012 10 kVA 4.700; Bursa T2 Haluk 2015 istasyon UPS 5.302; Narlıdere Bombardier 2018 10 kVA 1 h 6.000 → medyan 5.000 €"
Elektrik_AG,329,D01 – 60x60 asma tavan LED panel armatür 25W (ÖE.02/ÖE.03 IP20),50.0,60.4,REF-derin,R00486;R00669;R00924;R00991,"60x60 LED panel: Platin 2019 58,2 € (montajlı), Philips 2021 RC148B 39,4 € (M)+%20=47,3, Bursa T2 Haluk 2015 31 W 62,5 €, MET 72,6 € → medyan 60,4 €"
Elektrik_AG,329,D01 – Sıva üstü 30W ortam korumalı LED armatür (IP65),60.0,63.9,REF-derin,R00665;R00922;R00989;R00488,"~30 W IP65 etanj: Philips 2021 WT166C 32,3 € (M)+%20=38,8; Bursa T2 Haluk 2015 23 W 94,2 €, MET 80,2 €; Platin 2019 20 W 47,5 € → medyan 63,9 €"
Elektrik_AG,329,D01 – Atölye tipi 100W LED armatür (high-bay),160.0,160.0,TAHMIN (emsal yok),,High-bay 100 W için emsal yok; 160 € makul
Elektrik_AG,329,D01 – 125W LED projektör (IP66),190.0,246.0,REF-derin(1),R00490,"Platin 2019 LED projektör ≤100 W 274,8 € ×1,1 (125 W) = 302 € → mevcut 190 ile harmanlandı"
Elektrik_AG,329,D01 – Kombine priz kutusu (16A 1F + 32A 3F CEE IP44/67) – atölye kuvvet prizi,120.0,120.0,TAHMIN (emsal yok),,Kombine CEE priz kutusu emsal yok
Elektrik_AG,329,D01 – APP aydınlatma-priz tali panoları (APP/101 APP/Z01 APP/Z02 APP/Z03),1800.0,2920.0,REF-derin,R00720;R00721,"Buca TEDAK 2021 tali dağıtım panosu SCT duvar tipi IP65 ort. 3.011 €, GSP ort. 2.828 € → medyan 2.920 € (mevcut 1.800/2.500 düşük)"
Elektrik_AG,329,D01 – UPP UPS'ten beslenen aydınlatma-priz panoları (UPP/101 UPP/Z01 UPP/Z02 UPP/Z03),1800.0,2920.0,REF-derin,R00720;R00721,"Buca TEDAK 2021 tali dağıtım panosu SCT duvar tipi IP65 ort. 3.011 €, GSP ort. 2.828 € → medyan 2.920 € (mevcut 1.800/2.500 düşük)"
Elektrik_AG,329,D01 – AKT atölye kuvvet/priz tali panoları (AKT/001..004),2500.0,2920.0,REF-derin,R00720;R00721,"Buca TEDAK 2021 tali dağıtım panosu SCT duvar tipi IP65 ort. 3.011 €, GSP ort. 2.828 € → medyan 2.920 € (mevcut 1.800/2.500 düşük)"
Elektrik_AG,329,D01 – Atölye bölüm priz panoları (BPP EBP IMP KAP MBP /Z01),1500.0,1500.0,TAHMIN (emsal yok),R00720,"Bölüm priz panoları daha küçük; TEDAK tali (3.011) üst sınır, 1.500 korundu"
Elektrik_AG,329,D01 – UPS 30 kVA 3F/3F online + by-pass (bina UPS ve TCC UPS),11000.0,9800.0,REF-derin(1),R00677;R00675;R00895;R00966,"30 kVA UPS: Buca 2021 20/40 kVA+120 dk tekliflerinden akü ayrıştırılarak 30 kVA gövde ~7,5 k€ (M)+%15 = 8.600; (Bursa T2 hizmet binası UPS 10,5–11 k€ akülü, kVA belirsiz) → mevcut 11.000 ile harmanlandı"
Elektrik_AG,329,D01 – UPS akü grubu VRLA 2 saat otonomi (30 kVA) – 40×12V 200Ah blok (480 V DC) + akü rafı/kabini,17000.0,17000.0,TAHMIN (emsal yok),R01952;R01745,40×12V200Ah akü+raf: blok bazlı 2026 piyasa ~18 k€ ile tutarlı; refler tekil küçük alım – korundu
Elektrik_AG,329,"D01 – N2XH 3x2,5 mm² aydınlatma linye + sorti",2.6,2.6,TAHMIN (emsal yok),R00929;R00930,"Linye+sorti metre fiyatı – refler adet bazlı sorti (Haluk 11,6–25,3 €/adet), metreye çevrilemez"
Elektrik_AG,329,"D01 – N2XH-FE180 3x2,5 mm² acil (UPP) aydınlatma linye + sorti",3.5,3.5,TAHMIN (emsal yok),R00929;R00930,"Linye+sorti metre fiyatı – refler adet bazlı sorti (Haluk 11,6–25,3 €/adet), metreye çevrilemez"
Elektrik_AG,329,D01 – N2XH 5x10 mm² kombine priz kutusu linyesi,9.0,8.4,REF-derin(1),R00691,"Prysmian 2021 FE180 4x10 6,5 €/m → N2XH 5x10 ≈6,5 € (M)+%20=7,8 → mevcut 9,0 ile harmanlandı"
Elektrik_AG,329,D02 – UPS 20 kVA 3F/3F + by-pass (trafo merkezi UPSi),8500.0,7071.0,REF-derin,R00675;R00676;R01057,"20 kVA UPS: Buca 2021 20 kVA (120/240 dk farkından akü ayrıştırıldı) gövde 5,9 k€ (M)+%15 = 6.800; Kocaeli tramvay 2015 20 kVA UPS 7.343 → medyan 7.071 €"
Elektrik_AG,329,D02 – UPS akü grubu VRLA 2 saat otonomi (20 kVA) – 40×12V 150Ah blok (480 V DC) + akü kabini,13000.0,13000.0,TAHMIN (emsal yok),R01952;R01745,Akü grubu: refler tekil küçük blok alımı; 2026 blok bazlı hesap mevcut fiyatla uyumlu – korundu
Elektrik_AG,330,15 m galvaniz kaplı çelik aydınlatma direği (projektör taşıyıcı başlıklı),2800.0,2320.0,REF-derin,R00852;R00934,"15 m poligon direk ~480 kg × 2,85 €/kg (Bursa T2 Haluk 2,48 / MET 3,20 €/kg medyanı) = 1.370 + projektör başlığı ~300 + temel ~500 + vinç/montaj 150 → 2.320 €"
Elektrik_AG,330,150W LED projektör (asimetrik IP66),300.0,308.0,REF-derin(1),R00490,"Platin 2019 LED projektör ≤100 W 274,8 € ×1,15 (150 W) = 316 € → mevcut 300 ile harmanlandı"
Elektrik_AG,330,"Direk içi projektör besleme kablosu NYY 3x2,5 mm²",2.5,1.8,REF-derin,R00685;R00901;R00972;R00848,"3x2,5: Prysmian 2021 N2XH 1,3 € (M)+%20=1,56; Bursa T2 Haluk 2015 1,5 €, MET 1,9 €; Delta Tema 2015 1,0 (M)+%20 → medyan 1,53 + %20 direk içi çekme → 1,8 €/m"
Elektrik_AG,330,Direkler arası yeraltı besleme kablosu NYY/N2XY 4x16 mm² (çelik zırhlı),13.0,11.2,REF-derin,R00688;R00902;R00973,"4x16: Prysmian 2021 8,5 €, Haluk 2015 7,6 €, MET 10,2 € → ×1,1 zırh, Prysmian +%20 montaj → medyan 11,2 €/m"
Elektrik_AG,330,Çıplak örgülü bakır toprak iletkeni 50 mm² (direkler arası),12.0,7.0,REF-derin,R00725;R00724,"Örgülü Cu: Buca 2021 120 mm² 12,6 €, 16 mm² 1,7 € (M) → ~0,105 €/mm²·m × 50 = 5,2 € + %35 → 7,0 €/m (mevcut 12 yüksek)"
Elektrik_AG,331,Sıva üstü 30W ortam korumalı LED armatür (IP65),60.0,63.9,REF-derin,R00665;R00922;R00989;R00488,"~30 W IP65 etanj: Philips 2021 WT166C 32,3 € (M)+%20=38,8; Bursa T2 Haluk 2015 23 W 94,2 €, MET 80,2 €; Platin 2019 20 W 47,5 € → medyan 63,9 €"
Elektrik_AG,331,APP aydınlatma-priz panosu T00/APP/001 (IP54 3F 25A 15 çıkış),1300.0,1300.0,TAHMIN (emsal yok),,T00 APP IP54 25 A küçük pano – TEDAK tali ortalaması daha büyük pano; 1.300 korundu
Elektrik_AG,331,UPS 10 kVA 3F/3F online + by-pass (trafo merkezi UPSi),5300.0,5000.0,REF-derin,R00675;R00676;R00535;R00894;R06584,"10 kVA UPS (akü hariç): Buca 2021 20 kVA+120/240 dk farkından UPS gövdesi ~5,9 k€ → 10 kVA ~3,8 k€ (M)+%15=4.370; Başkentray Desat 2012 10 kVA 4.700; Bursa T2 Haluk 2015 istasyon UPS 5.302; Narlıdere Bombardier 2018 10 kVA 1 h 6.000 → medyan 5.000 €"
Elektrik_AG,331,UPS akü grubu VRLA 2 saat otonomi (10 kVA) – 32×12V 100Ah blok (384 V DC) + akü kabini,7300.0,7300.0,TAHMIN (emsal yok),R01952;R01745,Akü grubu: refler tekil küçük blok alımı; 2026 blok bazlı hesap mevcut fiyatla uyumlu – korundu
Elektrik_AG,331,Yıldırımdan korunma tesisatı,2500.0,2500.0,TAHMIN (emsal yok),R01056,"Kocaeli tramvay 2015 TM topraklama+yıldırımdan korunma 7.538 € (topraklama dahil, kapsam farklı) – korundu"
Elektrik_AG,332,152W LED yol aydınlatma armatürü (IP66 projektör tipi),380.0,348.0,REF-derin(1),R00490,"152 W LED yol armatürü: Platin 2019 LED projektör ≤100 W 274,8 € ×1,15 (150 W) = 316 € → mevcut 380 ile harmanlandı; 736 adetlik toplu alımda 300 € altı da mümkün"
Elektrik_AG,332,12 m galvaniz çelik poligon aydınlatma direği tek konsollu (IP66 müdahale kapaklı),1600.0,1120.0,REF-derin,R00852;R00934,"12 m poligon direk tek konsollu ~210 kg × 2,85 €/kg (Bursa T2 Haluk 2,48 / MET 3,20 €/kg medyanı) ×1,2 çelik fiyat artışı = 720 € + temel ~300 € + vinç/montaj 100 € → 1.120 € (mevcut 1.600 yüksek)"
Elektrik_AG,332,Direk içi sigorta + U klemens kutusu (armatür başı otomatik sigorta),35.0,35.0,TAHMIN (emsal yok),,Direk içi sigorta/U klemens emsal yok
Elektrik_AG,332,"Direk içi armatür besleme kablosu NYY 3x2,5",2.5,1.8,REF-derin,R00685;R00901;R00972;R00848,"3x2,5: Prysmian 2021 N2XH 1,3 € (M)+%20=1,56; Bursa T2 Haluk 2015 1,5 €, MET 1,9 €; Delta Tema 2015 1,0 (M)+%20 → medyan 1,53 + %20 direk içi çekme → 1,8 €/m"
Elektrik_AG,332,"AP aydınlatma panosu (IP65 harici, aktif sokak sayacı RS-485, astronomik zaman rölesi, TMŞ 4x40A, KAR 300/30mA, 3 linye + yedek)",3500.0,2630.0,REF-derin,R04012;R05156;R00872,"Harici dağıtım panosu ELF-20.1: AUS 2018 1.580 €, Rayba 2016 3.081 € → medyan 2.330 + sayaç/astronomik röle (Haluk 2015 90 €) ~300 → 2.630 €"
Elektrik_AG,332,NAYY 4x16 mm² direkler arası besleme kablosu,5.5,5.5,TAHMIN (emsal yok),,NAYY (Al) AG kablo için emsal yok; Al kablo fiyatları Cu bazlı refle doğrudan karşılaştırılamaz
Elektrik_AG,332,NAYY 4x25 mm² direkler arası besleme kablosu,6.5,6.5,TAHMIN (emsal yok),,NAYY (Al) AG kablo için emsal yok; Al kablo fiyatları Cu bazlı refle doğrudan karşılaştırılamaz
Elektrik_AG,332,NAYY 4x35 mm² direkler arası besleme kablosu,7.5,7.5,TAHMIN (emsal yok),,NAYY (Al) AG kablo için emsal yok; Al kablo fiyatları Cu bazlı refle doğrudan karşılaştırılamaz
Elektrik_AG,332,Örgülü toprak iletkeni (cetvel: 95 mm² çelik örgülü / 35 mm² Al – şartname: çıplak örgülü bakır),9.0,5.0,REF-derin,R00725;R00724,"~35 mm² örgülü Cu (şartname): Buca 2021 120 mm² 12,6 €, 16 mm² 1,7 € (M) → 0,105 €/mm²·m ×35 = 3,7 € + %35 → 5,0 €/m (mevcut 9 yüksek)"
Elektrik_AG,332,Galvaniz topraklama elektrodu 65x65x7 h=2 m,55.0,55.0,TAHMIN (emsal yok),,"65x65x7 galv. köşebent 2 m (~13,6 kg) – emsal yok; 55 € kg bazlı hesapla uyumlu"
Elektrik_AG,333,"İstasyon yangın ihbar projeleri (6 istasyon – kesin projede yok, sıfırdan)",9000.0,9000.0,TAHMIN (emsal yok),,Yangın algılama proje/senaryo – tramvay ölçeğinde emsal yok
Elektrik_AG,333,Depo sahası binaları yangın algılama uygulama projeleri (D01 D02 D03 D05 D06 D07),8000.0,8000.0,TAHMIN (emsal yok),,Yangın algılama proje/senaryo – tramvay ölçeğinde emsal yok
Elektrik_AG,333,"TCC merkezi izleme – ağ topolojisi, arayüz (SCADA TCC) ve senaryo/sebep-sonuç matrisleri",5000.0,5000.0,TAHMIN (emsal yok),,Yangın algılama proje/senaryo – tramvay ölçeğinde emsal yok
Elektrik_AG,340,"D01 – Ana yangın alarm santrali MFAP analog adresli 5 çevrimli (network, yazıcı, akü 2x12V 24Ah, 24V PSU)",12000.0,4975.0,REF-derin,R00739;R00926;R01077,"MFAP: Buca EEC 2021 EST3 4 loop network 3.580 €, Bursa T2 Haluk 2015 4 loop 2.816 €, Kocaeli Sekaray 2015 128 bölge 3.380 € → medyan 3.380 + 5. loop/yazıcı ~600 → +%25 montaj → 4.975 € (mevcut 12.000 çok yüksek)"
Elektrik_AG,340,"Tüm depo binaları – programlama, sebep-sonuç senaryoları, SCADA arayüzü, test ve devreye alma",5000.0,5000.0,TAHMIN (emsal yok),R00789,NEV 2021 mühendislik+devreye alma 26 k€ (11 ist. metro) – ölçek farklı
Elektrik_AG,341,"Adresli yangın alarm paneli T00/FDS/YAP/001 (akülü, network kartı)",3500.0,2000.0,REF-derin,R00783;R00906;R00527,Adresli panel: NEV 2021 Vigilon compact 1-2 loop+network 1.164 € (M)+%20=1.397; Bursa T2 Haluk 2015 1 loop 1.751 €; Başkentray Desat 2012 2.556 € → medyan 1.751 + network kart 250 → 2.000 €
Elektrik_AG,341,TCC/SCADA ağ ara birimi (fiber media converter) + programlama/devreye alma,1500.0,1500.0,TAHMIN (emsal yok),R01202,Media converter (YM 2019 89 €) + programlama – kalem çoğunlukla hizmet; korundu
Elektrik_AG,342,Grafik yangın izleme ve yönetim yazılımı (TCC) + lisans (~17 panel düğümü),12000.0,11180.0,REF-derin(1),R00787;R00786,NEV 2021 WINMAG plus grafik yazılım 7.235 € + workstation 1.773 € → +%15 = 10.360 € → mevcut 12.000 ile harmanlandı
Elektrik_AG,342,Panel network/haberleşme kartı (tüm uzak paneller için),450.0,450.0,TAHMIN (emsal yok),R00783,Network kartı: Vigilon panel fiyatına dahil – panel (655) ile mükerrer olma riski işaretlendi
Elektrik_AG,342,"Merkezi yazılım konfigürasyonu, senaryo programlama, entegrasyon testleri ve eğitim",6000.0,6000.0,TAHMIN (emsal yok),,Konfig/test/eğitim emsal yok
Haberlesme,236,"Uygulama projeleri, sistem mimarisi/blok şemaları, hesaplar (fiber ring, IP/VLAN planı, loss budget +6 dB marj)",18000.0,16740.0,REF-derin(1),R01528,Narlıdere Uskom 2018 İletim sistemi tasarımı 15.477 € (metro 7 ist.) → mevcut 18.000 ile harmanlandı
Haberlesme,236,"Dokümantasyon: malzeme onayı, test prosedürleri, as-built, işletme-bakım el kitapları, eğitim dokümanı",7000.0,7000.0,TAHMIN (emsal yok),R01606;R01641,"Uskom as-built kalemleri 1,5–17 k€ arası dağınık (metro) – korundu"
Haberlesme,237,"Harici tip durak haberleşme dolabı (IP55, kilitli, 19'' raylı, havalandırmalı, pano odasındaki RACK KABİN)",2800.0,2800.0,TAHMIN (emsal yok),R03070,"IP55 harici 19"" dolap – SAGE saha kabineti 372 € küçük kutu, emsal değil"
Haberlesme,237,"Endüstriyel ağ anahtarı 12 port (8 PoE+ 10/100/1000 + 2 kombo + 2 SFP), L2/L3, DIN/19''",2800.0,2080.0,REF-derin(1),R02199;R02200,"ALE OS6465-P12 (8 PoE+ +4 SFP, hardened) Buca 2021 955 € + DIN PSU 174 € (M) → +%20 kurulum/konfig = 1.355 € → mevcut 2.800 ile harmanlandı"
Haberlesme,237,"Ø110 koruge boru (istasyon zayıf/kuvvetli akım borulama tesisatı, peron altı + yol altı geçiş)",5.5,5.5,TAHMIN (emsal yok),R04035;R01311,"Ø110 koruge: refler çapsız (3,5–4,6 €/m); 5,5 € korundu"
Haberlesme,238,"Endüstriyel ağ anahtarı 12 port (8 PoE+ 10/100/1000 + 2 kombo + 2 SFP), L2/L3, DIN/19''",2800.0,2080.0,REF-derin(1),R02199;R02200,"ALE OS6465-P12 (8 PoE+ +4 SFP, hardened) Buca 2021 955 € + DIN PSU 174 € (M) → +%20 kurulum/konfig = 1.355 € → mevcut 2.800 ile harmanlandı"
Haberlesme,239,"Endüstriyel ağ anahtarı 12 port (8 PoE+ 10/100/1000 + 2 kombo + 2 SFP), L2/L3, DIN/19''",2800.0,2080.0,REF-derin(1),R02199;R02200,"ALE OS6465-P12 (8 PoE+ +4 SFP, hardened) Buca 2021 955 € + DIN PSU 174 € (M) → +%20 kurulum/konfig = 1.355 € → mevcut 2.800 ile harmanlandı"
Haberlesme,240,"Endüstriyel ağ anahtarı 12 port (8 PoE+ 10/100/1000 + 2 kombo + 2 SFP), L2/L3, DIN/19''",2800.0,2080.0,REF-derin(1),R02199;R02200,"ALE OS6465-P12 (8 PoE+ +4 SFP, hardened) Buca 2021 955 € + DIN PSU 174 € (M) → +%20 kurulum/konfig = 1.355 € → mevcut 2.800 ile harmanlandı"
Haberlesme,241,"Endüstriyel ağ anahtarı 12 port (8 PoE+ 10/100/1000 + 2 kombo + 2 SFP), L2/L3, DIN/19''",2800.0,2080.0,REF-derin(1),R02199;R02200,"ALE OS6465-P12 (8 PoE+ +4 SFP, hardened) Buca 2021 955 € + DIN PSU 174 € (M) → +%20 kurulum/konfig = 1.355 € → mevcut 2.800 ile harmanlandı"
Haberlesme,242,"Endüstriyel ağ anahtarı 12 port (8 PoE+ 10/100/1000 + 2 kombo + 2 SFP), L2/L3, DIN/19''",2800.0,2080.0,REF-derin(1),R02199;R02200,"ALE OS6465-P12 (8 PoE+ +4 SFP, hardened) Buca 2021 955 € + DIN PSU 174 € (M) → +%20 kurulum/konfig = 1.355 € → mevcut 2.800 ile harmanlandı"
Haberlesme,243,"Dağıtım ağ anahtarı L3 24 port PoE+ (369,6 W) + 4 SFP (D01 kat/zayıf akım odaları)",4000.0,1650.0,REF-derin,R02736;R01213;R01218,"L3 24p PoE+: Kabataş Uskom 2015 ALE 6450-24 PoE 2.072 € (M+İ), YM 2019 24p 10G 1.439 €, 24p PoE+2SFP 1.288 € (M+İ) → medyan 1.439 + %15 L3 lisansı → 1.650 € (mevcut 4.000 yüksek)"
Haberlesme,243,"Kenar/erişim ağ anahtarı 8-12 port PoE + 2 SFP (D02, D03, D05, D07 binaları)",1800.0,1057.0,REF-derin,R01217;R02196;R02199,8–12p PoE: YM 2019 PoE 8 port 993 € (M+İ); ALE OS6465-P6 736+174 PSU (M)+%20 ≈1.057; OS6465-P12 1.355 → medyan 1.057 €
Haberlesme,243,Bina içi 19'' dahili tip cihaz dolabı (42U D01 zayıf akım odası + 12U duvar tipi binalar),1200.0,494.0,REF-derin,R03068;R02927;R02507;R03069,"42U: SAGE 2018 1.250 €, Pendik 2022 1.069 €, ASRACK 2015 968 € → medyan 1.069; 12U duvar SAGE 304 → ~350 → (1×42U+4×12U)/5 = 494 €"
Haberlesme,244,"Dağıtım ağ anahtarı L3 24 port 10/100/1000 PoE+ + 4 SFP (düğüm noktası, ring)",4000.0,1650.0,REF-derin,R02736;R01213;R01218,"L3 24p PoE+: Kabataş Uskom 2015 ALE 6450-24 PoE 2.072 € (M+İ), YM 2019 24p 10G 1.439 €, 24p PoE+2SFP 1.288 € (M+İ) → medyan 1.439 + %15 L3 lisansı → 1.650 € (mevcut 4.000 yüksek)"
Haberlesme,244,19'' dahili tip iletim dolabı 42U (veya RTU kabini içi montaj),1400.0,1070.0,REF-derin,R03068;R02927;R02507,"42U kabin: SAGE 2018 1.250 € (M+İ), Pendik 2022 IP54 fan/priz dahil 1.069 €, ASRACK 2015 968 € → medyan 1.070 €"
Haberlesme,245,"Endüstriyel kenar ağ anahtarı 8 port + 2 SFP (karayolu geçişleri, makas kontrol, depo bağlantı, depo makas bölgesi)",1500.0,1355.0,REF-derin,R02196;R02199;R01290,Endüstriyel kenar switch: ALE OS6465-P6 736 €+PSU 174 (M)+%20 = 1.090; OS6465-P12 1.355; YM Çerkezköy 2018 industrial switch 3.374 (iç tahmin) → medyan 1.355 €
Haberlesme,245,"Harici tip yolboyu iletim dolabı / iletim sistemi bağlantı kutusu (IP55, raylı, ısıtıcı/fan)",2500.0,2500.0,TAHMIN (emsal yok),R04012,Harici IP55 iletim dolabı ısıtıcı/fan – emsal yok
Haberlesme,246,"Omurga anahtar (28x1G SFP + 4 kombo + 4x10G SFP+, 598 Gbps) — TCC OMURGA(1)/(2)",12000.0,5630.0,REF-derin,R01918;R01210;R01914,Omurga: Huawei S5732-H24S6Q (24 SFP+uplink) Buca 2021 4.894 € (M)+%15=5.630; YM 2019 omurga switch 3.914 €; Huawei S6730 14.004 (M)+%15=16.100 → medyan 5.630 € (mevcut 12.000 yüksek)
Haberlesme,246,"Ağ birleştirme yönlendiricisi (aggregation router) + Firewall (yedekli, lisanslı)",9000.0,9700.0,REF-derin(1),R03077,SAGE 2018 internet gateway firewall dahil 10.415 € (M+İ) → mevcut 9.000 ile harmanlandı
Haberlesme,246,Ağ yönetim sistemi (NMS) bilgisayarı + monitör + NMS yazılımı (60 anahtar lisansı),12000.0,14600.0,REF-derin(1),R01609;R03129,"Narlıdere Uskom 2018 NMS 17.207 € (M+İ) → mevcut 12.000 ile harmanlandı (Samsun LRT 2008 IONOS NMS 22,2 k€ eski SDH, kullanılmadı)"
Haberlesme,246,"Sistem entegrasyonu, IP/VLAN konfigürasyonu, test-devreye alma, eğitim",15000.0,15000.0,TAHMIN (emsal yok),R02249,Entegrasyon/konfig – metro refleri (70 k€) ölçek dışı
Haberlesme,247,SM zırhlı yeraltı F/O kablo 96 damar (tarif 4002: 2x96) — hattın iki yanında kapalı ring (omurga),2.3,2.7,REF-derin(1),R01276,"Başkentray Thales 2012 24 fiber optik kablo 3.058 €/km = 3,06 €/m (M+İ) → mevcut 2,3 (24 SM’ye düzeltilmiş) ile harmanlandı"
Haberlesme,247,"MM F/O kablo 24 damar (durak/karayolu/makas alt ringleri, proje 8 core güzergahı)",1.5,2.0,REF-derin,R01801;R01621,"Narlıdere Uskom 2018 4 core SM 1,6 €/m, 2 SM 2,8 €/m (M+İ, LSZH) → medyan 2,2; 8 core zırhlı yeraltı kanalda → 2,0 €/m"
Haberlesme,247,"F/O ek kutusu (yeraltı, dome tip, 96/24 core)",250.0,250.0,TAHMIN (emsal yok),R01281;R01799,"FO ek kutusu: Thales 2012 terminasyon kutusu 670 €, Uskom minibox 304 € – farklı ürün; 250 € korundu"
Haberlesme,247,Füzyon ek (splice) + sonlandırma işçiliği,18.0,15.7,REF-derin(1),R01636,"Narlıdere Uskom 2018 FO sonlandırma+OTDR 13,4 €/damar (M+İ) → mevcut 18 ile harmanlandı"
Haberlesme,247,"OTDR/güç kaybı testleri, loss budget raporu (+6 dB marj)",5000.0,5800.0,REF-derin(1),R01283;R01282,"Thales 2012 24 FO OTDR 411 €/km → 12,9 km×411 + 9,2 km 8-core (~140 €/km) ≈ 6.600 € → mevcut 5.000 ile harmanlandı"
Haberlesme,248,"Uygulama projeleri, sistem mimarisi/blok şemaları, hesaplar (IP santral, numaralandırma, SIP/acil hat senaryosu)",8000.0,7560.0,REF-derin,R01987;R01301,"Telefon sistem tasarımı: Buca Merit 2021 7.461 €, YM Çerkezköy 2018 7.656 € → medyan 7.560 €"
Haberlesme,255,"IP telefon seti (PoE, Türkçe menü, LCD)",180.0,166.0,REF-derin(1),R02817,"Bursa T2 Sekaray 2015 Tip1 sayısal telefon seti 132,6 € (TL, +%15) = 152 € → mevcut 180 ile harmanlandı"
Haberlesme,257,"IP telefon santralı (24 harici analog, 24 IP trunk, 80 dahili IP abone, 20 SIP, 6 kanal sesli karşılama/sesli posta)",18000.0,13266.0,REF-derin(1),R02938,"Pendik 2022 lokal telefon santrali 7.110 € ×1,2 (80 IP abone/trunk lisansı) = 8.532 € → mevcut 18.000 ile harmanlandı"
Haberlesme,257,"Lisanslar, programlama, devreye alma, eğitim",6000.0,6420.0,REF-derin(1),R02011;R02056,Buca Merit 2021 test-devreye alma 3.109 € + eğitim 3.731 € = 6.840 € → mevcut 6.000 ile harmanlandı
Haberlesme,258,"Uygulama projeleri, sistem mimarisi/blok şemaları, hesaplar (kapsama/propagasyon simülasyonu, frekans lisans dosyası)",20000.0,23560.0,REF-derin,R02875;R01711,"Telsiz tasarımı: Pendik 2022 14.001 € (2 ist.), Narlıdere Uskom 2018 ön tasarım+kapsama sim. 33.109 € → medyan 23.560 €"
Haberlesme,258,"Dokümantasyon: malzeme onayı, test prosedürleri, as-built, işletme-bakım el kitapları, eğitim dokümanı",6000.0,6000.0,TAHMIN (emsal yok),R01713,Uskom 2018 telsiz as-built 13.796 € (metro) – ölçek farklı
Haberlesme,259,"TETRA baz istasyonu 2 taşıyıcılı (8 kanal), 380-430 MHz, fallback sunuculu",45000.0,59940.0,REF-derin(1),R02688;R03154,"Kabataş Uskom 2015 2 taşıyıcılı TETRA BSS fallback 74.882 € (M+İ) → mevcut 45.000 ile harmanlandı (Samsun LRT 2008 2. BS 128 k€ eski, kullanılmadı)"
Haberlesme,259,Anten direği/kulesi 25-30 m (temel hariç) + topraklama/paratoner,9000.0,13900.0,REF-derin(1),R02690,"Kabataş Uskom 2015 25 m monopol+uçak ikaz+anten+200 m 7/8"" kablo 22.802 € − anten/kablo ~4.000 € = 18.800 € → mevcut 9.000 ile harmanlandı"
Haberlesme,259,"Anten sistemi (TETRA omni anten, GPS anteni, combiner/duplexer, 1/2'' koaksiyel ~40 m, konnektör)",3500.0,3500.0,TAHMIN (emsal yok),R02760;R03028,"GPS anten 505 €, SAGE anten 1.712 € – sistem seti için eksik; korundu"
Haberlesme,259,Klimalı cihaz koruma/bağlantı kabini + UPS (4 saat akü),7000.0,7000.0,TAHMIN (emsal yok),R04006;R04004,"Klimalı kabin+UPS 4 saat – AUS 2018 kabin klima 1.275 €, harici kabin 7.893 € kapsam farklı; korundu"
Haberlesme,259,BS enerji ve topraklama tesisatı (EM-56-220/221),2500.0,2500.0,TAHMIN (emsal yok),,BS enerji/topraklama – emsal yok
Haberlesme,259,"El telsizi TETRA (IP65, GPS, batarya+masaüstü şarj+kılıf)",850.0,857.0,REF-derin(1),R03156,Samsun LRT Uskom 2008 el telsizi 864 € (eski) → mevcut 850 ile harmanlandı
Haberlesme,259,"Araç telsizi (TETRA Class 2, kontrol paneli, el mikrofonu, çatı anteni, araç anons arayüzü)",2200.0,4000.0,REF-derin,R02702;R03155,"Araç TETRA telsizi (raylı araç tipi, kontrol paneli+anten): Kabataş Uskom 2015 5.240 € (M), Samsun LRT 2008 3.544 € → medyan 4.392; eski elektronikte HICP eskalasyonu fiyatı abartır −%10 → 4.000 €"
Haberlesme,259,Yedek parçalar (tam BS ünitesi 1 + el telsizi %10 batarya/anten/şarj),35000.0,35000.0,TAHMIN (emsal yok),,Yedek parça (1 BS + aksesuar) – BS fiyatına bağlı tahmin
Haberlesme,260,"TETRA merkezi anahtarlama (switch) ekipmanı, min 16 BS genişleyebilir + lisanslar",40000.0,40000.0,TAHMIN (emsal yok),R03160;R02683,"TETRA çekirdek: Samsun 2008 TetraNode sunucu/adaptör, Kabataş IP gateway lisansı 14 k€ – kapsam eksik; 40.000 korundu"
Haberlesme,260,Dispeçer terminali (PC+yazılım) + masa üstü sabit telsiz (anten/kablo dahil),6500.0,7008.0,REF-derin(1),R02686;R02687,Kabataş Uskom 2015 dispeçer konsolu 5.985 € + sabit telsiz 1.530 € (M+İ) = 7.515 € → mevcut 6.500 ile harmanlandı
Haberlesme,260,Ses kayıt sunucusu (min 1 ay kayıt),7000.0,6832.0,REF-derin,R02047;R02643;R01658;R02992,"Ses kayıt: Merit 2021 4.974 € (M)+%15, Uskom 2015 sunucu 6.908 (M)+%15, Uskom 2018 16 port 12.713 (M)+%15, SAGE 2018 4.645 (M+İ) → medyan 6.832 €"
Haberlesme,260,"Frekans lisans başvuru dokümantasyonu, AVLS arayüzü, devreye alma, eğitim",10000.0,10000.0,TAHMIN (emsal yok),,Frekans lisans/AVLS/devreye alma – emsal yok
Haberlesme,261,"Uygulama projeleri, sistem mimarisi/blok şemaları, hesaplar (akustik hesap, zonlama, EN 60849/EN 54-16 uyumu)",10000.0,9655.0,REF-derin(1),R02307,Kabataş Bosch 2015 anons uygulama+as-built 1.330 €/ist. ×7 lokasyon = 9.310 € → mevcut 10.000 ile harmanlandı
Haberlesme,268,Ses projektörü 20 W (maks 30 W) 100 V,120.0,150.0,REF-derin,R02510;R01754;R02314;R01252,"Ses projektörü: RCF 2015 20 W 209 €, Uskom 2018 EN54 projektör 122 € (M+İ), Bosch 2015 10 W 80 €(M)+%20=96, Thales 2012 horn 178 € → medyan 150 €"
Haberlesme,268,"Amplifikatör 4x125 W (A1, A2, A3 + A6 yedek)",1400.0,2715.0,REF-derin,R01764;R01954;R02126,Amplifikatör: Narlıdere Uskom 2018 4x125 W EN54 2.756 € (M)+%15=3.169; Buca Cesa 2021 4x300 W 2.361 (M)+%15=2.715; Siemens 2021 2x250 W 1.860 (M)+%15=2.139 → medyan 2.715 € (mevcut 1.400 düşük)
Haberlesme,268,"Ses kontrolör / dijital çıkış modülü + ses kontrol kabini (PA kabin, D01/CPA/101)",6000.0,6068.0,REF-derin,R02320;R02493;R02958;R02507,PA kontrolör+kabin: Bosch 2015 NCO-3 3.206+rack 968=4.174; RCF 2015 MT5708 5.731+968=6.699; Pendik 2022 anons kabini 8.768 − amfiler ~2.700 = 6.068 → medyan 6.068 €
Haberlesme,270,"Uygulama projeleri, sistem mimarisi/blok şemaları, hesaplar (kamera görüş analizi, depolama hesabı)",10000.0,11430.0,REF-derin(1),R02349,Kabataş Bosch 2015 IP CCTV uygulama+as-built 1.837 €/ist. ×7 = 12.860 € → mevcut 10.000 ile harmanlandı
Haberlesme,271,APP adaptör/güç panosu (CCTV),3500.0,3010.0,REF-derin,R00720;R04012;R05156,"CCTV güç panosu: Buca TEDAK 2021 tali pano 3.011 €, ELF-20.1 harici dağıtım panosu AUS 2018 1.580 €, Rayba 2016 3.081 € → medyan 3.010 €"
Haberlesme,277,IP dome kamera 3 MP PoE (D01 atölye/idari bina),380.0,482.5,REF-derin,R01784;R01980;R02077;R02079,"IP dome: Narlıdere Uskom 2018 3MP IR dome 482,5 € (M+İ); Buca Cesa 2021 2MP harici dome 348 (M)+%20=418; Siemens 2021 5MP dome 465+kol 33 (M)+%20=598 → medyan 482,5 € (mevcut 380 düşük)"
Haberlesme,277,"Depo sahası açık alan sabit dome kamera IP65 (PTO sembolü, h:4,90 m)",380.0,482.5,REF-derin,R01784;R01980;R02077;R02079,"IP dome: Narlıdere Uskom 2018 3MP IR dome 482,5 € (M+İ); Buca Cesa 2021 2MP harici dome 348 (M)+%20=418; Siemens 2021 5MP dome 465+kol 33 (M)+%20=598 → medyan 482,5 € (mevcut 380 düşük)"
Haberlesme,277,"Kamera direği 5 m (galvaniz, ankraj, 4 kamera konsollu)",1000.0,500.0,REF-derin,R01211;R03060;R01201,"Kamera direği: YM 2019 4 m Ø4"" 179 €, SAGE 2018 236,5 €, YM 2019 montaj direği 243 € (M+İ) → medyan 236,5 ×1,25 (5 m) ×1,3 (4 konsol) ×1,3 (TL işçilik/çelik) → 500 €"
Haberlesme,277,"Saha dağıtım kutusu CTV-SDT/01-05 (IP66, endüstriyel PoE switch + ethernet F/O çevirici MCS)",2800.0,2250.0,REF-derin(1),R02196;R02197;R01202;R03070,Saha kutusu: ALE OS6465-P6 736+PSU 174 + YM F/O çevirici 89 + IP66 kutu ~400 ≈ 1.400 (M)+%20=1.700 € → mevcut 2.800 ile harmanlandı
Haberlesme,277,Direk kamera kutusu: ethernet F/O çevirici (MCS) + 4-5 port PoE switch,900.0,908.0,REF-derin,R02735;R01202;R03070,Kabataş Uskom 2015 5p PoE switch 447 € (M+İ) + YM 2019 F/O çevirici 89 € + SAGE 2018 saha kutusu 372 € = 908 €
Haberlesme,279,"IP harici sabit/PTZ kamera (karayolu eşdüzey geçişleri, 2 adet/geçiş)",900.0,1540.0,REF-derin,R02073;R02076;R02717;R03043,Geçiş kamerası (1 sabit + 1 PTZ): Siemens 2021 5MP bullet 533 (M)+%20=640; PTZ 1.982+56 (M)+%20=2.446; Uskom 2015 PTZ 2.528; SAGE PTZ 2.612 → ort. (640+2.446)/2 = 1.540 €
Haberlesme,279,Kamera direği 6 m / katener direğine konsol,700.0,450.0,REF-derin,R01211;R03060,"YM 2019 kamera direği 4 m 179 €, SAGE 2018 236,5 € → 6 m direk ~400 €, katener direğine konsol ~150 € karışık + TL işçilik düzeltmesi → 450 €"
Haberlesme,280,"Ağ video kayıt cihazı (NVR) 16 kanal 4MP@25fps, H.265 + disk (≥30 gün)",3200.0,3200.0,TAHMIN (emsal yok),R02088;R02723,Refler 64–128 kanal sunucu-NVR (7 k€) – 16 kanal NVR ile ölçek farklı; 3.200 korundu
Haberlesme,280,NVR server + NVR storage (depo/TCC),15000.0,14520.0,REF-derin,R02723;R02088;R01977,"NVR sunucu: Uskom 2015 7.261 €, Siemens 2021 VideoXpert 6.954 € (M), Cesa 2021 36 TB server 7.549 € → medyan 7.261 € × 2 (sunucu+depolama) → 14.520 €"
Haberlesme,280,"VMS yazılımı + kamera lisansları, araç üstü görüntü talep yazılımı",25000.0,25000.0,REF-derin,R01972;R01975;R02721;R02087,"VMS: Honeywell 2021 base 3.181 + yedeklilik 1.633 €; kamera lisansı Uskom 2015 118 €/kam, Pelco 2021 72 €/kam → ~200 kam × ~95 € + base ≈ 23,8 k€ + araç görüntü modülü → 25.000 € (mevcut teyit)"
Haberlesme,288,IP (NTP/PoE) duvar saati — D01 (set 1),450.0,450.0,TAHMIN (emsal yok),R01188,IP NTP duvar saati: YM 2019 çift taraflı IP dijital tali saat 680 € (farklı tip) – 450 korundu
Haberlesme,288,Dış ortam çift yüzlü dijital saat (atölye girişi/depo sahası),2640.0,2610.0,REF-derin,R02793;R02269;R02155,"Dış ortam saat: Kabataş Entek 2015 Bodet Profil 960 çift taraflı 1.904 €, Erben 2015 2.374 €, Erben 2021 HMS LED30 3.147 € → medyan 2.374 + %10 montaj → 2.610 €"
Haberlesme,289,"GPS bazlı merkezi saat / NTP sunucusu (profesyonel, yedekli, GPS anteni + kablo)",5000.0,4700.0,REF-derin,R01836;R02759;R02154,"GPS master: Narlıdere Uskom 2018 merkezi master saat GPS dahil 2.659 € (M+İ), Kabataş Uskom 2015 Bodet Sigma 2.727 € → medyan 2.693 ×1,6 (yedek modül) + GPS anten 372 → 4.700 €"
Haberlesme,290,"Uygulama projeleri, sistem mimarisi/blok şemaları, hesaplar (kapı listesi, yetki matrisi)",5000.0,5000.0,TAHMIN (emsal yok),R01577,"Erişim kontrol tasarımı – Uskom metro güvenlik tasarımı 31,7 k€ ölçek dışı"
Haberlesme,297,Kart okuyuculu kapı seti (okuyucu + elektrikli/manyetik kilit + çıkış butonu + acil buton + kontak),850.0,700.0,REF-derin(1),R01966;R01967;R02280;R02102;R02100,Kapı seti bileşen: okuyucu 59 € + manyetik kilit 41–56 € + buton/kontak ~60 € + AMC2 4 kapılı kontrolör 951/4 = 238 € → 413 € (M) +%30 = 537 € → mevcut 850 ile harmanlandı
Haberlesme,299,Erişim kontrol ana sunucusu + iş istasyonu (2D grafik arayüz) + yazılım/lisans,9000.0,8650.0,REF-derin(1),R02971;R02092,Pendik 2022 ACS sunucu+kabin 5.040 € + Siemens 2021 istemci PC 1.262 € + küçük lisans ~2.000 € = 8.300 € → mevcut 9.000 ile harmanlandı
Haberlesme,300,"Uygulama projeleri, sistem mimarisi/blok şemaları, hesaplar (I/O listesi, HMI sayfaları, IEC 60870-5-104)",28000.0,30440.0,REF-derin(1),R01524,Narlıdere Elmak 2018 SCADA/ECS tasarımı 32.881 € (7 ist. metro) → mevcut 28.000 ile harmanlandı
Haberlesme,300,"Dokümantasyon: malzeme onayı, test prosedürleri, as-built, işletme-bakım el kitapları, eğitim dokümanı",10000.0,10000.0,TAHMIN (emsal yok),,SCADA dokümantasyon – emsal yok
Haberlesme,301,"SCADA RIO panosu (PLC/RIO, 32 DI + 8 DO modül, IEC 60870-5-104/Modbus TCP, 24VDC besleme)",4500.0,4500.0,TAHMIN (emsal yok),R03164,RIO 32DI+8DO pano – Samsun 2008 yalnız RIO modülü 376 €; korundu
Haberlesme,307,RTU/PLC panosu sıcak yedekli (D02 depo trafo T09 + D01 mekanik/yangın/jeneratör sinyalleri),18000.0,18714.0,REF-derin(1),R02256,Konya tramvay Elmak 2013 RTU panosu ve ekipmanları 19.428 €/set → mevcut 18.000 ile harmanlandı
Haberlesme,307,"RIO panosu (D03, D05, D06, D07 binaları)",5000.0,5000.0,TAHMIN (emsal yok),R03164,RIO panosu – emsal yok
Haberlesme,308,"RTU/PLC panosu (sıcak yedekli CPU, DI/DO modülleri, 24VDC çift besleme, IEC 60870-5-104)",34000.0,31480.0,REF-derin,R02256;R03405;R03638;R03832,"RTU sıcak yedekli: Konya tramvay Elmak 2013 19.428 €, Üsküdar Siemens 2011 PCS-RTU 32.973 €, Başkentray Usluel 2012 42.374 €, CDE 29.983 € → medyan 31.480 €"
Haberlesme,309,SCADA sunucusu sıcak yedekli (2 adet) + arşiv (historian) sunucusu (≥3 ay),30000.0,21000.0,REF-derin,R01778;R01685;R01900;R01255,"SCADA sunucuları: Uskom 2018 DB sunucu 6.107 €, ana sunucu 5.450 €, Avikon 2021 merkezi sunucu 5.956 €, Thales 2012 6.608 € → medyan ~6.100 × 3 sunucu × 1,15 → 21.000 €"
Haberlesme,309,"SCADA operatör iş istasyonu + 2x 21-24'' monitör, klavye/fare",3500.0,2166.0,REF-derin,R01780;R01781;R02083;R01959;R01687,Operatör PC+2 monitör: Uskom 2018 2 monitörlü istasyon 3.127+2×322=3.771; Siemens 2021 1.682+2×133 (M)+%10=2.143; Cesa 2021 2.189; Uskom 2018 workstation 1.446 → medyan 2.166 €
Haberlesme,309,"Barkovizyon / VDU mimik panel 62-65'' (2 adet, multi-display)",2500.0,2500.0,TAHMIN (emsal yok),R01208;R01895,"65"" VDU: YM 2019 42"" monitör 1.504 €, Avikon 55"" endüstriyel ekran 3.317 € – boyut/tip farklı; 2.500 korundu"
Haberlesme,309,"TCC ergonomik kontrol konsolu (≥4 pozisyon) + 6 ergonomik koltuk, 3D yerleşim projesi",22000.0,22000.0,TAHMIN (emsal yok),,TCC ergonomik konsol – emsal yok
Haberlesme,309,"SCADA ana lisans/yazılım, HMI sayfaları, enerji tüketim analizi modülü, test-devreye alma, eğitim",45000.0,41580.0,REF-derin(1),R02252;R02255,Konya tramvay Elmak 2013 RTU programlama 34.808 € + geliştirme 3.349 € = 38.157 € → mevcut 45.000 ile harmanlandı
Haberlesme,310,"Uygulama projeleri, sistem mimarisi/blok şemaları, hesaplar (ekran yerleşimi, AVLS/sinyalizasyon arayüzleri)",8000.0,6790.0,REF-derin,R01893;R01872,"YBS tasarımı: Avikon 2021 tasarım+doküman 10.407 €, ON Elektronik 2020 3.177 € → medyan 6.790 €"
Haberlesme,317,"YBS yazılımı + lisanslar (varış süresi hesabı, kayar yazı, internet yayını, AVLS/sinyalizasyon arayüzü)",25000.0,25000.0,TAHMIN (emsal yok),R01900;R01868,"YBS yazılımı – refler yalnız sunucu donanımı (4,4–6 k€); 25.000 korundu"
Haberlesme,317,Yedek YBE ekranı,4200.0,4586.0,REF-derin,R01858;R01894,"YBE ekranı: ON Elektronik 2020 çift yönlü LED 4.282 €, Avikon 2021 55"" çift taraflı 4.890 € → medyan 4.586 € (montajsız)"
Haberlesme,318,"Uygulama projeleri, sistem mimarisi/blok şemaları, hesaplar (EÜTS entegrasyonu)",6000.0,6000.0,TAHMIN (emsal yok),,EÜTS entegrasyon tasarımı – emsal yok
Haberlesme,319,Üç kollu paslanmaz turnike (giriş: validatör yuvalı),3760.0,1840.0,REF-derin,R02810;R02146;R01852;R02897,Tripod turnike (validatör hariç): Bursa T2 AKT 2015 1.729 € (M)+%15=1.988; Tansa 2021 762+46 montaj=808; Narlıdere YM 2018 1.538 €; Pendik YM 2022 2.726 € (M+İ) → medyan 1.763 + kablo 80 → 1.840 € (mevcut 3.760 yüksek)
Haberlesme,320,"Özel geçiş kapısı 90° salınımlı, validatörlü",6500.0,1590.0,REF-derin,R02811;R01853;R02898;R02977;R02147,"90° engelli kapı: Bursa T2 AKT 2015 swing gate 1.064 (M)+%15=1.224; Narlıdere 2018 1.507; Pendik 2022 2.472/2.286; Tansa 605 → medyan 1.507 + kablo 80 = 1.590 €. Validatör istasyon validatör kalemlerinde ayrıca sayılıyor (""giriş turnikesi + özel kapı"") → 6.500 mükerrer"
Haberlesme,321,S08 Göbekli Tepe: bilet geçerleme validatörü (giriş turnikesi + özel kapı),1800.0,1800.0,TAHMIN (emsal yok),,Validatör için emsal yok (Samsun 2008 manyetik bilet gate fiyatına gömülü); 1.800 korundu
Haberlesme,321,"S08 Göbekli Tepe: istasyon turnike bilgisayarı (endüstriyel, dolap tipi)",8000.0,8000.0,TAHMIN (emsal yok),,Turnike bilgisayarı – emsal yok (S13 iç ref 8.000)
Haberlesme,321,S09 Hızmalı Köprüsü: bilet geçerleme validatörü (giriş turnikesi + özel kapı),1800.0,1800.0,TAHMIN (emsal yok),,Validatör için emsal yok (Samsun 2008 manyetik bilet gate fiyatına gömülü); 1.800 korundu
Haberlesme,321,"S09 Hızmalı Köprüsü: istasyon turnike bilgisayarı (endüstriyel, dolap tipi)",8000.0,8000.0,TAHMIN (emsal yok),,Turnike bilgisayarı – emsal yok (S13 iç ref 8.000)
Haberlesme,321,"S10 Balıklıgöl: istasyon turnike bilgisayarı (endüstriyel, dolap tipi)",8000.0,8000.0,TAHMIN (emsal yok),,Turnike bilgisayarı – emsal yok (S13 iç ref 8.000)
Haberlesme,321,S11 Eyüp Peygamber: bilet geçerleme validatörü (giriş turnikesi + özel kapı),1800.0,1800.0,TAHMIN (emsal yok),,Validatör için emsal yok (Samsun 2008 manyetik bilet gate fiyatına gömülü); 1.800 korundu
Haberlesme,321,"S11 Eyüp Peygamber: istasyon turnike bilgisayarı (endüstriyel, dolap tipi)",8000.0,8000.0,TAHMIN (emsal yok),,Turnike bilgisayarı – emsal yok (S13 iç ref 8.000)
Haberlesme,321,S12 Rasathane: bilet geçerleme validatörü (giriş turnikesi + özel kapı),1800.0,1800.0,TAHMIN (emsal yok),,Validatör için emsal yok (Samsun 2008 manyetik bilet gate fiyatına gömülü); 1.800 korundu
Haberlesme,321,"S12 Rasathane: istasyon turnike bilgisayarı (endüstriyel, dolap tipi)",8000.0,8000.0,TAHMIN (emsal yok),,Turnike bilgisayarı – emsal yok (S13 iç ref 8.000)
Haberlesme,321,S13 Harran: bilet geçerleme validatörü (giriş turnikesi + özel kapı),1800.0,1800.0,TAHMIN (emsal yok),,Validatör için emsal yok (Samsun 2008 manyetik bilet gate fiyatına gömülü); 1.800 korundu
Haberlesme,321,Merkez: ücret toplama sistemi bilgisayarı + EÜTS merkez entegrasyon yazılımı (bilet üretim merkezi kapsam dışı),18000.0,18000.0,TAHMIN (emsal yok),,Ücret toplama merkez + EÜTS entegrasyonu – emsal yok
Haberlesme,321,Mevcut depo kontrol merkezi / EÜTS entegrasyonu: yazılım uyarlama + lisans,10000.0,10000.0,TAHMIN (emsal yok),,EÜTS uyarlama/lisans – emsal yok (idare kapsamı daraltıldı)
Mekanik,164,"Split klima duvar tipi inverter IU-1/DU-1, 5 kW soğutma, R410A, dış ünite dahil komple (pano odası)",1885.16,1885.16,REF-teyit,R05927;R05819;R05514;R06147;R06027,"5 kW split M+İ: Bursa T2 Mertsan 1.885, FER 1.999, Kocaeli 1.814, Siirt 2025 1.712 → medyan 1.849; teyit"
Mekanik,165,"VRF iç ünite kanallı tavan tipi IU-02, 14,0/16,0 kW, R410A",1850.0,1779.0,REF-derin,R05503;R05596;R06197,"14–16 kW iç ünite: Kocaeli Uluhanlar 1.779, MHI 1.518, Mitsubishi kanallı PEFY-P140 2.218 → medyan 1.779"
Mekanik,165,"VRF dış ünite DU-01, 78/87 kW, 23,1 kW, 380V (1 asıl + 1 yedek)",21960.96,17400.0,REF-derin,R05497;R05590;R06136;R05289,"VRF dış ünite (kW^0,8 ile 78 kW'a): Kocaeli Daikin 84 kW 19.933, MHI 19.591, Siirt 2025 15.209, Arçelik 2021 10.516 → medyan 17.400 (mevcut 21.961 yüksek)"
Mekanik,165,"VRF dış ünite DU-02, 84/94 kW, 24,7 kW, 380V (1 asıl + 1 yedek)",23500.0,18463.0,REF-derin,R05497;R05590;R06136;R05289,"VRF dış ünite 84 kW: Kocaeli Daikin 21.151, MHI 20.787, Siirt 2025 ölçekli 16.138, Arçelik 11.159 → medyan 18.463"
Mekanik,165,Mekanik (klima) besleme/MCC panosu,6000.0,6000.0,TAHMIN (emsal yok),,Doğrudan emsal yok (TEDAK metro MCC ortalama 2.534 küçük pano); 6.000 makul
Mekanik,166,"D01 VRF iç ünite IU-1 4 yöne üflemeli kaset 2,5 kW (ofisler)",950.0,909.0,REF-derin,R05499;R05592;R05807;R05903;R06137,"2,5 kW VRF kaset: Uluhanlar 949, MHI 914, FER 905, Mertsan 750 → medyan 909 (Siirt 2025 723)"
Mekanik,166,"D01 VRF iç ünite IU-2 4 yöne üflemeli kaset 4,0 kW (ofisler)",1050.0,1004.0,REF-derin,R05500;R05593;R05808;R05904;R06138,"4 kW VRF kaset: Uluhanlar 1.074, MHI 950, FER 935, Mertsan 1.058 → medyan 1.004"
Mekanik,166,"D01 VRF iç ünite IU-3 4 yöne üflemeli kaset 7,0 kW (ofisler)",1278.29,1278.29,REF-teyit,R05501;R05594;R05809;R05905,"7 kW VRF kaset: Uluhanlar 1.160, MHI 1.133, FER 1.240, Mertsan 1.315 → medyan 1.200; teyit (±%6)"
Mekanik,166,"D01 VRF dış ünite modülü DU-1 inverter, 380V (teras) — sistem 78 kW = 2 çalışan + 2 yedek modül (~39 kW/modül)",11500.0,11455.0,REF-derin,R05804;R05900;R05931;R06191,"39–40 kW VRF modül: Bursa T2 FER MHI 12.335, Mertsan 9.013, TREMS 11.455 → medyan 11.455"
Mekanik,166,"D01 VRF dış ünite modülü DU-2 inverter, 380V (teras) — sistem 84 kW = 2 çalışan + 2 yedek modül (~42 kW/modül)",12200.0,12391.0,REF-derin,R05804;R05900;R05931;R05805;R05901;R05932,"42 kW: 40 kW medyan 11.455 ile 45 kW medyan (FER 13.794, Mertsan 10.717, TREMS 13.958) 13.794 arası enterpolasyon → 12.391"
Mekanik,166,"D01 Split klima inverter SP-1/DU-3 3,5 kW (elektrik odaları)",1100.0,781.0,REF-derin,R05286;R06026;R05513,"3,5 kW split: Buca Arçelik 3,6 kW M+İ 634, Daikin FTXF35 631+150 montaj=781, Kocaeli 2,2 kW M+İ 1.058 → medyan 781; mevcut 1.100 YÜKSEK"
Mekanik,166,"D01 Radyant ısıtıcı RI-1 duvar tipi 3,0 kW 380V (atölye ve boji yıkama)",350.0,350.0,TAHMIN (emsal yok),,"Doğrudan emsal yok (refler gazlı 55 kW radyant); 3 kW elektrikli IR 250–400 € aralığında, makul"
Mekanik,166,"D01 VRF bakır boru hattı izolasyonlu (sıvı+gaz çifti, 3/8""…1 5/8"") + refnet",30.0,37.2,REF-derin,R05508;R05816;R05914;R06144;R05602;R05606,"Çift boru (sıvı+gaz) m fiyatı: 3/4"" tek boru Uluhanlar 20,18, FER 26,82, Mertsan 23,20, Siirt 20,55 → medyan 21,88×2×0,85 = 37,19; mevcut 30 DÜŞÜK (çift olarak)"
Mekanik,166,D01 VRF refnet/branş kiti,220.0,100.0,REF-derin,R05511;R05512;R05607;R05608;R05609;R05909,"Refnet/joint M+İ: Uluhanlar 66,25/130, Kocaeli 77,14/122/157, Mertsan 77,18 → medyan 99,64; mevcut 220 YÜKSEK (satır 84'te '+refnet' de var – mükerrer)"
Mekanik,166,D01 VRF kablolu kumanda + merkezi kontrol/BMS ara yüzü,220.0,220.0,REF-teyit,R05504;R05907;R06140;R05505;R05908,Kablolu kumanda medyan ~102 + merkezi kumanda 1.467/32 ≈ 45 + BMS ara yüz payı → 220 teyit
Mekanik,166,"D05 Split klima inverter IU-01/DU-01 3,5 kW (ustabaşı ve dinlenme odaları)",1100.0,781.0,REF-derin,R05286;R06026;R05513,"3,5 kW split: Buca Arçelik 3,6 kW M+İ 634, Daikin FTXF35 631+150 montaj=781, Kocaeli 2,2 kW M+İ 1.058 → medyan 781; mevcut 1.100 YÜKSEK"
Mekanik,166,"D02/T13 Depo trafo binası VRF iç ünite IU-01 14,0 kW (kanallı/tavan)",1850.0,1779.0,REF-derin,R05503;R05596;R06197,"14–16 kW iç ünite: Kocaeli Uluhanlar 1.779, MHI 1.518, Mitsubishi kanallı PEFY-P140 2.218 → medyan 1.779"
Mekanik,166,"D02/T13 VRF dış ünite DU-01 140 kW, 40,8 kW el., 380V (1 asıl + 1 yedek)",31348.95,31348.95,REF-teyit,R05497;R05590;R06136;R05289;R06193,"VRF 140 kW (ölçekli): Kocaeli 31.828, MHI 31.280, Siirt 24.285, Arçelik 16.792, Mitsubishi 135 kW 35.215 → medyan 31.280; teyit"
Mekanik,166,"Mekanik MCC / klima panoları (D01 ısı merkezi, D05, D07, T13)",5000.0,5000.0,TAHMIN (emsal yok),,Uygun emsal yok; mevcut tahmin korundu
Mekanik,167,Galvaniz egzoz kanalı + egzoz atış panjuru (tel kafesli) + taze hava/transfer menfezi (filtreli),1200.0,1200.0,TAHMIN (emsal yok),,Uygun emsal yok; mevcut tahmin korundu
Mekanik,168,"D01 IGK-3 Isı geri kazanımlı havalandırma cihazı, plakalı, asma tavan, 3100 m³/h, 300 Pa (ofisler)",8000.0,4480.0,REF-derin,R05486;R05577,"3000 m³/h IGK: Kocaeli Uluhanlar 2.421, Ventila 4.214 → medyan 3.317 +%35 (ErP/EC fan, 300 Pa) = 4.480; mevcut 8.000 YÜKSEK"
Mekanik,168,"D01 galvaniz sac hava kanalı (emiş/egzoz + üfleme/taze hava), izolasyon ve askı dahil",33.63,39.8,REF-derin,R05488;R05489;R05580;R05581;R05885;R05799;R05942;R05313;R05314;R05965;R05966;R06124;R06125;R05663,"Galvaniz kanal m²: 14 ref (Kocaeli 22–47, Bursa T2 21–34, Buca 27–31, Kirazlı 2024 48–51, Siirt 2025 40–43) medyan 36,84 +%8 izolasyon payı = 39,79"
Mekanik,350,"D06 Ana yangın pompası YP-01 (asıl) sondan emişli yatay santrifüj 126 m³/h, 100 mSS (9,3 bar), ~90 kW",34866.59,33868.0,REF-derin,R05435;R05438;R05534,"Yangın pompası 165–180 m³/h 100 mSS M+İ: Kocaeli Uluhanlar 33.868/32.921, ITT+Tornatech 35.865 → medyan 33.868 (126 m³/h için üst sınır)"
Mekanik,350,"D06 Ana yangın pompası YP-02 (yedek) 126 m³/h, 100 mSS, ~90 kW",34866.59,33868.0,REF-derin,R05435;R05438;R05534,Satır 161 ile aynı: medyan 33.868
Mekanik,350,"D06 Jokey pompa JP-01 dik çok kademeli 4 m³/h, 120 mSS, 5,5 kW",5002.45,5002.45,REF-teyit,R05436;R05535,"Jokey: Kocaeli Uluhanlar 4.263, ITT 5.742 → medyan 5.002 teyit"
Mekanik,350,"D06 Yangın pompa kontrol panoları (asıl, yedek, jokey) + basınç şalterleri + test hattı/debimetre (FM)",15000.0,8232.0,REF-derin(1),R05534,"Pompa refleri (ITT+Tornatech, Uluhanlar) kontrol panosu DAHİL → 3 pano ayrıca fiyatlanmış, mükerrer riski; test hattı/debimetre ref 1.464 ile mevcut 15.000 ort. 8.232"
Mekanik,350,"D06 Emiş ve dağıtım kollektörü DN200 (8"") + vorteks plakalar, izlenebilir kelebek vanalar, çek valf, esnek bağlantılar",6500.0,6500.0,REF-teyit,R05793;R05792,"Globe izlemeli kelebek 8"" 739, 6"" 491 + çek valf + kollektör + flex ≈ 5–6,5k → teyit"
Mekanik,350,"D06 pompa dairesi yangın borusu galvaniz/siyah çelik (8"" %5, 6"" %45, 4"" %35, 2""-1"" %15)",72.0,72.0,REF-derin,R05548;R05755;R05345;R05988;R05547;R05754;R05852;R05344;R05987;R06106,"Çap medyanları 6"" 69,78, 4"" 45,91, 2"" 23,76 €/m → ağırlıklı 55,21 ×1,3 (pompa dairesi fitting yoğunluğu) = 71,77"
Mekanik,350,"D01 yangın dolabı hattı galvaniz çelik boru (yivli/dişli, askı-boya dahil) 4""",60.0,52.0,REF-derin,R05754;R05852;R05344;R05987;R06106,"4"" galvaniz M+İ: FER 39,53, Mertsan 39,17, Buca 52,28, Kirazlı 2024 79,85, Siirt 2025 67,25 → medyan 52,28"
Mekanik,350,"D01 elektrik/elektronik odaları FM200 gazlı söndürme sistemi: silindir 83 L (3 zon manifold), valf/aktüatör, nozul, SCH40 boru, tahliye/ikaz, söndürme kontrol paneli, çapraz zonlu dedektörler, özel kablolar",30000.0,20400.0,REF-derin,R05788;R05610;R06289;R05898,"FM200 tek silindir sistem: Bursa T2 FER 10.346, Kocaeli 40 m² 11.571, Ekin 79 m² 28.721 → medyan 11.571 + 3 zon yön valfi/kontrol 7.000, +%10 HFC kota etkisi = 20.400; mevcut 30.000 YÜKSEK"
Mekanik,350,"Sprinkler başlığı K80, 68°C, upright (yüksek tavanlı atölye holleri, depo, pompa dairesi) + koruma kafesi (atölye)",32.0,22.0,REF-derin,R05335;R05995;R05429,"Upright sprinkler M+İ: Buca 2021 7,29, Kirazlı 2024 18,59 → medyan 12,94 + kafes 6 + yüksek tavan montajı 3 = 21,94; mevcut 32 yüksek"
Mekanik,350,"Sprinkler branşman borusu siyah çelik DN25 (dişli, askı-boya dahil)",20.86,20.86,REF-teyit,R05338;R05982;R06101;R05447,"1"" siyah/galv M+İ: Buca 2021 13, Kirazlı 2024 43, Siirt 2025 22 (yakın tarih medyan 22) → 20,86 teyit"
Mekanik,350,Sprinkler branşman borusu siyah çelik DN32,21.0,21.0,REF-teyit,R05339;R05983;R06102,"1¼"": Buca 16, Kirazlı 30, Siirt 26 → medyan 26; 21 kabul edilebilir alt bant, teyit"
Mekanik,350,Sprinkler branşman borusu siyah çelik DN40,24.0,24.0,REF-teyit,R05340;R05449,"1½"": Buca 2021 18, Kocaeli 9 (2015); yakın tarih 2"" 23–36 → 24 teyit"
Mekanik,350,"Sprinkler ana/dağıtım borusu galvaniz çelik DN150 (yivli, pompa dairesi/kollektör)",90.0,90.0,REF-teyit,R05345;R05988;R05755;R05548,"6"" galvaniz yivli: Buca 82, Kirazlı 2024 173, FER 58, Kocaeli 53 → medyan 70, yakın tarih 82–173; 90 teyit"
Mekanik,350,"Saha sprinkler besleme hattı (D06 -> D01 DN150, -> D05 DN100, -> D07 DN50), toprak altı PE/kaplı çelik",45.0,29.9,REF-derin,R05516;R05787;R05337;R05897;R05521;R05786;R05877;R05780,"PE/HDPE M+İ çap medyanları: DN150 46,81, DN100 14,36, DN50 9,76 → %50/%35/%15 ağırlıklı 29,89 €/m; mevcut 45 YÜKSEK"
Mekanik,350,"Islak alarm vanası istasyonu (alarm vanası, gong, basınç şalteri, test-drenaj, izlenebilir kesme vanası) DN100/150",3500.0,2200.0,REF-derin,R05529;R05431;R05332;R05990,"Islak alarm vana istasyonu: Kocaeli Globe 4"" komple 1.592, Uluhanlar 2.001, Buca DN150 1.513, Kirazlı 2024 8.742 → medyan 1.797 + kesme vanası/test-drenaj 400 = 2.200; mevcut 3.500 yüksek"
Mekanik,350,"Sprinkler pompa grubu: elektrikli asıl pompa ~125 m³/h (2.080 l/dk) x 75 mSS + dizel yedek pompa (yakıt tankı, egzoz, akü) + jokey pompa, kontrol panoları, test hattı/debimetre, kollektör",75000.0,54234.0,REF-derin(1),R05889;R05781,"Bursa T2 Mertsan elk+dizel+jokey set 33.467 (FER 17.631 düşük, listeli değil); mevcut 75.000 ile ort. 54.234 – EN 12845/FM gereksinimi teklifle teyit"
Mekanik,350,"Yangın suyu deposu hacim artışı (sprinkler rezervi, atölye holleri OT3 kabulü, 60 dk)",250.0,250.0,TAHMIN (emsal yok),,"Emsal yok; betonarme depo hacim artışı 2026 ~200–300 €/m³, makul (paslanmaz prizmatik 380–630 €/m³)"
Mekanik,358,"D01 petrol ayırıcı PT-01…05, PE tank Ø1200 H3000, 5,4 l/s, EN 858, 40 t kapak",4500.0,2850.0,REF-derin,R05378;R05875,"Ayırıcı: Buca petrol ayırıcı 1.301, Mertsan 2 l/s 1.437 → medyan 1.369 ×(5,4/2)^0,5 + D400 kapak 600 = 2.850; mevcut 4.500 YÜKSEK"
Mekanik,358,D03 vagon yıkama yağ ayırıcı / separatör,6000.0,6000.0,TAHMIN (emsal yok),,Uygun emsal yok; mevcut tahmin korundu
Mekanik,360,"D06 Hidrofor seti HS-01 (depolar arası) 2x27 m³/h, 30 mSS, 300 L genleşme tanklı, pano dahil",9869.28,9869.28,REF-teyit,R05348;R06097;R06098;R05440;R05539,"Hidrofor: Buca 4.863, Siirt 2025 7.187/9.513, Uluhanlar 11.321, Wilo 17.228 → medyan 9.513; teyit"
Mekanik,360,"D06 Su yumuşatma cihazı YC-01 30 m³/h (900 L reçine, tuz tankı 1000 L)",14000.0,15778.0,REF-derin(1),R05349;R06056,"Buca Wenta tandem 10 m³/h 9.081 ×3^0,6 = 17.556; mevcut 14.000 ile ort. 15.778 (Samsun 2008 Culligan 33.481 eski/aykırı)"
Mekanik,360,"D06 Modüler paslanmaz kullanım suyu deposu SDP-01 7,5 m³ (3,24x2,16x1,08)",6040.41,4050.0,REF-derin,R05346;R06095,"Paslanmaz modüler depo: Buca 8 m³ 3.034→7,5 m³ 2.844, Siirt 2025 12,5 m³ 7.920→5.263 → medyan 4.050; mevcut 6.040 yüksek"
Mekanik,360,"Saha kullanım suyu dağıtım hatları HDPE (D06 -> D01 2"", D05 Ø50, D07 Ø32, D03 PE100 Ø50)",14.36,14.36,REF-teyit,R05780;R05877;R05521,"HDPE 2""/Ø50 M+İ: FER 2½"" 15, Mertsan DN50 5, Kocaeli Ø110 14 → 14,36 üst bant, teyit"
Mekanik,360,"D01 güneş enerjili sıcak su sistemi GK-1 (5 düz panel 12,59 m², pompa grubu 1+1, genleşme deposu, kontrol ünitesi)",6500.0,6500.0,TAHMIN (emsal yok),,Uygun emsal yok; mevcut tahmin korundu
Mekanik,362,"Vidalı hava kompresörü HK-1/HK-2, 882 m³/h, 10 bar, ~95 kW, 380V (sıra işletimli)",21255.67,26900.0,REF-derin,R05919;R05936;R05824;R05361,"Vidalı kompresör (14,7 m³/dk'ya ölçekli): Mertsan 11.801, TREMS 24.500, FER Atlas GA75 58.767, Buca Atlas (kurutucu/tank hariç) 29.272 → medyan 26.900; mevcut 21.256 (TREMS 12 m³/dk) DÜŞÜK"
Mekanik,362,Hava kurutucu AD-1 paket tip 882 m³/h (entegre giriş/çıkış filtreli),5820.0,6710.0,REF-derin,R05920;R05937;R05825,"Kurutucu (14,7 m³/dk'ya ölçekli): Mertsan 5.838, TREMS 6.708, FER Atlas FX15 11.950 → medyan 6.710"
Mekanik,362,"Basınçlı hava borusu galvaniz çelik (ring), askı-kelepçe dahil 3""",48.0,35.0,REF-derin,R05365;R05753;R05851;R05986;R06066,"3"" galvaniz M+İ: Buca bas. hava DN80 36,45, FER 33,63, Mertsan 28,03, Kirazlı 66,79 → medyan 35,04; mevcut 48 yüksek"
Mekanik,362,"Basınçlı hava borusu galvaniz çelik (ring), askı-kelepçe dahil 2""",28.0,31.6,REF-derin,R05364;R05751;R06103;R05984,"2"" galvaniz M+İ: Buca bas. hava DN50 27,17, FER 23,76, Siirt 2025 36,09, Kirazlı 51,62 → medyan 31,63"
Mekanik,362,"Kullanım noktası: şartlandırıcılı (filtre-regülatör-yağlayıcı), hızlı bağlantılı, kapama valfli çıkış",120.0,120.0,REF-teyit,R05362;R05924;R05925,"Kullanım noktası: Buca Troy filtreli hızlı bağlantı 78,24 M+İ; Mertsan yağlayıcı 42,14+regülatör 33,27 mlz + filtre/vana → FRL'li 110–150; 120 teyit"
Mekanik,362,"Kum verme sistemi KS (kum silosu, besleme bunkeri, kompresör, kurutucu, tank, filtre, egzoz fanı, boru/kanal/vana), ~10 kW",50000.0,50000.0,TAHMIN (emsal yok),,Emsal yok (veritabanında kum verme sistemi yok); tedarikçi teklifi alınmalı
Cer_Guc,169,"Uygulama projeleri (OG ring, TEİAŞ bağlantısı, 5 TM), cer gücü simülasyonu, kısa devre/selektivite, topraklama ve kaçak akım (EN 50122), kompanzasyon raporları, as-built",150000.0,150000.0,REF-teyit,R00508;R00843;R01098;R00573,"Bakırköy metro 2014 tasarım 133.738, ABB İzmir müh. 195.498, Siemens metro 512–620k (kapsam büyük) → 150.000 makul (tramvay, 5 TM)"
Cer_Guc,169,DEDAŞ/TEİAŞ bağlantı projesi onayı ve kurum masrafları,40000.0,40000.0,TAHMIN (emsal yok),,Uygun emsal yok; mevcut tahmin korundu
Cer_Guc,170,YAXC7V-R (NA2XSY) 1×240/25 Al XLPE LSHF tek damar kablo – çekme dahil,11.0,13.19,REF-derin,R00865;R00866;R00944;R00945;R00678,"Bursa T2 Haluk Al 1×150 10,89/1×400 17,29 €/m → 1×240 13,19; MET → 13,92; Prysmian 2021 1×400 Al 14,90 mlz×0,70+2 çekme=12,43 → medyan 13,19 (mevcut 11 hafif düşük)"
Cer_Guc,170,36 kV 1×240 kablo başlığı,450.0,465.0,REF-derin(1),R00539,TE RSTI 36 kV başlık 2016 418 mlz +%15 montaj=480; mevcut 450 ile ort. → 465
Cer_Guc,170,36 kV 1×240 ek mufu,400.0,370.0,REF-derin(1),R00542,TE SMOE OG ek mufu 2016 272 mlz +%25 montaj=340; mevcut 400 ile ort. → 370
Cer_Guc,170,Trefoil kelepçe / kanal içi askı,6.0,6.0,TAHMIN (emsal yok),,Emsal yok. DİKKAT: her damar ayrı Ø160 HDPE boruda (satır 21) ise trefoil kelepçe mükerrer olabilir – teyit
Cer_Guc,170,"OG kablo saha testleri (VLF, kılıf)",3000.0,3000.0,TAHMIN (emsal yok),,Uygun emsal yok; mevcut tahmin korundu
Cer_Guc,171,YAXC7V-R 1×400/35 Al XLPE zırhlı LSHF – çekme dahil,16.0,17.29,REF-derin,R00866;R00945;R00678,"Bursa T2 Haluk Al 1×400 17,29, MET 19,14, Prysmian 2021 14,90+2 çekme → medyan 17,29 €/m (mevcut 16 hafif düşük)"
Cer_Guc,171,36 kV 1×400 kablo başlığı,600.0,620.0,REF-derin(1),R00541,TE RSTI-CC 800A başlık 2016 557 +%15 montaj=640; mevcut 600 ile ort. → 620
Cer_Guc,171,36 kV 1×400 ek mufu,550.0,479.0,REF-derin(1),R00542,"TE SMOE OG mufu 272 +%25 montaj, 400 mm² için +%20 = 408; mevcut 550 ile ort. → 479"
Cer_Guc,171,"Kablo kanalı kazısı 0,80×1,40 m",8.0,8.0,TAHMIN (emsal yok),,Emsal yok; 2026 şehir içi makine+el kazısı 8 €/m³ makul
Cer_Guc,171,HDPE/koruge boru Ø160 (her damar ayrı),6.0,6.0,TAHMIN (emsal yok),,Doğrudan emsal yok (drenaj koruge Ø150 9–13 €/m farklı sınıf); 2026 kablo koruge Ø160 ~3 € mlz+döşeme → 6 €/m makul
Cer_Guc,171,Yol geçişleri yedek boş boru Ø160,6.0,6.0,TAHMIN (emsal yok),,Uygun emsal yok; mevcut tahmin korundu
Cer_Guc,171,Dolgu kumu,18.0,18.0,TAHMIN (emsal yok),,"Emsal yok; 2026 dolgu kumu 13–18 €/m³ aralığında, makul"
Cer_Guc,171,Harman tuğlası,0.25,0.25,TAHMIN (emsal yok),,Uygun emsal yok; mevcut tahmin korundu
Cer_Guc,171,Plastik ikaz bandı,0.3,0.3,TAHMIN (emsal yok),,Uygun emsal yok; mevcut tahmin korundu
Cer_Guc,171,C14 koruma betonu,75.0,75.0,TAHMIN (emsal yok),,"Emsal yok; 2026 hazır beton C16 ~65–75 €/m³, makul"
Cer_Guc,171,Yol/kaldırım kaplamasının eski haline getirilmesi,25.0,25.0,TAHMIN (emsal yok),,Uygun emsal yok; mevcut tahmin korundu
Cer_Guc,171,Kazı fazlası nakli,6.0,6.0,TAHMIN (emsal yok),,Uygun emsal yok; mevcut tahmin korundu
Cer_Guc,171,Güzergah işaret taşı,30.0,30.0,TAHMIN (emsal yok),,Uygun emsal yok; mevcut tahmin korundu
Cer_Guc,171,OG kablo saha testleri,4000.0,4000.0,TAHMIN (emsal yok),,Uygun emsal yok; mevcut tahmin korundu
Cer_Guc,172,AG tristörlü kompanzasyon kademesi 50 kVAr 690 V,1500.0,1600.0,REF-derin,R00874;R00951;R00886,"Bursa T2 kondansatör Haluk 18,73, MET 23,79 €/kVAr → medyan 21,26×50×1,5 (tristör+reaktör) ≈ 1.600 (IGBT 187 €/kVAr üst sınır)"
Cer_Guc,172,AG tristörlü kompanzasyon kademesi 25 kVAr 690 V,1000.0,900.0,REF-derin,R00874;R00951,"Aynı medyan 21,26 €/kVAr×25×1,5 + sabit pay ≈ 900 (mevcut 1.000 hafif yüksek)"
Cer_Guc,172,"Kompanzasyon panosu (röle, Modbus, fan) – her TM 1",6000.0,6000.0,TAHMIN (emsal yok),,"Doğrudan emsal yok (TEDAK metro ERP 27.567 komple pano, kıyas dışı); kademeler ayrı fiyatlı → 6.000 makul"
Cer_Guc,172,MCCB 3×250 A + besleme kablosu 3×70,12300.0,12300.0,TAHMIN (emsal yok),,Uygun emsal yok; mevcut tahmin korundu
Cer_Guc,172,OG şönt reaktör sistemi (TM-4 çıkışı),60000.0,60000.0,TAHMIN (emsal yok),,"Emsal yok (yalnız AG şönt reaktör panoları var, Siemens 100 kVAr 11.868); OG reaktör teklifle teyit edilmeli"
Cer_Guc,172,36 kV 630 A kesicili kompanzasyon fider hücresi,28000.0,23579.0,REF-derin,R00761;R00762;R00730;R00731;R00560;R00561,"630 A kesicili fider hücresi: Aktif 2021 21.379/22.329, Schneider 13.634/14.356, ABB İzmir 22.417/22.287 → medyan 21.833 +%8 montaj/test = 23.579 (mevcut 28.000 yüksek)"
Cer_Guc,172,"34,5/0,4 kV 630 kVA kuru tip kompanzasyon trafosu",18000.0,19117.0,REF-derin,R00546;R00888;R00962;R01115,"Tramvay 630 kVA kuru: İzmir tram Aktif 2014 22.231, Bursa T2 Haluk 15.935, MET 19.117 → medyan 19.117 (ABB 2011 25.502)"
Cer_Guc,172,Enerji kalite kaydedicisi Class A,4000.0,4000.0,TAHMIN (emsal yok),,Uygun emsal yok; mevcut tahmin korundu
Cer_Guc,172,AG enerji analizörü + Modbus ağ geçidi,12400.0,12400.0,TAHMIN (emsal yok),,Uygun emsal yok; mevcut tahmin korundu
Cer_Guc,172,Enerji yönetim yazılımı (ISO 50001) + TCC operatör,25000.0,25000.0,TAHMIN (emsal yok),,Uygun emsal yok; mevcut tahmin korundu
Cer_Guc,172,"Haberleşme kabloları, harmonik ölçümleri, devreye alma, DEDAŞ raporu",11500.0,11500.0,TAHMIN (emsal yok),,Uygun emsal yok; mevcut tahmin korundu
Cer_Guc,173,36 kV 1250 A 25 kA SF6 kesicili hücre + AT + sayısal röle + ölçü + kilitleme + FAT/SAT,26000.0,26000.0,REF-teyit,R00879;R00956;R01043;R01067;R00670;R00696;R00728,"Ring kesicili hücre: Bursa T2 Haluk 30.518, MET 24.247, Kocaeli 35.207/17.488 (tram medyan 27.382); 2021 Aktif 22.848, ABB 23.502, Schneider 19.001 +%8 montaj → 26.000 teyit"
Cer_Guc,174,36 kV kesicili trafo koruma hücresi + röle + analizör + DC kilitleme,24000.0,24000.0,REF-teyit,R00882;R01044;R00671;R00674;R00697;R00765;R01068,"Trafo koruma hücresi: Haluk 26.130, Kocaeli 34.616, Aktif 2021 19.709/19.279/24.699, ABB 24.000 → medyan 24.349; 24.000 teyit"
Cer_Guc,174,36 kV 1×95 kablo başlığı (büzüşmeli + geçmeli),350.0,350.0,TAHMIN (emsal yok),,Doğrudan emsal yok (RSTI 800A geçmeli 418 mlz büyük kesit); 1×95 başlık 350 makul
Cer_Guc,175,36 kV kesicili iç ihtiyaç trafo fider hücresi + röle,23000.0,23000.0,REF-teyit,R00671;R00698;R00731;R00882;R01044,"İç ihtiyaç fider hücresi: Aktif 19.709, ABB 24.000, Schneider 14.356, Haluk 26.130, Kocaeli 34.616 → medyan 24.000; 23.000 teyit"
Cer_Guc,175,36 kV 1×95 kablo başlığı,350.0,350.0,TAHMIN (emsal yok),,Doğrudan emsal yok; 1×95 başlık 350 makul
Cer_Guc,176,36 kV akım-gerilim ölçü hücresi (TEİAŞ girişli TM),19254.0,17424.0,REF-derin,R00880;R00957;R00764,"Akım-gerilim ölçü hücresi: Haluk 19.254, MET 17.424, Aktif 2021 12.623 → medyan 17.424 (mevcut Haluk maks. alınmış)"
Cer_Guc,176,36 kV bara gerilim ölçü (VT) hücresi,13534.0,11670.0,REF-derin,R00881;R00958;R00672;R00729;R00815,"Bara gerilim ölçü hücresi: Haluk 13.534, MET 11.109, Aktif 10.831, Schneider 11.670, ABB 19.106 → medyan 11.670"
Cer_Guc,176,"Elektronik sayaç cl 0,2S + sayaç panosu/modem",9000.0,9000.0,TAHMIN (emsal yok),,Uygun emsal yok; mevcut tahmin korundu
Cer_Guc,177,"36 kV kesicili fider hücresi ilavesi, bara uzatma, kurum izinleri",45000.0,34557.0,REF-derin,R00890;R00964,"Bursa T2 TM 34,5 kV fider ilavesi Haluk 39.293, MET 29.821 → medyan 34.557; '+pay' kaldırıldı (kurum masrafları satır 7'de ayrıca var – mükerrer)"
Cer_Guc,178,"34,5/0,4 kV 250 kVA Dyn11 kuru tip trafo Cu/Cu, röle, kaide, test",16000.0,21085.0,REF-derin,R00768;R01070;R01052,"250 kVA kuru: Aktif 2021 +IP23 21.085, Sekaray Cu kabinli 11.816, Kocaeli 32.017 → medyan 21.085 (mevcut 16.000 düşük; yağlı hermetik refler kıyas dışı)"
Cer_Guc,179,"34,5/0,4 kV 2000 kVA Dyn11 kuru tip trafo Cu/Cu, fanlı, röle, test",42000.0,53182.0,REF-derin,R00758;R00700;R00825;R00837;R01085;R01091,"2000 kVA kuru Al: Aktif 2021 50.541, ABB 2021 57.201, Schneider 46.153, Siemens 64.024, Mezitli 36.939/36.071 → medyan 48.347 +%10 Cu/Cu = 53.182 (mevcut 42.000 Al reflerin bile altında, DÜŞÜK)"
Cer_Guc,187,"ADP/1 panosu (MCCB 320 A giriş, analizör, parafudr, istasyon/klima çıkışları) + UDP + montaj/test",24000.0,15100.0,REF-derin,R00946;R01053;R01071;R00869;R00719,"TM ADP: Kocaeli 11.285, Sekaray 12.289, MET 8.993, Haluk 4.353 → medyan 10.139 + UDP (TEDAK UPS pano 7.853×0,5) + %10 montaj ≈ 15.100 (mevcut 24.000 yüksek)"
Cer_Guc,188,"Cer trafosu 2750 kVA 34,5/0,6-0,6 kV Dy5-Dd0, dökme reçine, EN 50329",85000.0,85000.0,REF-teyit,R00545;R01083;R00756;R00702;R01093,"Cer trafosu kVA^0,6 ile 2750'ye ölçekli: İzmir tram Aktif 2500 70.619, Mezitli 2500 73.694, Aktif 3300 87.828, ABB 3300 83.599, Siemens 1500V→750V 82.754 → medyan 82.754; 85.000 teyit"
Cer_Guc,188,Trafo sıcaklık rölesi + sekonder toprak kaçağı koruması + izole kaide,3000.0,3000.0,TAHMIN (emsal yok),,Uygun emsal yok; mevcut tahmin korundu
Cer_Guc,188,"Doğrultucu 12 darbeli 2500 kW 750 V DC, Class VI",48000.0,48000.0,REF-teyit,R00565;R00703;R00769;R00876,"750 V 12 darbe redresör: ABB İzmir 2017 3 MW 49.610, ABB Buca 2021 37.927, Aktif 2021 45.425 → medyan 45.425 + montaj; 48.000 teyit"
Cer_Guc,188,"Trafo–doğrultucu AC kabloları 1×300 Cu 1,8/3 kV",45.0,45.0,REF-teyit,R04132;R01050;R01075;R00682,"1×300 Cu DC/AC kablo: Usluel İzmir tram 1×300 48,50 M+İ; Kocaeli 1×240 1,8/3 kV 30,72, Sekaray 28,36, Prysmian N2XH 1×240 30,32 (×1,25 kesit) → 37–49 €/m; 2026 Cu fiyatı ile 45 teyit"
Cer_Guc,188,DC giriş (incoming) hücresi 6300 A,36500.0,36500.0,REF-teyit,R00751;R00770;R00566;R00704;R01048,"DC giriş HSCB: Aktif 2021 36.216/36.824, ABB 40.546/35.440, Kocaeli 23.392 → medyan 36.216; teyit (not: 2,5 MW/750 V için 4000 A yeterli, 6300 A şartı fiyatı artırabilir)"
Cer_Guc,188,DC fider hücresi HSCB 3600 A,36000.0,44641.0,REF-derin,R00877;R00954;R01047;R00752;R00705;R00771,"Bursa T2 Haluk 2015 DC fider 44.641, MET 43.769, Kocaeli 74.194 → medyan 44.641 (2021 metro Aktif 37.456, ABB 38.797, by-passlı 42.634); mevcut 36.000 tüm reflerin altında – DÜŞÜK"
Cer_Guc,188,"Negatif hücre (negatif bara, şönt, ayırıcı)",25000.0,25000.0,REF-teyit,R00774;R01049;R00773;R00706;R00878,"Negatif hücre (tek grup): Aktif tekli 20.930, Kocaeli 23.392, Aktif çiftli 27.906, ABB 33.751 → medyan 25.649; teyit (Bursa T2 Haluk/MET 42–44k fider fiyatının kopyası, aykırı)"
Cer_Guc,188,Ray–toprak gerilim sınırlayıcı VLD panosu,20000.0,20000.0,REF-teyit,R00896;R00967;R00754;R00775;R00708;R00841;R01159,"VLD: Bursa T2 Haluk 13.818, MET 32.092, Aktif 20.961/16.824, ABB 28.601, Siemens 20.815/18.869 → medyan 20.815; 20.000 teyit"
Cer_Guc,188,Hat ayırıcı panosu (4 fider + 2 by-pass ayırıcı 4000 A),45000.0,108400.0,REF-derin,R00755;R00707;R00570,"4 fider+2 by-pass (6 ayırıcı) konfig.: ABB İzmir 2017 (4+2) 143.900, ABB Buca 2021 (2+1)×2 69.636, Aktif 2021 ana+by-pass ×3 108.369 → medyan 108.400; mevcut 45.000 DÜŞÜK. Teyit: direk tipi ayırıcılarla (Kat 27) mükerrer olmamalı"
Cer_Guc,188,"DC fider kabloları 1×300 Cu 1,8/3 kV",45.0,45.0,REF-teyit,R04132;R01050;R01075;R00682,"1×300 Cu DC/AC kablo: Usluel İzmir tram 1×300 48,50 M+İ; Kocaeli 1×240 1,8/3 kV 30,72, Sekaray 28,36, Prysmian N2XH 1×240 30,32 (×1,25 kesit) → 37–49 €/m; 2026 Cu fiyatı ile 45 teyit"
Cer_Guc,188,Doğrultucu–DC şalt/negatif bağlantısı,45.0,45.0,REF-teyit,R04132;R01050;R01075;R00682,"1×300 Cu DC/AC kablo: Usluel İzmir tram 1×300 48,50 M+İ; Kocaeli 1×240 1,8/3 kV 30,72, Sekaray 28,36, Prysmian N2XH 1×240 30,32 (×1,25 kesit) → 37–49 €/m; 2026 Cu fiyatı ile 45 teyit"
Cer_Guc,188,DC kablo pabuçları/başlıkları 300 mm²,25.0,25.0,TAHMIN (emsal yok),,Doğrudan emsal yok (Samsun DC kablo başlığı 145 farklı kapsam); 300 mm² pabuç+makaron 25 makul
Cer_Guc,188,DC şalt izole kaide + çerçeve kaçak koruması (64),6000.0,6000.0,TAHMIN (emsal yok),,Uygun emsal yok; mevcut tahmin korundu
Cer_Guc,188,OG–DC kilitleme (anahtar transfer) düzenekleri,4000.0,4000.0,TAHMIN (emsal yok),,Uygun emsal yok; mevcut tahmin korundu
Cer_Guc,188,"Kontrol-koruma, SCADA I/O, 110 V DC kontrol kabloları",12000.0,12000.0,TAHMIN (emsal yok),,Uygun emsal yok; mevcut tahmin korundu
Cer_Guc,188,"FAT ve saha testleri, devreye alma, kısa devre testi",25000.0,25000.0,TAHMIN (emsal yok),,"Doğrudan emsal yok (ABB İzmir müh.+FAT+devreye alma 195.498/5 TM≈39k, tasarım dahil); 25.000/TM makul"
Cer_Guc,189,"Cer trafosu 2750 kVA 34,5/0,6-0,6 kV Dy5-Dd0, dökme reçine, EN 50329",85000.0,85000.0,REF-teyit,R00545;R01083;R00756;R00702;R01093,"Cer trafosu kVA^0,6 ile 2750'ye ölçekli: İzmir tram Aktif 2500 70.619, Mezitli 2500 73.694, Aktif 3300 87.828, ABB 3300 83.599, Siemens 1500V→750V 82.754 → medyan 82.754; 85.000 teyit"
Cer_Guc,189,"Doğrultucu 12 darbeli 2500 kW 750 V DC, Class VI",48000.0,48000.0,REF-teyit,R00565;R00703;R00769;R00876,"750 V 12 darbe redresör: ABB İzmir 2017 3 MW 49.610, ABB Buca 2021 37.927, Aktif 2021 45.425 → medyan 45.425 + montaj; 48.000 teyit"
Cer_Guc,189,"Trafo–doğrultucu AC kabloları 1×300 Cu 1,8/3 kV",45.0,45.0,REF-teyit,R04132;R01050;R01075;R00682,"1×300 Cu DC/AC kablo: Usluel İzmir tram 1×300 48,50 M+İ; Kocaeli 1×240 1,8/3 kV 30,72, Sekaray 28,36, Prysmian N2XH 1×240 30,32 (×1,25 kesit) → 37–49 €/m; 2026 Cu fiyatı ile 45 teyit"
Cer_Guc,189,DC giriş (incoming) hücresi 6300 A,36500.0,36500.0,REF-teyit,R00751;R00770;R00566;R00704;R01048,"DC giriş HSCB: Aktif 2021 36.216/36.824, ABB 40.546/35.440, Kocaeli 23.392 → medyan 36.216; teyit (not: 2,5 MW/750 V için 4000 A yeterli, 6300 A şartı fiyatı artırabilir)"
Cer_Guc,189,DC fider hücresi HSCB 3600 A,36000.0,44641.0,REF-derin,R00877;R00954;R01047;R00752;R00705;R00771,"Bursa T2 Haluk 2015 DC fider 44.641, MET 43.769, Kocaeli 74.194 → medyan 44.641 (2021 metro Aktif 37.456, ABB 38.797, by-passlı 42.634); mevcut 36.000 tüm reflerin altında – DÜŞÜK"
Cer_Guc,189,"Negatif hücre (negatif bara, şönt, ayırıcı)",25000.0,25000.0,REF-teyit,R00774;R01049;R00773;R00706;R00878,"Negatif hücre (tek grup): Aktif tekli 20.930, Kocaeli 23.392, Aktif çiftli 27.906, ABB 33.751 → medyan 25.649; teyit (Bursa T2 Haluk/MET 42–44k fider fiyatının kopyası, aykırı)"
Cer_Guc,189,Ray–toprak gerilim sınırlayıcı VLD panosu,20000.0,20000.0,REF-teyit,R00896;R00967;R00754;R00775;R00708;R00841;R01159,"VLD: Bursa T2 Haluk 13.818, MET 32.092, Aktif 20.961/16.824, ABB 28.601, Siemens 20.815/18.869 → medyan 20.815; 20.000 teyit"
Cer_Guc,189,Hat ayırıcı panosu (4 fider + 2 by-pass ayırıcı 4000 A),45000.0,108400.0,REF-derin,R00755;R00707;R00570,"4 fider+2 by-pass (6 ayırıcı) konfig.: ABB İzmir 2017 (4+2) 143.900, ABB Buca 2021 (2+1)×2 69.636, Aktif 2021 ana+by-pass ×3 108.369 → medyan 108.400; mevcut 45.000 DÜŞÜK. Teyit: direk tipi ayırıcılarla (Kat 27) mükerrer olmamalı"
Cer_Guc,189,"DC fider kabloları 1×300 Cu 1,8/3 kV",45.0,45.0,REF-teyit,R04132;R01050;R01075;R00682,"1×300 Cu DC/AC kablo: Usluel İzmir tram 1×300 48,50 M+İ; Kocaeli 1×240 1,8/3 kV 30,72, Sekaray 28,36, Prysmian N2XH 1×240 30,32 (×1,25 kesit) → 37–49 €/m; 2026 Cu fiyatı ile 45 teyit"
Cer_Guc,189,Doğrultucu–DC şalt/negatif bağlantısı,45.0,45.0,REF-teyit,R04132;R01050;R01075;R00682,"1×300 Cu DC/AC kablo: Usluel İzmir tram 1×300 48,50 M+İ; Kocaeli 1×240 1,8/3 kV 30,72, Sekaray 28,36, Prysmian N2XH 1×240 30,32 (×1,25 kesit) → 37–49 €/m; 2026 Cu fiyatı ile 45 teyit"
Cer_Guc,189,DC şalt izole kaide + çerçeve kaçak koruması (64),6000.0,6000.0,TAHMIN (emsal yok),,Uygun emsal yok; mevcut tahmin korundu
Cer_Guc,189,"Kontrol-koruma, SCADA I/O, 110 V DC kontrol kabloları",12000.0,12000.0,TAHMIN (emsal yok),,Uygun emsal yok; mevcut tahmin korundu
Cer_Guc,189,"FAT ve saha testleri, devreye alma, kısa devre testi",25000.0,25000.0,TAHMIN (emsal yok),,"Doğrudan emsal yok (ABB İzmir müh.+FAT+devreye alma 195.498/5 TM≈39k, tasarım dahil); 25.000/TM makul"
Cer_Guc,197,Temel altı ağ 1×120 mm² çıplak Cu,18.0,17.3,REF-derin,R00725;R00792;R01107,"120 mm² çıplak/örgülü Cu: Buca 2021 12,56/12,37, Mezitli 10,91 mlz → medyan 12,37 +%40 döşeme/termokaynak = 17,32"
Cer_Guc,197,"Bakır kazık elektrod Ø20×1,5 m",120.0,84.0,REF-derin,R00916;R00984;R00793;R00533,"Ø20 Cu kazık L=3,5 m: Haluk 153, MET 168, ESCO 120, Desat 151 → medyan 152; L=1,5 m için ×0,55 = 83,50 (mevcut 120 YÜKSEK; 3,5 m ise 152)"
Cer_Guc,197,"Bina içi şerit, bara, ekipman topraklama iletkenleri, klemensler",10500.0,10500.0,TAHMIN (emsal yok),,Uygun emsal yok; mevcut tahmin korundu
Cer_Guc,200,110 V DC 160 Ah VRLA akü + 50 A şarj + DC dağıtım paneli + MCB + izolasyon izleme + test,23000.0,23000.0,REF-teyit,R00734;R00738;R01055;R01054;R01129;R01130;R00947,110 V DC set: İnform 2021 2×şarj+DC pano 19.596 + Ni-Cd 140 Ah 13.023; Kocaeli Ni-Cd 85 Ah+şarj 17.680 + DC pano 2.424; Siemens 2011 50A+185Ah 22.196; MET 33.594 → 20–33k; VRLA (Ni-Cd'den ucuz) için 23.000 teyit
Cer_Guc,201,110 V DC 160 Ah VRLA akü + şarj + dağıtım paneli + test,23000.0,23000.0,REF-teyit,R00734;R01055;R00947,Satır 108 ile aynı set; 23.000 teyit
Cer_Guc,202-208,"İstasyon bölgesi: test kutuları, referans elektrot, donatı süreklilik, peron metal izolasyonu, ölçümler",6000.0,3850.0,REF-derin,R00898;R00969;R00624,"İstasyon kaçak akım: Bursa T2 Haluk 3.929, MET 1.987 → medyan 2.958 +%30 peron metal izolasyonu/ölçüm = 3.850 (mevcut 6.000 ≈2× ref, YÜKSEK; İzmir metro 1.354)"
Cer_Guc,202-208,"Depo: izole ray eki, DC süreklilik kabloları, VLD arabirimi, test kutuları, ölçümler",24346.0,24346.0,REF-teyit,R00899;R00970,"Depo kaçak akım: Haluk 26.195, MET 22.497 → medyan 24.346 teyit"
Cer_Guc,209,Ray potansiyeli/kaçak akım izleme ünitesi + drenaj panosu,11000.0,11136.0,REF-derin(1),R00554,"İzmir tram Siemens SCMS paketi 135.275/12 TPS = 11.273; mevcut 11.000 ile ort. → 11.136 (ABB Buca metro ~24,9k/TM kıyas dışı)"
Cer_Guc,209,"Ölçüm/bağlantı kabloları, test kutuları, referans elektrot, devreye alma",25000.0,25000.0,TAHMIN (emsal yok),,Uygun emsal yok; mevcut tahmin korundu
Cer_Guc,210,"Cross-bond, hatlar arası bağlantı, test kutuları, referans elektrotlar, merkezi yazılım, EN 50122-2 ölçümleri",108713.0,98015.0,REF-derin,R00897;R00968;R00504,"Bursa T2 hat yapıları kaçak akım Haluk 87.318, MET 108.713 → medyan 98.015 (mevcut MET maks. alınmış)"
Cer_Guc,219,"AG kabloları (N2XH 1×240, 4×6, 3×2,5, PE, 110 V DC)",28000.0,28000.0,TAHMIN (emsal yok),,Uygun emsal yok; mevcut tahmin korundu
Cer_Guc,219,"Kablo tavası/merdiveni, tava topraklaması, HDPE, yangın durdurucu, test",52000.0,52000.0,TAHMIN (emsal yok),,Uygun emsal yok; mevcut tahmin korundu
Cer_Guc,227,N2XH 1×240 Cu + pabuç + bara/mesnet + merdiven + kelepçe + test,44000.0,44000.0,TAHMIN (emsal yok),,"Dolaylı emsal: busbar trafo–ADP bağlantısı EAE 11.119, ORGE 15.151, Novatek 26.331 /set; 2 trafo için ~20–40k → 44.000 üst sınırda, kapsam teyit edilmeli"
Sinyal,228,"Tasarım paketi: simülasyon, mimari/kilitleme tabloları, uygulama ve kablo projeleri, RAMS/Safety Case (SIL3/SIL2), ISA, test prosedürleri, KET izin dosyası",207246.0,207246.0,REF-teyit,R06504,"Eminönü T5 Elektroline 2016 mühendislik/dok./PY 207.246 (tek tramvay emsali, benzer ölçek) teyit; Kocaeli keşif 975k yazılım dahil kıyas dışı"
Sinyal,229,"Elektrikli makas motoru (IP67, iç kilitli, uç konum dedektörlü) – ana hat",17785.0,19208.0,REF-derin,R06520;R06546;R06477;R06599,"Tramvay makas motoru: İzmir H&K HW61 2014 19.316, CONTEC CSV24 17.785, Elektroline TSH102 2016 15.255 → medyan 17.785 (tedarik) +%8 montaj = 19.208 (Konya H&K 2013 18.484)"
Sinyal,229,Makas motoru tahrik/dedeksiyon çubukları + dil kilidi seti,2969.0,2969.0,REF-teyit,R06576,"İzmir metro Bombardier bars 2.969 (tek ref). DİKKAT: H&K/CONTEC/Elektroline tramvay motor fiyatlarında bağlantı çubuğu+zemin kutusu+dil dedeksiyonu dahil → mükerrer olabilir, teyit"
Sinyal,229,"Lokal kontrol ve kumanda kabini SKP (SIL3, GRP IP54)",88734.0,69988.0,REF-derin,R06540;R06603;R06486;R06526,"SKP: CONTEC TCS300 37.832, H&K Konya tek makas 52.370, Elektroline TSIG tipik 87.605, H&K HN-SA (saha ekipmanı dahil) 93.712 → medyan 69.988; mevcut 88.734 + ayrı saha kalemleri ile makas bölgesi başı ~170k ≫ CONTEC bölge toplamı 136.975 (4 motor dahil) – YÜKSEK"
Sinyal,229,Sorgulayıcı (interrogator) birimi – SKP içi,6000.0,6602.0,REF-derin,R06589;R06499,"Araç algılama/sorgulayıcı: Kocaeli SS-3 6.258, Elektroline TDS 2016 6.946 → medyan 6.602"
Sinyal,229,Alıcı endüktif lup (güzergah talep) – makas bölgeleri,2814.0,1927.0,REF-derin,R06544;R06500,"Lup/anten: CONTEC V-COM lup seti (kablo+boru+kutu dahil) 1.506, Elektroline VETRA kavşak seti 4.123/2=2.061 → medyan 1.784 +%8 montaj = 1.927; mevcut 2.814 Thales makas kolu ref'ine dayanıyor (yanlış eşleşme). Satır 34 lup kablosu ile mükerrer riski"
Sinyal,229,"Ray devresi / kütle dedektörü (makas kilitleme, bölge meşgul)",5614.0,4561.0,REF-derin(1),R06541;R06542;R06596,Tek gerçek tramvay teklifi CONTEC ray devresi seti 3.085+kütle lupu 163 +%8 montaj=3.508; Kocaeli SS-10 8.143 keşif (iç tahmin) → mevcut 5.614 ile ort. 4.561
Sinyal,229,Ana hat makas sinyal lambası 3 ışıklı LED + talep alındı lambası,5173.0,3837.0,REF-derin(1),R06543;R06591,CONTEC LED 3 gövde sinyal 1.915 + talep alındı lambası ~400 +%8 = 2.501; Kocaeli SS-5 8.430 keşif → mevcut 5.173 ile ort. 3.837 (mevcut YÜKSEK)
Sinyal,229,Sinyal lamba direği – makas bölgeleri,1200.0,1200.0,TAHMIN (emsal yok),,Uygun emsal yok; mevcut tahmin korundu
Sinyal,229,Lokal talep anahtarı – makas bölgeleri,800.0,800.0,TAHMIN (emsal yok),,CONTEC manuel talep paneli 1.321 daha kapsamlı; tek anahtar 800 makul
Sinyal,229,Karayolu kavşağı sinyalizasyon kontrol kabini TSP (tramvay öncelik),8627.0,8627.0,REF-teyit,R06552;R06499;R06525,"Kavşak kabini: CONTEC 8.627, Elektroline TDS 6.946, H&K HCS-R (4 lup+kablo dahil) 22.787 → medyan 8.627 teyit"
Sinyal,229,Alıcı endüktif lup (ON/OFF öncelik talep) – kavşaklar,2814.0,1927.0,REF-derin,R06544;R06500,"Lup/anten: CONTEC V-COM lup seti (kablo+boru+kutu dahil) 1.506, Elektroline VETRA kavşak seti 4.123/2=2.061 → medyan 1.784 +%8 montaj = 1.927; mevcut 2.814 Thales makas kolu ref'ine dayanıyor (yanlış eşleşme). Satır 34 lup kablosu ile mükerrer riski"
Sinyal,229,Tramvay sinyal lambası 2 ışıklı LED – kavşaklar,3600.0,2834.0,REF-derin(1),R06543;R06590,CONTEC LED sinyal (3 gövde) 1.915+%8=2.069; Kocaeli SS-4 7.268 keşif aykırı → mevcut 3.600 ile ort. 2.834
Sinyal,229,Tramvay sinyal direği – kavşaklar,1200.0,1200.0,TAHMIN (emsal yok),,Uygun emsal yok; mevcut tahmin korundu
Sinyal,229,Lokal kumanda anahtarı – kavşaklar,800.0,800.0,TAHMIN (emsal yok),,Uygun emsal yok; mevcut tahmin korundu
Sinyal,229,Yaya geçidi tramvay uyarı seti (flaşör + levha),2500.0,2500.0,TAHMIN (emsal yok),,Uygun emsal yok; mevcut tahmin korundu
Sinyal,229,Yaya geçidi uyarı kontrol kutusu + aktivasyon lupu,6000.0,6000.0,TAHMIN (emsal yok),,Uygun emsal yok; mevcut tahmin korundu
Sinyal,229,Lup kablosu (hat yatağı içi iletken + koruma kanalı),400.0,400.0,TAHMIN (emsal yok),,Emsal yok. DİKKAT: CONTEC lup seti fiyatında lup kablosu+koruma borusu dahil → mükerrer olabilir
Sinyal,229,"Makas motoru güç+kumanda kablosu 12x2,5",9.0,9.0,TAHMIN (emsal yok),,Uygun emsal yok; mevcut tahmin korundu
Sinyal,229,Kabin ve sinyal direği temelleri,350.0,350.0,TAHMIN (emsal yok),,Uygun emsal yok; mevcut tahmin korundu
Sinyal,229,"Test, devreye alma, entegre test, 15 gün test işletmesi – hat boyu",40669.0,40669.0,REF-teyit,R06529;R06530;R06505,"Tramvay devreye alma: H&K Konak 41.046, Karşıyaka 40.291, Elektroline T5 59.376 → medyan 41.046; teyit"
Sinyal,230,"Elektrikli makas motoru – depo (IP67, el kranklı, uç konum dedektörlü)",12000.0,15890.0,REF-derin,R06521;R06561;R06478;R06594,"Depo makas motoru: H&K HWE 14.713, CONTEC 15.090, Elektroline TSH070 9.121 → medyan 14.713 +%8 montaj = 15.890; mevcut 12.000 gerçek tekliflerin altında – DÜŞÜK"
Sinyal,230,Makas motoru tahrik/dedeksiyon çubuk seti + dil kilidi – depo,2969.0,2969.0,REF-teyit,R06576,Satır 9 ile aynı; mükerrer riski (motor fiyatlarında çubuk seti dahil) teyit edilmeli
Sinyal,230,Depo sinyalizasyon kontrol ünitesi SKP (SIL2) + IO,80000.0,89900.0,REF-derin(1),R06556;R06527,"CONTEC TCS300 depo 16 makas 115.167 → 40 makas (^0,6) 199.568/2 SKP = 99.784; mevcut 80.000 ile ort. 89.900"
Sinyal,230,Depo manuel güzergah talep paneli MSP,1604.0,1604.0,REF-teyit,R06559;R06560,CONTEC depo talep paneli 1.184/2.025 → medyan 1.604 teyit
Sinyal,230,Depo sinyal lambası (makas pozisyon/kilit) + direği,1500.0,1472.0,REF-derin(1),R06558,CONTEC PPI 874+%8 + direk ~500 = 1.444; mevcut ile ort. 1.472
Sinyal,230,Ray devresi / kütle dedektörü – depo,3085.0,3508.0,REF-derin(1),R06541;R06542,Düzeltme: CONTEC ray devresi 3.085 malzeme fiyatıydı; + kütle lupu 163 + %8 montaj = 3.508
Sinyal,230,"Makas motoru güç+kumanda kablosu 12x2,5 – depo",9.0,9.0,TAHMIN (emsal yok),,Uygun emsal yok; mevcut tahmin korundu
Sinyal,230,"Depo sinyal lambası kablosu 12x1,5",7.0,7.0,TAHMIN (emsal yok),,Uygun emsal yok; mevcut tahmin korundu
Sinyal,230,Kablo koruma borusu HDPE Ø110 – depo ana güzergah,7.0,7.0,TAHMIN (emsal yok),,Uygun emsal yok; mevcut tahmin korundu
Sinyal,230,Kablo koruma borusu HDPE Ø50 – depo,3.0,3.0,TAHMIN (emsal yok),,Uygun emsal yok; mevcut tahmin korundu
Sinyal,230,Kabin / sinyal direği / MSP temelleri,350.0,350.0,TAHMIN (emsal yok),,Uygun emsal yok; mevcut tahmin korundu
Sinyal,230,"Depo güzergah/kilitleme yazılımı (15+ güzergah), test ve devreye alma",70169.0,70169.0,REF-teyit,R06503,Elektroline EYAS HW+SW temel konfig. 2016 70.169 (tek emsal) teyit
Sinyal,231,Araç sinyalizasyon işletim paneli – her kabine 1,1500.0,896.0,REF-derin,R06481;R06606;R06531,"Araç üstü set kabin başı: Elektroline VETRA 4.936/araç, H&K Konya 9.255/araç, H&K İzmir 5.047/kabin → medyan 4.628/kabin; mevcut 67–70 kalemleri kabin başı 7.750 → ×0,6"
Sinyal,231,Araç alıcı-verici (transponder) + alt şasi anteni – her uca 1,2500.0,1493.0,REF-derin,R06481;R06606;R06531,"Araç üstü set kabin başı: Elektroline VETRA 4.936/araç, H&K Konya 9.255/araç, H&K İzmir 5.047/kabin → medyan 4.628/kabin; mevcut 67–70 kalemleri kabin başı 7.750 → ×0,6"
Sinyal,231,Araç üstü sinyalizasyon kontrol/kodlayıcı birimi (EN 50155),6000.0,3583.0,REF-derin,R06481;R06606;R06531,"Araç üstü set kabin başı: Elektroline VETRA 4.936/araç, H&K Konya 9.255/araç, H&K İzmir 5.047/kabin → medyan 4.628/kabin; mevcut 67–70 kalemleri kabin başı 7.750 → ×0,6"
Sinyal,231,"Anten kabloları, araç içi kablaj ve montaj aparatları",1500.0,896.0,REF-derin,R06481;R06606;R06531,"Araç üstü set kabin başı: Elektroline VETRA 4.936/araç, H&K Konya 9.255/araç, H&K İzmir 5.047/kabin → medyan 4.628/kabin; mevcut 67–70 kalemleri kabin başı 7.750 → ×0,6"
Sinyal,231,"Araç arayüzü (hız/odometri, kabin aktif, kapı, TCMS/AVLS)",2000.0,2000.0,TAHMIN (emsal yok),,Uygun emsal yok; mevcut tahmin korundu
Sinyal,231,Araç tipi entegrasyon mühendisliği + ilk araç tip testi,30000.0,30000.0,TAHMIN (emsal yok),,Uygun emsal yok; mevcut tahmin korundu
Sinyal,231,Araç başına montaj + statik/dinamik test,2411.0,3000.0,REF-derin,R06607;R06608;R06482,Araç başı montaj+test: H&K Konya montaj 2.947+devreye alma 1.875=4.822; Elektroline T1 entegrasyon 58.937/50=1.179 → medyan 3.000
Sinyal,232,Sinyalizasyon ana işlemcisi (sunucu) – sıcak yedekli,11925.0,11925.0,REF-teyit,R06610;R06745;R06407,"CTC sunucu Dimetronic 11.925/9.160, Başkentray 15.674 → medyan teyit (refler 2010–12; 2026 endüstriyel sunucu ~8–10k, hafif yüksek olabilir)"
Sinyal,232,Ana hat sinyalizasyon operatör iş istasyonu (2 monitör),6000.0,6000.0,TAHMIN (emsal yok),,Uygun emsal yok; mevcut tahmin korundu
Sinyal,232,Depo sinyalizasyon operatör iş istasyonu,5000.0,5000.0,TAHMIN (emsal yok),,Uygun emsal yok; mevcut tahmin korundu
Sinyal,232,Sinyalizasyon LAN anahtarı (yedekli) + patch + çevirici,4000.0,4000.0,TAHMIN (emsal yok),,Uygun emsal yok; mevcut tahmin korundu
Sinyal,232,"Sinyalizasyon özel yazılımı + lisanslar (ana uygulama, sinoptik, protokoller)",150000.0,143284.0,REF-derin(1),R06532,İzmir tram H&K AVLS/işletme-izleme sistemi (hat başı) 136.568; mevcut 150.000 ile ort. 143.284
Sinyal,232,Araç ve sinyalizasyon simülatör yazılımı + PC,40000.0,40000.0,TAHMIN (emsal yok),,Uygun emsal yok; mevcut tahmin korundu
Sinyal,232,"Arayüzler: AVLS, SCADA, NTP, YBS",40000.0,40000.0,TAHMIN (emsal yok),,Uygun emsal yok; mevcut tahmin korundu
Sinyal,232,Sistem mühendisliği hizmetleri,9000.0,9000.0,TAHMIN (emsal yok),,Emsal yok (Elektroline uzman 822 €/gün → 9.000 €/ay ≈ 11 gün); makul
Sinyal,232,"Eğitim (10 kursiyer, 2 hafta) + dokümanlar",15000.0,22300.0,REF-derin,R06536;R06506,2 hafta eğitim: H&K 1 hafta 8.569×2=17.138; Elektroline 3 gün 8.254→10 gün 27.514 → medyan 22.300 (mevcut 15.000 düşük)
Sinyal,232,Bakım/arıza bulma yazılımı + dizüstü teşhis bilgisayarı,8000.0,8000.0,TAHMIN (emsal yok),,Uygun emsal yok; mevcut tahmin korundu
Katener,220,"Kontak teli 120 mm² Cu ETP (EN 50149, Ø13,2) – çekme dahil",18.0,18.0,REF-teyit,R04113;R04287;R04697,"Kontak teli 120 Cu: İzmir Usluel 2014 16,09 M+İ, Kocaeli 13,43 → medyan 14,76; 2014→2026 Cu artışı HICP'yi ~%15 aşıyor → ~16,7; 18 teyit (Erbakır teklifi bekleniyor)"
Katener,220,Destek iletkeni 2×120 mm² Cu (iletken metresi),16.0,16.0,REF-teyit,R04288;R04114,"Destek iletkeni: Kocaeli taşıyıcı tel 14,61, Usluel 150 mm² takviye 33,15 (izoleli/kalın) → 120 mm² çıplak 16 teyit"
Katener,220,Konsol hoban komplesi (çift yalıtımlı) – hat,1116.0,1116.0,REF-teyit,R04118;R04289;R04201,"Konsol-hoban: İzmir Usluel 2014 M+İ 1.116 (gerçek), Kocaeli keşif 825, BBR malzeme 465 (Usluel'in tedarikçisi) → 1.116 teyit"
Katener,220,Konsol hoban komplesi – depo bağlantı hattı,1116.0,1116.0,REF-teyit,R04118;R04289;R04201,"Konsol-hoban: İzmir Usluel 2014 M+İ 1.116 (gerçek), Kocaeli keşif 825, BBR malzeme 465 (Usluel'in tedarikçisi) → 1.116 teyit"
Katener,220,"Otomatik gerdirme tertibatı (ağırlıklı, kontak + 2 destek)",2500.0,2500.0,REF-teyit,R04122;R04297;R04207,"Otomatik gergi: Usluel 2.506 M+İ, Kocaeli keşif 3.652, BBR 10 kN mlz 1.835 → 2.500 teyit"
Katener,220,Antişöminman (mid-point) düzenlemesi,1164.0,1164.0,REF-teyit,R04125;R04292;R04216,"Antişöminman: Usluel 1.164, Kocaeli 1.461, BBR mlz 726 → teyit"
Katener,220,"Ankraj direk başı bağlantı (ankraj konsolu, gergi klemensi)",600.0,459.0,REF-derin,R04123;R04295;R04215,"Ankraj/sabit hat sonu: Usluel fiks gergi 517, Kocaeli sabit gerdirmeli hat sonu 401 → medyan 459 (BBR mlz 352); mevcut 600 hafif yüksek"
Katener,220,"Hava aralıklı overlap (mekanik, izolesiz)",3000.0,3000.0,TAHMIN (emsal yok),,Uygun emsal yok; mevcut tahmin korundu
Katener,220,Hava aralıklı izoleli seksiyon overlap (TM önü),4000.0,4000.0,TAHMIN (emsal yok),,Uygun emsal yok; mevcut tahmin korundu
Katener,220,Makas bölgesi hava makası,2500.0,2500.0,TAHMIN (emsal yok),,Uygun emsal yok; mevcut tahmin korundu
Katener,220,Kruvazman katener kesişmesi,5000.0,5000.0,TAHMIN (emsal yok),,Uygun emsal yok; mevcut tahmin korundu
Katener,220,Yaylı gerdirme tertibatı (makas diyagonalleri),1481.0,1140.0,REF-derin,R04124;R04217;R04296,"Yaylı gergi: Usluel 1.148 M+İ, BBR 871 mlz +%30 montaj=1.133 → medyan 1.140; Kocaeli keşif 1.814 iç tahmin, dışlandı"
Katener,220,Seksiyon izolatörü ünitesi,2070.0,2070.0,REF-teyit,R04126;R04298,"Seksiyon izolatörü: Usluel 2.070 M+İ (gerçek), Kocaeli keşif 1.343 → 2.070 teyit (DeSA/Flury teklifi bekleniyor)"
Katener,220,"Motorlu yük ayırıcı 4000 A DC, direk tipi, SCADA arabirimli",6000.0,6288.0,REF-derin,R04227;R04303;R04714,"Motorlu direk ayırıcı: BBR 2014 mlz 7.963 +%10 montaj=8.759, Kocaeli 3.817 → medyan 6.288 (Samsun 2008 5.768)"
Katener,220,Aşırı gerilim koruyucu VLD (ray–direk),594.0,822.0,REF-derin,R04719;R04175,"VLD/aşırı gerilim koruma: Samsun 2008 594, İzmir Usluel 2014 1.051 → medyan 822 (mevcut eski Samsun fiyatı, DÜŞÜK)"
Katener,220,"Besleme (fider) bağlantı düzeneği (bara izolatörü, 1×300 çıkış)",1500.0,837.0,REF-derin,R04116;R04143;R04294;R04242,"Besleme bağlantısı: Usluel takviye-katener bağlantısı 461, besleme noktası 1.213 → medyan 837; mevcut 1.500 YÜKSEK (Kocaeli 106, BBR 199)"
Katener,220,Parafudr 1 kV DC 10 kA + toprak elektrodu,744.0,1326.0,REF-derin,R04127;R04128;R04299,Düzeltme: kalem toprak elektrodu içeriyor → Usluel parafudr 744 + topraklama elektrodu 582 = 1.326 (Kocaeli sistem 518)
Katener,220,Akım köprüsü 95 mm² örgülü Cu,461.0,461.0,REF-teyit,R04116,Usluel takviye-katener elektriksel bağlantı 461 teyit
Katener,220,Elektriksel jumper seti 95 mm²,299.0,299.0,REF-teyit,R04115,Usluel 95 mm² esnek bağlantı 299 teyit
Katener,220,95 mm² örgülü esnek Cu iletken,25.0,19.4,REF-derin(1),R00792,"120 mm² örgülü Cu 12,37 mlz → 95 mm² 9,79 +%40 montaj=13,71; esnek tip primi için mevcut 25 ile ort. 19,36"
Katener,220,Gömülü destek iletkeni 150 mm² Cu,35.0,36.6,REF-derin(1),R04114,"Usluel 150 mm² Cu takviye 2014 33,15 +%15 Cu fiyat farkı=38,12; mevcut 35 ile ort. 36,56"
Katener,220,Direk numaralandırma levhası,37.0,37.0,REF-teyit,R05176;R05056;R04032,"Numara levhası: Rayba Yerköy-Sivas 37; Yapıray/AUS YHT 3 € (etiket tipi, kıyas dışı) → emaye/Al kelepçeli levha için 37 üst bant, teyit"
Katener,220,"Ayırıcı kumanda/konum kablosu 12×1,5 + kilitleme teçhizatı",7.0,7.0,TAHMIN (emsal yok),,Uygun emsal yok; mevcut tahmin korundu
Katener,220,"Katener uygulama projesi, EN 50119 hesapları, direk statiği",47158.0,47158.0,REF-teyit,R04101,İzmir tram Usluel katener projelendirme 47.158/hat teyit
Katener,220,"Test, ölçüm, enerjilendirme, devreye alma; 2 yıllık yedek parça",60000.0,60000.0,TAHMIN (emsal yok),,Uygun emsal yok; mevcut tahmin korundu
Katener,221,Kontak teli 120 mm² Cu ETP – depo hatları,18.0,18.0,REF-teyit,R04113;R04287;R04697,"Kontak teli 120 Cu: İzmir Usluel 2014 16,09 M+İ, Kocaeli 13,43 → medyan 14,76; 2014→2026 Cu artışı HICP'yi ~%15 aşıyor → ~16,7; 18 teyit (Erbakır teklifi bekleniyor)"
Katener,221,Yaylı gerdirme tertibatı (kontak teli),1100.0,1100.0,REF-teyit,R04124;R04217,"Depo yaylı gergi: Usluel 1.148, BBR 871 mlz → 1.100 teyit"
Katener,221,Sabit ankraj / sabit germe tertibatı 10 kN,517.0,517.0,REF-teyit,R04123;R04295,"Sabit gergi: Usluel 517, Kocaeli 401 → 517 teyit"
Katener,221,Ankraj lentesi teçhizatı (depo ankraj direkleri),485.0,485.0,REF-teyit,R03589,"Başkentray Usluel 2012 çiftli lente 485 (tekli 310); tek/eski ref, teyit"
Katener,221,Hava makası (depo makasları),1500.0,1500.0,TAHMIN (emsal yok),,Uygun emsal yok; mevcut tahmin korundu
Katener,221,Headspan sistemi – komple,1779.0,1779.0,REF-teyit,R04121;R04291,"Headspan: Usluel 1.779 M+İ, Kocaeli 2 yol 1.037 → teyit"
Katener,221,Headspan enine taşıyıcı + steady tel,20.0,20.0,TAHMIN (emsal yok),,Emsal yok. DİKKAT: Usluel headspan komple (satır 49) taşıyıcı tel içeriyor olabilir – mükerrer kontrolü
Katener,221,Headspan altı askı-rapel takımı,250.0,250.0,TAHMIN (emsal yok),,Emsal yok; satır 49 ile mükerrer kontrolü
Katener,221,Konsol hoban komplesi (tek hat) – depo,1116.0,1116.0,REF-teyit,R04118;R04289;R04201,"Konsol-hoban: İzmir Usluel 2014 M+İ 1.116 (gerçek), Kocaeli keşif 825, BBR malzeme 465 (Usluel'in tedarikçisi) → 1.116 teyit"
Katener,221,Seksiyon izolatörü ünitesi (depo bölümleme),2070.0,2070.0,REF-teyit,R04126;R04298,"Seksiyon izolatörü: Usluel 2.070 M+İ (gerçek), Kocaeli keşif 1.343 → 2.070 teyit (DeSA/Flury teklifi bekleniyor)"
Katener,221,Direk tipi motorlu ayırıcı 4000 A (SCADA),6000.0,6288.0,REF-derin,R04227;R04303;R04714,"Motorlu direk ayırıcı: BBR 2014 mlz 7.963 +%10 montaj=8.759, Kocaeli 3.817 → medyan 6.288 (Samsun 2008 5.768)"
Katener,221,Topraklı elle kumandalı ayırıcı (kilitli kol),3553.0,4527.0,REF-derin,R04130;R04302;R04228,"Elle kumandalı ayırıcı: Usluel 4.527 M+İ, Kocaeli 1.484, BBR mlz 5.177 → medyan 4.527; mevcut 3.553 DÜŞÜK (topraklı tip)"
Katener,221,Besleme bağlantı düzeneği depo,1500.0,837.0,REF-derin,R04116;R04143;R04294;R04242,"Besleme bağlantısı: Usluel takviye-katener bağlantısı 461, besleme noktası 1.213 → medyan 837; mevcut 1.500 YÜKSEK (Kocaeli 106, BBR 199)"
Katener,221,VLD ayırıcılı direkler,594.0,822.0,REF-derin,R04719;R04175,"VLD/aşırı gerilim koruma: Samsun 2008 594, İzmir Usluel 2014 1.051 → medyan 822 (mevcut eski Samsun fiyatı, DÜŞÜK)"
Katener,221,Atölye katlanır (döner) katener mekanizması – A2/A3,20534.0,20534.0,REF-teyit,R04141;R04142,İzmir tram Usluel döner (turntable) mesnet 20.534 teyit (motorlu ise 25.384)
Katener,221,Atölye sabit kontak hattı A1 ~75 m,7702.0,7702.0,REF-teyit,R04136;R04137;R04143,"Usluel rijit profil 12 m 825×6 + 4 m 744×2 + aksesuar ≈ 8–9,5k; 7.702 teyit"
Katener,221,Atölye ana kesicisi (DC) + kilitlenebilir hat ayırıcıları,25000.0,25000.0,TAHMIN (emsal yok),,Uygun emsal yok; mevcut tahmin korundu
Katener,221,"Kilitleme sistemi (gezer vinç, katlanır katener, platform, kriko, kapılar)",40000.0,39321.0,REF-derin(1),R04144,İzmir tram Usluel döner katener kumanda/kilitleme panosu 38.642; mevcut ile ort. 39.321
Katener,221,Acil gerilim kesme butonu + 'katener enerjili' ikaz lambası,600.0,600.0,TAHMIN (emsal yok),,Uygun emsal yok; mevcut tahmin korundu
Katener,221,Atölye/depo katener güç ve kontrol kabloları,8.0,8.0,TAHMIN (emsal yok),,Uygun emsal yok; mevcut tahmin korundu
Katener,221,"Depo katener uygulama projesi, test ve devreye alma",25000.0,25000.0,TAHMIN (emsal yok),,Uygun emsal yok; mevcut tahmin korundu
Katener,222,T1-A Tipi Katener Direği (114 adet) gövdesi – galvanizli çelik (imalat+galvaniz+dikim),2.2,2.2,REF-teyit,R04610;R04611;R04612;R04613;R04614;R04615,"Bursa T2 direk imalatı İMKON/Kuzey/Karçel: 1,77, 1,84, 1,83, 1,53, 1,38, 2,74 €/kg → medyan 1,80 + sıcak daldırma galvaniz ~0,4 = 2,2 teyit (dikim ayrı satırda; tanımdaki 'dikim' ifadesi düzeltilmeli)"
Katener,222,T1-A Tipi Katener Direği (114 adet) ankraj bulonu M30 (somun+rondela HDG),22.0,22.0,TAHMIN (emsal yok),,Uygun emsal yok; mevcut tahmin korundu
Katener,222,"T1-A Tipi Katener Direği (114 adet) dikim/montaj (vinç, şakül, tork)",300.0,300.0,TAHMIN (emsal yok),,"Doğrudan emsal yok; kontrol: T1-A 344 kg×2,2+300+bulon ≈1.145/direk ≈ Usluel Tip A 1.102 M+İ → tutarlı"
Katener,223,T2-B Tipi Katener Direği (17 adet) gövdesi – galvanizli çelik (imalat+galvaniz+dikim),2.2,2.2,REF-teyit,R04610;R04611;R04612;R04613;R04614;R04615,"Bursa T2 direk imalatı İMKON/Kuzey/Karçel: 1,77, 1,84, 1,83, 1,53, 1,38, 2,74 €/kg → medyan 1,80 + sıcak daldırma galvaniz ~0,4 = 2,2 teyit (dikim ayrı satırda; tanımdaki 'dikim' ifadesi düzeltilmeli)"
Katener,223,"T2-B Tipi Katener Direği (17 adet) dikim/montaj (vinç, şakül, tork)",300.0,300.0,TAHMIN (emsal yok),,"Doğrudan emsal yok; kontrol: T1-A 344 kg×2,2+300+bulon ≈1.145/direk ≈ Usluel Tip A 1.102 M+İ → tutarlı"
Katener,225,T3-D Tipi Katener Direği (33 adet) gövdesi – galvanizli çelik (imalat+galvaniz+dikim),2.2,2.2,REF-teyit,R04610;R04611;R04612;R04613;R04614;R04615,"Bursa T2 direk imalatı İMKON/Kuzey/Karçel: 1,77, 1,84, 1,83, 1,53, 1,38, 2,74 €/kg → medyan 1,80 + sıcak daldırma galvaniz ~0,4 = 2,2 teyit (dikim ayrı satırda; tanımdaki 'dikim' ifadesi düzeltilmeli)"
Katener,225,T3-D Tipi Katener Direği (33 adet) ankraj bulonu M30 (somun+rondela HDG),22.0,22.0,TAHMIN (emsal yok),,Uygun emsal yok; mevcut tahmin korundu
Katener,225,"T3-D Tipi Katener Direği (33 adet) dikim/montaj (vinç, şakül, tork)",300.0,300.0,TAHMIN (emsal yok),,"Doğrudan emsal yok; kontrol: T1-A 344 kg×2,2+300+bulon ≈1.145/direk ≈ Usluel Tip A 1.102 M+İ → tutarlı"
Katener,226,T3-C Tipi Katener Direği (60 adet) gövdesi – galvanizli çelik (imalat+galvaniz+dikim),2.2,2.2,REF-teyit,R04610;R04611;R04612;R04613;R04614;R04615,"Bursa T2 direk imalatı İMKON/Kuzey/Karçel: 1,77, 1,84, 1,83, 1,53, 1,38, 2,74 €/kg → medyan 1,80 + sıcak daldırma galvaniz ~0,4 = 2,2 teyit (dikim ayrı satırda; tanımdaki 'dikim' ifadesi düzeltilmeli)"
Katener,226,T3-C Tipi Katener Direği (60 adet) ankraj bulonu M30 (somun+rondela HDG),22.0,22.0,TAHMIN (emsal yok),,Uygun emsal yok; mevcut tahmin korundu
Katener,226,"T3-C Tipi Katener Direği (60 adet) dikim/montaj (vinç, şakül, tork)",300.0,300.0,TAHMIN (emsal yok),,"Doğrudan emsal yok; kontrol: T1-A 344 kg×2,2+300+bulon ≈1.145/direk ≈ Usluel Tip A 1.102 M+İ → tutarlı"
Elektrik_AG,180,"ADP panosu: metal mahfazalı, TS EN 61439, IP54, 20x5 Cu bara",2200.0,1891.54,REF-derin,R00985;R00484;R00917,"Bursa T2 MET 2015 saç pano 800 mm (M+İ) 2.162,86 +%15 Cu bara/IP54→2.487,29; Ankara-Sivas YHT Platin 2019 saç pano 61439 (M+İ) 1.644,82 +%15 Cu bara/IP54→1.891,54; Bursa T2 Haluk 2015 saç pano 800 mm (M+İ) 676,71 +%15 Cu bara/IP54→778,22 → medyan 1.891,54"
Elektrik_AG,180,Ana giriş TMŞ 3x50 A 10 kA + RCD-D 300 mA,350.0,350.0,TAHMIN (emsal yok),,"Emsal yok (veride AG kesici/TMŞ teklifi yok; R02784 MCB 1x6A 4,18 (M) kıyas dışı)"
Elektrik_AG,180,"Çıkış TMŞ 3x32 A (APP-1, APP-2, SK-1, SK-2)",130.0,130.0,TAHMIN (emsal yok),,"Emsal yok (veride AG kesici/TMŞ teklifi yok; R02784 MCB 1x6A 4,18 (M) kıyas dışı)"
Elektrik_AG,180,Çıkış TMŞ 3x40 A (2 yedek + UPS besleme),140.0,140.0,TAHMIN (emsal yok),,"Emsal yok (veride AG kesici/TMŞ teklifi yok; R02784 MCB 1x6A 4,18 (M) kıyas dışı)"
Elektrik_AG,180,"UPS ana dağıtım panosu (UDP): giriş TMŞ 3x32 A, 20x5 Cu bara, UK1-UK2 TMŞ 3x32 A, UK3 AOS 1x10 A, UK4 TMŞ 1x10 A, UK5-UK7 TMŞ 3x25 A",2000.0,2000.0,TAHMIN (emsal yok),,"Emsal yok (komple tali pano; İzmir Buca TEDAK 2021 tali pano ort. 3.010 € (M) metro/daha büyük, Bursa T2 ""özel saç pano"" yalnız gövde → kıyas dışı)"
Elektrik_AG,180,"UPS-1 / UPS-2 dağıtım panoları (peron başına, UK01-UK13 AOS 1x10/16 A + KAKŞ)",1200.0,1200.0,TAHMIN (emsal yok),,"Emsal yok (komple tali pano; İzmir Buca TEDAK 2021 tali pano ort. 3.010 € (M) metro/daha büyük, Bursa T2 ""özel saç pano"" yalnız gövde → kıyas dışı)"
Elektrik_AG,180,Parafudr Tip 1+2 (giriş),650.0,545.58,REF-derin,R00920;R00987;R00517,"Bursa T2 Haluk 2015 SPD B 3F+N (M+İ) 183,45 +%20 Tip1+2→220,15; Bursa T2 MET 2015 SPD B 3F+N (M+İ) 466,49 +%20 Tip1+2→559,79; Başkentray Desat 2012 SPD B 100 kA (M+İ) 454,65 +%20 Tip1+2→545,58 → medyan 545,58"
Elektrik_AG,180,"Pano montaj, iç kablaj, test",800.0,800.0,TAHMIN (emsal yok),,Emsal yok (götürü montaj/test)
Elektrik_AG,181,"ADP panosu: metal mahfazalı, TS EN 61439-1/2, IP54, 20x5 Cu bara 3P+N+PE",2500.0,1891.54,REF-derin,R00985;R00484;R00917,"Bursa T2 MET 2015 saç pano 800 mm (M+İ) 2.162,86 +%15 Cu bara/IP54→2.487,29; Ankara-Sivas YHT Platin 2019 saç pano 61439 (M+İ) 1.644,82 +%15 Cu bara/IP54→1.891,54; Bursa T2 Haluk 2015 saç pano 800 mm (M+İ) 676,71 +%15 Cu bara/IP54→778,22 → medyan 1.891,54"
Elektrik_AG,181,Ana giriş TMŞ 3x125 A 10 kA + RCD-D 300 mA (toroid),550.0,550.0,TAHMIN (emsal yok),,"Emsal yok (veride AG kesici/TMŞ teklifi yok; R02784 MCB 1x6A 4,18 (M) kıyas dışı)"
Elektrik_AG,181,"Çıkış TMŞ 3x32 A (APP, UPS, SK, YMP-01/02/03, ASP-01/02/03)",130.0,130.0,TAHMIN (emsal yok),,"Emsal yok (veride AG kesici/TMŞ teklifi yok; R02784 MCB 1x6A 4,18 (M) kıyas dışı)"
Elektrik_AG,181,Çıkış TMŞ 3x40 A (yedek),140.0,140.0,TAHMIN (emsal yok),,"Emsal yok (veride AG kesici/TMŞ teklifi yok; R02784 MCB 1x6A 4,18 (M) kıyas dışı)"
Elektrik_AG,181,Parafudr Tip 1+2 3+N+PE (giriş),650.0,545.58,REF-derin,R00920;R00987;R00517,"Bursa T2 Haluk 2015 SPD B 3F+N (M+İ) 183,45 +%20 Tip1+2→220,15; Bursa T2 MET 2015 SPD B 3F+N (M+İ) 466,49 +%20 Tip1+2→559,79; Başkentray Desat 2012 SPD B 100 kA (M+İ) 454,65 +%20 Tip1+2→545,58 → medyan 545,58"
Elektrik_AG,181,"UPS ana dağıtım panosu (UPS çıkışı, UK01-UK12): giriş AOS 3x25 A, 2 x KAKŞ 4x25 A 30 mA, ~12 AOS 1x10/16 A, 4 yedek",1800.0,1800.0,TAHMIN (emsal yok),,"Emsal yok (komple tali pano; İzmir Buca TEDAK 2021 tali pano ort. 3.010 € (M) metro/daha büyük, Bursa T2 ""özel saç pano"" yalnız gövde → kıyas dışı)"
Elektrik_AG,181,"Pano montaj/kaide, etiketleme, iç kablaj, test ve devreye alma",800.0,800.0,TAHMIN (emsal yok),,Emsal yok (götürü montaj/test)
Elektrik_AG,182,"ADP panosu: metal mahfazalı, TS EN 61439-1/2, IP54, 20x5 Cu bara 3P+N+PE",2500.0,1891.54,REF-derin,R00985;R00484;R00917,"Bursa T2 MET 2015 saç pano 800 mm (M+İ) 2.162,86 +%15 Cu bara/IP54→2.487,29; Ankara-Sivas YHT Platin 2019 saç pano 61439 (M+İ) 1.644,82 +%15 Cu bara/IP54→1.891,54; Bursa T2 Haluk 2015 saç pano 800 mm (M+İ) 676,71 +%15 Cu bara/IP54→778,22 → medyan 1.891,54"
Elektrik_AG,182,Ana giriş TMŞ 3x125 A 10 kA + RCD-D 300 mA (toroid),550.0,550.0,TAHMIN (emsal yok),,"Emsal yok (veride AG kesici/TMŞ teklifi yok; R02784 MCB 1x6A 4,18 (M) kıyas dışı)"
Elektrik_AG,182,"Çıkış TMŞ 3x32 A (APP, UPS, SK, YMP-01/02/03, ASP-01/02/03)",130.0,130.0,TAHMIN (emsal yok),,"Emsal yok (veride AG kesici/TMŞ teklifi yok; R02784 MCB 1x6A 4,18 (M) kıyas dışı)"
Elektrik_AG,182,Çıkış TMŞ 3x40 A (yedek),140.0,140.0,TAHMIN (emsal yok),,"Emsal yok (veride AG kesici/TMŞ teklifi yok; R02784 MCB 1x6A 4,18 (M) kıyas dışı)"
Elektrik_AG,182,Parafudr Tip 1+2 3+N+PE (giriş),650.0,545.58,REF-derin,R00920;R00987;R00517,"Bursa T2 Haluk 2015 SPD B 3F+N (M+İ) 183,45 +%20 Tip1+2→220,15; Bursa T2 MET 2015 SPD B 3F+N (M+İ) 466,49 +%20 Tip1+2→559,79; Başkentray Desat 2012 SPD B 100 kA (M+İ) 454,65 +%20 Tip1+2→545,58 → medyan 545,58"
Elektrik_AG,182,"UPS ana dağıtım panosu (UPS çıkışı, UK01-UK12): giriş AOS 3x25 A, 2 x KAKŞ 4x25 A 30 mA, ~12 AOS 1x10/16 A, 4 yedek",1800.0,1800.0,TAHMIN (emsal yok),,"Emsal yok (komple tali pano; İzmir Buca TEDAK 2021 tali pano ort. 3.010 € (M) metro/daha büyük, Bursa T2 ""özel saç pano"" yalnız gövde → kıyas dışı)"
Elektrik_AG,182,"Pano montaj/kaide, etiketleme, iç kablaj, test ve devreye alma",800.0,800.0,TAHMIN (emsal yok),,Emsal yok (götürü montaj/test)
Elektrik_AG,183,"ADP panosu: metal mahfazalı, TS EN 61439-1/2, IP54, 20x5 Cu bara 3P+N+PE",2500.0,1891.54,REF-derin,R00985;R00484;R00917,"Bursa T2 MET 2015 saç pano 800 mm (M+İ) 2.162,86 +%15 Cu bara/IP54→2.487,29; Ankara-Sivas YHT Platin 2019 saç pano 61439 (M+İ) 1.644,82 +%15 Cu bara/IP54→1.891,54; Bursa T2 Haluk 2015 saç pano 800 mm (M+İ) 676,71 +%15 Cu bara/IP54→778,22 → medyan 1.891,54"
Elektrik_AG,183,Ana giriş TMŞ 3x125 A 10 kA + RCD-D 300 mA (toroid),550.0,550.0,TAHMIN (emsal yok),,"Emsal yok (veride AG kesici/TMŞ teklifi yok; R02784 MCB 1x6A 4,18 (M) kıyas dışı)"
Elektrik_AG,183,"Çıkış TMŞ 3x32 A (APP, UPS, SK, YMP-01/02/03, ASP-01/02/03)",130.0,130.0,TAHMIN (emsal yok),,"Emsal yok (veride AG kesici/TMŞ teklifi yok; R02784 MCB 1x6A 4,18 (M) kıyas dışı)"
Elektrik_AG,183,Çıkış TMŞ 3x40 A (yedek),140.0,140.0,TAHMIN (emsal yok),,"Emsal yok (veride AG kesici/TMŞ teklifi yok; R02784 MCB 1x6A 4,18 (M) kıyas dışı)"
Elektrik_AG,183,Parafudr Tip 1+2 3+N+PE (giriş),650.0,545.58,REF-derin,R00920;R00987;R00517,"Bursa T2 Haluk 2015 SPD B 3F+N (M+İ) 183,45 +%20 Tip1+2→220,15; Bursa T2 MET 2015 SPD B 3F+N (M+İ) 466,49 +%20 Tip1+2→559,79; Başkentray Desat 2012 SPD B 100 kA (M+İ) 454,65 +%20 Tip1+2→545,58 → medyan 545,58"
Elektrik_AG,183,"UPS ana dağıtım panosu (UPS çıkışı, UK01-UK12): giriş AOS 3x25 A, 2 x KAKŞ 4x25 A 30 mA, ~12 AOS 1x10/16 A, 4 yedek",1800.0,1800.0,TAHMIN (emsal yok),,"Emsal yok (komple tali pano; İzmir Buca TEDAK 2021 tali pano ort. 3.010 € (M) metro/daha büyük, Bursa T2 ""özel saç pano"" yalnız gövde → kıyas dışı)"
Elektrik_AG,183,"Pano montaj/kaide, etiketleme, iç kablaj, test ve devreye alma",800.0,800.0,TAHMIN (emsal yok),,Emsal yok (götürü montaj/test)
Elektrik_AG,184,"ADP panosu: metal mahfazalı, TS EN 61439-1/2, IP54, 20x5 Cu bara 3P+N+PE",2500.0,1891.54,REF-derin,R00985;R00484;R00917,"Bursa T2 MET 2015 saç pano 800 mm (M+İ) 2.162,86 +%15 Cu bara/IP54→2.487,29; Ankara-Sivas YHT Platin 2019 saç pano 61439 (M+İ) 1.644,82 +%15 Cu bara/IP54→1.891,54; Bursa T2 Haluk 2015 saç pano 800 mm (M+İ) 676,71 +%15 Cu bara/IP54→778,22 → medyan 1.891,54"
Elektrik_AG,184,Ana giriş TMŞ 3x125 A 10 kA + RCD-D 300 mA (toroid),550.0,550.0,TAHMIN (emsal yok),,"Emsal yok (veride AG kesici/TMŞ teklifi yok; R02784 MCB 1x6A 4,18 (M) kıyas dışı)"
Elektrik_AG,184,"Çıkış TMŞ 3x32 A (APP, UPS, SK, YMP-01/02/03, ASP-01/02/03)",130.0,130.0,TAHMIN (emsal yok),,"Emsal yok (veride AG kesici/TMŞ teklifi yok; R02784 MCB 1x6A 4,18 (M) kıyas dışı)"
Elektrik_AG,184,Çıkış TMŞ 3x40 A (yedek),140.0,140.0,TAHMIN (emsal yok),,"Emsal yok (veride AG kesici/TMŞ teklifi yok; R02784 MCB 1x6A 4,18 (M) kıyas dışı)"
Elektrik_AG,184,Parafudr Tip 1+2 3+N+PE (giriş),650.0,545.58,REF-derin,R00920;R00987;R00517,"Bursa T2 Haluk 2015 SPD B 3F+N (M+İ) 183,45 +%20 Tip1+2→220,15; Bursa T2 MET 2015 SPD B 3F+N (M+İ) 466,49 +%20 Tip1+2→559,79; Başkentray Desat 2012 SPD B 100 kA (M+İ) 454,65 +%20 Tip1+2→545,58 → medyan 545,58"
Elektrik_AG,184,"UPS ana dağıtım panosu (UPS çıkışı, UK01-UK12): giriş AOS 3x25 A, 2 x KAKŞ 4x25 A 30 mA, ~12 AOS 1x10/16 A, 4 yedek",1800.0,1800.0,TAHMIN (emsal yok),,"Emsal yok (komple tali pano; İzmir Buca TEDAK 2021 tali pano ort. 3.010 € (M) metro/daha büyük, Bursa T2 ""özel saç pano"" yalnız gövde → kıyas dışı)"
Elektrik_AG,184,"Pano montaj/kaide, etiketleme, iç kablaj, test ve devreye alma",800.0,800.0,TAHMIN (emsal yok),,Emsal yok (götürü montaj/test)
Elektrik_AG,185,"ADP panosu: metal mahfazalı, TS EN 61439, IP54, 20x5 Cu bara",2000.0,1891.54,REF-derin,R00985;R00484;R00917,"Bursa T2 MET 2015 saç pano 800 mm (M+İ) 2.162,86 +%15 Cu bara/IP54→2.487,29; Ankara-Sivas YHT Platin 2019 saç pano 61439 (M+İ) 1.644,82 +%15 Cu bara/IP54→1.891,54; Bursa T2 Haluk 2015 saç pano 800 mm (M+İ) 676,71 +%15 Cu bara/IP54→778,22 → medyan 1.891,54"
Elektrik_AG,185,Ana giriş TMŞ 3x63 A 10 kA + RCD-D 300 mA,380.0,380.0,TAHMIN (emsal yok),,"Emsal yok (veride AG kesici/TMŞ teklifi yok; R02784 MCB 1x6A 4,18 (M) kıyas dışı)"
Elektrik_AG,185,"Çıkış TMŞ 3x32 A (APP, UPS, SK)",130.0,130.0,TAHMIN (emsal yok),,"Emsal yok (veride AG kesici/TMŞ teklifi yok; R02784 MCB 1x6A 4,18 (M) kıyas dışı)"
Elektrik_AG,185,Çıkış TMŞ 3x40 A (yedek),140.0,140.0,TAHMIN (emsal yok),,"Emsal yok (veride AG kesici/TMŞ teklifi yok; R02784 MCB 1x6A 4,18 (M) kıyas dışı)"
Elektrik_AG,185,"UPS ana dağıtım panosu (UK01-UK12, 9,55 kW)",1600.0,1600.0,TAHMIN (emsal yok),,"Emsal yok (komple tali pano; İzmir Buca TEDAK 2021 tali pano ort. 3.010 € (M) metro/daha büyük, Bursa T2 ""özel saç pano"" yalnız gövde → kıyas dışı)"
Elektrik_AG,185,Parafudr Tip 1+2 (giriş),650.0,545.58,REF-derin,R00920;R00987;R00517,"Bursa T2 Haluk 2015 SPD B 3F+N (M+İ) 183,45 +%20 Tip1+2→220,15; Bursa T2 MET 2015 SPD B 3F+N (M+İ) 466,49 +%20 Tip1+2→559,79; Başkentray Desat 2012 SPD B 100 kA (M+İ) 454,65 +%20 Tip1+2→545,58 → medyan 545,58"
Elektrik_AG,185,"Pano montaj, iç kablaj, test",800.0,800.0,TAHMIN (emsal yok),,Emsal yok (götürü montaj/test)
Elektrik_AG,186,Akım trafosu 3200/5 A + enerji analizörü (Modbus),900.0,900.0,TAHMIN (emsal yok),,"Emsal yok (veride AG kesici/TMŞ teklifi yok; R02784 MCB 1x6A 4,18 (M) kıyas dışı)"
Elektrik_AG,186,Parafudr B+C sınıfı 100 kA,1100.0,545.58,REF-derin,R00920;R00987;R00517,"Bursa T2 Haluk 2015 SPD B 3F+N (M+İ) 183,45 +%20 Tip1+2→220,15; Bursa T2 MET 2015 SPD B 3F+N (M+İ) 466,49 +%20 Tip1+2→559,79; Başkentray Desat 2012 SPD B 100 kA (M+İ) 454,65 +%20 Tip1+2→545,58 → medyan 545,58"
Elektrik_AG,186,Çıkış kompakt şalter 3x1250 A 35 kA (Q5 → D01-ADP atölye),3800.0,3800.0,TAHMIN (emsal yok),,"Emsal yok (veride AG kesici/TMŞ teklifi yok; R02784 MCB 1x6A 4,18 (M) kıyas dışı)"
Elektrik_AG,186,Çıkış kompakt şalter 3x630 A 35 kA (Q4 → AJDP),1600.0,1600.0,TAHMIN (emsal yok),,"Emsal yok (veride AG kesici/TMŞ teklifi yok; R02784 MCB 1x6A 4,18 (M) kıyas dışı)"
Elektrik_AG,186,Çıkış TMŞ 3x40 A (M1-M4 klima dış ünite TO SIMS + 2 yedek),140.0,140.0,TAHMIN (emsal yok),,"Emsal yok (veride AG kesici/TMŞ teklifi yok; R02784 MCB 1x6A 4,18 (M) kıyas dışı)"
Elektrik_AG,186,"Çıkış TMŞ 3x25/3x32 A (BCB, APP, D07 giriş kontrol APP)",130.0,130.0,TAHMIN (emsal yok),,"Emsal yok (veride AG kesici/TMŞ teklifi yok; R02784 MCB 1x6A 4,18 (M) kıyas dışı)"
Elektrik_AG,186,Çıkış MCB 2x16 A 10 kA (M5-M12 iç üniteler + 2 yedek),25.0,25.0,TAHMIN (emsal yok),,"Emsal yok (veride AG kesici/TMŞ teklifi yok; R02784 MCB 1x6A 4,18 (M) kıyas dışı)"
Elektrik_AG,186,"T09(Depo)-UPS-001 dağıtım panosu: 40 A bara, 4x40 A giriş, 9 x AOS 2x20 A (GGP, YAP, RTU, HP, SKP-1..4, I&LSKP)",1500.0,1500.0,TAHMIN (emsal yok),,"Emsal yok (komple tali pano; İzmir Buca TEDAK 2021 tali pano ort. 3.010 € (M) metro/daha büyük, Bursa T2 ""özel saç pano"" yalnız gövde → kıyas dışı)"
Elektrik_AG,190,"Temel topraklama iletkeni 30x3,5 mm sıcak daldırma galvanizli çelik şerit (beton içinde, dik)",6.0,2.49,REF-derin,R00915;R00480;R00794;R01106,"Bursa T2 Haluk 2015 30x3,5 galv. lama (M+İ) 2,73; Ankara-Sivas YHT Platin 2019 galv. şerit+gömme (M+İ) 4,58; İzmir Buca M. ESCO 2021 30x3,5 galv. şerit 1,50 (M)+%50 montaj/kroşe→2,26; Mersin M. Arkom 2021 30x3,5 galv. şerit 1,18 (M)+%50 montaj/kroşe→1,77 → medyan 2,49"
Elektrik_AG,190,"Topraklama elektrodu SOM BAKIR Ø20 x 1,5 m (galvanizli köşebent yerine) + 40x40 muayene menholü (bir kısmında)",55.0,77.9,REF-derin,R00793;R00916;R00984;R00796,"İzmir Buca M. ESCO 2021 Cu Ø20x3,5 m 119,71 (M) ×1,5/3,5 boy +%30 çakma→66,92; Bursa T2 Haluk 2015 Cu Ø20x3,5 m (M+İ) 152,81 ×1,5/3,5 boy→65,71; Bursa T2 MET 2015 Cu Ø20x3,5 m (M+İ) 168,23 ×1,5/3,5 boy→72,34 → medyan 66,92 + menhol payı (%20 adet × rogar 42,24 (M) +%30) = 77,90"
Elektrik_AG,190,Çelik kolon (peron saçağı) topraklama bağlantısı (şerit filizi + bağlantı parçası),25.0,25.0,TAHMIN (emsal yok),,"Emsal yok (bağlantı/irtibat noktası; R00797 termo kaynak tozu 6,33 (M) yalnız sarf)"
Elektrik_AG,190,Ark kaynaklı/egzotermik irtibat noktası ve çapraz galvaniz kroşe bağlantıları,15.0,15.0,TAHMIN (emsal yok),,"Emsal yok (bağlantı/irtibat noktası; R00797 termo kaynak tozu 6,33 (M) yalnız sarf)"
Elektrik_AG,190,Metal korkuluk/turnike bağlantısı 1x16 mm2 izoleli iletken (H07Z-R),3.5,2.37,REF-derin,R00690;R01109,"İzmir Buca M. Prysmian 2021 H07Z1-R 16 2,00 (M)+%30 montaj→2,60; Mersin M. Arkom 2021 NYAF-HF 16 1,64 (M)+%30 montaj→2,13 → medyan 2,37"
Elektrik_AG,190,Pano odası topraklama barası (bakır eş potansiyel bara 300x40x5 veya 40x10x400) + bağlantı,120.0,57.4,REF-derin,R00798;R01108,"İzmir Buca M. ESCO 2021 60x5 Cu lama 2,5 m EP 77,99 (M) ×0,43 Cu ağırlık(40x10x400) +%40 montaj→46,95; Mersin M. Arkom 2021 EP barası 19,89 (M)+%40 montaj→27,85 → medyan 37,40 + 20 bağlantı iletkeni/pabuç (tahmin) = 57,40"
Elektrik_AG,190,Ekipman/pano topraklama iletkenleri (H07Z-R 16-25 mm2) ve bağlantı pabuçları,4.5,3.33,REF-derin,R00690;R01109,"İzmir Buca M. Prysmian 2021 H07Z1-R 16 2,00 (M)+%30, ×1,28 kesit(ort.20,5), +%10 pabuç→3,67; Mersin M. Arkom 2021 NYAF-HF 16 1,64 (M)+%30, ×1,28 kesit, +%10 pabuç→2,99 → medyan 3,33"
Elektrik_AG,190,Topraklama direnci ölçümü + süreklilik testi + fotoğraflı raporlama (beton öncesi),600.0,600.0,TAHMIN (emsal yok),,Emsal yok (ölçüm/rapor götürü)
Elektrik_AG,191,"Temel topraklama iletkeni 30x3,5 mm sıcak daldırma galvanizli çelik şerit (beton içinde, dik)",6.0,2.49,REF-derin,R00915;R00480;R00794;R01106,"Bursa T2 Haluk 2015 30x3,5 galv. lama (M+İ) 2,73; Ankara-Sivas YHT Platin 2019 galv. şerit+gömme (M+İ) 4,58; İzmir Buca M. ESCO 2021 30x3,5 galv. şerit 1,50 (M)+%50 montaj/kroşe→2,26; Mersin M. Arkom 2021 30x3,5 galv. şerit 1,18 (M)+%50 montaj/kroşe→1,77 → medyan 2,49"
Elektrik_AG,191,"Topraklama elektrodu SOM BAKIR Ø20 x 1,5 m (galvanizli köşebent yerine) + 40x40 muayene menholü (bir kısmında)",55.0,77.9,REF-derin,R00793;R00916;R00984;R00796,"İzmir Buca M. ESCO 2021 Cu Ø20x3,5 m 119,71 (M) ×1,5/3,5 boy +%30 çakma→66,92; Bursa T2 Haluk 2015 Cu Ø20x3,5 m (M+İ) 152,81 ×1,5/3,5 boy→65,71; Bursa T2 MET 2015 Cu Ø20x3,5 m (M+İ) 168,23 ×1,5/3,5 boy→72,34 → medyan 66,92 + menhol payı (%20 adet × rogar 42,24 (M) +%30) = 77,90"
Elektrik_AG,191,Çelik kolon (peron saçağı) topraklama bağlantısı (şerit filizi + bağlantı parçası),25.0,25.0,TAHMIN (emsal yok),,"Emsal yok (bağlantı/irtibat noktası; R00797 termo kaynak tozu 6,33 (M) yalnız sarf)"
Elektrik_AG,191,Ark kaynaklı/egzotermik irtibat noktası ve çapraz galvaniz kroşe bağlantıları,15.0,15.0,TAHMIN (emsal yok),,"Emsal yok (bağlantı/irtibat noktası; R00797 termo kaynak tozu 6,33 (M) yalnız sarf)"
Elektrik_AG,191,Metal korkuluk/turnike bağlantısı 1x16 mm2 izoleli iletken (H07Z-R),3.5,2.37,REF-derin,R00690;R01109,"İzmir Buca M. Prysmian 2021 H07Z1-R 16 2,00 (M)+%30 montaj→2,60; Mersin M. Arkom 2021 NYAF-HF 16 1,64 (M)+%30 montaj→2,13 → medyan 2,37"
Elektrik_AG,191,Pano odası topraklama barası (bakır eş potansiyel bara 300x40x5 veya 40x10x400) + bağlantı,120.0,57.4,REF-derin,R00798;R01108,"İzmir Buca M. ESCO 2021 60x5 Cu lama 2,5 m EP 77,99 (M) ×0,43 Cu ağırlık(40x10x400) +%40 montaj→46,95; Mersin M. Arkom 2021 EP barası 19,89 (M)+%40 montaj→27,85 → medyan 37,40 + 20 bağlantı iletkeni/pabuç (tahmin) = 57,40"
Elektrik_AG,191,Ekipman/pano topraklama iletkenleri (H07Z-R 16-25 mm2) ve bağlantı pabuçları,4.5,3.33,REF-derin,R00690;R01109,"İzmir Buca M. Prysmian 2021 H07Z1-R 16 2,00 (M)+%30, ×1,28 kesit(ort.20,5), +%10 pabuç→3,67; Mersin M. Arkom 2021 NYAF-HF 16 1,64 (M)+%30, ×1,28 kesit, +%10 pabuç→2,99 → medyan 3,33"
Elektrik_AG,191,Topraklama direnci ölçümü + süreklilik testi + fotoğraflı raporlama (beton öncesi),500.0,500.0,TAHMIN (emsal yok),,Emsal yok (ölçüm/rapor götürü)
Elektrik_AG,192,"Temel topraklama iletkeni 30x3,5 mm sıcak daldırma galvanizli çelik şerit (beton içinde, dik)",6.0,2.49,REF-derin,R00915;R00480;R00794;R01106,"Bursa T2 Haluk 2015 30x3,5 galv. lama (M+İ) 2,73; Ankara-Sivas YHT Platin 2019 galv. şerit+gömme (M+İ) 4,58; İzmir Buca M. ESCO 2021 30x3,5 galv. şerit 1,50 (M)+%50 montaj/kroşe→2,26; Mersin M. Arkom 2021 30x3,5 galv. şerit 1,18 (M)+%50 montaj/kroşe→1,77 → medyan 2,49"
Elektrik_AG,192,"Topraklama elektrodu SOM BAKIR Ø20 x 1,5 m (galvanizli köşebent yerine) + 40x40 muayene menholü (bir kısmında)",55.0,77.9,REF-derin,R00793;R00916;R00984;R00796,"İzmir Buca M. ESCO 2021 Cu Ø20x3,5 m 119,71 (M) ×1,5/3,5 boy +%30 çakma→66,92; Bursa T2 Haluk 2015 Cu Ø20x3,5 m (M+İ) 152,81 ×1,5/3,5 boy→65,71; Bursa T2 MET 2015 Cu Ø20x3,5 m (M+İ) 168,23 ×1,5/3,5 boy→72,34 → medyan 66,92 + menhol payı (%20 adet × rogar 42,24 (M) +%30) = 77,90"
Elektrik_AG,192,Çelik kolon (peron saçağı) topraklama bağlantısı (şerit filizi + bağlantı parçası),25.0,25.0,TAHMIN (emsal yok),,"Emsal yok (bağlantı/irtibat noktası; R00797 termo kaynak tozu 6,33 (M) yalnız sarf)"
Elektrik_AG,192,Ark kaynaklı/egzotermik irtibat noktası ve çapraz galvaniz kroşe bağlantıları,15.0,15.0,TAHMIN (emsal yok),,"Emsal yok (bağlantı/irtibat noktası; R00797 termo kaynak tozu 6,33 (M) yalnız sarf)"
Elektrik_AG,192,Metal korkuluk/turnike bağlantısı 1x16 mm2 izoleli iletken (H07Z-R),3.5,2.37,REF-derin,R00690;R01109,"İzmir Buca M. Prysmian 2021 H07Z1-R 16 2,00 (M)+%30 montaj→2,60; Mersin M. Arkom 2021 NYAF-HF 16 1,64 (M)+%30 montaj→2,13 → medyan 2,37"
Elektrik_AG,192,Pano odası topraklama barası (bakır eş potansiyel bara 300x40x5 veya 40x10x400) + bağlantı,120.0,57.4,REF-derin,R00798;R01108,"İzmir Buca M. ESCO 2021 60x5 Cu lama 2,5 m EP 77,99 (M) ×0,43 Cu ağırlık(40x10x400) +%40 montaj→46,95; Mersin M. Arkom 2021 EP barası 19,89 (M)+%40 montaj→27,85 → medyan 37,40 + 20 bağlantı iletkeni/pabuç (tahmin) = 57,40"
Elektrik_AG,192,Ekipman/pano topraklama iletkenleri (H07Z-R 16-25 mm2) ve bağlantı pabuçları,4.5,3.33,REF-derin,R00690;R01109,"İzmir Buca M. Prysmian 2021 H07Z1-R 16 2,00 (M)+%30, ×1,28 kesit(ort.20,5), +%10 pabuç→3,67; Mersin M. Arkom 2021 NYAF-HF 16 1,64 (M)+%30, ×1,28 kesit, +%10 pabuç→2,99 → medyan 3,33"
Elektrik_AG,192,Topraklama direnci ölçümü + süreklilik testi + fotoğraflı raporlama (beton öncesi),500.0,500.0,TAHMIN (emsal yok),,Emsal yok (ölçüm/rapor götürü)
Elektrik_AG,193,"Temel topraklama iletkeni 30x3,5 mm sıcak daldırma galvanizli çelik şerit (beton içinde, dik)",6.0,2.49,REF-derin,R00915;R00480;R00794;R01106,"Bursa T2 Haluk 2015 30x3,5 galv. lama (M+İ) 2,73; Ankara-Sivas YHT Platin 2019 galv. şerit+gömme (M+İ) 4,58; İzmir Buca M. ESCO 2021 30x3,5 galv. şerit 1,50 (M)+%50 montaj/kroşe→2,26; Mersin M. Arkom 2021 30x3,5 galv. şerit 1,18 (M)+%50 montaj/kroşe→1,77 → medyan 2,49"
Elektrik_AG,193,"Topraklama elektrodu SOM BAKIR Ø20 x 1,5 m (galvanizli köşebent yerine) + 40x40 muayene menholü (bir kısmında)",55.0,77.9,REF-derin,R00793;R00916;R00984;R00796,"İzmir Buca M. ESCO 2021 Cu Ø20x3,5 m 119,71 (M) ×1,5/3,5 boy +%30 çakma→66,92; Bursa T2 Haluk 2015 Cu Ø20x3,5 m (M+İ) 152,81 ×1,5/3,5 boy→65,71; Bursa T2 MET 2015 Cu Ø20x3,5 m (M+İ) 168,23 ×1,5/3,5 boy→72,34 → medyan 66,92 + menhol payı (%20 adet × rogar 42,24 (M) +%30) = 77,90"
Elektrik_AG,193,Çelik kolon (peron saçağı) topraklama bağlantısı (şerit filizi + bağlantı parçası),25.0,25.0,TAHMIN (emsal yok),,"Emsal yok (bağlantı/irtibat noktası; R00797 termo kaynak tozu 6,33 (M) yalnız sarf)"
Elektrik_AG,193,Ark kaynaklı/egzotermik irtibat noktası ve çapraz galvaniz kroşe bağlantıları,15.0,15.0,TAHMIN (emsal yok),,"Emsal yok (bağlantı/irtibat noktası; R00797 termo kaynak tozu 6,33 (M) yalnız sarf)"
Elektrik_AG,193,Metal korkuluk/turnike bağlantısı 1x16 mm2 izoleli iletken (H07Z-R),3.5,2.37,REF-derin,R00690;R01109,"İzmir Buca M. Prysmian 2021 H07Z1-R 16 2,00 (M)+%30 montaj→2,60; Mersin M. Arkom 2021 NYAF-HF 16 1,64 (M)+%30 montaj→2,13 → medyan 2,37"
Elektrik_AG,193,Pano odası topraklama barası (bakır eş potansiyel bara 300x40x5 veya 40x10x400) + bağlantı,120.0,57.4,REF-derin,R00798;R01108,"İzmir Buca M. ESCO 2021 60x5 Cu lama 2,5 m EP 77,99 (M) ×0,43 Cu ağırlık(40x10x400) +%40 montaj→46,95; Mersin M. Arkom 2021 EP barası 19,89 (M)+%40 montaj→27,85 → medyan 37,40 + 20 bağlantı iletkeni/pabuç (tahmin) = 57,40"
Elektrik_AG,193,Ekipman/pano topraklama iletkenleri (H07Z-R 16-25 mm2) ve bağlantı pabuçları,4.5,3.33,REF-derin,R00690;R01109,"İzmir Buca M. Prysmian 2021 H07Z1-R 16 2,00 (M)+%30, ×1,28 kesit(ort.20,5), +%10 pabuç→3,67; Mersin M. Arkom 2021 NYAF-HF 16 1,64 (M)+%30, ×1,28 kesit, +%10 pabuç→2,99 → medyan 3,33"
Elektrik_AG,193,Topraklama direnci ölçümü + süreklilik testi + fotoğraflı raporlama (beton öncesi),500.0,500.0,TAHMIN (emsal yok),,Emsal yok (ölçüm/rapor götürü)
Elektrik_AG,194,"Temel topraklama iletkeni 30x3,5 mm sıcak daldırma galvanizli çelik şerit (beton içinde, dik)",6.0,2.49,REF-derin,R00915;R00480;R00794;R01106,"Bursa T2 Haluk 2015 30x3,5 galv. lama (M+İ) 2,73; Ankara-Sivas YHT Platin 2019 galv. şerit+gömme (M+İ) 4,58; İzmir Buca M. ESCO 2021 30x3,5 galv. şerit 1,50 (M)+%50 montaj/kroşe→2,26; Mersin M. Arkom 2021 30x3,5 galv. şerit 1,18 (M)+%50 montaj/kroşe→1,77 → medyan 2,49"
Elektrik_AG,194,"Topraklama elektrodu SOM BAKIR Ø20 x 1,5 m (galvanizli köşebent yerine) + 40x40 muayene menholü (bir kısmında)",55.0,77.9,REF-derin,R00793;R00916;R00984;R00796,"İzmir Buca M. ESCO 2021 Cu Ø20x3,5 m 119,71 (M) ×1,5/3,5 boy +%30 çakma→66,92; Bursa T2 Haluk 2015 Cu Ø20x3,5 m (M+İ) 152,81 ×1,5/3,5 boy→65,71; Bursa T2 MET 2015 Cu Ø20x3,5 m (M+İ) 168,23 ×1,5/3,5 boy→72,34 → medyan 66,92 + menhol payı (%20 adet × rogar 42,24 (M) +%30) = 77,90"
Elektrik_AG,194,Çelik kolon (peron saçağı) topraklama bağlantısı (şerit filizi + bağlantı parçası),25.0,25.0,TAHMIN (emsal yok),,"Emsal yok (bağlantı/irtibat noktası; R00797 termo kaynak tozu 6,33 (M) yalnız sarf)"
Elektrik_AG,194,Ark kaynaklı/egzotermik irtibat noktası ve çapraz galvaniz kroşe bağlantıları,15.0,15.0,TAHMIN (emsal yok),,"Emsal yok (bağlantı/irtibat noktası; R00797 termo kaynak tozu 6,33 (M) yalnız sarf)"
Elektrik_AG,194,Metal korkuluk/turnike bağlantısı 1x16 mm2 izoleli iletken (H07Z-R),3.5,2.37,REF-derin,R00690;R01109,"İzmir Buca M. Prysmian 2021 H07Z1-R 16 2,00 (M)+%30 montaj→2,60; Mersin M. Arkom 2021 NYAF-HF 16 1,64 (M)+%30 montaj→2,13 → medyan 2,37"
Elektrik_AG,194,Pano odası topraklama barası (bakır eş potansiyel bara 300x40x5 veya 40x10x400) + bağlantı,120.0,57.4,REF-derin,R00798;R01108,"İzmir Buca M. ESCO 2021 60x5 Cu lama 2,5 m EP 77,99 (M) ×0,43 Cu ağırlık(40x10x400) +%40 montaj→46,95; Mersin M. Arkom 2021 EP barası 19,89 (M)+%40 montaj→27,85 → medyan 37,40 + 20 bağlantı iletkeni/pabuç (tahmin) = 57,40"
Elektrik_AG,194,Ekipman/pano topraklama iletkenleri (H07Z-R 16-25 mm2) ve bağlantı pabuçları,4.5,3.33,REF-derin,R00690;R01109,"İzmir Buca M. Prysmian 2021 H07Z1-R 16 2,00 (M)+%30, ×1,28 kesit(ort.20,5), +%10 pabuç→3,67; Mersin M. Arkom 2021 NYAF-HF 16 1,64 (M)+%30, ×1,28 kesit, +%10 pabuç→2,99 → medyan 3,33"
Elektrik_AG,194,Topraklama direnci ölçümü + süreklilik testi + fotoğraflı raporlama (beton öncesi),500.0,500.0,TAHMIN (emsal yok),,Emsal yok (ölçüm/rapor götürü)
Elektrik_AG,195,Depo trafo binası (T09) temel altı ağ 1x120 mm2 örgülü çıplak bakır,22.0,16.08,REF-derin,R00725;R00792;R01107,"İzmir Buca M. Kablo ür. 2021 120 mm2 örgülü Cu 12,56 (M)+%30 montaj→16,33; İzmir Buca M. ESCO 2021 120 mm2 örgülü Cu 12,37 (M)+%30 montaj→16,08; Mersin M. Arkom 2021 1x120 örgülü Cu €/kg 10,91 (M) 1,08 kg/m +%30→15,31 → medyan 16,08"
Elektrik_AG,195,"T09 kazık elektrodu Ø20 x 1,5 m Cu + bağlantı klemensleri",110.0,70.13,REF-derin,R00793;R00916;R00984;R00795,"İzmir Buca M. ESCO 2021 Cu Ø20x3,5 m 119,71 (M) ×1,5/3,5 boy +%30 çakma→66,92; Bursa T2 Haluk 2015 Cu Ø20x3,5 m (M+İ) 152,81 ×1,5/3,5 boy→65,71; Bursa T2 MET 2015 Cu Ø20x3,5 m (M+İ) 168,23 ×1,5/3,5 boy→72,34 → medyan 66,92 + 2 klemens (R00795 1,23 (M) +%30) = 70,13"
Elektrik_AG,195,"T09 bina içi 30x3,5 galvanizli şerit (kolon içi bara çıkışları, A-B aks hatları)",6.0,2.49,REF-derin,R00915;R00480;R00794;R01106,"Bursa T2 Haluk 2015 30x3,5 galv. lama (M+İ) 2,73; Ankara-Sivas YHT Platin 2019 galv. şerit+gömme (M+İ) 4,58; İzmir Buca M. ESCO 2021 30x3,5 galv. şerit 1,50 (M)+%50 montaj/kroşe→2,26; Mersin M. Arkom 2021 30x3,5 galv. şerit 1,18 (M)+%50 montaj/kroşe→1,77 → medyan 2,49"
Elektrik_AG,195,"D01 Cu elektrot Ø20 x 3,5 m (bakır)",220.0,155.62,REF-derin,R00793;R00916;R00984,"İzmir Buca M. ESCO 2021 Cu Ø20x3,5 m 119,71 (M)+%30 çakma→155,62; Bursa T2 Haluk 2015 Cu Ø20x3,5 m (M+İ) 152,81; Bursa T2 MET 2015 Cu Ø20x3,5 m (M+İ) 168,23 → medyan 155,62"
Elektrik_AG,195,D01 bakır topraklama barası 40x10x400 + egzotermik bağlantılar,180.0,87.4,REF-derin,R00798;R01108,"İzmir Buca M. ESCO 2021 60x5 Cu lama 2,5 m EP 77,99 (M) ×0,43 Cu ağırlık +%40 montaj→46,95; Mersin M. Arkom 2021 EP barası 19,89 (M)+%40 montaj→27,85 → medyan 37,40 + 20 bağlantı + 2×15 egzotermik (mevcut tahmin) = 87,40"
Elektrik_AG,195,D01 donatı ilave Ø16 + galvanizli şerit–donatı bağlantı kroşeleri,12.0,12.0,TAHMIN (emsal yok),,"Emsal yok (bağlantı/irtibat noktası; R00797 termo kaynak tozu 6,33 (M) yalnız sarf)"
Elektrik_AG,195,Vagon yıkama (D03) temel topraklama 1x120 mm2 örgülü çıplak bakır (dış çevre + aks 1 hattı),22.0,16.08,REF-derin,R00725;R00792;R01107,"İzmir Buca M. Kablo ür. 2021 120 mm2 örgülü Cu 12,56 (M)+%30 montaj→16,33; İzmir Buca M. ESCO 2021 120 mm2 örgülü Cu 12,37 (M)+%30 montaj→16,08; Mersin M. Arkom 2021 1x120 örgülü Cu €/kg 10,91 (M) 1,08 kg/m +%30→15,31 → medyan 16,08"
Elektrik_AG,195,Malzeme deposu (D05) temel altı ağ 1x120 mm2 örgülü çıplak bakır (3 yatay + 5 düşey + elektrot bağlantıları),22.0,16.08,REF-derin,R00725;R00792;R01107,"İzmir Buca M. Kablo ür. 2021 120 mm2 örgülü Cu 12,56 (M)+%30 montaj→16,33; İzmir Buca M. ESCO 2021 120 mm2 örgülü Cu 12,37 (M)+%30 montaj→16,08; Mersin M. Arkom 2021 1x120 örgülü Cu €/kg 10,91 (M) 1,08 kg/m +%30→15,31 → medyan 16,08"
Elektrik_AG,195,Su deposu/pompa (D06) temel topraklama 1x120 mm2 örgülü çıplak bakır,22.0,16.08,REF-derin,R00725;R00792;R01107,"İzmir Buca M. Kablo ür. 2021 120 mm2 örgülü Cu 12,56 (M)+%30 montaj→16,33; İzmir Buca M. ESCO 2021 120 mm2 örgülü Cu 12,37 (M)+%30 montaj→16,08; Mersin M. Arkom 2021 1x120 örgülü Cu €/kg 10,91 (M) 1,08 kg/m +%30→15,31 → medyan 16,08"
Elektrik_AG,195,"Giriş kontrol binası (D07) temel topraklama 30x3,5 galvanizli çelik şerit",6.0,2.49,REF-derin,R00915;R00480;R00794;R01106,"Bursa T2 Haluk 2015 30x3,5 galv. lama (M+İ) 2,73; Ankara-Sivas YHT Platin 2019 galv. şerit+gömme (M+İ) 4,58; İzmir Buca M. ESCO 2021 30x3,5 galv. şerit 1,50 (M)+%50 montaj/kroşe→2,26; Mersin M. Arkom 2021 30x3,5 galv. şerit 1,18 (M)+%50 montaj/kroşe→1,77 → medyan 2,49"
Elektrik_AG,195,Vagon yıkama (D03) bina içi topraklama 1x16 mm2 çıplak bakır (duvar dibi),4.0,2.47,REF-derin,R00900;R00971;R00724,"Bursa T2 Haluk 2015 16 mm2 çıplak Cu (M+İ) 4,39; Bursa T2 MET 2015 16 mm2 çıplak Cu (M+İ) 2,47; İzmir Buca M. Kablo ür. 2021 16 mm2 örgülü Cu 1,72 (M)+%40 montaj/kroşe→2,41 → medyan 2,47"
Elektrik_AG,195,Yan binalar kazık elektrotları (Cu Ø20),110.0,66.92,REF-derin,R00793;R00916;R00984,"İzmir Buca M. ESCO 2021 Cu Ø20x3,5 m 119,71 (M) ×1,5/3,5 boy +%30 çakma→66,92; Bursa T2 Haluk 2015 Cu Ø20x3,5 m (M+İ) 152,81 ×1,5/3,5 boy→65,71; Bursa T2 MET 2015 Cu Ø20x3,5 m (M+İ) 168,23 ×1,5/3,5 boy→72,34 → medyan 66,92"
Elektrik_AG,195,Depo sahası ray/metal yapı topraklaması (depo floating değil): 1x120 mm2 Cu bağlantı,85.0,85.0,TAHMIN (emsal yok),,"Emsal yok (bağlantı/irtibat noktası; R00797 termo kaynak tozu 6,33 (M) yalnız sarf)"
Elektrik_AG,195,Ölçümler/rapor,1500.0,1500.0,TAHMIN (emsal yok),,Emsal yok (ölçüm/rapor götürü)
Elektrik_AG,196,"Temel topraklama iletkeni 30x3,5 mm sıcak daldırma galvanizli çelik şerit (beton içinde, dik)",6.0,2.49,REF-derin,R00915;R00480;R00794;R01106,"Bursa T2 Haluk 2015 30x3,5 galv. lama (M+İ) 2,73; Ankara-Sivas YHT Platin 2019 galv. şerit+gömme (M+İ) 4,58; İzmir Buca M. ESCO 2021 30x3,5 galv. şerit 1,50 (M)+%50 montaj/kroşe→2,26; Mersin M. Arkom 2021 30x3,5 galv. şerit 1,18 (M)+%50 montaj/kroşe→1,77 → medyan 2,49"
Elektrik_AG,196,"Topraklama elektrodu SOM BAKIR Ø20 x 1,5 m (galvanizli köşebent yerine) + 40x40 muayene menholü (bir kısmında)",55.0,77.9,REF-derin,R00793;R00916;R00984;R00796,"İzmir Buca M. ESCO 2021 Cu Ø20x3,5 m 119,71 (M) ×1,5/3,5 boy +%30 çakma→66,92; Bursa T2 Haluk 2015 Cu Ø20x3,5 m (M+İ) 152,81 ×1,5/3,5 boy→65,71; Bursa T2 MET 2015 Cu Ø20x3,5 m (M+İ) 168,23 ×1,5/3,5 boy→72,34 → medyan 66,92 + menhol payı (%20 adet × rogar 42,24 (M) +%30) = 77,90"
Elektrik_AG,196,Çelik kolon (peron saçağı) topraklama bağlantısı (şerit filizi + bağlantı parçası),25.0,25.0,TAHMIN (emsal yok),,"Emsal yok (bağlantı/irtibat noktası; R00797 termo kaynak tozu 6,33 (M) yalnız sarf)"
Elektrik_AG,196,Ark kaynaklı/egzotermik irtibat noktası ve çapraz galvaniz kroşe bağlantıları,15.0,15.0,TAHMIN (emsal yok),,"Emsal yok (bağlantı/irtibat noktası; R00797 termo kaynak tozu 6,33 (M) yalnız sarf)"
Elektrik_AG,196,Metal korkuluk/turnike bağlantısı 1x16 mm2 izoleli iletken (H07Z-R),3.5,2.37,REF-derin,R00690;R01109,"İzmir Buca M. Prysmian 2021 H07Z1-R 16 2,00 (M)+%30 montaj→2,60; Mersin M. Arkom 2021 NYAF-HF 16 1,64 (M)+%30 montaj→2,13 → medyan 2,37"
Elektrik_AG,196,Pano odası topraklama barası (bakır eş potansiyel bara 300x40x5 veya 40x10x400) + bağlantı,120.0,57.4,REF-derin,R00798;R01108,"İzmir Buca M. ESCO 2021 60x5 Cu lama 2,5 m EP 77,99 (M) ×0,43 Cu ağırlık(40x10x400) +%40 montaj→46,95; Mersin M. Arkom 2021 EP barası 19,89 (M)+%40 montaj→27,85 → medyan 37,40 + 20 bağlantı iletkeni/pabuç (tahmin) = 57,40"
Elektrik_AG,196,Ekipman/pano topraklama iletkenleri (H07Z-R 16-25 mm2) ve bağlantı pabuçları,4.5,3.33,REF-derin,R00690;R01109,"İzmir Buca M. Prysmian 2021 H07Z1-R 16 2,00 (M)+%30, ×1,28 kesit(ort.20,5), +%10 pabuç→3,67; Mersin M. Arkom 2021 NYAF-HF 16 1,64 (M)+%30, ×1,28 kesit, +%10 pabuç→2,99 → medyan 3,33"
Elektrik_AG,196,Topraklama direnci ölçümü + süreklilik testi + fotoğraflı raporlama (beton öncesi),500.0,500.0,TAHMIN (emsal yok),,Emsal yok (ölçüm/rapor götürü)
Elektrik_AG,198,"Üst geçit ayak temelleri topraklaması 30x3,5 galvanizli şerit (temel içi + istasyon ağına bağlantı)",6.0,2.49,REF-derin,R00915;R00480;R00794;R01106,"Bursa T2 Haluk 2015 30x3,5 galv. lama (M+İ) 2,73; Ankara-Sivas YHT Platin 2019 galv. şerit+gömme (M+İ) 4,58; İzmir Buca M. ESCO 2021 30x3,5 galv. şerit 1,50 (M)+%50 montaj/kroşe→2,26; Mersin M. Arkom 2021 30x3,5 galv. şerit 1,18 (M)+%50 montaj/kroşe→1,77 → medyan 2,49"
Elektrik_AG,198,Çelik taşıyıcı kolon bağlantıları (şerit filizi/bağlantı parçası),25.0,25.0,TAHMIN (emsal yok),,"Emsal yok (bağlantı/irtibat noktası; R00797 termo kaynak tozu 6,33 (M) yalnız sarf)"
Elektrik_AG,198,"Korkuluk, yürüyen merdiven ve asansör şaseleri eş potansiyel bağlantı 1x16/1x25 H07Z-R",4.5,3.33,REF-derin,R00690;R01109,"İzmir Buca M. Prysmian 2021 H07Z1-R 16 2,00 (M)+%30, ×1,28 kesit(ort.20,5), +%10 pabuç→3,67; Mersin M. Arkom 2021 NYAF-HF 16 1,64 (M)+%30, ×1,28 kesit, +%10 pabuç→2,99 → medyan 3,33"
Elektrik_AG,198,Eş potansiyel bara (asansör kuyuları/merdiven başları),120.0,57.4,REF-derin,R00798;R01108,"İzmir Buca M. ESCO 2021 60x5 Cu lama 2,5 m EP 77,99 (M) ×0,43 Cu ağırlık(40x10x400) +%40 montaj→46,95; Mersin M. Arkom 2021 EP barası 19,89 (M)+%40 montaj→27,85 → medyan 37,40 + 20 bağlantı iletkeni/pabuç (tahmin) = 57,40"
Elektrik_AG,198,"Topraklama elektrodu som bakır Cu Ø20 x 1,5 m",110.0,66.92,REF-derin,R00793;R00916;R00984,"İzmir Buca M. ESCO 2021 Cu Ø20x3,5 m 119,71 (M) ×1,5/3,5 boy +%30 çakma→66,92; Bursa T2 Haluk 2015 Cu Ø20x3,5 m (M+İ) 152,81 ×1,5/3,5 boy→65,71; Bursa T2 MET 2015 Cu Ø20x3,5 m (M+İ) 168,23 ×1,5/3,5 boy→72,34 → medyan 66,92"
Elektrik_AG,198,Ölçümler,400.0,400.0,TAHMIN (emsal yok),,Emsal yok (ölçüm/rapor götürü)
Elektrik_AG,199,"Direk bağlantı şeridi 30x3,5 galvaniz",6.0,2.49,REF-derin,R00915;R00480;R00794;R01106,"Bursa T2 Haluk 2015 30x3,5 galv. lama (M+İ) 2,73; Ankara-Sivas YHT Platin 2019 galv. şerit+gömme (M+İ) 4,58; İzmir Buca M. ESCO 2021 30x3,5 galv. şerit 1,50 (M)+%50 montaj/kroşe→2,26; Mersin M. Arkom 2021 30x3,5 galv. şerit 1,18 (M)+%50 montaj/kroşe→1,77 → medyan 2,49"
Elektrik_AG,199,"Hatboyu ekipman (sinyal/makas kontrol dolapları, aydınlatma direk panoları, handhole) topraklama bağlantıları",40.0,40.0,TAHMIN (emsal yok),,"Emsal yok (bağlantı/irtibat noktası; R00797 termo kaynak tozu 6,33 (M) yalnız sarf)"
Elektrik_AG,199,Hatboyu topraklama sürekliliği ve direnç ölçümleri,3000.0,3000.0,TAHMIN (emsal yok),,Emsal yok (ölçüm/rapor götürü)
Elektrik_AG,211,"N2XH 4x6 mm2 (ADP→APP-1 5, APP-2 15, UPS 5+5, UDP→UPS-1 5, UPS-2 15, SKP21(SS-3) 200)",5.5,3.95,REF-derin,R00687;R00850;R00903;R00974,"İzmir Buca M. Prysmian 2021 4x6 3,59 (M)+%35 montaj→4,85; Bursa T2 Delta 2015 4x6 2,55 (M)+%35 montaj→3,45; Bursa T2 Haluk 2015 4x6 3,51; Bursa T2 MET 2015 4x6 4,40 → medyan 3,95"
Elektrik_AG,211,"N2XH 4x2,5 mm2 (ADP→SK-1 25, SK-2 25)",3.2,2.21,REF-derin,R00685;R00901;R00972;R00686;R00904;R00975,"İzmir Buca M. Prysmian 2021 3x2,5 1,30 (M)+%35, ×4/3 damar→2,34; Bursa T2 Haluk 2015 3x2,5 1,50 ×4/3 damar→2,00; Bursa T2 MET 2015 3x2,5 1,91 ×4/3 damar→2,55; İzmir Buca M. Prysmian 2021 5x2,5 2,02 (M)+%35, ×4/5 damar→2,19; Bursa T2 Haluk 2015 5x2,5 2,54 ×4/5 damar→2,03; Bursa T2 MET 2015 5x2,5 2,78 ×4/5 damar→2,23 → medyan 2,21"
Elektrik_AG,211,"N2XH 3x2,5 mm2 (UDP→kontrol panosu 5, AVLS 5)",2.5,1.83,REF-derin,R00685;R00727;R00848;R00901;R00972;R01622;R01802;R01827,"İzmir Buca M. Prysmian 2021 N2XH 3x2,5 1,30 (M)+%35 montaj→1,76; İzmir Buca M. Kablo ür. 2021 N2XH-J 3x2,5 1,14 (M)+%35 montaj→1,54; Bursa T2 Delta 2015 N2XH 3x2,5 1,03 (M)+%35 montaj→1,39; Bursa T2 Haluk 2015 3x2,5 (M+İ) 1,50; Bursa T2 MET 2015 3x2,5 (M+İ) 1,91; İzmir Narlıdere M. Uskom 2018 3x2,5 (M+İ) 3,35; İzmir Narlıdere M. Uskom 2018 3x2,5 (M+İ) 2,11; İzmir Narlıdere M. Uskom 2018 3x2,5 (M+İ) 2,60 → medyan 1,83"
Elektrik_AG,211,"N2XH 3x2,5 mm2 – UPS-1/UPS-2 panolarından sistem panolarına (turnike, yolcu bilg., biletmatik, haberleşme, AVLS, TSKP, SKP)",2.5,1.83,REF-derin,R00685;R00727;R00848;R00901;R00972;R01622;R01802;R01827,"İzmir Buca M. Prysmian 2021 N2XH 3x2,5 1,30 (M)+%35 montaj→1,76; İzmir Buca M. Kablo ür. 2021 N2XH-J 3x2,5 1,14 (M)+%35 montaj→1,54; Bursa T2 Delta 2015 N2XH 3x2,5 1,03 (M)+%35 montaj→1,39; Bursa T2 Haluk 2015 3x2,5 (M+İ) 1,50; Bursa T2 MET 2015 3x2,5 (M+İ) 1,91; İzmir Narlıdere M. Uskom 2018 3x2,5 (M+İ) 3,35; İzmir Narlıdere M. Uskom 2018 3x2,5 (M+İ) 2,11; İzmir Narlıdere M. Uskom 2018 3x2,5 (M+İ) 2,60 → medyan 1,83"
Elektrik_AG,211,Ø110 koruge (HDPE) elektrik borusu (2 kenar peron + hatlar altı geçiş),4.5,4.5,TAHMIN (emsal yok),,"Emsal yok (çap belirtilen HDPE/çelik boru teklifi yok; R04035 HDPE muhafaza 3,53 / R01311 4,63 çap belirsiz)"
Elektrik_AG,211,Kablo merdiveni 300 mm (pano odası) + delikli tava 100 mm,20.0,13.75,REF-derin,R00805;R01103;R00853;R00935;R00800;R01102,"Karışık kalem (merdiven/tava eşit pay): merdiven300=16,21 + tava100kapak=11,29 → 13,75. Emsaller: merdiven300 [R00805;R01103;R00853;R00935] 16,21 | tava100kapak [R00800;R01102;R00853;R00935] 11,29"
Elektrik_AG,211,Yangın durdurucu,60.0,60.0,TAHMIN (emsal yok),,Emsal yok (yangın durdurucu/pabuç/test götürü)
Elektrik_AG,211,Pabuç/etiket/test,400.0,400.0,TAHMIN (emsal yok),,Emsal yok (yangın durdurucu/pabuç/test götürü)
Elektrik_AG,211,Döşeme altı HDPE kablo koruma borusu (aydınlatma-priz besleme güzergâhı; ana Ø110 borulamadan ayrı),3.0,3.0,TAHMIN (emsal yok),,"Emsal yok (çap belirtilen HDPE/çelik boru teklifi yok; R04035 HDPE muhafaza 3,53 / R01311 4,63 çap belirsiz)"
Elektrik_AG,212,"N2XH 4x6 mm2 (ADP→APP, UPS, YMP-01/02/03, ASP-01/02/03)",5.5,3.95,REF-derin,R00687;R00850;R00903;R00974,"İzmir Buca M. Prysmian 2021 4x6 3,59 (M)+%35 montaj→4,85; Bursa T2 Delta 2015 4x6 2,55 (M)+%35 montaj→3,45; Bursa T2 Haluk 2015 4x6 3,51; Bursa T2 MET 2015 4x6 4,40 → medyan 3,95"
Elektrik_AG,212,"N2XH 4x2,5 mm2 (ADP→SK)",3.2,2.21,REF-derin,R00685;R00901;R00972;R00686;R00904;R00975,"İzmir Buca M. Prysmian 2021 3x2,5 1,30 (M)+%35, ×4/3 damar→2,34; Bursa T2 Haluk 2015 3x2,5 1,50 ×4/3 damar→2,00; Bursa T2 MET 2015 3x2,5 1,91 ×4/3 damar→2,55; İzmir Buca M. Prysmian 2021 5x2,5 2,02 (M)+%35, ×4/5 damar→2,19; Bursa T2 Haluk 2015 5x2,5 2,54 ×4/5 damar→2,03; Bursa T2 MET 2015 5x2,5 2,78 ×4/5 damar→2,23 → medyan 2,21"
Elektrik_AG,212,N2XH 4x6+6 (UPS→UPS dağıtım panosu) / H07Z-R 1x6 PE,7.0,4.94,REF-derin,R00687;R00850;R00903;R00974,"İzmir Buca M. Prysmian 2021 4x6 3,59 (M)+%35, +%25 1x6 PE→6,06; Bursa T2 Delta 2015 4x6 2,55 (M)+%35, +%25 1x6 PE→4,31; Bursa T2 Haluk 2015 4x6 3,51 +%25 1x6 PE→4,38; Bursa T2 MET 2015 4x6 4,40 +%25 1x6 PE→5,50 → medyan 4,94"
Elektrik_AG,212,"N2XH 3x2,5 mm2 – UPS panosundan sistem panolarına besleme (turnike 25, yolcu bilg. 60, biletmatik 15, haberleşme 5, AVLS 10, TSKP 10, SKP 10, DU 15)",2.5,1.83,REF-derin,R00685;R00727;R00848;R00901;R00972;R01622;R01802;R01827,"İzmir Buca M. Prysmian 2021 N2XH 3x2,5 1,30 (M)+%35 montaj→1,76; İzmir Buca M. Kablo ür. 2021 N2XH-J 3x2,5 1,14 (M)+%35 montaj→1,54; Bursa T2 Delta 2015 N2XH 3x2,5 1,03 (M)+%35 montaj→1,39; Bursa T2 Haluk 2015 3x2,5 (M+İ) 1,50; Bursa T2 MET 2015 3x2,5 (M+İ) 1,91; İzmir Narlıdere M. Uskom 2018 3x2,5 (M+İ) 3,35; İzmir Narlıdere M. Uskom 2018 3x2,5 (M+İ) 2,11; İzmir Narlıdere M. Uskom 2018 3x2,5 (M+İ) 2,60 → medyan 1,83"
Elektrik_AG,212,N2XH 3x6 mm2 TSKP kavşak panosu beslemesi (kavşak ≥55 m ise),4.5,2.96,REF-derin,R00687;R00850;R00903;R00974,"İzmir Buca M. Prysmian 2021 4x6 3,59 (M)+%35, ×3/4 damar→3,64; Bursa T2 Delta 2015 4x6 2,55 (M)+%35, ×3/4 damar→2,59; Bursa T2 Haluk 2015 4x6 3,51 ×3/4 damar→2,63; Bursa T2 MET 2015 4x6 4,40 ×3/4 damar→3,30 → medyan 2,96"
Elektrik_AG,212,Ø110 koruge (HDPE) elektrik borusu – peron/üst geçit borulama,4.5,4.5,TAHMIN (emsal yok),,"Emsal yok (çap belirtilen HDPE/çelik boru teklifi yok; R04035 HDPE muhafaza 3,53 / R01311 4,63 çap belirsiz)"
Elektrik_AG,212,Galvanizli çelik kablo borusu / spiral (üst geçit ve saçak inişleri),9.0,9.0,TAHMIN (emsal yok),,"Emsal yok (çap belirtilen HDPE/çelik boru teklifi yok; R04035 HDPE muhafaza 3,53 / R01311 4,63 çap belirsiz)"
Elektrik_AG,212,"Kablo merdiveni 300 mm (ADP/pano odası, panolar arası) + askı/konsol",25.0,16.21,REF-derin,R00805;R01103;R00853;R00935,"İzmir Buca M. EAE 2021 KMA300 merdiven 9,38 (M)+%40 montaj +%30 askı/konsol→17,07; Mersin M. Arkom 2021 500 mm merdiven 7,96 (M) ×0,8 (500→300) +%82 montaj/askı→11,59; Bursa T2 Haluk 2015 galv. tava/raf €/kg 3,97 4,5 kg/m (300 merdiven)→17,86; Bursa T2 MET 2015 galv. tava/raf €/kg 3,41 4,5 kg/m→15,35 → medyan 16,21"
Elektrik_AG,212,Delikli kablo tavası 100 mm + kapak (pano odası–peron geçişleri),14.0,11.29,REF-derin,R00800;R01102;R00853;R00935,"İzmir Buca M. EAE 2021 CTH100 tava 3,89 (M)+%40 kapak +%40 montaj→7,62; Mersin M. Arkom 2021 100 mm tava 5,64 (M)+%40 kapak +%40 montaj→11,05; Bursa T2 Haluk 2015 galv. tava €/kg 3,97 3,38 kg/m (1,5 mm+kapak)→13,41; Bursa T2 MET 2015 galv. tava €/kg 3,41 3,38 kg/m→11,53 → medyan 11,29"
Elektrik_AG,212,Yangın durdurucu (duvar/döşeme geçişleri),60.0,60.0,TAHMIN (emsal yok),,Emsal yok (yangın durdurucu/pabuç/test götürü)
Elektrik_AG,212,"Kablo başlık/pabuç, etiket, test (izolasyon ölçümü)",350.0,350.0,TAHMIN (emsal yok),,Emsal yok (ölçüm/rapor götürü)
Elektrik_AG,212,Döşeme altı HDPE kablo koruma borusu (aydınlatma-priz besleme güzergâhı; ana Ø110 borulamadan ayrı),3.0,3.0,TAHMIN (emsal yok),,"Emsal yok (çap belirtilen HDPE/çelik boru teklifi yok; R04035 HDPE muhafaza 3,53 / R01311 4,63 çap belirsiz)"
Elektrik_AG,213,"N2XH 4x6 mm2 (ADP→APP, UPS, YMP-01/02/03, ASP-01/02/03)",5.5,3.95,REF-derin,R00687;R00850;R00903;R00974,"İzmir Buca M. Prysmian 2021 4x6 3,59 (M)+%35 montaj→4,85; Bursa T2 Delta 2015 4x6 2,55 (M)+%35 montaj→3,45; Bursa T2 Haluk 2015 4x6 3,51; Bursa T2 MET 2015 4x6 4,40 → medyan 3,95"
Elektrik_AG,213,"N2XH 4x2,5 mm2 (ADP→SK)",3.2,2.21,REF-derin,R00685;R00901;R00972;R00686;R00904;R00975,"İzmir Buca M. Prysmian 2021 3x2,5 1,30 (M)+%35, ×4/3 damar→2,34; Bursa T2 Haluk 2015 3x2,5 1,50 ×4/3 damar→2,00; Bursa T2 MET 2015 3x2,5 1,91 ×4/3 damar→2,55; İzmir Buca M. Prysmian 2021 5x2,5 2,02 (M)+%35, ×4/5 damar→2,19; Bursa T2 Haluk 2015 5x2,5 2,54 ×4/5 damar→2,03; Bursa T2 MET 2015 5x2,5 2,78 ×4/5 damar→2,23 → medyan 2,21"
Elektrik_AG,213,N2XH 4x6+6 (UPS→UPS dağıtım panosu) / H07Z-R 1x6 PE,7.0,4.94,REF-derin,R00687;R00850;R00903;R00974,"İzmir Buca M. Prysmian 2021 4x6 3,59 (M)+%35, +%25 1x6 PE→6,06; Bursa T2 Delta 2015 4x6 2,55 (M)+%35, +%25 1x6 PE→4,31; Bursa T2 Haluk 2015 4x6 3,51 +%25 1x6 PE→4,38; Bursa T2 MET 2015 4x6 4,40 +%25 1x6 PE→5,50 → medyan 4,94"
Elektrik_AG,213,"N2XH 3x2,5 mm2 – UPS panosundan sistem panolarına besleme (turnike 25, yolcu bilg. 60, biletmatik 15, haberleşme 5, AVLS 10, TSKP 10, SKP 10, DU 15)",2.5,1.83,REF-derin,R00685;R00727;R00848;R00901;R00972;R01622;R01802;R01827,"İzmir Buca M. Prysmian 2021 N2XH 3x2,5 1,30 (M)+%35 montaj→1,76; İzmir Buca M. Kablo ür. 2021 N2XH-J 3x2,5 1,14 (M)+%35 montaj→1,54; Bursa T2 Delta 2015 N2XH 3x2,5 1,03 (M)+%35 montaj→1,39; Bursa T2 Haluk 2015 3x2,5 (M+İ) 1,50; Bursa T2 MET 2015 3x2,5 (M+İ) 1,91; İzmir Narlıdere M. Uskom 2018 3x2,5 (M+İ) 3,35; İzmir Narlıdere M. Uskom 2018 3x2,5 (M+İ) 2,11; İzmir Narlıdere M. Uskom 2018 3x2,5 (M+İ) 2,60 → medyan 1,83"
Elektrik_AG,213,N2XH 3x6 mm2 TSKP kavşak panosu beslemesi (kavşak ≥55 m ise),4.5,2.96,REF-derin,R00687;R00850;R00903;R00974,"İzmir Buca M. Prysmian 2021 4x6 3,59 (M)+%35, ×3/4 damar→3,64; Bursa T2 Delta 2015 4x6 2,55 (M)+%35, ×3/4 damar→2,59; Bursa T2 Haluk 2015 4x6 3,51 ×3/4 damar→2,63; Bursa T2 MET 2015 4x6 4,40 ×3/4 damar→3,30 → medyan 2,96"
Elektrik_AG,213,Ø110 koruge (HDPE) elektrik borusu – peron/üst geçit borulama,4.5,4.5,TAHMIN (emsal yok),,"Emsal yok (çap belirtilen HDPE/çelik boru teklifi yok; R04035 HDPE muhafaza 3,53 / R01311 4,63 çap belirsiz)"
Elektrik_AG,213,Galvanizli çelik kablo borusu / spiral (üst geçit ve saçak inişleri),9.0,9.0,TAHMIN (emsal yok),,"Emsal yok (çap belirtilen HDPE/çelik boru teklifi yok; R04035 HDPE muhafaza 3,53 / R01311 4,63 çap belirsiz)"
Elektrik_AG,213,"Kablo merdiveni 300 mm (ADP/pano odası, panolar arası) + askı/konsol",25.0,16.21,REF-derin,R00805;R01103;R00853;R00935,"İzmir Buca M. EAE 2021 KMA300 merdiven 9,38 (M)+%40 montaj +%30 askı/konsol→17,07; Mersin M. Arkom 2021 500 mm merdiven 7,96 (M) ×0,8 (500→300) +%82 montaj/askı→11,59; Bursa T2 Haluk 2015 galv. tava/raf €/kg 3,97 4,5 kg/m (300 merdiven)→17,86; Bursa T2 MET 2015 galv. tava/raf €/kg 3,41 4,5 kg/m→15,35 → medyan 16,21"
Elektrik_AG,213,Delikli kablo tavası 100 mm + kapak (pano odası–peron geçişleri),14.0,11.29,REF-derin,R00800;R01102;R00853;R00935,"İzmir Buca M. EAE 2021 CTH100 tava 3,89 (M)+%40 kapak +%40 montaj→7,62; Mersin M. Arkom 2021 100 mm tava 5,64 (M)+%40 kapak +%40 montaj→11,05; Bursa T2 Haluk 2015 galv. tava €/kg 3,97 3,38 kg/m (1,5 mm+kapak)→13,41; Bursa T2 MET 2015 galv. tava €/kg 3,41 3,38 kg/m→11,53 → medyan 11,29"
Elektrik_AG,213,Yangın durdurucu (duvar/döşeme geçişleri),60.0,60.0,TAHMIN (emsal yok),,Emsal yok (yangın durdurucu/pabuç/test götürü)
Elektrik_AG,213,"Kablo başlık/pabuç, etiket, test (izolasyon ölçümü)",350.0,350.0,TAHMIN (emsal yok),,Emsal yok (ölçüm/rapor götürü)
Elektrik_AG,213,Döşeme altı HDPE kablo koruma borusu (aydınlatma-priz besleme güzergâhı; ana Ø110 borulamadan ayrı),3.0,3.0,TAHMIN (emsal yok),,"Emsal yok (çap belirtilen HDPE/çelik boru teklifi yok; R04035 HDPE muhafaza 3,53 / R01311 4,63 çap belirsiz)"
Elektrik_AG,214,"N2XH 4x6 mm2 (ADP→APP, UPS, YMP-01/02/03, ASP-01/02/03)",5.5,3.95,REF-derin,R00687;R00850;R00903;R00974,"İzmir Buca M. Prysmian 2021 4x6 3,59 (M)+%35 montaj→4,85; Bursa T2 Delta 2015 4x6 2,55 (M)+%35 montaj→3,45; Bursa T2 Haluk 2015 4x6 3,51; Bursa T2 MET 2015 4x6 4,40 → medyan 3,95"
Elektrik_AG,214,"N2XH 4x2,5 mm2 (ADP→SK)",3.2,2.21,REF-derin,R00685;R00901;R00972;R00686;R00904;R00975,"İzmir Buca M. Prysmian 2021 3x2,5 1,30 (M)+%35, ×4/3 damar→2,34; Bursa T2 Haluk 2015 3x2,5 1,50 ×4/3 damar→2,00; Bursa T2 MET 2015 3x2,5 1,91 ×4/3 damar→2,55; İzmir Buca M. Prysmian 2021 5x2,5 2,02 (M)+%35, ×4/5 damar→2,19; Bursa T2 Haluk 2015 5x2,5 2,54 ×4/5 damar→2,03; Bursa T2 MET 2015 5x2,5 2,78 ×4/5 damar→2,23 → medyan 2,21"
Elektrik_AG,214,N2XH 4x6+6 (UPS→UPS dağıtım panosu) / H07Z-R 1x6 PE,7.0,4.94,REF-derin,R00687;R00850;R00903;R00974,"İzmir Buca M. Prysmian 2021 4x6 3,59 (M)+%35, +%25 1x6 PE→6,06; Bursa T2 Delta 2015 4x6 2,55 (M)+%35, +%25 1x6 PE→4,31; Bursa T2 Haluk 2015 4x6 3,51 +%25 1x6 PE→4,38; Bursa T2 MET 2015 4x6 4,40 +%25 1x6 PE→5,50 → medyan 4,94"
Elektrik_AG,214,"N2XH 3x2,5 mm2 – UPS panosundan sistem panolarına besleme (turnike 25, yolcu bilg. 60, biletmatik 15, haberleşme 5, AVLS 10, TSKP 10, SKP 10, DU 15)",2.5,1.83,REF-derin,R00685;R00727;R00848;R00901;R00972;R01622;R01802;R01827,"İzmir Buca M. Prysmian 2021 N2XH 3x2,5 1,30 (M)+%35 montaj→1,76; İzmir Buca M. Kablo ür. 2021 N2XH-J 3x2,5 1,14 (M)+%35 montaj→1,54; Bursa T2 Delta 2015 N2XH 3x2,5 1,03 (M)+%35 montaj→1,39; Bursa T2 Haluk 2015 3x2,5 (M+İ) 1,50; Bursa T2 MET 2015 3x2,5 (M+İ) 1,91; İzmir Narlıdere M. Uskom 2018 3x2,5 (M+İ) 3,35; İzmir Narlıdere M. Uskom 2018 3x2,5 (M+İ) 2,11; İzmir Narlıdere M. Uskom 2018 3x2,5 (M+İ) 2,60 → medyan 1,83"
Elektrik_AG,214,N2XH 3x6 mm2 TSKP kavşak panosu beslemesi (kavşak ≥55 m ise),4.5,2.96,REF-derin,R00687;R00850;R00903;R00974,"İzmir Buca M. Prysmian 2021 4x6 3,59 (M)+%35, ×3/4 damar→3,64; Bursa T2 Delta 2015 4x6 2,55 (M)+%35, ×3/4 damar→2,59; Bursa T2 Haluk 2015 4x6 3,51 ×3/4 damar→2,63; Bursa T2 MET 2015 4x6 4,40 ×3/4 damar→3,30 → medyan 2,96"
Elektrik_AG,214,Ø110 koruge (HDPE) elektrik borusu – peron/üst geçit borulama,4.5,4.5,TAHMIN (emsal yok),,"Emsal yok (çap belirtilen HDPE/çelik boru teklifi yok; R04035 HDPE muhafaza 3,53 / R01311 4,63 çap belirsiz)"
Elektrik_AG,214,Galvanizli çelik kablo borusu / spiral (üst geçit ve saçak inişleri),9.0,9.0,TAHMIN (emsal yok),,"Emsal yok (çap belirtilen HDPE/çelik boru teklifi yok; R04035 HDPE muhafaza 3,53 / R01311 4,63 çap belirsiz)"
Elektrik_AG,214,"Kablo merdiveni 300 mm (ADP/pano odası, panolar arası) + askı/konsol",25.0,16.21,REF-derin,R00805;R01103;R00853;R00935,"İzmir Buca M. EAE 2021 KMA300 merdiven 9,38 (M)+%40 montaj +%30 askı/konsol→17,07; Mersin M. Arkom 2021 500 mm merdiven 7,96 (M) ×0,8 (500→300) +%82 montaj/askı→11,59; Bursa T2 Haluk 2015 galv. tava/raf €/kg 3,97 4,5 kg/m (300 merdiven)→17,86; Bursa T2 MET 2015 galv. tava/raf €/kg 3,41 4,5 kg/m→15,35 → medyan 16,21"
Elektrik_AG,214,Delikli kablo tavası 100 mm + kapak (pano odası–peron geçişleri),14.0,11.29,REF-derin,R00800;R01102;R00853;R00935,"İzmir Buca M. EAE 2021 CTH100 tava 3,89 (M)+%40 kapak +%40 montaj→7,62; Mersin M. Arkom 2021 100 mm tava 5,64 (M)+%40 kapak +%40 montaj→11,05; Bursa T2 Haluk 2015 galv. tava €/kg 3,97 3,38 kg/m (1,5 mm+kapak)→13,41; Bursa T2 MET 2015 galv. tava €/kg 3,41 3,38 kg/m→11,53 → medyan 11,29"
Elektrik_AG,214,Yangın durdurucu (duvar/döşeme geçişleri),60.0,60.0,TAHMIN (emsal yok),,Emsal yok (yangın durdurucu/pabuç/test götürü)
Elektrik_AG,214,"Kablo başlık/pabuç, etiket, test (izolasyon ölçümü)",350.0,350.0,TAHMIN (emsal yok),,Emsal yok (ölçüm/rapor götürü)
Elektrik_AG,214,Döşeme altı HDPE kablo koruma borusu (aydınlatma-priz besleme güzergâhı; ana Ø110 borulamadan ayrı),3.0,3.0,TAHMIN (emsal yok),,"Emsal yok (çap belirtilen HDPE/çelik boru teklifi yok; R04035 HDPE muhafaza 3,53 / R01311 4,63 çap belirsiz)"
Elektrik_AG,215,"N2XH 4x6 mm2 (ADP→APP, UPS, YMP-01/02/03, ASP-01/02/03)",5.5,3.95,REF-derin,R00687;R00850;R00903;R00974,"İzmir Buca M. Prysmian 2021 4x6 3,59 (M)+%35 montaj→4,85; Bursa T2 Delta 2015 4x6 2,55 (M)+%35 montaj→3,45; Bursa T2 Haluk 2015 4x6 3,51; Bursa T2 MET 2015 4x6 4,40 → medyan 3,95"
Elektrik_AG,215,"N2XH 4x2,5 mm2 (ADP→SK)",3.2,2.21,REF-derin,R00685;R00901;R00972;R00686;R00904;R00975,"İzmir Buca M. Prysmian 2021 3x2,5 1,30 (M)+%35, ×4/3 damar→2,34; Bursa T2 Haluk 2015 3x2,5 1,50 ×4/3 damar→2,00; Bursa T2 MET 2015 3x2,5 1,91 ×4/3 damar→2,55; İzmir Buca M. Prysmian 2021 5x2,5 2,02 (M)+%35, ×4/5 damar→2,19; Bursa T2 Haluk 2015 5x2,5 2,54 ×4/5 damar→2,03; Bursa T2 MET 2015 5x2,5 2,78 ×4/5 damar→2,23 → medyan 2,21"
Elektrik_AG,215,N2XH 4x6+6 (UPS→UPS dağıtım panosu) / H07Z-R 1x6 PE,7.0,4.94,REF-derin,R00687;R00850;R00903;R00974,"İzmir Buca M. Prysmian 2021 4x6 3,59 (M)+%35, +%25 1x6 PE→6,06; Bursa T2 Delta 2015 4x6 2,55 (M)+%35, +%25 1x6 PE→4,31; Bursa T2 Haluk 2015 4x6 3,51 +%25 1x6 PE→4,38; Bursa T2 MET 2015 4x6 4,40 +%25 1x6 PE→5,50 → medyan 4,94"
Elektrik_AG,215,"N2XH 3x2,5 mm2 – UPS panosundan sistem panolarına besleme (turnike 25, yolcu bilg. 60, biletmatik 15, haberleşme 5, AVLS 10, TSKP 10, SKP 10, DU 15)",2.5,1.83,REF-derin,R00685;R00727;R00848;R00901;R00972;R01622;R01802;R01827,"İzmir Buca M. Prysmian 2021 N2XH 3x2,5 1,30 (M)+%35 montaj→1,76; İzmir Buca M. Kablo ür. 2021 N2XH-J 3x2,5 1,14 (M)+%35 montaj→1,54; Bursa T2 Delta 2015 N2XH 3x2,5 1,03 (M)+%35 montaj→1,39; Bursa T2 Haluk 2015 3x2,5 (M+İ) 1,50; Bursa T2 MET 2015 3x2,5 (M+İ) 1,91; İzmir Narlıdere M. Uskom 2018 3x2,5 (M+İ) 3,35; İzmir Narlıdere M. Uskom 2018 3x2,5 (M+İ) 2,11; İzmir Narlıdere M. Uskom 2018 3x2,5 (M+İ) 2,60 → medyan 1,83"
Elektrik_AG,215,N2XH 3x6 mm2 TSKP kavşak panosu beslemesi (kavşak ≥55 m ise),4.5,2.96,REF-derin,R00687;R00850;R00903;R00974,"İzmir Buca M. Prysmian 2021 4x6 3,59 (M)+%35, ×3/4 damar→3,64; Bursa T2 Delta 2015 4x6 2,55 (M)+%35, ×3/4 damar→2,59; Bursa T2 Haluk 2015 4x6 3,51 ×3/4 damar→2,63; Bursa T2 MET 2015 4x6 4,40 ×3/4 damar→3,30 → medyan 2,96"
Elektrik_AG,215,Ø110 koruge (HDPE) elektrik borusu – peron/üst geçit borulama,4.5,4.5,TAHMIN (emsal yok),,"Emsal yok (çap belirtilen HDPE/çelik boru teklifi yok; R04035 HDPE muhafaza 3,53 / R01311 4,63 çap belirsiz)"
Elektrik_AG,215,Galvanizli çelik kablo borusu / spiral (üst geçit ve saçak inişleri),9.0,9.0,TAHMIN (emsal yok),,"Emsal yok (çap belirtilen HDPE/çelik boru teklifi yok; R04035 HDPE muhafaza 3,53 / R01311 4,63 çap belirsiz)"
Elektrik_AG,215,"Kablo merdiveni 300 mm (ADP/pano odası, panolar arası) + askı/konsol",25.0,16.21,REF-derin,R00805;R01103;R00853;R00935,"İzmir Buca M. EAE 2021 KMA300 merdiven 9,38 (M)+%40 montaj +%30 askı/konsol→17,07; Mersin M. Arkom 2021 500 mm merdiven 7,96 (M) ×0,8 (500→300) +%82 montaj/askı→11,59; Bursa T2 Haluk 2015 galv. tava/raf €/kg 3,97 4,5 kg/m (300 merdiven)→17,86; Bursa T2 MET 2015 galv. tava/raf €/kg 3,41 4,5 kg/m→15,35 → medyan 16,21"
Elektrik_AG,215,Delikli kablo tavası 100 mm + kapak (pano odası–peron geçişleri),14.0,11.29,REF-derin,R00800;R01102;R00853;R00935,"İzmir Buca M. EAE 2021 CTH100 tava 3,89 (M)+%40 kapak +%40 montaj→7,62; Mersin M. Arkom 2021 100 mm tava 5,64 (M)+%40 kapak +%40 montaj→11,05; Bursa T2 Haluk 2015 galv. tava €/kg 3,97 3,38 kg/m (1,5 mm+kapak)→13,41; Bursa T2 MET 2015 galv. tava €/kg 3,41 3,38 kg/m→11,53 → medyan 11,29"
Elektrik_AG,215,Yangın durdurucu (duvar/döşeme geçişleri),60.0,60.0,TAHMIN (emsal yok),,Emsal yok (yangın durdurucu/pabuç/test götürü)
Elektrik_AG,215,"Kablo başlık/pabuç, etiket, test (izolasyon ölçümü)",350.0,350.0,TAHMIN (emsal yok),,Emsal yok (ölçüm/rapor götürü)
Elektrik_AG,215,Döşeme altı HDPE kablo koruma borusu (aydınlatma-priz besleme güzergâhı; ana Ø110 borulamadan ayrı),3.0,3.0,TAHMIN (emsal yok),,"Emsal yok (çap belirtilen HDPE/çelik boru teklifi yok; R04035 HDPE muhafaza 3,53 / R01311 4,63 çap belirsiz)"
Elektrik_AG,216,N2XH 1x120 mm2 (T09→D01-ADP paralel PE),21.0,18.79,REF-derin,R00851;R00684;R00683;R00682;R00726,"Bursa T2 Delta 2015 1x120 11,01 (M)+%25 montaj→13,76; İzmir Buca M. Prysmian 2021 1x95 12,01 (M)+%25, ×120/95→18,96; İzmir Buca M. Prysmian 2021 1x185 23,17 (M)+%25, ×120/185→18,79; İzmir Buca M. Prysmian 2021 1x240 30,32 (M)+%25, ×120/240→18,95; İzmir Buca M. Kablo ür. 2021 1x240 26,02 (M)+%25, ×120/240→16,26 → medyan 18,79"
Elektrik_AG,216,N2XH 3x150/70 mm2,75.0,82.13,REF-derin,R00689;R00684;R00683;R00682;R00726,"İzmir Buca M. Prysmian 2021 3x70/35 31,16 (M)+%25, ×520/245 Cu→82,67; İzmir Buca M. Prysmian 2021 1x95 12,01 (M)+%25, ×520/95 Cu→82,16; İzmir Buca M. Prysmian 2021 1x185 23,17 (M)+%25, ×520/185 Cu→81,40; İzmir Buca M. Prysmian 2021 1x240 30,32 (M)+%25, ×520/240 Cu→82,13; İzmir Buca M. Kablo ür. 2021 1x240 26,02 (M)+%25, ×520/240 Cu→70,47 → medyan 82,13"
Elektrik_AG,216,N2XH 3x70/35 mm2,36.0,38.69,REF-derin,R00689;R00684;R00683;R00682;R00726,"İzmir Buca M. Prysmian 2021 3x70/35 31,16 (M)+%25, ×245/245 Cu→38,95; İzmir Buca M. Prysmian 2021 1x95 12,01 (M)+%25, ×245/95 Cu→38,71; İzmir Buca M. Prysmian 2021 1x185 23,17 (M)+%25, ×245/185 Cu→38,35; İzmir Buca M. Prysmian 2021 1x240 30,32 (M)+%25, ×245/240 Cu→38,69; İzmir Buca M. Kablo ür. 2021 1x240 26,02 (M)+%25, ×245/240 Cu→33,20 → medyan 38,69"
Elektrik_AG,216,N2XH 3x50/25 mm2,27.0,27.64,REF-derin,R00689;R00684;R00683;R00682;R00726,"İzmir Buca M. Prysmian 2021 3x70/35 31,16 (M)+%25, ×175/245 Cu→27,82; İzmir Buca M. Prysmian 2021 1x95 12,01 (M)+%25, ×175/95 Cu→27,65; İzmir Buca M. Prysmian 2021 1x185 23,17 (M)+%25, ×175/185 Cu→27,40; İzmir Buca M. Prysmian 2021 1x240 30,32 (M)+%25, ×175/240 Cu→27,64; İzmir Buca M. Kablo ür. 2021 1x240 26,02 (M)+%25, ×175/240 Cu→23,72 → medyan 27,64"
Elektrik_AG,216,N2XH 3x35/16 mm2,21.0,19.11,REF-derin,R00689;R00684;R00683;R00682;R00726,"İzmir Buca M. Prysmian 2021 3x70/35 31,16 (M)+%25, ×121/245 Cu→19,24; İzmir Buca M. Prysmian 2021 1x95 12,01 (M)+%25, ×121/95 Cu→19,12; İzmir Buca M. Prysmian 2021 1x185 23,17 (M)+%25, ×121/185 Cu→18,94; İzmir Buca M. Prysmian 2021 1x240 30,32 (M)+%25, ×121/240 Cu→19,11; İzmir Buca M. Kablo ür. 2021 1x240 26,02 (M)+%25, ×121/240 Cu→16,40 → medyan 19,11"
Elektrik_AG,216,N2XH 3x25/16 mm2 (N2XH 60 + FE180 28+30),17.0,16.68,REF-derin,R00689;R00688;R00902;R00973,"İzmir Buca M. Prysmian 2021 3x70/35 31,16 (M)+%25, ×91/245 Cu, +%15 FE180 payı→16,64; İzmir Buca M. Prysmian 2021 4x16 8,51 (M)+%25, ×91/64 Cu, +%15 FE→17,39; Bursa T2 Haluk 2015 4x16 7,57 ×91/64 Cu, +%15 FE→12,38; Bursa T2 MET 2015 4x16 10,23 ×91/64 Cu, +%15 FE→16,73 → medyan 16,68"
Elektrik_AG,216,NYY 4x16 mm2,10.5,10.23,REF-derin,R00688;R00902;R00973,"İzmir Buca M. Prysmian 2021 4x16 8,51 (M)+%25 montaj→10,63; Bursa T2 Haluk 2015 4x16 7,57; Bursa T2 MET 2015 4x16 10,23 → medyan 10,23"
Elektrik_AG,216,N2XH 4x10 mm2 (N2XH 95+25 + FE180 25+60+92),8.5,7.5,REF-derin,R00691;R00688;R00902;R00973,"İzmir Buca M. Prysmian 2021 FE180 4x10 6,45 (M)+%25 montaj→8,07; İzmir Buca M. Prysmian 2021 4x16 8,51 (M)+%25, ×0,65 Cu→6,91; Bursa T2 Haluk 2015 4x16 7,57 ×0,65 Cu→4,92; Bursa T2 MET 2015 4x16 10,23 ×0,65 Cu→6,65 → ağırlıklı %60 FE180 (8,07) + %40 N2XH medyan (6,65) = 7,50"
Elektrik_AG,216,"NYY 4x4 mm2 (SKP-1/2, I&LSKP makas besleme)",4.2,3.33,REF-derin,R00687;R00850;R00903;R00974;R01697;R02744,"İzmir Buca M. Prysmian 2021 4x6 3,59 (M)+%35, ×0,72 Cu(4x4/4x6)→3,49; Bursa T2 Delta 2015 4x6 2,55 (M)+%35, ×0,72 Cu→2,48; Bursa T2 Haluk 2015 4x6 3,51 ×0,72 Cu→2,52; Bursa T2 MET 2015 4x6 4,40 ×0,72 Cu→3,17; İzmir Narlıdere M. Uskom 2018 3x4 2,67 ×4/3 damar→3,56; Kabataş-Mahmutbey M. Uskom 2015 3x4 3,60 ×4/3 damar→4,80 → medyan 3,33"
Elektrik_AG,216,"N2XH 3x2,5 mm2 (klima iç üniteler M5-M12, UPS U1-U4)",2.5,1.83,REF-derin,R00685;R00727;R00848;R00901;R00972;R01622;R01802;R01827,"İzmir Buca M. Prysmian 2021 N2XH 3x2,5 1,30 (M)+%35 montaj→1,76; İzmir Buca M. Kablo ür. 2021 N2XH-J 3x2,5 1,14 (M)+%35 montaj→1,54; Bursa T2 Delta 2015 N2XH 3x2,5 1,03 (M)+%35 montaj→1,39; Bursa T2 Haluk 2015 3x2,5 (M+İ) 1,50; Bursa T2 MET 2015 3x2,5 (M+İ) 1,91; İzmir Narlıdere M. Uskom 2018 3x2,5 (M+İ) 3,35; İzmir Narlıdere M. Uskom 2018 3x2,5 (M+İ) 2,11; İzmir Narlıdere M. Uskom 2018 3x2,5 (M+İ) 2,60 → medyan 1,83"
Elektrik_AG,216,D02 trafo binası delikli kablo tavası 100 mm (KT-100),12.0,8.36,REF-derin,R00800;R01102;R00853;R00935,"İzmir Buca M. EAE 2021 CTH100 tava 3,89 (M)+%40 montaj→5,45; Mersin M. Arkom 2021 100 mm tava 5,64 (M)+%40 montaj→7,89; Bursa T2 Haluk 2015 galv. tava €/kg 3,97 2,59 kg/m (100x60x1,5)→10,28; Bursa T2 MET 2015 galv. tava €/kg 3,41 2,59 kg/m→8,84 → medyan 8,36"
Elektrik_AG,216,"Diğer depo binaları tavaları (D03, D05, D06)",15.0,15.0,TAHMIN (emsal yok),,"Emsal yok (tava genişliği belirsiz; kontrol: 100 mm tava REF ~8,4, kapaklı ~11,3 €/m)"
Elektrik_AG,216,"Yangın durdurucu, pabuç, etiket, testler",3500.0,3500.0,TAHMIN (emsal yok),,Emsal yok (yangın durdurucu/pabuç/test götürü)
Elektrik_AG,216,"D01 sistem/ekipman besleme kabloları N2XH 4x4–4x16 (IMP, MBP, AKT/003, TCCP/ZDUP rack)",7.0,6.63,REF-derin(1),R00687;R00850;R00903;R00974;R01697;R02744;R00691;R00688;R00902;R00973,"Karışık kalem (kesit eşit dağılım varsayımı 4x4/4x6/4x10/4x16): N2XH4x4=3,33 + N2XH4x6=3,95 + 4x10mix=7,50 + N2XH4x16=10,23 → 6,25; dağılım belirsiz → mevcut 7,00 ile ort. = 6,63. Emsaller: N2XH4x4 [R00687;R00850;R00903;R00974;R01697;R02744] 3,33 | N2XH4x6 [R00687;R00850;R00903;R00974] 3,95 | 4x10mix [R00691;R00688;R00902;R00973] 7,50 | N2XH4x16 [R00688;R00902;R00973] 10,23"
Elektrik_AG,216,"D06 pompa/fan/kompresör besleme kabloları (4x4, 3x10, 3x2,5)",5.0,4.18,REF-derin(1),R00687;R00850;R00903;R00974;R01697;R02744;R00685;R00727;R00848;R00901;R00972;R01622;R01802;R01827,"Karışık kalem (eşit dağılım 4x4/3x10/3x2,5): N2XH4x4=3,33 + N2XH3x2.5=1,83 + 3x10=4,94 → 3,37; dağılım belirsiz → mevcut 5,00 ile ort. = 4,18. Emsaller: N2XH4x4 [R00687;R00850;R00903;R00974;R01697;R02744] 3,33 | N2XH3x2.5 [R00685;R00727;R00848;R00901;R00972;R01622;R01802;R01827] 1,83 | 3x10 [R00687;R00850;R00903;R00974] 4,94"
Elektrik_AG,216,D07 bariyer/klima/mekanik besleme kabloları M01-M05,4.0,3.27,REF-derin(1),R00685;R00727;R00848;R00901;R00972;R01622;R01802;R01827;R01697;R02744;R00686;R00849;R00904;R00975,"Karışık kalem (küçük kesit varsayımı 3x2,5/3x4/5x2,5): N2XH3x2.5=1,83 + N2XH3x4=3,13 + N2XH5x2.5=2,64 → 2,53; dağılım belirsiz → mevcut 4,00 ile ort. = 3,27. Emsaller: N2XH3x2.5 [R00685;R00727;R00848;R00901;R00972;R01622;R01802;R01827] 1,83 | N2XH3x4 [R01697;R02744] 3,13 | N2XH5x2.5 [R00686;R00849;R00904;R00975] 2,64"
Elektrik_AG,216,ÇAP101 besleme kablosu (D01 ADP→ÇAP101),14.0,15.94,REF-derin,R00688;R00902;R00973;R00689,"İzmir Buca M. Prysmian 2021 4x16 8,51 (M)+%25, ×100/64 Cu→16,62; Bursa T2 Haluk 2015 4x16 7,57 ×100/64 Cu→11,83; Bursa T2 MET 2015 4x16 10,23 ×100/64 Cu→15,99; İzmir Buca M. Prysmian 2021 3x70/35 31,16 (M)+%25, ×100/245 Cu→15,90 → medyan 15,94"
Elektrik_AG,217,"N2XH 4x6 mm2 (ADP→APP 10, UPS 10) + UPS→UPS panosu 4x6+6 10",5.8,4.25,REF-derin,R00687;R00850;R00903;R00974,"İzmir Buca M. Prysmian 2021 4x6 3,59 (M)+%35, ×1,075 (%30 4x6+6)→5,21; Bursa T2 Delta 2015 4x6 2,55 (M)+%35, ×1,075 (%30 4x6+6)→3,71; Bursa T2 Haluk 2015 4x6 3,51 ×1,075 (%30 4x6+6)→3,77; Bursa T2 MET 2015 4x6 4,40 ×1,075 (%30 4x6+6)→4,73 → medyan 4,25"
Elektrik_AG,217,"N2XH 4x2,5 mm2 (ADP→SK 25)",3.2,2.21,REF-derin,R00685;R00901;R00972;R00686;R00904;R00975,"İzmir Buca M. Prysmian 2021 3x2,5 1,30 (M)+%35, ×4/3 damar→2,34; Bursa T2 Haluk 2015 3x2,5 1,50 ×4/3 damar→2,00; Bursa T2 MET 2015 3x2,5 1,91 ×4/3 damar→2,55; İzmir Buca M. Prysmian 2021 5x2,5 2,02 (M)+%35, ×4/5 damar→2,19; Bursa T2 Haluk 2015 5x2,5 2,54 ×4/5 damar→2,03; Bursa T2 MET 2015 5x2,5 2,78 ×4/5 damar→2,23 → medyan 2,21"
Elektrik_AG,217,"N2XH 3x2,5 mm2 – UPS panosundan sistem panolarına",2.5,1.83,REF-derin,R00685;R00727;R00848;R00901;R00972;R01622;R01802;R01827,"İzmir Buca M. Prysmian 2021 N2XH 3x2,5 1,30 (M)+%35 montaj→1,76; İzmir Buca M. Kablo ür. 2021 N2XH-J 3x2,5 1,14 (M)+%35 montaj→1,54; Bursa T2 Delta 2015 N2XH 3x2,5 1,03 (M)+%35 montaj→1,39; Bursa T2 Haluk 2015 3x2,5 (M+İ) 1,50; Bursa T2 MET 2015 3x2,5 (M+İ) 1,91; İzmir Narlıdere M. Uskom 2018 3x2,5 (M+İ) 3,35; İzmir Narlıdere M. Uskom 2018 3x2,5 (M+İ) 2,11; İzmir Narlıdere M. Uskom 2018 3x2,5 (M+İ) 2,60 → medyan 1,83"
Elektrik_AG,217,N2XH 3x6 mm2 TSKP kavşak beslemesi,4.5,2.96,REF-derin,R00687;R00850;R00903;R00974,"İzmir Buca M. Prysmian 2021 4x6 3,59 (M)+%35, ×3/4 damar→3,64; Bursa T2 Delta 2015 4x6 2,55 (M)+%35, ×3/4 damar→2,59; Bursa T2 Haluk 2015 4x6 3,51 ×3/4 damar→2,63; Bursa T2 MET 2015 4x6 4,40 ×3/4 damar→3,30 → medyan 2,96"
Elektrik_AG,217,Ø110 koruge (HDPE) elektrik borusu,4.5,4.5,TAHMIN (emsal yok),,"Emsal yok (çap belirtilen HDPE/çelik boru teklifi yok; R04035 HDPE muhafaza 3,53 / R01311 4,63 çap belirsiz)"
Elektrik_AG,217,Kablo merdiveni 300 mm + delikli tava 100 mm (pano odası),20.0,13.75,REF-derin,R00805;R01103;R00853;R00935;R00800;R01102,"Karışık kalem (merdiven/tava eşit pay): merdiven300=16,21 + tava100kapak=11,29 → 13,75. Emsaller: merdiven300 [R00805;R01103;R00853;R00935] 16,21 | tava100kapak [R00800;R01102;R00853;R00935] 11,29"
Elektrik_AG,217,Yangın durdurucu,60.0,60.0,TAHMIN (emsal yok),,Emsal yok (yangın durdurucu/pabuç/test götürü)
Elektrik_AG,217,Pabuç/etiket/test,300.0,300.0,TAHMIN (emsal yok),,Emsal yok (yangın durdurucu/pabuç/test götürü)
Elektrik_AG,217,Döşeme altı HDPE kablo koruma borusu (aydınlatma-priz besleme güzergâhı; ana Ø110 borulamadan ayrı),3.0,3.0,TAHMIN (emsal yok),,"Emsal yok (çap belirtilen HDPE/çelik boru teklifi yok; R04035 HDPE muhafaza 3,53 / R01311 4,63 çap belirsiz)"
Elektrik_AG,218,Kablo başlık/pabuç (NYY 70-185 mm2),35.0,35.0,TAHMIN (emsal yok),,Emsal yok (yangın durdurucu/pabuç/test götürü)
Elektrik_AG,218,Yol/kavşak geçişleri HDPE boru Ø160 (AG fiderleri),8.0,8.0,TAHMIN (emsal yok),,"Emsal yok (çap belirtilen HDPE/çelik boru teklifi yok; R04035 HDPE muhafaza 3,53 / R01311 4,63 çap belirsiz)"
Elektrik_AG,218,AP (aydınlatma) panoları beslemesi NYY 4x16 (mevcut DEDAŞ şebekesinden),10.5,10.23,REF-derin,R00688;R00902;R00973,"İzmir Buca M. Prysmian 2021 4x16 8,51 (M)+%25 montaj→10,63; Bursa T2 Haluk 2015 4x16 7,57; Bursa T2 MET 2015 4x16 10,23 → medyan 10,23"
Elektrik_AG,218,Gerilim düşümü doğrulaması ve kablo testleri,2500.0,2500.0,TAHMIN (emsal yok),,Emsal yok (yangın durdurucu/pabuç/test götürü)
Elektrik_AG,322,Topraklama ve yıldırımdan korunma hesap raporları (istasyon depo trafo),4000.0,4000.0,TAHMIN (emsal yok),,Emsal yok (mühendislik/doküman)
Elektrik_AG,322,UPS ve akü kapasite hesapları (IEEE 485) + tali pano imalat projeleri onayı,3000.0,3000.0,TAHMIN (emsal yok),,Emsal yok (mühendislik/doküman)
Elektrik_AG,323,66W LED projektör (IP66),180.0,227.4,REF-derin(1),R00490,"Ankara-Sivas YHT Platin 2019 LED prj ≤100W (M+İ) 274,81 → emsal 274,81 ; tek emsal → mevcut 180,00 ile ort. = 227,40"
Elektrik_AG,323,30W IP65 LED lineer armatür (peron kanopi kenarı),75.0,68.64,REF-derin,R00665;R00488;R00921;R00922;R00988,"İzmir Buca M. Signify 2021 LED38 IP65 etanj 32,28 (M)+%30 montaj→41,96; Ankara-Sivas YHT Platin 2019 20W etanj (M+İ) 47,52 ×1,2 (20→30W)→57,03; Bursa T2 Haluk 2015 23/41W etanj ort. 109,10; Bursa T2 MET 2015 23/41W etanj ort. 80,24 → medyan 68,64"
Elektrik_AG,323,30W IP65 LED turnike üzeri kanopi armatürü (UPS hattı),75.0,68.64,REF-derin,R00665;R00488;R00921;R00922;R00988,"İzmir Buca M. Signify 2021 LED38 IP65 etanj 32,28 (M)+%30 montaj→41,96; Ankara-Sivas YHT Platin 2019 20W etanj (M+İ) 47,52 ×1,2 (20→30W)→57,03; Bursa T2 Haluk 2015 23/41W etanj ort. 109,10; Bursa T2 MET 2015 23/41W etanj ort. 80,24 → medyan 68,64"
Elektrik_AG,323,36W IP65 LED armatür (pano odası + güvenlik kabini),70.0,80.24,REF-derin,R00665;R00921;R00988,"İzmir Buca M. Signify 2021 LED38 IP65 etanj 32,28 (M)+%30 montaj→41,96; Bursa T2 Haluk 2015 41W IP65 etanj (M+İ) 123,99; Bursa T2 MET 2015 41W IP65 etanj (M+İ) 80,24 → medyan 80,24"
Elektrik_AG,323,Totem iç aydınlatması besleme ucu (500W),60.0,60.0,TAHMIN (emsal yok),,"Emsal yok (cihaz bazında; Bursa T2/Başkentray ""priz sortisi"" 25-91 € kablo dahil → kıyas dışı)"
Elektrik_AG,323,Ortam korumalı (IP55) adi aydınlatma anahtarı,16.0,16.0,TAHMIN (emsal yok),,"Emsal yok (cihaz bazında; Bursa T2/Başkentray ""priz sortisi"" 25-91 € kablo dahil → kıyas dışı)"
Elektrik_AG,323,Harici aydınlatma astronomik zaman rölesi + kontaktör grubu (APP içinde),250.0,161.12,REF-derin,R00872;R00949,"Bursa T2 Haluk 2015 astronomik röle (M+İ) 89,90; Bursa T2 MET 2015 astronomik röle (M+İ) 52,34 → medyan 71,12 + 90 kontaktör grubu (tahmin) = 161,12"
Elektrik_AG,323,Monofaze etanj/gömme topraklı priz (16A),18.0,18.0,TAHMIN (emsal yok),,"Emsal yok (cihaz bazında; Bursa T2/Başkentray ""priz sortisi"" 25-91 € kablo dahil → kıyas dışı)"
Elektrik_AG,323,APP aydınlatma-priz tali panosu (IP65 dahili/harici 3F 25A giriş 8-10 çıkış KAKS 30mA),1200.0,1200.0,TAHMIN (emsal yok),,"Emsal yok (komple tali pano; İzmir Buca TEDAK 2021 tali pano ort. 3.010 € (M) metro/daha büyük, Bursa T2 ""özel saç pano"" yalnız gövde → kıyas dışı)"
Elektrik_AG,323,UPP UPS'ten beslenen aydınlatma-priz/UPS dağıtım panosu (12-13 çıkış RCBO),1500.0,1500.0,TAHMIN (emsal yok),,"Emsal yok (komple tali pano; İzmir Buca TEDAK 2021 tali pano ort. 3.010 € (M) metro/daha büyük, Bursa T2 ""özel saç pano"" yalnız gövde → kıyas dışı)"
Elektrik_AG,323,SK sigorta kutusu (güvenlik kabini 3F 25A 6 çıkış),350.0,350.0,TAHMIN (emsal yok),,"Emsal yok (komple tali pano; İzmir Buca TEDAK 2021 tali pano ort. 3.010 € (M) metro/daha büyük, Bursa T2 ""özel saç pano"" yalnız gövde → kıyas dışı)"
Elektrik_AG,323,"N2XH 3x2,5 mm² aydınlatma-priz linye + sorti kablosu",2.6,1.96,REF-derin,R00685;R00727;R00848;R00901;R00972;R01622;R01802;R01827,"İzmir Buca M. Prysmian 2021 3x2,5 1,30 (M)+%40 montaj+sorti→1,82; İzmir Buca M. Kablo ür. 2021 3x2,5 1,14 (M)+%40 montaj+sorti→1,60; Bursa T2 Delta 2015 3x2,5 1,03 (M)+%40 montaj+sorti→1,44; Bursa T2 Haluk 2015 3x2,5 1,50 (M+İ)+%10 sorti→1,65; Bursa T2 MET 2015 3x2,5 1,91 (M+İ)+%10 sorti→2,10; İzmir Narlıdere M. Uskom 2018 3x2,5 3,35 (M+İ)+%10 sorti→3,69; İzmir Narlıdere M. Uskom 2018 3x2,5 2,11 (M+İ)+%10 sorti→2,32; İzmir Narlıdere M. Uskom 2018 3x2,5 2,60 (M+İ)+%10 sorti→2,86 → medyan 1,96"
Elektrik_AG,323,"N2XH 5x2,5 mm² lineer armatür linyesi",3.5,2.64,REF-derin,R00686;R00849;R00904;R00975,"İzmir Buca M. Prysmian 2021 5x2,5 2,02 (M)+%35 montaj→2,73; Bursa T2 Delta 2015 5x2,5 1,57 (M)+%35 montaj→2,12; Bursa T2 Haluk 2015 5x2,5 2,54; Bursa T2 MET 2015 5x2,5 2,78 → medyan 2,64"
Elektrik_AG,323,Isı büzüşmeli kablo ek/sorti seti + buat (IP66) – yerden armatür beslemeleri,25.0,25.0,TAHMIN (emsal yok),,"Emsal yok (cihaz bazında; Bursa T2/Başkentray ""priz sortisi"" 25-91 € kablo dahil → kıyas dışı)"
Elektrik_AG,324,66W LED direk üstü aydınlatma armatürü (IP65/66 peron),260.0,260.0,TAHMIN (emsal yok),,"Emsal yok (direk üstü peron armatürü; R00490 LED prj ≤100W 274,81 farklı tip)"
Elektrik_AG,324,"Peron aydınlatma direği h=3,5 m galvaniz çift kollu (ankraj dahil – temel inşai)",550.0,389.24,REF-derin(1),R00852;R00934,"Bursa T2 Haluk 2015 poligon direk €/kg (M+İ) 2,48 ×70 kg, +%15 ankraj→199,63; Bursa T2 MET 2015 poligon direk €/kg (M+İ) 3,20 ×70 kg, +%15 ankraj→257,35 → medyan 228,49 ; emsal ağırlık/tip varsayımına bağlı (tek emsal sayıldı) → mevcut 550,00 ile ort. = 389,24"
Elektrik_AG,324,66W LED projektör (IP66),180.0,227.4,REF-derin(1),R00490,"Ankara-Sivas YHT Platin 2019 LED prj ≤100W (M+İ) 274,81 → emsal 274,81 ; tek emsal → mevcut 180,00 ile ort. = 227,40"
Elektrik_AG,324,30W IP65 LED lineer armatür (peron kanopi kenarı),75.0,68.64,REF-derin,R00665;R00488;R00921;R00922;R00988,"İzmir Buca M. Signify 2021 LED38 IP65 etanj 32,28 (M)+%30 montaj→41,96; Ankara-Sivas YHT Platin 2019 20W etanj (M+İ) 47,52 ×1,2 (20→30W)→57,03; Bursa T2 Haluk 2015 23/41W etanj ort. 109,10; Bursa T2 MET 2015 23/41W etanj ort. 80,24 → medyan 68,64"
Elektrik_AG,324,30W IP65 LED turnike üzeri kanopi armatürü (UPS hattı),75.0,68.64,REF-derin,R00665;R00488;R00921;R00922;R00988,"İzmir Buca M. Signify 2021 LED38 IP65 etanj 32,28 (M)+%30 montaj→41,96; Ankara-Sivas YHT Platin 2019 20W etanj (M+İ) 47,52 ×1,2 (20→30W)→57,03; Bursa T2 Haluk 2015 23/41W etanj ort. 109,10; Bursa T2 MET 2015 23/41W etanj ort. 80,24 → medyan 68,64"
Elektrik_AG,324,36W IP65 LED armatür (pano odası + güvenlik kabini),70.0,80.24,REF-derin,R00665;R00921;R00988,"İzmir Buca M. Signify 2021 LED38 IP65 etanj 32,28 (M)+%30 montaj→41,96; Bursa T2 Haluk 2015 41W IP65 etanj (M+İ) 123,99; Bursa T2 MET 2015 41W IP65 etanj (M+İ) 80,24 → medyan 80,24"
Elektrik_AG,324,100W kubbe/kanopi acil aydınlatma armatürü – projede aydınlatma ucu (UPS),220.0,220.0,TAHMIN (emsal yok),,Emsal yok (100W kanopi acil armatür; projektör refi farklı tip)
Elektrik_AG,324,Totem iç aydınlatması besleme ucu (500W),60.0,60.0,TAHMIN (emsal yok),,"Emsal yok (cihaz bazında; Bursa T2/Başkentray ""priz sortisi"" 25-91 € kablo dahil → kıyas dışı)"
Elektrik_AG,324,66W LED armatür – üst geçit / yürüyen merdiven bölgesi,150.0,117.12,REF-derin(1),R00666,"İzmir Buca M. Signify 2021 LED70 IP65 etanj 64,80 (M)+%30 montaj→84,24 → emsal 84,24 ; tek emsal → mevcut 150,00 ile ort. = 117,12"
Elektrik_AG,324,Ortam korumalı (IP55) adi aydınlatma anahtarı,16.0,16.0,TAHMIN (emsal yok),,"Emsal yok (cihaz bazında; Bursa T2/Başkentray ""priz sortisi"" 25-91 € kablo dahil → kıyas dışı)"
Elektrik_AG,324,Harici aydınlatma astronomik zaman rölesi + kontaktör grubu (APP içinde),250.0,161.12,REF-derin,R00872;R00949,"Bursa T2 Haluk 2015 astronomik röle (M+İ) 89,90; Bursa T2 MET 2015 astronomik röle (M+İ) 52,34 → medyan 71,12 + 90 kontaktör grubu (tahmin) = 161,12"
Elektrik_AG,324,Monofaze etanj/gömme topraklı priz (16A),18.0,18.0,TAHMIN (emsal yok),,"Emsal yok (cihaz bazında; Bursa T2/Başkentray ""priz sortisi"" 25-91 € kablo dahil → kıyas dışı)"
Elektrik_AG,324,APP aydınlatma-priz tali panosu (IP65 dahili/harici 3F 25A giriş 8-10 çıkış KAKS 30mA),1200.0,1200.0,TAHMIN (emsal yok),,"Emsal yok (komple tali pano; İzmir Buca TEDAK 2021 tali pano ort. 3.010 € (M) metro/daha büyük, Bursa T2 ""özel saç pano"" yalnız gövde → kıyas dışı)"
Elektrik_AG,324,UPP UPS'ten beslenen aydınlatma-priz/UPS dağıtım panosu (12-13 çıkış RCBO),1500.0,1500.0,TAHMIN (emsal yok),,"Emsal yok (komple tali pano; İzmir Buca TEDAK 2021 tali pano ort. 3.010 € (M) metro/daha büyük, Bursa T2 ""özel saç pano"" yalnız gövde → kıyas dışı)"
Elektrik_AG,324,SK sigorta kutusu (güvenlik kabini 3F 25A 6 çıkış),350.0,350.0,TAHMIN (emsal yok),,"Emsal yok (komple tali pano; İzmir Buca TEDAK 2021 tali pano ort. 3.010 € (M) metro/daha büyük, Bursa T2 ""özel saç pano"" yalnız gövde → kıyas dışı)"
Elektrik_AG,324,UPS akü grubu VRLA 2 saat otonomi (10 kVA tam yük) – 32×12V 100Ah blok (384 V DC) + akü kabini,3150.0,3150.0,TAHMIN (emsal yok),,"Emsal yok (akü refleri 12V 105-150Ah blok: R01952 340,68 / R02124 250,16 (M); 100Ah×32 tam kapasite ~8-11 bin €; fiyat İdare 20 dk ~33Ah kapsamına göre — kalem metni ile not çelişkili, kontrol edilmeli)"
Elektrik_AG,324,"N2XH 3x2,5 mm² aydınlatma-priz linye + sorti kablosu",2.6,1.96,REF-derin,R00685;R00727;R00848;R00901;R00972;R01622;R01802;R01827,"İzmir Buca M. Prysmian 2021 3x2,5 1,30 (M)+%40 montaj+sorti→1,82; İzmir Buca M. Kablo ür. 2021 3x2,5 1,14 (M)+%40 montaj+sorti→1,60; Bursa T2 Delta 2015 3x2,5 1,03 (M)+%40 montaj+sorti→1,44; Bursa T2 Haluk 2015 3x2,5 1,50 (M+İ)+%10 sorti→1,65; Bursa T2 MET 2015 3x2,5 1,91 (M+İ)+%10 sorti→2,10; İzmir Narlıdere M. Uskom 2018 3x2,5 3,35 (M+İ)+%10 sorti→3,69; İzmir Narlıdere M. Uskom 2018 3x2,5 2,11 (M+İ)+%10 sorti→2,32; İzmir Narlıdere M. Uskom 2018 3x2,5 2,60 (M+İ)+%10 sorti→2,86 → medyan 1,96"
Elektrik_AG,324,"N2XH 5x2,5 mm² lineer armatür linyesi",3.5,2.64,REF-derin,R00686;R00849;R00904;R00975,"İzmir Buca M. Prysmian 2021 5x2,5 2,02 (M)+%35 montaj→2,73; Bursa T2 Delta 2015 5x2,5 1,57 (M)+%35 montaj→2,12; Bursa T2 Haluk 2015 5x2,5 2,54; Bursa T2 MET 2015 5x2,5 2,78 → medyan 2,64"
Elektrik_AG,324,Isı büzüşmeli kablo ek/sorti seti + buat (IP66) – yerden armatür beslemeleri,25.0,25.0,TAHMIN (emsal yok),,"Emsal yok (cihaz bazında; Bursa T2/Başkentray ""priz sortisi"" 25-91 € kablo dahil → kıyas dışı)"
Elektrik_AG,325,66W LED direk üstü aydınlatma armatürü (IP65/66 peron),260.0,260.0,TAHMIN (emsal yok),,"Emsal yok (direk üstü peron armatürü; R00490 LED prj ≤100W 274,81 farklı tip)"
Elektrik_AG,325,"Peron aydınlatma direği h=3,5 m galvaniz çift kollu (ankraj dahil – temel inşai)",550.0,389.24,REF-derin(1),R00852;R00934,"Bursa T2 Haluk 2015 poligon direk €/kg (M+İ) 2,48 ×70 kg, +%15 ankraj→199,63; Bursa T2 MET 2015 poligon direk €/kg (M+İ) 3,20 ×70 kg, +%15 ankraj→257,35 → medyan 228,49 ; emsal ağırlık/tip varsayımına bağlı (tek emsal sayıldı) → mevcut 550,00 ile ort. = 389,24"
Elektrik_AG,325,66W LED projektör (IP66),180.0,227.4,REF-derin(1),R00490,"Ankara-Sivas YHT Platin 2019 LED prj ≤100W (M+İ) 274,81 → emsal 274,81 ; tek emsal → mevcut 180,00 ile ort. = 227,40"
Elektrik_AG,325,30W IP65 LED lineer armatür (peron kanopi kenarı),75.0,68.64,REF-derin,R00665;R00488;R00921;R00922;R00988,"İzmir Buca M. Signify 2021 LED38 IP65 etanj 32,28 (M)+%30 montaj→41,96; Ankara-Sivas YHT Platin 2019 20W etanj (M+İ) 47,52 ×1,2 (20→30W)→57,03; Bursa T2 Haluk 2015 23/41W etanj ort. 109,10; Bursa T2 MET 2015 23/41W etanj ort. 80,24 → medyan 68,64"
Elektrik_AG,325,30W IP65 LED turnike üzeri kanopi armatürü (UPS hattı),75.0,68.64,REF-derin,R00665;R00488;R00921;R00922;R00988,"İzmir Buca M. Signify 2021 LED38 IP65 etanj 32,28 (M)+%30 montaj→41,96; Ankara-Sivas YHT Platin 2019 20W etanj (M+İ) 47,52 ×1,2 (20→30W)→57,03; Bursa T2 Haluk 2015 23/41W etanj ort. 109,10; Bursa T2 MET 2015 23/41W etanj ort. 80,24 → medyan 68,64"
Elektrik_AG,325,36W IP65 LED armatür (pano odası + güvenlik kabini),70.0,80.24,REF-derin,R00665;R00921;R00988,"İzmir Buca M. Signify 2021 LED38 IP65 etanj 32,28 (M)+%30 montaj→41,96; Bursa T2 Haluk 2015 41W IP65 etanj (M+İ) 123,99; Bursa T2 MET 2015 41W IP65 etanj (M+İ) 80,24 → medyan 80,24"
Elektrik_AG,325,100W kubbe/kanopi acil aydınlatma armatürü – projede aydınlatma ucu (UPS),220.0,220.0,TAHMIN (emsal yok),,Emsal yok (100W kanopi acil armatür; projektör refi farklı tip)
Elektrik_AG,325,Totem iç aydınlatması besleme ucu (500W),60.0,60.0,TAHMIN (emsal yok),,"Emsal yok (cihaz bazında; Bursa T2/Başkentray ""priz sortisi"" 25-91 € kablo dahil → kıyas dışı)"
Elektrik_AG,325,66W LED armatür – üst geçit / yürüyen merdiven bölgesi,150.0,117.12,REF-derin(1),R00666,"İzmir Buca M. Signify 2021 LED70 IP65 etanj 64,80 (M)+%30 montaj→84,24 → emsal 84,24 ; tek emsal → mevcut 150,00 ile ort. = 117,12"
Elektrik_AG,325,Ortam korumalı (IP55) adi aydınlatma anahtarı,16.0,16.0,TAHMIN (emsal yok),,"Emsal yok (cihaz bazında; Bursa T2/Başkentray ""priz sortisi"" 25-91 € kablo dahil → kıyas dışı)"
Elektrik_AG,325,Harici aydınlatma astronomik zaman rölesi + kontaktör grubu (APP içinde),250.0,161.12,REF-derin,R00872;R00949,"Bursa T2 Haluk 2015 astronomik röle (M+İ) 89,90; Bursa T2 MET 2015 astronomik röle (M+İ) 52,34 → medyan 71,12 + 90 kontaktör grubu (tahmin) = 161,12"
Elektrik_AG,325,Monofaze etanj/gömme topraklı priz (16A),18.0,18.0,TAHMIN (emsal yok),,"Emsal yok (cihaz bazında; Bursa T2/Başkentray ""priz sortisi"" 25-91 € kablo dahil → kıyas dışı)"
Elektrik_AG,325,APP aydınlatma-priz tali panosu (IP65 dahili/harici 3F 25A giriş 8-10 çıkış KAKS 30mA),1200.0,1200.0,TAHMIN (emsal yok),,"Emsal yok (komple tali pano; İzmir Buca TEDAK 2021 tali pano ort. 3.010 € (M) metro/daha büyük, Bursa T2 ""özel saç pano"" yalnız gövde → kıyas dışı)"
Elektrik_AG,325,UPP UPS'ten beslenen aydınlatma-priz/UPS dağıtım panosu (12-13 çıkış RCBO),1500.0,1500.0,TAHMIN (emsal yok),,"Emsal yok (komple tali pano; İzmir Buca TEDAK 2021 tali pano ort. 3.010 € (M) metro/daha büyük, Bursa T2 ""özel saç pano"" yalnız gövde → kıyas dışı)"
Elektrik_AG,325,SK sigorta kutusu (güvenlik kabini 3F 25A 6 çıkış),350.0,350.0,TAHMIN (emsal yok),,"Emsal yok (komple tali pano; İzmir Buca TEDAK 2021 tali pano ort. 3.010 € (M) metro/daha büyük, Bursa T2 ""özel saç pano"" yalnız gövde → kıyas dışı)"
Elektrik_AG,325,UPS akü grubu VRLA 2 saat otonomi (10 kVA tam yük) – 32×12V 100Ah blok (384 V DC) + akü kabini,3150.0,3150.0,TAHMIN (emsal yok),,"Emsal yok (akü refleri 12V 105-150Ah blok: R01952 340,68 / R02124 250,16 (M); 100Ah×32 tam kapasite ~8-11 bin €; fiyat İdare 20 dk ~33Ah kapsamına göre — kalem metni ile not çelişkili, kontrol edilmeli)"
Elektrik_AG,325,"N2XH 3x2,5 mm² aydınlatma-priz linye + sorti kablosu",2.6,1.96,REF-derin,R00685;R00727;R00848;R00901;R00972;R01622;R01802;R01827,"İzmir Buca M. Prysmian 2021 3x2,5 1,30 (M)+%40 montaj+sorti→1,82; İzmir Buca M. Kablo ür. 2021 3x2,5 1,14 (M)+%40 montaj+sorti→1,60; Bursa T2 Delta 2015 3x2,5 1,03 (M)+%40 montaj+sorti→1,44; Bursa T2 Haluk 2015 3x2,5 1,50 (M+İ)+%10 sorti→1,65; Bursa T2 MET 2015 3x2,5 1,91 (M+İ)+%10 sorti→2,10; İzmir Narlıdere M. Uskom 2018 3x2,5 3,35 (M+İ)+%10 sorti→3,69; İzmir Narlıdere M. Uskom 2018 3x2,5 2,11 (M+İ)+%10 sorti→2,32; İzmir Narlıdere M. Uskom 2018 3x2,5 2,60 (M+İ)+%10 sorti→2,86 → medyan 1,96"
Elektrik_AG,325,"N2XH 5x2,5 mm² lineer armatür linyesi",3.5,2.64,REF-derin,R00686;R00849;R00904;R00975,"İzmir Buca M. Prysmian 2021 5x2,5 2,02 (M)+%35 montaj→2,73; Bursa T2 Delta 2015 5x2,5 1,57 (M)+%35 montaj→2,12; Bursa T2 Haluk 2015 5x2,5 2,54; Bursa T2 MET 2015 5x2,5 2,78 → medyan 2,64"
Elektrik_AG,325,Isı büzüşmeli kablo ek/sorti seti + buat (IP66) – yerden armatür beslemeleri,25.0,25.0,TAHMIN (emsal yok),,"Emsal yok (cihaz bazında; Bursa T2/Başkentray ""priz sortisi"" 25-91 € kablo dahil → kıyas dışı)"
Elektrik_AG,326,66W LED direk üstü aydınlatma armatürü (IP65/66 peron),260.0,260.0,TAHMIN (emsal yok),,"Emsal yok (direk üstü peron armatürü; R00490 LED prj ≤100W 274,81 farklı tip)"
Elektrik_AG,326,"Peron aydınlatma direği h=3,5 m galvaniz çift kollu (ankraj dahil – temel inşai)",550.0,389.24,REF-derin(1),R00852;R00934,"Bursa T2 Haluk 2015 poligon direk €/kg (M+İ) 2,48 ×70 kg, +%15 ankraj→199,63; Bursa T2 MET 2015 poligon direk €/kg (M+İ) 3,20 ×70 kg, +%15 ankraj→257,35 → medyan 228,49 ; emsal ağırlık/tip varsayımına bağlı (tek emsal sayıldı) → mevcut 550,00 ile ort. = 389,24"
Elektrik_AG,326,66W LED projektör (IP66),180.0,227.4,REF-derin(1),R00490,"Ankara-Sivas YHT Platin 2019 LED prj ≤100W (M+İ) 274,81 → emsal 274,81 ; tek emsal → mevcut 180,00 ile ort. = 227,40"
Elektrik_AG,326,30W IP65 LED lineer armatür (peron kanopi kenarı),75.0,68.64,REF-derin,R00665;R00488;R00921;R00922;R00988,"İzmir Buca M. Signify 2021 LED38 IP65 etanj 32,28 (M)+%30 montaj→41,96; Ankara-Sivas YHT Platin 2019 20W etanj (M+İ) 47,52 ×1,2 (20→30W)→57,03; Bursa T2 Haluk 2015 23/41W etanj ort. 109,10; Bursa T2 MET 2015 23/41W etanj ort. 80,24 → medyan 68,64"
Elektrik_AG,326,30W IP65 LED turnike üzeri kanopi armatürü (UPS hattı),75.0,68.64,REF-derin,R00665;R00488;R00921;R00922;R00988,"İzmir Buca M. Signify 2021 LED38 IP65 etanj 32,28 (M)+%30 montaj→41,96; Ankara-Sivas YHT Platin 2019 20W etanj (M+İ) 47,52 ×1,2 (20→30W)→57,03; Bursa T2 Haluk 2015 23/41W etanj ort. 109,10; Bursa T2 MET 2015 23/41W etanj ort. 80,24 → medyan 68,64"
Elektrik_AG,326,36W IP65 LED armatür (pano odası + güvenlik kabini),70.0,80.24,REF-derin,R00665;R00921;R00988,"İzmir Buca M. Signify 2021 LED38 IP65 etanj 32,28 (M)+%30 montaj→41,96; Bursa T2 Haluk 2015 41W IP65 etanj (M+İ) 123,99; Bursa T2 MET 2015 41W IP65 etanj (M+İ) 80,24 → medyan 80,24"
Elektrik_AG,326,100W kubbe/kanopi acil aydınlatma armatürü – projede aydınlatma ucu (UPS),220.0,220.0,TAHMIN (emsal yok),,Emsal yok (100W kanopi acil armatür; projektör refi farklı tip)
Elektrik_AG,326,Totem iç aydınlatması besleme ucu (500W),60.0,60.0,TAHMIN (emsal yok),,"Emsal yok (cihaz bazında; Bursa T2/Başkentray ""priz sortisi"" 25-91 € kablo dahil → kıyas dışı)"
Elektrik_AG,326,66W LED armatür – üst geçit / yürüyen merdiven bölgesi,150.0,117.12,REF-derin(1),R00666,"İzmir Buca M. Signify 2021 LED70 IP65 etanj 64,80 (M)+%30 montaj→84,24 → emsal 84,24 ; tek emsal → mevcut 150,00 ile ort. = 117,12"
Elektrik_AG,326,Ortam korumalı (IP55) adi aydınlatma anahtarı,16.0,16.0,TAHMIN (emsal yok),,"Emsal yok (cihaz bazında; Bursa T2/Başkentray ""priz sortisi"" 25-91 € kablo dahil → kıyas dışı)"
Elektrik_AG,326,Harici aydınlatma astronomik zaman rölesi + kontaktör grubu (APP içinde),250.0,161.12,REF-derin,R00872;R00949,"Bursa T2 Haluk 2015 astronomik röle (M+İ) 89,90; Bursa T2 MET 2015 astronomik röle (M+İ) 52,34 → medyan 71,12 + 90 kontaktör grubu (tahmin) = 161,12"
Elektrik_AG,326,Monofaze etanj/gömme topraklı priz (16A),18.0,18.0,TAHMIN (emsal yok),,"Emsal yok (cihaz bazında; Bursa T2/Başkentray ""priz sortisi"" 25-91 € kablo dahil → kıyas dışı)"
Elektrik_AG,326,APP aydınlatma-priz tali panosu (IP65 dahili/harici 3F 25A giriş 8-10 çıkış KAKS 30mA),1200.0,1200.0,TAHMIN (emsal yok),,"Emsal yok (komple tali pano; İzmir Buca TEDAK 2021 tali pano ort. 3.010 € (M) metro/daha büyük, Bursa T2 ""özel saç pano"" yalnız gövde → kıyas dışı)"
Elektrik_AG,326,UPP UPS'ten beslenen aydınlatma-priz/UPS dağıtım panosu (12-13 çıkış RCBO),1500.0,1500.0,TAHMIN (emsal yok),,"Emsal yok (komple tali pano; İzmir Buca TEDAK 2021 tali pano ort. 3.010 € (M) metro/daha büyük, Bursa T2 ""özel saç pano"" yalnız gövde → kıyas dışı)"
Elektrik_AG,326,SK sigorta kutusu (güvenlik kabini 3F 25A 6 çıkış),350.0,350.0,TAHMIN (emsal yok),,"Emsal yok (komple tali pano; İzmir Buca TEDAK 2021 tali pano ort. 3.010 € (M) metro/daha büyük, Bursa T2 ""özel saç pano"" yalnız gövde → kıyas dışı)"
Elektrik_AG,326,UPS akü grubu VRLA 2 saat otonomi (10 kVA tam yük) – 32×12V 100Ah blok (384 V DC) + akü kabini,3150.0,3150.0,TAHMIN (emsal yok),,"Emsal yok (akü refleri 12V 105-150Ah blok: R01952 340,68 / R02124 250,16 (M); 100Ah×32 tam kapasite ~8-11 bin €; fiyat İdare 20 dk ~33Ah kapsamına göre — kalem metni ile not çelişkili, kontrol edilmeli)"
Elektrik_AG,326,"N2XH 3x2,5 mm² aydınlatma-priz linye + sorti kablosu",2.6,1.96,REF-derin,R00685;R00727;R00848;R00901;R00972;R01622;R01802;R01827,"İzmir Buca M. Prysmian 2021 3x2,5 1,30 (M)+%40 montaj+sorti→1,82; İzmir Buca M. Kablo ür. 2021 3x2,5 1,14 (M)+%40 montaj+sorti→1,60; Bursa T2 Delta 2015 3x2,5 1,03 (M)+%40 montaj+sorti→1,44; Bursa T2 Haluk 2015 3x2,5 1,50 (M+İ)+%10 sorti→1,65; Bursa T2 MET 2015 3x2,5 1,91 (M+İ)+%10 sorti→2,10; İzmir Narlıdere M. Uskom 2018 3x2,5 3,35 (M+İ)+%10 sorti→3,69; İzmir Narlıdere M. Uskom 2018 3x2,5 2,11 (M+İ)+%10 sorti→2,32; İzmir Narlıdere M. Uskom 2018 3x2,5 2,60 (M+İ)+%10 sorti→2,86 → medyan 1,96"
Elektrik_AG,326,"N2XH 5x2,5 mm² lineer armatür linyesi",3.5,2.64,REF-derin,R00686;R00849;R00904;R00975,"İzmir Buca M. Prysmian 2021 5x2,5 2,02 (M)+%35 montaj→2,73; Bursa T2 Delta 2015 5x2,5 1,57 (M)+%35 montaj→2,12; Bursa T2 Haluk 2015 5x2,5 2,54; Bursa T2 MET 2015 5x2,5 2,78 → medyan 2,64"
Elektrik_AG,326,Isı büzüşmeli kablo ek/sorti seti + buat (IP66) – yerden armatür beslemeleri,25.0,25.0,TAHMIN (emsal yok),,"Emsal yok (cihaz bazında; Bursa T2/Başkentray ""priz sortisi"" 25-91 € kablo dahil → kıyas dışı)"
Elektrik_AG,327,66W LED direk üstü aydınlatma armatürü (IP65/66 peron),260.0,260.0,TAHMIN (emsal yok),,"Emsal yok (direk üstü peron armatürü; R00490 LED prj ≤100W 274,81 farklı tip)"
Elektrik_AG,327,"Peron aydınlatma direği h=3,5 m galvaniz çift kollu (ankraj dahil – temel inşai)",550.0,389.24,REF-derin(1),R00852;R00934,"Bursa T2 Haluk 2015 poligon direk €/kg (M+İ) 2,48 ×70 kg, +%15 ankraj→199,63; Bursa T2 MET 2015 poligon direk €/kg (M+İ) 3,20 ×70 kg, +%15 ankraj→257,35 → medyan 228,49 ; emsal ağırlık/tip varsayımına bağlı (tek emsal sayıldı) → mevcut 550,00 ile ort. = 389,24"
Elektrik_AG,327,66W LED projektör (IP66),180.0,227.4,REF-derin(1),R00490,"Ankara-Sivas YHT Platin 2019 LED prj ≤100W (M+İ) 274,81 → emsal 274,81 ; tek emsal → mevcut 180,00 ile ort. = 227,40"
Elektrik_AG,327,30W IP65 LED lineer armatür (peron kanopi kenarı),75.0,68.64,REF-derin,R00665;R00488;R00921;R00922;R00988,"İzmir Buca M. Signify 2021 LED38 IP65 etanj 32,28 (M)+%30 montaj→41,96; Ankara-Sivas YHT Platin 2019 20W etanj (M+İ) 47,52 ×1,2 (20→30W)→57,03; Bursa T2 Haluk 2015 23/41W etanj ort. 109,10; Bursa T2 MET 2015 23/41W etanj ort. 80,24 → medyan 68,64"
Elektrik_AG,327,30W IP65 LED turnike üzeri kanopi armatürü (UPS hattı),75.0,68.64,REF-derin,R00665;R00488;R00921;R00922;R00988,"İzmir Buca M. Signify 2021 LED38 IP65 etanj 32,28 (M)+%30 montaj→41,96; Ankara-Sivas YHT Platin 2019 20W etanj (M+İ) 47,52 ×1,2 (20→30W)→57,03; Bursa T2 Haluk 2015 23/41W etanj ort. 109,10; Bursa T2 MET 2015 23/41W etanj ort. 80,24 → medyan 68,64"
Elektrik_AG,327,36W IP65 LED armatür (pano odası + güvenlik kabini),70.0,80.24,REF-derin,R00665;R00921;R00988,"İzmir Buca M. Signify 2021 LED38 IP65 etanj 32,28 (M)+%30 montaj→41,96; Bursa T2 Haluk 2015 41W IP65 etanj (M+İ) 123,99; Bursa T2 MET 2015 41W IP65 etanj (M+İ) 80,24 → medyan 80,24"
Elektrik_AG,327,100W kubbe/kanopi acil aydınlatma armatürü – projede aydınlatma ucu (UPS),220.0,220.0,TAHMIN (emsal yok),,Emsal yok (100W kanopi acil armatür; projektör refi farklı tip)
Elektrik_AG,327,Totem iç aydınlatması besleme ucu (500W),60.0,60.0,TAHMIN (emsal yok),,"Emsal yok (cihaz bazında; Bursa T2/Başkentray ""priz sortisi"" 25-91 € kablo dahil → kıyas dışı)"
Elektrik_AG,327,66W LED armatür – üst geçit / yürüyen merdiven bölgesi,150.0,117.12,REF-derin(1),R00666,"İzmir Buca M. Signify 2021 LED70 IP65 etanj 64,80 (M)+%30 montaj→84,24 → emsal 84,24 ; tek emsal → mevcut 150,00 ile ort. = 117,12"
Elektrik_AG,327,Ortam korumalı (IP55) adi aydınlatma anahtarı,16.0,16.0,TAHMIN (emsal yok),,"Emsal yok (cihaz bazında; Bursa T2/Başkentray ""priz sortisi"" 25-91 € kablo dahil → kıyas dışı)"
Elektrik_AG,327,Harici aydınlatma astronomik zaman rölesi + kontaktör grubu (APP içinde),250.0,161.12,REF-derin,R00872;R00949,"Bursa T2 Haluk 2015 astronomik röle (M+İ) 89,90; Bursa T2 MET 2015 astronomik röle (M+İ) 52,34 → medyan 71,12 + 90 kontaktör grubu (tahmin) = 161,12"
Elektrik_AG,327,Monofaze etanj/gömme topraklı priz (16A),18.0,18.0,TAHMIN (emsal yok),,"Emsal yok (cihaz bazında; Bursa T2/Başkentray ""priz sortisi"" 25-91 € kablo dahil → kıyas dışı)"
Elektrik_AG,327,APP aydınlatma-priz tali panosu (IP65 dahili/harici 3F 25A giriş 8-10 çıkış KAKS 30mA),1200.0,1200.0,TAHMIN (emsal yok),,"Emsal yok (komple tali pano; İzmir Buca TEDAK 2021 tali pano ort. 3.010 € (M) metro/daha büyük, Bursa T2 ""özel saç pano"" yalnız gövde → kıyas dışı)"
Elektrik_AG,327,UPP UPS'ten beslenen aydınlatma-priz/UPS dağıtım panosu (12-13 çıkış RCBO),1500.0,1500.0,TAHMIN (emsal yok),,"Emsal yok (komple tali pano; İzmir Buca TEDAK 2021 tali pano ort. 3.010 € (M) metro/daha büyük, Bursa T2 ""özel saç pano"" yalnız gövde → kıyas dışı)"
Elektrik_AG,327,SK sigorta kutusu (güvenlik kabini 3F 25A 6 çıkış),350.0,350.0,TAHMIN (emsal yok),,"Emsal yok (komple tali pano; İzmir Buca TEDAK 2021 tali pano ort. 3.010 € (M) metro/daha büyük, Bursa T2 ""özel saç pano"" yalnız gövde → kıyas dışı)"
Elektrik_AG,327,UPS akü grubu VRLA 2 saat otonomi (10 kVA tam yük) – 32×12V 100Ah blok (384 V DC) + akü kabini,3150.0,3150.0,TAHMIN (emsal yok),,"Emsal yok (akü refleri 12V 105-150Ah blok: R01952 340,68 / R02124 250,16 (M); 100Ah×32 tam kapasite ~8-11 bin €; fiyat İdare 20 dk ~33Ah kapsamına göre — kalem metni ile not çelişkili, kontrol edilmeli)"
Elektrik_AG,327,"N2XH 3x2,5 mm² aydınlatma-priz linye + sorti kablosu",2.6,1.96,REF-derin,R00685;R00727;R00848;R00901;R00972;R01622;R01802;R01827,"İzmir Buca M. Prysmian 2021 3x2,5 1,30 (M)+%40 montaj+sorti→1,82; İzmir Buca M. Kablo ür. 2021 3x2,5 1,14 (M)+%40 montaj+sorti→1,60; Bursa T2 Delta 2015 3x2,5 1,03 (M)+%40 montaj+sorti→1,44; Bursa T2 Haluk 2015 3x2,5 1,50 (M+İ)+%10 sorti→1,65; Bursa T2 MET 2015 3x2,5 1,91 (M+İ)+%10 sorti→2,10; İzmir Narlıdere M. Uskom 2018 3x2,5 3,35 (M+İ)+%10 sorti→3,69; İzmir Narlıdere M. Uskom 2018 3x2,5 2,11 (M+İ)+%10 sorti→2,32; İzmir Narlıdere M. Uskom 2018 3x2,5 2,60 (M+İ)+%10 sorti→2,86 → medyan 1,96"
Elektrik_AG,327,"N2XH 5x2,5 mm² lineer armatür linyesi",3.5,2.64,REF-derin,R00686;R00849;R00904;R00975,"İzmir Buca M. Prysmian 2021 5x2,5 2,02 (M)+%35 montaj→2,73; Bursa T2 Delta 2015 5x2,5 1,57 (M)+%35 montaj→2,12; Bursa T2 Haluk 2015 5x2,5 2,54; Bursa T2 MET 2015 5x2,5 2,78 → medyan 2,64"
Elektrik_AG,327,Isı büzüşmeli kablo ek/sorti seti + buat (IP66) – yerden armatür beslemeleri,25.0,25.0,TAHMIN (emsal yok),,"Emsal yok (cihaz bazında; Bursa T2/Başkentray ""priz sortisi"" 25-91 € kablo dahil → kıyas dışı)"
Elektrik_AG,328,66W LED direk üstü aydınlatma armatürü (IP65/66 peron),260.0,260.0,TAHMIN (emsal yok),,"Emsal yok (direk üstü peron armatürü; R00490 LED prj ≤100W 274,81 farklı tip)"
Elektrik_AG,328,"Peron aydınlatma direği h=3,5 m galvaniz çift kollu (ankraj dahil – temel inşai)",550.0,389.24,REF-derin(1),R00852;R00934,"Bursa T2 Haluk 2015 poligon direk €/kg (M+İ) 2,48 ×70 kg, +%15 ankraj→199,63; Bursa T2 MET 2015 poligon direk €/kg (M+İ) 3,20 ×70 kg, +%15 ankraj→257,35 → medyan 228,49 ; emsal ağırlık/tip varsayımına bağlı (tek emsal sayıldı) → mevcut 550,00 ile ort. = 389,24"
Elektrik_AG,328,66W LED projektör (IP66),180.0,227.4,REF-derin(1),R00490,"Ankara-Sivas YHT Platin 2019 LED prj ≤100W (M+İ) 274,81 → emsal 274,81 ; tek emsal → mevcut 180,00 ile ort. = 227,40"
Elektrik_AG,328,30W IP65 LED lineer armatür (peron kanopi kenarı),75.0,68.64,REF-derin,R00665;R00488;R00921;R00922;R00988,"İzmir Buca M. Signify 2021 LED38 IP65 etanj 32,28 (M)+%30 montaj→41,96; Ankara-Sivas YHT Platin 2019 20W etanj (M+İ) 47,52 ×1,2 (20→30W)→57,03; Bursa T2 Haluk 2015 23/41W etanj ort. 109,10; Bursa T2 MET 2015 23/41W etanj ort. 80,24 → medyan 68,64"
Elektrik_AG,328,30W IP65 LED turnike üzeri kanopi armatürü (UPS hattı),75.0,68.64,REF-derin,R00665;R00488;R00921;R00922;R00988,"İzmir Buca M. Signify 2021 LED38 IP65 etanj 32,28 (M)+%30 montaj→41,96; Ankara-Sivas YHT Platin 2019 20W etanj (M+İ) 47,52 ×1,2 (20→30W)→57,03; Bursa T2 Haluk 2015 23/41W etanj ort. 109,10; Bursa T2 MET 2015 23/41W etanj ort. 80,24 → medyan 68,64"
Elektrik_AG,328,36W IP65 LED armatür (pano odası + güvenlik kabini),70.0,80.24,REF-derin,R00665;R00921;R00988,"İzmir Buca M. Signify 2021 LED38 IP65 etanj 32,28 (M)+%30 montaj→41,96; Bursa T2 Haluk 2015 41W IP65 etanj (M+İ) 123,99; Bursa T2 MET 2015 41W IP65 etanj (M+İ) 80,24 → medyan 80,24"
Elektrik_AG,328,100W kubbe/kanopi acil aydınlatma armatürü – projede aydınlatma ucu (UPS),220.0,220.0,TAHMIN (emsal yok),,Emsal yok (100W kanopi acil armatür; projektör refi farklı tip)
Elektrik_AG,328,Totem iç aydınlatması besleme ucu (500W),60.0,60.0,TAHMIN (emsal yok),,"Emsal yok (cihaz bazında; Bursa T2/Başkentray ""priz sortisi"" 25-91 € kablo dahil → kıyas dışı)"
Elektrik_AG,328,Ortam korumalı (IP55) adi aydınlatma anahtarı,16.0,16.0,TAHMIN (emsal yok),,"Emsal yok (cihaz bazında; Bursa T2/Başkentray ""priz sortisi"" 25-91 € kablo dahil → kıyas dışı)"
Elektrik_AG,328,Harici aydınlatma astronomik zaman rölesi + kontaktör grubu (APP içinde),250.0,161.12,REF-derin,R00872;R00949,"Bursa T2 Haluk 2015 astronomik röle (M+İ) 89,90; Bursa T2 MET 2015 astronomik röle (M+İ) 52,34 → medyan 71,12 + 90 kontaktör grubu (tahmin) = 161,12"
Elektrik_AG,328,Monofaze etanj/gömme topraklı priz (16A),18.0,18.0,TAHMIN (emsal yok),,"Emsal yok (cihaz bazında; Bursa T2/Başkentray ""priz sortisi"" 25-91 € kablo dahil → kıyas dışı)"
Elektrik_AG,328,APP aydınlatma-priz tali panosu (IP65 dahili/harici 3F 25A giriş 8-10 çıkış KAKS 30mA),1200.0,1200.0,TAHMIN (emsal yok),,"Emsal yok (komple tali pano; İzmir Buca TEDAK 2021 tali pano ort. 3.010 € (M) metro/daha büyük, Bursa T2 ""özel saç pano"" yalnız gövde → kıyas dışı)"
Elektrik_AG,328,UPP UPS'ten beslenen aydınlatma-priz/UPS dağıtım panosu (12-13 çıkış RCBO),1500.0,1500.0,TAHMIN (emsal yok),,"Emsal yok (komple tali pano; İzmir Buca TEDAK 2021 tali pano ort. 3.010 € (M) metro/daha büyük, Bursa T2 ""özel saç pano"" yalnız gövde → kıyas dışı)"
Elektrik_AG,328,SK sigorta kutusu (güvenlik kabini 3F 25A 6 çıkış),350.0,350.0,TAHMIN (emsal yok),,"Emsal yok (komple tali pano; İzmir Buca TEDAK 2021 tali pano ort. 3.010 € (M) metro/daha büyük, Bursa T2 ""özel saç pano"" yalnız gövde → kıyas dışı)"
Elektrik_AG,328,UPS akü grubu VRLA 2 saat otonomi (10 kVA tam yük) – 32×12V 100Ah blok (384 V DC) + akü kabini,3150.0,3150.0,TAHMIN (emsal yok),,"Emsal yok (akü refleri 12V 105-150Ah blok: R01952 340,68 / R02124 250,16 (M); 100Ah×32 tam kapasite ~8-11 bin €; fiyat İdare 20 dk ~33Ah kapsamına göre — kalem metni ile not çelişkili, kontrol edilmeli)"
Elektrik_AG,328,"N2XH 3x2,5 mm² aydınlatma-priz linye + sorti kablosu",2.6,1.96,REF-derin,R00685;R00727;R00848;R00901;R00972;R01622;R01802;R01827,"İzmir Buca M. Prysmian 2021 3x2,5 1,30 (M)+%40 montaj+sorti→1,82; İzmir Buca M. Kablo ür. 2021 3x2,5 1,14 (M)+%40 montaj+sorti→1,60; Bursa T2 Delta 2015 3x2,5 1,03 (M)+%40 montaj+sorti→1,44; Bursa T2 Haluk 2015 3x2,5 1,50 (M+İ)+%10 sorti→1,65; Bursa T2 MET 2015 3x2,5 1,91 (M+İ)+%10 sorti→2,10; İzmir Narlıdere M. Uskom 2018 3x2,5 3,35 (M+İ)+%10 sorti→3,69; İzmir Narlıdere M. Uskom 2018 3x2,5 2,11 (M+İ)+%10 sorti→2,32; İzmir Narlıdere M. Uskom 2018 3x2,5 2,60 (M+İ)+%10 sorti→2,86 → medyan 1,96"
Elektrik_AG,328,"N2XH 5x2,5 mm² lineer armatür linyesi",3.5,2.64,REF-derin,R00686;R00849;R00904;R00975,"İzmir Buca M. Prysmian 2021 5x2,5 2,02 (M)+%35 montaj→2,73; Bursa T2 Delta 2015 5x2,5 1,57 (M)+%35 montaj→2,12; Bursa T2 Haluk 2015 5x2,5 2,54; Bursa T2 MET 2015 5x2,5 2,78 → medyan 2,64"
Elektrik_AG,328,Isı büzüşmeli kablo ek/sorti seti + buat (IP66) – yerden armatür beslemeleri,25.0,25.0,TAHMIN (emsal yok),,"Emsal yok (cihaz bazında; Bursa T2/Başkentray ""priz sortisi"" 25-91 € kablo dahil → kıyas dışı)"
Elektrik_AG,329,D01 – 38W LED armatür (lejantta tanımsız – 60x60 yüksek akı öngörü),65.0,60.38,REF-derin,R00669;R00486;R00924;R00991,"İzmir Buca M. Signify 2021 60x60 LED40 panel 39,45 (M)+%30 montaj→51,28; Ankara-Sivas YHT Platin 2019 60x60 LED 36W (M+İ) 58,24; Bursa T2 Haluk 2015 31W 60x60 (M+İ) 62,52; Bursa T2 MET 2015 31W 60x60 (M+İ) 72,57 → medyan 60,38"
Elektrik_AG,329,D01 – Spot tipi 13W gömme LED armatür (IP54),30.0,27.43,REF-derin,R00668;R00487;R00925;R00992,"İzmir Buca M. Signify 2021 downlight 20W 65,85 (M)+%30, ×0,8 (13W)→68,49; Ankara-Sivas YHT Platin 2019 downlight 24W (M+İ) 35,60 ×0,8 (13W)→28,48; Bursa T2 Haluk 2015 downlight 24W (M+İ) 32,96 ×0,8→26,37; Bursa T2 MET 2015 downlight 24W (M+İ) 30,00 ×0,8→24,00 → medyan 27,43"
Elektrik_AG,329,D01 – 21W LED armatür / 21W ayna üstü LED (IP54),40.0,48.29,REF-derin,R00667;R00488;R00923;R00990,"İzmir Buca M. Signify 2021 LED18 L600 23,45 (M)+%30 montaj→30,48; Ankara-Sivas YHT Platin 2019 20W etanj (M+İ) 47,52; Bursa T2 Haluk 2015 19W etanj (M+İ) 59,38; Bursa T2 MET 2015 19W etanj (M+İ) 49,06 → medyan 48,29"
Elektrik_AG,329,D01 – Sıva üstü 24W ortam korumalı LED armatür (IP65),50.0,54.22,REF-derin,R00667;R00488;R00923;R00990;R00922;R00989,"İzmir Buca M. Signify 2021 LED18 L600 23,45 (M)+%30 montaj→30,48; Ankara-Sivas YHT Platin 2019 20W etanj (M+İ) 47,52; Bursa T2 Haluk 2015 19W etanj (M+İ) 59,38; Bursa T2 MET 2015 19W etanj (M+İ) 49,06; Bursa T2 Haluk 2015 23W etanj (M+İ) 94,22; Bursa T2 MET 2015 23W etanj (M+İ) 80,24 → medyan 54,22"
Elektrik_AG,329,D01 – Acil çıkış / yönlendirme LED armatürü 1x8W (UPS hattı),65.0,68.81,REF-derin,R00905;R00531,"Bursa T2 Haluk 2015 yönlendirme 2 saat (M+İ) 48,57; Başkentray Desat 2012 sürekli acil armatür (M+İ) 89,05 → medyan 68,81"
Elektrik_AG,329,D01 – Kendinden bataryalı acil aydınlatma armatürü (E.L.),75.0,88.54,REF-derin,R00531;R00488;R00489,"Başkentray Desat 2012 acil armatür 3 saat (M+İ) 89,05; Ankara-Sivas YHT Platin 2019 20W etanj 47,52 + acil kit R00489 40,51 → 88,03 → medyan 88,54"
Elektrik_AG,329,D01 – Aydınlatma anahtarı (adi komütatör vaviyen ortam korumalı karışık) + hareket sensörü,20.0,20.0,TAHMIN (emsal yok),,"Emsal yok (cihaz bazında; Bursa T2/Başkentray ""priz sortisi"" 25-91 € kablo dahil → kıyas dışı)"
Elektrik_AG,329,D01 – Monofaze topraklı priz 16A (normal + UPS kırmızı),15.0,15.0,TAHMIN (emsal yok),,"Emsal yok (cihaz bazında; Bursa T2/Başkentray ""priz sortisi"" 25-91 € kablo dahil → kıyas dışı)"
Elektrik_AG,329,D01 – Özel güç prizi / besleme ucu 1F (el kurutma 600W ×2 + 1000W + 1050W ×2),40.0,40.0,TAHMIN (emsal yok),,"Emsal yok (cihaz bazında; Bursa T2/Başkentray ""priz sortisi"" 25-91 € kablo dahil → kıyas dışı)"
Elektrik_AG,329,D01 – Mutfak/ekipman besleme ucu (MP/101 BESLEME UCU),40.0,40.0,TAHMIN (emsal yok),,"Emsal yok (komple tali pano; İzmir Buca TEDAK 2021 tali pano ort. 3.010 € (M) metro/daha büyük, Bursa T2 ""özel saç pano"" yalnız gövde → kıyas dışı)"
Elektrik_AG,329,D01 – TCC ve zayıf akım UPS priz panoları (TCCP/101 ZDUP/101),1500.0,1500.0,TAHMIN (emsal yok),,"Emsal yok (komple tali pano; İzmir Buca TEDAK 2021 tali pano ort. 3.010 € (M) metro/daha büyük, Bursa T2 ""özel saç pano"" yalnız gövde → kıyas dışı)"
Elektrik_AG,329,D01 – Mutfak/besleme ucu panosu MP/101,1000.0,1000.0,TAHMIN (emsal yok),,"Emsal yok (komple tali pano; İzmir Buca TEDAK 2021 tali pano ort. 3.010 € (M) metro/daha büyük, Bursa T2 ""özel saç pano"" yalnız gövde → kıyas dışı)"
Elektrik_AG,329,D01 – N2XH 3x4 mm² aydınlatma linyesi (atölye high-bay),3.3,3.13,REF-derin,R01697;R02744,"İzmir Narlıdere M. Uskom 2018 N2XH 3x4 (M+İ) 2,67; Kabataş-Mahmutbey M. Uskom 2015 N2XH 3x4 (M+İ) 3,60 → medyan 3,13"
Elektrik_AG,329,D01 – N2XH 3x6 mm² aydınlatma linyesi (atölye uzun linyeler),4.5,2.96,REF-derin,R00687;R00850;R00903;R00974,"İzmir Buca M. Prysmian 2021 4x6 3,59 (M)+%35, ×3/4 damar→3,64; Bursa T2 Delta 2015 4x6 2,55 (M)+%35, ×3/4 damar→2,59; Bursa T2 Haluk 2015 4x6 3,51 ×3/4 damar→2,63; Bursa T2 MET 2015 4x6 4,40 ×3/4 damar→3,30 → medyan 2,96"
Elektrik_AG,329,"D01 – N2XH 5x2,5 mm² aydınlatma linyesi",3.5,2.64,REF-derin,R00686;R00849;R00904;R00975,"İzmir Buca M. Prysmian 2021 5x2,5 2,02 (M)+%35 montaj→2,73; Bursa T2 Delta 2015 5x2,5 1,57 (M)+%35 montaj→2,12; Bursa T2 Haluk 2015 5x2,5 2,54; Bursa T2 MET 2015 5x2,5 2,78 → medyan 2,64"
Elektrik_AG,329,"D01 – N2XH 3x2,5 mm² priz linye + sorti",2.6,1.96,REF-derin,R00685;R00727;R00848;R00901;R00972;R01622;R01802;R01827,"İzmir Buca M. Prysmian 2021 3x2,5 1,30 (M)+%40 montaj+sorti→1,82; İzmir Buca M. Kablo ür. 2021 3x2,5 1,14 (M)+%40 montaj+sorti→1,60; Bursa T2 Delta 2015 3x2,5 1,03 (M)+%40 montaj+sorti→1,44; Bursa T2 Haluk 2015 3x2,5 1,50 (M+İ)+%10 sorti→1,65; Bursa T2 MET 2015 3x2,5 1,91 (M+İ)+%10 sorti→2,10; İzmir Narlıdere M. Uskom 2018 3x2,5 3,35 (M+İ)+%10 sorti→3,69; İzmir Narlıdere M. Uskom 2018 3x2,5 2,11 (M+İ)+%10 sorti→2,32; İzmir Narlıdere M. Uskom 2018 3x2,5 2,60 (M+İ)+%10 sorti→2,86 → medyan 1,96"
Elektrik_AG,329,"D01 – N2XH-FE180 3x2,5 mm² UPS priz linye + sorti",3.5,3.92,REF-derin,R02988;R01756,"Pendik-Kaynarca M. YM 2022 NHXMH FE180 3x2,5 3,35 (M)+%40 montaj+sorti→4,69; İzmir Narlıdere M. Uskom 2018 FE180 2x2,5 (M+İ) 2,05 ×1,4 (3 damar), +%10 sorti→3,15 → medyan 3,92"
Elektrik_AG,329,D01 – N2XH-FE180 3x6 mm² özel priz linyesi,5.8,3.96,REF-derin,R00691;R00687;R00903;R00974,"İzmir Buca M. Prysmian 2021 FE180 4x10 6,45 (M)+%25, ×18/40 Cu→3,63; İzmir Buca M. Prysmian 2021 N2XH 4x6 3,59 (M)+%35, ×3/4 damar, +%30 FE180→4,73; Bursa T2 Haluk 2015 N2XH 4x6 3,51 ×3/4, +%30 FE180→3,42; Bursa T2 MET 2015 N2XH 4x6 4,40 ×3/4, +%30 FE180→4,29 → medyan 3,96"
Elektrik_AG,329,"D01 – N2XH 3x2,5 mm² besleme ucu linyesi (MP/101)",2.6,1.96,REF-derin,R00685;R00727;R00848;R00901;R00972;R01622;R01802;R01827,"İzmir Buca M. Prysmian 2021 3x2,5 1,30 (M)+%40 montaj+sorti→1,82; İzmir Buca M. Kablo ür. 2021 3x2,5 1,14 (M)+%40 montaj+sorti→1,60; Bursa T2 Delta 2015 3x2,5 1,03 (M)+%40 montaj+sorti→1,44; Bursa T2 Haluk 2015 3x2,5 1,50 (M+İ)+%10 sorti→1,65; Bursa T2 MET 2015 3x2,5 1,91 (M+İ)+%10 sorti→2,10; İzmir Narlıdere M. Uskom 2018 3x2,5 3,35 (M+İ)+%10 sorti→3,69; İzmir Narlıdere M. Uskom 2018 3x2,5 2,11 (M+İ)+%10 sorti→2,32; İzmir Narlıdere M. Uskom 2018 3x2,5 2,60 (M+İ)+%10 sorti→2,86 → medyan 1,96"
Elektrik_AG,329,D01 – Aktif paratoner (yakalama ucu + 6 m direk + iniş iletkeni 50 mm² Cu ~2×20 m + test klemensi + elektrot),3500.0,3500.0,TAHMIN (emsal yok),,Emsal yok (paratoner/YKS seti; Kocaeli T. TM topraklama+YKS 7.537 götürü kıyas dışı)
Elektrik_AG,329,D02 – Sıva üstü 30W IP65 LED armatür,60.0,68.64,REF-derin,R00665;R00488;R00921;R00922;R00988,"İzmir Buca M. Signify 2021 LED38 IP65 etanj 32,28 (M)+%30 montaj→41,96; Ankara-Sivas YHT Platin 2019 20W etanj (M+İ) 47,52 ×1,2 (20→30W)→57,03; Bursa T2 Haluk 2015 23/41W etanj ort. 109,10; Bursa T2 MET 2015 23/41W etanj ort. 80,24 → medyan 68,64"
Elektrik_AG,329,D02 – 60W LED armatür/projektör (harici veya galeri),140.0,207.4,REF-derin(1),R00490,"Ankara-Sivas YHT Platin 2019 LED prj ≤100W (M+İ) 274,81 → emsal 274,81 ; tek emsal → mevcut 140,00 ile ort. = 207,40"
Elektrik_AG,329,D02 – Acil çıkış yönlendirme LED 1x8W,65.0,68.81,REF-derin,R00905;R00531,"Bursa T2 Haluk 2015 yönlendirme 2 saat (M+İ) 48,57; Başkentray Desat 2012 sürekli acil armatür (M+İ) 89,05 → medyan 68,81"
Elektrik_AG,329,D02 – Monofaze topraklı priz 16A,15.0,15.0,TAHMIN (emsal yok),,"Emsal yok (cihaz bazında; Bursa T2/Başkentray ""priz sortisi"" 25-91 € kablo dahil → kıyas dışı)"
Elektrik_AG,329,D02 – Trifaze priz / kombine priz kutusu (4x4 mm² linye),90.0,90.0,TAHMIN (emsal yok),,"Emsal yok (cihaz bazında; Bursa T2/Başkentray ""priz sortisi"" 25-91 € kablo dahil → kıyas dışı)"
Elektrik_AG,329,D02 – Ortam korumalı anahtar,16.0,16.0,TAHMIN (emsal yok),,"Emsal yok (cihaz bazında; Bursa T2/Başkentray ""priz sortisi"" 25-91 € kablo dahil → kıyas dışı)"
Elektrik_AG,329,D02 – APP aydınlatma-priz panosu T09/APP/001 (IP54),1200.0,1200.0,TAHMIN (emsal yok),,"Emsal yok (komple tali pano; İzmir Buca TEDAK 2021 tali pano ort. 3.010 € (M) metro/daha büyük, Bursa T2 ""özel saç pano"" yalnız gövde → kıyas dışı)"
Elektrik_AG,329,D02 – AUP UPS aydınlatma panosu,1200.0,1200.0,TAHMIN (emsal yok),,"Emsal yok (komple tali pano; İzmir Buca TEDAK 2021 tali pano ort. 3.010 € (M) metro/daha büyük, Bursa T2 ""özel saç pano"" yalnız gövde → kıyas dışı)"
Elektrik_AG,329,"D02 – N2XH 3x2,5 linye + sorti (aydınlatma+priz)",2.6,1.96,REF-derin,R00685;R00727;R00848;R00901;R00972;R01622;R01802;R01827,"İzmir Buca M. Prysmian 2021 3x2,5 1,30 (M)+%40 montaj+sorti→1,82; İzmir Buca M. Kablo ür. 2021 3x2,5 1,14 (M)+%40 montaj+sorti→1,60; Bursa T2 Delta 2015 3x2,5 1,03 (M)+%40 montaj+sorti→1,44; Bursa T2 Haluk 2015 3x2,5 1,50 (M+İ)+%10 sorti→1,65; Bursa T2 MET 2015 3x2,5 1,91 (M+İ)+%10 sorti→2,10; İzmir Narlıdere M. Uskom 2018 3x2,5 3,35 (M+İ)+%10 sorti→3,69; İzmir Narlıdere M. Uskom 2018 3x2,5 2,11 (M+İ)+%10 sorti→2,32; İzmir Narlıdere M. Uskom 2018 3x2,5 2,60 (M+İ)+%10 sorti→2,86 → medyan 1,96"
Elektrik_AG,329,D02 – N2XH 4x4 priz linyesi,4.0,3.33,REF-derin,R00687;R00850;R00903;R00974;R01697;R02744,"İzmir Buca M. Prysmian 2021 4x6 3,59 (M)+%35, ×0,72 Cu(4x4/4x6)→3,49; Bursa T2 Delta 2015 4x6 2,55 (M)+%35, ×0,72 Cu→2,48; Bursa T2 Haluk 2015 4x6 3,51 ×0,72 Cu→2,52; Bursa T2 MET 2015 4x6 4,40 ×0,72 Cu→3,17; İzmir Narlıdere M. Uskom 2018 3x4 2,67 ×4/3 damar→3,56; Kabataş-Mahmutbey M. Uskom 2015 3x4 3,60 ×4/3 damar→4,80 → medyan 3,33"
Elektrik_AG,329,D02 – Yıldırımdan korunma tesisatı (çatı ağı/yakalama ucu + iniş iletkenleri),3000.0,3000.0,TAHMIN (emsal yok),,Emsal yok (paratoner/YKS seti; Kocaeli T. TM topraklama+YKS 7.537 götürü kıyas dışı)
Elektrik_AG,329,D03 – Sıva üstü 30W ortam korumalı LED armatür (IP65),60.0,68.64,REF-derin,R00665;R00488;R00921;R00922;R00988,"İzmir Buca M. Signify 2021 LED38 IP65 etanj 32,28 (M)+%30 montaj→41,96; Ankara-Sivas YHT Platin 2019 20W etanj (M+İ) 47,52 ×1,2 (20→30W)→57,03; Bursa T2 Haluk 2015 23/41W etanj ort. 109,10; Bursa T2 MET 2015 23/41W etanj ort. 80,24 → medyan 68,64"
Elektrik_AG,329,"D03 – Anahtar 4 (3 mahal, yıkama holü 2) + kendinden bataryalı acil armatür 4 (dış kapılar)",45.0,48.64,REF-derin(1),R00531;R00488;R00489,"Karışık kalem (acil armatür (REF) + anahtar 16 (tahmin) eşit pay): acil=88,54 + 16,00 (tahmin) → 52,27; dağılım belirsiz → mevcut 45,00 ile ort. = 48,64. Emsaller: acil: Başkentray Desat 2012 acil armatür 3 saat (M+İ) 89,05; Ankara-Sivas YHT Platin 2019 20W etanj 47,52 + acil kit R00489 40,51 → 88,03 → medyan 88,54"
Elektrik_AG,329,D03 – Monofaze etanj priz,18.0,18.0,TAHMIN (emsal yok),,"Emsal yok (cihaz bazında; Bursa T2/Başkentray ""priz sortisi"" 25-91 € kablo dahil → kıyas dışı)"
Elektrik_AG,329,D03 – Trifaze/kombine priz kutusu (yıkama alanı IP67),150.0,150.0,TAHMIN (emsal yok),,"Emsal yok (cihaz bazında; Bursa T2/Başkentray ""priz sortisi"" 25-91 € kablo dahil → kıyas dışı)"
Elektrik_AG,329,"D03 – N2XH 3x2,5 / 5x2,5 linye + sorti",3.0,2.39,REF-derin,R00685;R00727;R00848;R00901;R00972;R01622;R01802;R01827;R00686;R00849;R00904;R00975,"Karışık kalem (3x2,5/5x2,5 eşit pay): N2XH3x2.5_sorti=1,96 + N2XH5x2.5_sorti=2,81 → 2,39. Emsaller: N2XH3x2.5_sorti [R00685;R00727;R00848;R00901;R00972;R01622;R01802;R01827] 1,96 | N2XH5x2.5_sorti [R00686;R00849;R00904;R00975] 2,81"
Elektrik_AG,329,D05 – Lineer etanj/sıva üstü LED armatür (depo holleri),60.0,68.64,REF-derin,R00665;R00488;R00921;R00922;R00988,"İzmir Buca M. Signify 2021 LED38 IP65 etanj 32,28 (M)+%30 montaj→41,96; Ankara-Sivas YHT Platin 2019 20W etanj (M+İ) 47,52 ×1,2 (20→30W)→57,03; Bursa T2 Haluk 2015 23/41W etanj ort. 109,10; Bursa T2 MET 2015 23/41W etanj ort. 80,24 → medyan 68,64"
Elektrik_AG,329,D05 – 60x60 LED panel + spot (idari çekirdek WC soyunma),45.0,43.9,REF-derin,R00669;R00486;R00924;R00991;R00668;R00487;R00925;R00992,"Karışık kalem (panel/spot eşit pay): panel60=60,38 + spot13=27,43 → 43,90. Emsaller: panel60 [R00669;R00486;R00924;R00991] 60,38 | spot13 [R00668;R00487;R00925;R00992] 27,43"
Elektrik_AG,329,"D05 – Acil kitli armatür (E.L., yukarıdaki armatürlere entegre batarya kiti) + acil çıkış 1x8W",70.0,54.66,REF-derin,R00489;R00905;R00531,"Karışık kalem (acil kit / 1x8W yönlendirme eşit pay): acilkit=40,51 + exit=68,81 → 54,66. Emsaller: acilkit [R00489] 40,51 | exit [R00905;R00531] 68,81"
Elektrik_AG,329,D05 – Anahtar (adi/ortam korumalı/komütatör),16.0,16.0,TAHMIN (emsal yok),,"Emsal yok (cihaz bazında; Bursa T2/Başkentray ""priz sortisi"" 25-91 € kablo dahil → kıyas dışı)"
Elektrik_AG,329,D05 – Monofaze/etanj priz + kombine priz,25.0,25.0,TAHMIN (emsal yok),,"Emsal yok (cihaz bazında; Bursa T2/Başkentray ""priz sortisi"" 25-91 € kablo dahil → kıyas dışı)"
Elektrik_AG,329,D05 – APP/Z01 + AUP/Z01 tali panolar,1300.0,1300.0,TAHMIN (emsal yok),,"Emsal yok (komple tali pano; İzmir Buca TEDAK 2021 tali pano ort. 3.010 € (M) metro/daha büyük, Bursa T2 ""özel saç pano"" yalnız gövde → kıyas dışı)"
Elektrik_AG,329,"D05 – N2XH 3x2,5 (+FE180) linye + sorti",2.8,2.45,REF-derin,R00685;R00727;R00848;R00901;R00972;R01622;R01802;R01827;R02988;R01756,"Karışık kalem (FE180 payı ~%25 varsayım): N2XH3x2.5_sorti=1,96 + FE3x2.5_sorti=3,92 → 2,45. Emsaller: N2XH3x2.5_sorti [R00685;R00727;R00848;R00901;R00972;R01622;R01802;R01827] 1,96 | FE3x2.5_sorti [R02988;R01756] 3,92"
Elektrik_AG,329,D06 – Sıva üstü 30W ortam korumalı LED armatür (IP65),60.0,68.64,REF-derin,R00665;R00488;R00921;R00922;R00988,"İzmir Buca M. Signify 2021 LED38 IP65 etanj 32,28 (M)+%30 montaj→41,96; Ankara-Sivas YHT Platin 2019 20W etanj (M+İ) 47,52 ×1,2 (20→30W)→57,03; Bursa T2 Haluk 2015 23/41W etanj ort. 109,10; Bursa T2 MET 2015 23/41W etanj ort. 80,24 → medyan 68,64"
Elektrik_AG,329,D06 – Kendinden bataryalı acil armatür + ortam korumalı anahtar,45.0,48.64,REF-derin(1),R00531;R00488;R00489,"Karışık kalem (acil armatür (REF) + anahtar 16 (tahmin) eşit pay): acil=88,54 + 16,00 (tahmin) → 52,27; dağılım belirsiz → mevcut 45,00 ile ort. = 48,64. Emsaller: acil: Başkentray Desat 2012 acil armatür 3 saat (M+İ) 89,05; Ankara-Sivas YHT Platin 2019 20W etanj 47,52 + acil kit R00489 40,51 → 88,03 → medyan 88,54"
Elektrik_AG,329,D06 – Monofaze etanj priz,18.0,18.0,TAHMIN (emsal yok),,"Emsal yok (cihaz bazında; Bursa T2/Başkentray ""priz sortisi"" 25-91 € kablo dahil → kıyas dışı)"
Elektrik_AG,329,D06 – D06-SDP-001 aydınlatma-priz + mekanik tali panosu,2500.0,2500.0,TAHMIN (emsal yok),,"Emsal yok (komple tali pano; İzmir Buca TEDAK 2021 tali pano ort. 3.010 € (M) metro/daha büyük, Bursa T2 ""özel saç pano"" yalnız gövde → kıyas dışı)"
Elektrik_AG,329,"D06 – NHXMH/N2XH 3x2,5 linye + sorti",2.6,1.96,REF-derin,R00685;R00727;R00848;R00901;R00972;R01622;R01802;R01827,"İzmir Buca M. Prysmian 2021 3x2,5 1,30 (M)+%40 montaj+sorti→1,82; İzmir Buca M. Kablo ür. 2021 3x2,5 1,14 (M)+%40 montaj+sorti→1,60; Bursa T2 Delta 2015 3x2,5 1,03 (M)+%40 montaj+sorti→1,44; Bursa T2 Haluk 2015 3x2,5 1,50 (M+İ)+%10 sorti→1,65; Bursa T2 MET 2015 3x2,5 1,91 (M+İ)+%10 sorti→2,10; İzmir Narlıdere M. Uskom 2018 3x2,5 3,35 (M+İ)+%10 sorti→3,69; İzmir Narlıdere M. Uskom 2018 3x2,5 2,11 (M+İ)+%10 sorti→2,32; İzmir Narlıdere M. Uskom 2018 3x2,5 2,60 (M+İ)+%10 sorti→2,86 → medyan 1,96"
Elektrik_AG,329,D07 – 13W LED armatür (60x60/spot),35.0,27.43,REF-derin,R00668;R00487;R00925;R00992,"İzmir Buca M. Signify 2021 downlight 20W 65,85 (M)+%30, ×0,8 (13W)→68,49; Ankara-Sivas YHT Platin 2019 downlight 24W (M+İ) 35,60 ×0,8 (13W)→28,48; Bursa T2 Haluk 2015 downlight 24W (M+İ) 32,96 ×0,8→26,37; Bursa T2 MET 2015 downlight 24W (M+İ) 30,00 ×0,8→24,00 → medyan 27,43"
Elektrik_AG,329,D07 – 30W LED armatür,60.0,68.64,REF-derin,R00665;R00488;R00921;R00922;R00988,"İzmir Buca M. Signify 2021 LED38 IP65 etanj 32,28 (M)+%30 montaj→41,96; Ankara-Sivas YHT Platin 2019 20W etanj (M+İ) 47,52 ×1,2 (20→30W)→57,03; Bursa T2 Haluk 2015 23/41W etanj ort. 109,10; Bursa T2 MET 2015 23/41W etanj ort. 80,24 → medyan 68,64"
Elektrik_AG,329,D07 – Monofaze priz,15.0,15.0,TAHMIN (emsal yok),,"Emsal yok (cihaz bazında; Bursa T2/Başkentray ""priz sortisi"" 25-91 € kablo dahil → kıyas dışı)"
Elektrik_AG,329,D07 – Anahtar + acil armatür,45.0,48.64,REF-derin(1),R00531;R00488;R00489,"Karışık kalem (acil armatür (REF) + anahtar 16 (tahmin) eşit pay): acil=88,54 + 16,00 (tahmin) → 52,27; dağılım belirsiz → mevcut 45,00 ile ort. = 48,64. Emsaller: acil: Başkentray Desat 2012 acil armatür 3 saat (M+İ) 89,05; Ankara-Sivas YHT Platin 2019 20W etanj 47,52 + acil kit R00489 40,51 → 88,03 → medyan 88,54"
Elektrik_AG,329,D07 – APP aydınlatma-priz panosu D07-APP-001,800.0,800.0,TAHMIN (emsal yok),,"Emsal yok (komple tali pano; İzmir Buca TEDAK 2021 tali pano ort. 3.010 € (M) metro/daha büyük, Bursa T2 ""özel saç pano"" yalnız gövde → kıyas dışı)"
Elektrik_AG,329,"D07 – NHXMH 3x2,5 linye + sorti",2.6,1.96,REF-derin,R00685;R00727;R00848;R00901;R00972;R01622;R01802;R01827,"İzmir Buca M. Prysmian 2021 3x2,5 1,30 (M)+%40 montaj+sorti→1,82; İzmir Buca M. Kablo ür. 2021 3x2,5 1,14 (M)+%40 montaj+sorti→1,60; Bursa T2 Delta 2015 3x2,5 1,03 (M)+%40 montaj+sorti→1,44; Bursa T2 Haluk 2015 3x2,5 1,50 (M+İ)+%10 sorti→1,65; Bursa T2 MET 2015 3x2,5 1,91 (M+İ)+%10 sorti→2,10; İzmir Narlıdere M. Uskom 2018 3x2,5 3,35 (M+İ)+%10 sorti→3,69; İzmir Narlıdere M. Uskom 2018 3x2,5 2,11 (M+İ)+%10 sorti→2,32; İzmir Narlıdere M. Uskom 2018 3x2,5 2,60 (M+İ)+%10 sorti→2,86 → medyan 1,96"
Elektrik_AG,330,"Direk dibi sigorta/klemens kutusu IP66 (projektör başı otomatik sigorta, U klemens)",60.0,60.0,TAHMIN (emsal yok),,"Emsal yok (cihaz bazında; Bursa T2/Başkentray ""priz sortisi"" 25-91 € kablo dahil → kıyas dışı)"
Elektrik_AG,330,ÇAP101 çevre aydınlatma panosu (IP66 astronomik zaman rölesi kontaktör RCBO),2500.0,2500.0,TAHMIN (emsal yok),,"Emsal yok (komple tali pano; İzmir Buca TEDAK 2021 tali pano ort. 3.010 € (M) metro/daha büyük, Bursa T2 ""özel saç pano"" yalnız gövde → kıyas dışı)"
Elektrik_AG,330,"Bakır topraklama çubuğu 1,5 m (her direkte 1)",90.0,66.92,REF-derin,R00793;R00916;R00984,"İzmir Buca M. ESCO 2021 Cu Ø20x3,5 m 119,71 (M) ×1,5/3,5 boy +%30 çakma→66,92; Bursa T2 Haluk 2015 Cu Ø20x3,5 m (M+İ) 152,81 ×1,5/3,5 boy→65,71; Bursa T2 MET 2015 Cu Ø20x3,5 m (M+İ) 168,23 ×1,5/3,5 boy→72,34 → medyan 66,92"
Elektrik_AG,330,Dikkat Ölüm Tehlikesi levhası,8.0,8.0,TAHMIN (emsal yok),,"Emsal yok (cihaz bazında; Bursa T2/Başkentray ""priz sortisi"" 25-91 € kablo dahil → kıyas dışı)"
Elektrik_AG,331,60W LED armatür/projektör (bina dışı),140.0,207.4,REF-derin(1),R00490,"Ankara-Sivas YHT Platin 2019 LED prj ≤100W (M+İ) 274,81 → emsal 274,81 ; tek emsal → mevcut 140,00 ile ort. = 207,40"
Elektrik_AG,331,Acil çıkış yönlendirme LED 1x8W,65.0,68.81,REF-derin,R00905;R00531,"Bursa T2 Haluk 2015 yönlendirme 2 saat (M+İ) 48,57; Başkentray Desat 2012 sürekli acil armatür (M+İ) 89,05 → medyan 68,81"
Elektrik_AG,331,Kendinden bataryalı acil aydınlatma armatürü,75.0,88.54,REF-derin,R00531;R00488;R00489,"Başkentray Desat 2012 acil armatür 3 saat (M+İ) 89,05; Ankara-Sivas YHT Platin 2019 20W etanj 47,52 + acil kit R00489 40,51 → 88,03 → medyan 88,54"
Elektrik_AG,331,Ortam korumalı anahtar,16.0,16.0,TAHMIN (emsal yok),,"Emsal yok (cihaz bazında; Bursa T2/Başkentray ""priz sortisi"" 25-91 € kablo dahil → kıyas dışı)"
Elektrik_AG,331,Monofaze topraklı priz 16A,15.0,15.0,TAHMIN (emsal yok),,"Emsal yok (cihaz bazında; Bursa T2/Başkentray ""priz sortisi"" 25-91 € kablo dahil → kıyas dışı)"
Elektrik_AG,331,Trifaze/kombine priz kutusu (4x4 linye),90.0,90.0,TAHMIN (emsal yok),,"Emsal yok (cihaz bazında; Bursa T2/Başkentray ""priz sortisi"" 25-91 € kablo dahil → kıyas dışı)"
Elektrik_AG,331,UPS prizi (elektronik ekipman odası),18.0,18.0,TAHMIN (emsal yok),,"Emsal yok (cihaz bazında; Bursa T2/Başkentray ""priz sortisi"" 25-91 € kablo dahil → kıyas dışı)"
Elektrik_AG,331,"N2XH 3x2,5 aydınlatma+priz linye + sorti",2.6,1.96,REF-derin,R00685;R00727;R00848;R00901;R00972;R01622;R01802;R01827,"İzmir Buca M. Prysmian 2021 3x2,5 1,30 (M)+%40 montaj+sorti→1,82; İzmir Buca M. Kablo ür. 2021 3x2,5 1,14 (M)+%40 montaj+sorti→1,60; Bursa T2 Delta 2015 3x2,5 1,03 (M)+%40 montaj+sorti→1,44; Bursa T2 Haluk 2015 3x2,5 1,50 (M+İ)+%10 sorti→1,65; Bursa T2 MET 2015 3x2,5 1,91 (M+İ)+%10 sorti→2,10; İzmir Narlıdere M. Uskom 2018 3x2,5 3,35 (M+İ)+%10 sorti→3,69; İzmir Narlıdere M. Uskom 2018 3x2,5 2,11 (M+İ)+%10 sorti→2,32; İzmir Narlıdere M. Uskom 2018 3x2,5 2,60 (M+İ)+%10 sorti→2,86 → medyan 1,96"
Elektrik_AG,331,N2XH 4x4 priz linyesi,4.0,3.33,REF-derin,R00687;R00850;R00903;R00974;R01697;R02744,"İzmir Buca M. Prysmian 2021 4x6 3,59 (M)+%35, ×0,72 Cu(4x4/4x6)→3,49; Bursa T2 Delta 2015 4x6 2,55 (M)+%35, ×0,72 Cu→2,48; Bursa T2 Haluk 2015 4x6 3,51 ×0,72 Cu→2,52; Bursa T2 MET 2015 4x6 4,40 ×0,72 Cu→3,17; İzmir Narlıdere M. Uskom 2018 3x4 2,67 ×4/3 damar→3,56; Kabataş-Mahmutbey M. Uskom 2015 3x4 3,60 ×4/3 damar→4,80 → medyan 3,33"
Elektrik_AG,332,Hatboyu aydınlatma – hat ekseninden ödeme uzunluğu,0.0,0.0,TAHMIN (emsal yok),,"Bilgi satırı, fiyat 0 (bileşenler ayrı)"
Elektrik_AG,332,Dikkat Ölüm Tehlikesi direk levhası,8.0,8.0,TAHMIN (emsal yok),,"Emsal yok (cihaz bazında; Bursa T2/Başkentray ""priz sortisi"" 25-91 € kablo dahil → kıyas dışı)"
Elektrik_AG,333,Hat trafo binaları yangın algılama projeleri (T00 ×4),3000.0,3000.0,TAHMIN (emsal yok),,Emsal yok (mühendislik/doküman)
Elektrik_AG,333,"Tasarım el kitapları, dokümantasyon ve as-built",4000.0,4000.0,TAHMIN (emsal yok),,Emsal yok (mühendislik/doküman)
Elektrik_AG,334,Adresli yangın alarm paneli 1-2 loop (akülü 24V) + network kartı,4200.0,2083.07,REF-derin,R00783;R00906;R01077;R00784,"İzmir Buca M. NEV 2021 Vigilon 1-2 loop+network 1.163,68 (M)+%25 montaj→1.454,61; Bursa T2 Haluk 2015 1 çevrim panel (M+İ) 1.751,29; Kocaeli T. Sekaray 2015 adresli panel 128 bölge 3.379,49; İzmir Buca M. NEV 2021 Vigilon 1-4 loop 1.931,88 (M)+%25 montaj→2.414,85 → medyan 2.083,07"
Elektrik_AG,334,Optik duman dedektörü (adresli),36.39,38.73,REF-derin,R01078;R00908;R00977;R00741;R00776,"Kocaeli T. Sekaray 2015 adresli optik 36,39; Bursa T2 Haluk 2015 adresli optik (M+İ) 38,73; Bursa T2 MET 2015 adresli optik (M+İ) 39,83; İzmir Buca M. EEC 2021 SIGA-PDI optik 36,95 (M)+%30 montaj→48,04; İzmir Buca M. NEV 2021 S-Quad optik 26,33 (M)+%30 montaj→34,23 → medyan 38,73"
Elektrik_AG,334,Isı dedektörü (adresli),38.0,35.89,REF-derin,R00777;R00743,"İzmir Buca M. NEV 2021 ısı sensörü 22,97 (M)+%30 montaj→29,86; İzmir Buca M. EEC 2021 SIGA-HRDI ısı 32,24 (M)+%30 montaj→41,92 → medyan 35,89"
Elektrik_AG,334,Işın tipi duman dedektörü (alıcı-verici) – peron kanopisi altı,569.42,814.66,REF-derin,R00745;R00782;R00927;R01082,"İzmir Buca M. EEC 2021 OSID alıcı+verici 569,42 (M)+%30 montaj→740,24; İzmir Buca M. NEV 2021 beam 8-100 m 294,04 (M)+%30 montaj→382,26; Bursa T2 Haluk 2015 Fireray reflektörlü (M+İ) 889,07; Kocaeli T. Sekaray 2015 Fireray 5-50 m 1.455,78 → medyan 814,66"
Elektrik_AG,334,Yangın ihbar butonu (adresli IP67 harici),65.0,64.58,REF-derin,R00744;R01080;R00910;R00979;R00780,"İzmir Buca M. EEC 2021 WCP3A harici buton 89,56 (M)+%30 (harici)→116,43; Kocaeli T. Sekaray 2015 cam kırma buton 119,58; Bursa T2 Haluk 2015 adresli buton (M+İ) 38,25 +%40 IP67→53,54; Bursa T2 MET 2015 adresli buton (M+İ) 42,68 +%40 IP67→59,75; İzmir Buca M. NEV 2021 Vigilon buton 35,48 (M)+%30, +%40 IP67→64,58 → medyan 64,58"
Elektrik_AG,334,Flaşörlü siren (adresli harici IP65),60.0,62.39,REF-derin,R00781;R00749;R00911;R00980;R01081,"İzmir Buca M. NEV 2021 sounder beacon IP65 60,04 (M)+%30 montaj→78,05; İzmir Buca M. EEC 2021 flaşörlü siren IP65 31,32 (M)+%30 montaj→40,72; Bursa T2 Haluk 2015 harici flaşörlü siren (M+İ) 56,76; Bursa T2 MET 2015 harici flaşörlü siren (M+İ) 150,94; Kocaeli T. Sekaray 2015 elektronik siren 106 dB 62,39 → medyan 62,39"
Elektrik_AG,334,Giriş-çıkış modülü IOM,60.0,68.42,REF-derin,R00779;R00746;R00747;R00912;R00913;R00981;R00982,"İzmir Buca M. NEV 2021 IOM 1G/1Ç 39,24 (M)+%30 montaj→51,01; İzmir Buca M. EEC 2021 SIGA-CT2I 29,27 (M)+%30 montaj→38,06; İzmir Buca M. EEC 2021 SIGA-CRI röle 31,01 (M)+%30 montaj→40,32; Bursa T2 Haluk 2015 röle modülü (M+İ) 80,64; Bursa T2 Haluk 2015 kontak izleme (M+İ) 80,64; Bursa T2 MET 2015 röle modülü (M+İ) 80,33; Bursa T2 MET 2015 kontak izleme (M+İ) 68,42 → medyan 68,42"
Elektrik_AG,334,İzolatör modülü,35.0,35.0,TAHMIN (emsal yok),,Emsal yok (veride eşdeğer kalem yok)
Elektrik_AG,334,"Yangına dayanıklı çevrim kablosu JE-H(St)H FE180 2x2x0,8",2.2,2.22,REF-derin,R02948;R01664;R02657;R03096,"Pendik-Kaynarca M. YM 2022 HBAPH FE180 2x2x0,6 1,93 (M)+%35 montaj→2,61; İzmir Narlıdere M. Uskom 2018 FE180 2x2x0,6 (M+İ) 1,86; Kabataş-Mahmutbey M. Uskom 2015 FE180 2x2x0,6 (M+İ) 1,65; SAGE bina YM 2018 JE-H(St)H FE180 1x2x1,5 (M+İ) 2,59 → medyan 2,22"
Elektrik_AG,334,"Siren ve ışın dedektörü 24V besleme N2XH FE180 2x1,5",2.4,1.8,REF-derin,R01755;R02959,"İzmir Narlıdere M. Uskom 2018 FE180 2x1,5 (M+İ) 1,68; Pendik-Kaynarca M. YM 2022 LIHCHRH FE180 2x1,5 1,42 (M)+%35 montaj→1,92 → medyan 1,80"
Elektrik_AG,334,HF spiral boru / kroşe / harici HDPE koruma,2.0,1.97,REF-derin,R02661;R02746,"Kabataş-Mahmutbey M. Uskom 2015 3/4"" spiral (M+İ) 1,50 +%15 HF→1,73; Kabataş-Mahmutbey M. Uskom 2015 3/4"" spiral (M+İ) 1,93 +%15 HF→2,21 → medyan 1,97"
Elektrik_AG,334,TCC/SCADA ağına bağlantı arayüzü (fiber/ethernet ara birim),800.0,800.0,TAHMIN (emsal yok),,Emsal yok (veride eşdeğer kalem yok)
Elektrik_AG,334,"Programlama, sebep-sonuç senaryosu, test ve devreye alma",1200.0,1200.0,TAHMIN (emsal yok),,Emsal yok (veride eşdeğer kalem yok)
Elektrik_AG,335,Adresli yangın alarm paneli 1-2 loop (akülü 24V) + network kartı,4200.0,2083.07,REF-derin,R00783;R00906;R01077;R00784,"İzmir Buca M. NEV 2021 Vigilon 1-2 loop+network 1.163,68 (M)+%25 montaj→1.454,61; Bursa T2 Haluk 2015 1 çevrim panel (M+İ) 1.751,29; Kocaeli T. Sekaray 2015 adresli panel 128 bölge 3.379,49; İzmir Buca M. NEV 2021 Vigilon 1-4 loop 1.931,88 (M)+%25 montaj→2.414,85 → medyan 2.083,07"
Elektrik_AG,335,Optik duman dedektörü (adresli),36.39,38.73,REF-derin,R01078;R00908;R00977;R00741;R00776,"Kocaeli T. Sekaray 2015 adresli optik 36,39; Bursa T2 Haluk 2015 adresli optik (M+İ) 38,73; Bursa T2 MET 2015 adresli optik (M+İ) 39,83; İzmir Buca M. EEC 2021 SIGA-PDI optik 36,95 (M)+%30 montaj→48,04; İzmir Buca M. NEV 2021 S-Quad optik 26,33 (M)+%30 montaj→34,23 → medyan 38,73"
Elektrik_AG,335,Isı dedektörü (adresli),38.0,35.89,REF-derin,R00777;R00743,"İzmir Buca M. NEV 2021 ısı sensörü 22,97 (M)+%30 montaj→29,86; İzmir Buca M. EEC 2021 SIGA-HRDI ısı 32,24 (M)+%30 montaj→41,92 → medyan 35,89"
Elektrik_AG,335,Işın tipi duman dedektörü (alıcı-verici) – peron kanopisi altı,569.42,814.66,REF-derin,R00745;R00782;R00927;R01082,"İzmir Buca M. EEC 2021 OSID alıcı+verici 569,42 (M)+%30 montaj→740,24; İzmir Buca M. NEV 2021 beam 8-100 m 294,04 (M)+%30 montaj→382,26; Bursa T2 Haluk 2015 Fireray reflektörlü (M+İ) 889,07; Kocaeli T. Sekaray 2015 Fireray 5-50 m 1.455,78 → medyan 814,66"
Elektrik_AG,335,Yangın ihbar butonu (adresli IP67 harici),65.0,64.58,REF-derin,R00744;R01080;R00910;R00979;R00780,"İzmir Buca M. EEC 2021 WCP3A harici buton 89,56 (M)+%30 (harici)→116,43; Kocaeli T. Sekaray 2015 cam kırma buton 119,58; Bursa T2 Haluk 2015 adresli buton (M+İ) 38,25 +%40 IP67→53,54; Bursa T2 MET 2015 adresli buton (M+İ) 42,68 +%40 IP67→59,75; İzmir Buca M. NEV 2021 Vigilon buton 35,48 (M)+%30, +%40 IP67→64,58 → medyan 64,58"
Elektrik_AG,335,Flaşörlü siren (adresli harici IP65),60.0,62.39,REF-derin,R00781;R00749;R00911;R00980;R01081,"İzmir Buca M. NEV 2021 sounder beacon IP65 60,04 (M)+%30 montaj→78,05; İzmir Buca M. EEC 2021 flaşörlü siren IP65 31,32 (M)+%30 montaj→40,72; Bursa T2 Haluk 2015 harici flaşörlü siren (M+İ) 56,76; Bursa T2 MET 2015 harici flaşörlü siren (M+İ) 150,94; Kocaeli T. Sekaray 2015 elektronik siren 106 dB 62,39 → medyan 62,39"
Elektrik_AG,335,Giriş-çıkış modülü IOM,60.0,68.42,REF-derin,R00779;R00746;R00747;R00912;R00913;R00981;R00982,"İzmir Buca M. NEV 2021 IOM 1G/1Ç 39,24 (M)+%30 montaj→51,01; İzmir Buca M. EEC 2021 SIGA-CT2I 29,27 (M)+%30 montaj→38,06; İzmir Buca M. EEC 2021 SIGA-CRI röle 31,01 (M)+%30 montaj→40,32; Bursa T2 Haluk 2015 röle modülü (M+İ) 80,64; Bursa T2 Haluk 2015 kontak izleme (M+İ) 80,64; Bursa T2 MET 2015 röle modülü (M+İ) 80,33; Bursa T2 MET 2015 kontak izleme (M+İ) 68,42 → medyan 68,42"
Elektrik_AG,335,İzolatör modülü,35.0,35.0,TAHMIN (emsal yok),,Emsal yok (veride eşdeğer kalem yok)
Elektrik_AG,335,"Yangına dayanıklı çevrim kablosu JE-H(St)H FE180 2x2x0,8",2.2,2.22,REF-derin,R02948;R01664;R02657;R03096,"Pendik-Kaynarca M. YM 2022 HBAPH FE180 2x2x0,6 1,93 (M)+%35 montaj→2,61; İzmir Narlıdere M. Uskom 2018 FE180 2x2x0,6 (M+İ) 1,86; Kabataş-Mahmutbey M. Uskom 2015 FE180 2x2x0,6 (M+İ) 1,65; SAGE bina YM 2018 JE-H(St)H FE180 1x2x1,5 (M+İ) 2,59 → medyan 2,22"
Elektrik_AG,335,"Siren ve ışın dedektörü 24V besleme N2XH FE180 2x1,5",2.4,1.8,REF-derin,R01755;R02959,"İzmir Narlıdere M. Uskom 2018 FE180 2x1,5 (M+İ) 1,68; Pendik-Kaynarca M. YM 2022 LIHCHRH FE180 2x1,5 1,42 (M)+%35 montaj→1,92 → medyan 1,80"
Elektrik_AG,335,HF spiral boru / kroşe / harici HDPE koruma,2.0,1.97,REF-derin,R02661;R02746,"Kabataş-Mahmutbey M. Uskom 2015 3/4"" spiral (M+İ) 1,50 +%15 HF→1,73; Kabataş-Mahmutbey M. Uskom 2015 3/4"" spiral (M+İ) 1,93 +%15 HF→2,21 → medyan 1,97"
Elektrik_AG,335,TCC/SCADA ağına bağlantı arayüzü (fiber/ethernet ara birim),800.0,800.0,TAHMIN (emsal yok),,Emsal yok (veride eşdeğer kalem yok)
Elektrik_AG,335,"Programlama, sebep-sonuç senaryosu, test ve devreye alma",1000.0,1000.0,TAHMIN (emsal yok),,Emsal yok (veride eşdeğer kalem yok)
Elektrik_AG,336,Adresli yangın alarm paneli 1-2 loop (akülü 24V) + network kartı,4200.0,2083.07,REF-derin,R00783;R00906;R01077;R00784,"İzmir Buca M. NEV 2021 Vigilon 1-2 loop+network 1.163,68 (M)+%25 montaj→1.454,61; Bursa T2 Haluk 2015 1 çevrim panel (M+İ) 1.751,29; Kocaeli T. Sekaray 2015 adresli panel 128 bölge 3.379,49; İzmir Buca M. NEV 2021 Vigilon 1-4 loop 1.931,88 (M)+%25 montaj→2.414,85 → medyan 2.083,07"
Elektrik_AG,336,Optik duman dedektörü (adresli),36.39,38.73,REF-derin,R01078;R00908;R00977;R00741;R00776,"Kocaeli T. Sekaray 2015 adresli optik 36,39; Bursa T2 Haluk 2015 adresli optik (M+İ) 38,73; Bursa T2 MET 2015 adresli optik (M+İ) 39,83; İzmir Buca M. EEC 2021 SIGA-PDI optik 36,95 (M)+%30 montaj→48,04; İzmir Buca M. NEV 2021 S-Quad optik 26,33 (M)+%30 montaj→34,23 → medyan 38,73"
Elektrik_AG,336,Isı dedektörü (adresli),38.0,35.89,REF-derin,R00777;R00743,"İzmir Buca M. NEV 2021 ısı sensörü 22,97 (M)+%30 montaj→29,86; İzmir Buca M. EEC 2021 SIGA-HRDI ısı 32,24 (M)+%30 montaj→41,92 → medyan 35,89"
Elektrik_AG,336,Işın tipi duman dedektörü (alıcı-verici) – peron kanopisi altı,569.42,814.66,REF-derin,R00745;R00782;R00927;R01082,"İzmir Buca M. EEC 2021 OSID alıcı+verici 569,42 (M)+%30 montaj→740,24; İzmir Buca M. NEV 2021 beam 8-100 m 294,04 (M)+%30 montaj→382,26; Bursa T2 Haluk 2015 Fireray reflektörlü (M+İ) 889,07; Kocaeli T. Sekaray 2015 Fireray 5-50 m 1.455,78 → medyan 814,66"
Elektrik_AG,336,Yangın ihbar butonu (adresli IP67 harici),65.0,64.58,REF-derin,R00744;R01080;R00910;R00979;R00780,"İzmir Buca M. EEC 2021 WCP3A harici buton 89,56 (M)+%30 (harici)→116,43; Kocaeli T. Sekaray 2015 cam kırma buton 119,58; Bursa T2 Haluk 2015 adresli buton (M+İ) 38,25 +%40 IP67→53,54; Bursa T2 MET 2015 adresli buton (M+İ) 42,68 +%40 IP67→59,75; İzmir Buca M. NEV 2021 Vigilon buton 35,48 (M)+%30, +%40 IP67→64,58 → medyan 64,58"
Elektrik_AG,336,Flaşörlü siren (adresli harici IP65),60.0,62.39,REF-derin,R00781;R00749;R00911;R00980;R01081,"İzmir Buca M. NEV 2021 sounder beacon IP65 60,04 (M)+%30 montaj→78,05; İzmir Buca M. EEC 2021 flaşörlü siren IP65 31,32 (M)+%30 montaj→40,72; Bursa T2 Haluk 2015 harici flaşörlü siren (M+İ) 56,76; Bursa T2 MET 2015 harici flaşörlü siren (M+İ) 150,94; Kocaeli T. Sekaray 2015 elektronik siren 106 dB 62,39 → medyan 62,39"
Elektrik_AG,336,Giriş-çıkış modülü IOM,60.0,68.42,REF-derin,R00779;R00746;R00747;R00912;R00913;R00981;R00982,"İzmir Buca M. NEV 2021 IOM 1G/1Ç 39,24 (M)+%30 montaj→51,01; İzmir Buca M. EEC 2021 SIGA-CT2I 29,27 (M)+%30 montaj→38,06; İzmir Buca M. EEC 2021 SIGA-CRI röle 31,01 (M)+%30 montaj→40,32; Bursa T2 Haluk 2015 röle modülü (M+İ) 80,64; Bursa T2 Haluk 2015 kontak izleme (M+İ) 80,64; Bursa T2 MET 2015 röle modülü (M+İ) 80,33; Bursa T2 MET 2015 kontak izleme (M+İ) 68,42 → medyan 68,42"
Elektrik_AG,336,İzolatör modülü,35.0,35.0,TAHMIN (emsal yok),,Emsal yok (veride eşdeğer kalem yok)
Elektrik_AG,336,"Yangına dayanıklı çevrim kablosu JE-H(St)H FE180 2x2x0,8",2.2,2.22,REF-derin,R02948;R01664;R02657;R03096,"Pendik-Kaynarca M. YM 2022 HBAPH FE180 2x2x0,6 1,93 (M)+%35 montaj→2,61; İzmir Narlıdere M. Uskom 2018 FE180 2x2x0,6 (M+İ) 1,86; Kabataş-Mahmutbey M. Uskom 2015 FE180 2x2x0,6 (M+İ) 1,65; SAGE bina YM 2018 JE-H(St)H FE180 1x2x1,5 (M+İ) 2,59 → medyan 2,22"
Elektrik_AG,336,"Siren ve ışın dedektörü 24V besleme N2XH FE180 2x1,5",2.4,1.8,REF-derin,R01755;R02959,"İzmir Narlıdere M. Uskom 2018 FE180 2x1,5 (M+İ) 1,68; Pendik-Kaynarca M. YM 2022 LIHCHRH FE180 2x1,5 1,42 (M)+%35 montaj→1,92 → medyan 1,80"
Elektrik_AG,336,HF spiral boru / kroşe / harici HDPE koruma,2.0,1.97,REF-derin,R02661;R02746,"Kabataş-Mahmutbey M. Uskom 2015 3/4"" spiral (M+İ) 1,50 +%15 HF→1,73; Kabataş-Mahmutbey M. Uskom 2015 3/4"" spiral (M+İ) 1,93 +%15 HF→2,21 → medyan 1,97"
Elektrik_AG,336,TCC/SCADA ağına bağlantı arayüzü (fiber/ethernet ara birim),800.0,800.0,TAHMIN (emsal yok),,Emsal yok (veride eşdeğer kalem yok)
Elektrik_AG,336,"Programlama, sebep-sonuç senaryosu, test ve devreye alma",1000.0,1000.0,TAHMIN (emsal yok),,Emsal yok (veride eşdeğer kalem yok)
Elektrik_AG,337,Adresli yangın alarm paneli 1-2 loop (akülü 24V) + network kartı,4200.0,2083.07,REF-derin,R00783;R00906;R01077;R00784,"İzmir Buca M. NEV 2021 Vigilon 1-2 loop+network 1.163,68 (M)+%25 montaj→1.454,61; Bursa T2 Haluk 2015 1 çevrim panel (M+İ) 1.751,29; Kocaeli T. Sekaray 2015 adresli panel 128 bölge 3.379,49; İzmir Buca M. NEV 2021 Vigilon 1-4 loop 1.931,88 (M)+%25 montaj→2.414,85 → medyan 2.083,07"
Elektrik_AG,337,Optik duman dedektörü (adresli),36.39,38.73,REF-derin,R01078;R00908;R00977;R00741;R00776,"Kocaeli T. Sekaray 2015 adresli optik 36,39; Bursa T2 Haluk 2015 adresli optik (M+İ) 38,73; Bursa T2 MET 2015 adresli optik (M+İ) 39,83; İzmir Buca M. EEC 2021 SIGA-PDI optik 36,95 (M)+%30 montaj→48,04; İzmir Buca M. NEV 2021 S-Quad optik 26,33 (M)+%30 montaj→34,23 → medyan 38,73"
Elektrik_AG,337,Isı dedektörü (adresli),38.0,35.89,REF-derin,R00777;R00743,"İzmir Buca M. NEV 2021 ısı sensörü 22,97 (M)+%30 montaj→29,86; İzmir Buca M. EEC 2021 SIGA-HRDI ısı 32,24 (M)+%30 montaj→41,92 → medyan 35,89"
Elektrik_AG,337,Işın tipi duman dedektörü (alıcı-verici) – peron kanopisi altı,569.42,814.66,REF-derin,R00745;R00782;R00927;R01082,"İzmir Buca M. EEC 2021 OSID alıcı+verici 569,42 (M)+%30 montaj→740,24; İzmir Buca M. NEV 2021 beam 8-100 m 294,04 (M)+%30 montaj→382,26; Bursa T2 Haluk 2015 Fireray reflektörlü (M+İ) 889,07; Kocaeli T. Sekaray 2015 Fireray 5-50 m 1.455,78 → medyan 814,66"
Elektrik_AG,337,Yangın ihbar butonu (adresli IP67 harici),65.0,64.58,REF-derin,R00744;R01080;R00910;R00979;R00780,"İzmir Buca M. EEC 2021 WCP3A harici buton 89,56 (M)+%30 (harici)→116,43; Kocaeli T. Sekaray 2015 cam kırma buton 119,58; Bursa T2 Haluk 2015 adresli buton (M+İ) 38,25 +%40 IP67→53,54; Bursa T2 MET 2015 adresli buton (M+İ) 42,68 +%40 IP67→59,75; İzmir Buca M. NEV 2021 Vigilon buton 35,48 (M)+%30, +%40 IP67→64,58 → medyan 64,58"
Elektrik_AG,337,Flaşörlü siren (adresli harici IP65),60.0,62.39,REF-derin,R00781;R00749;R00911;R00980;R01081,"İzmir Buca M. NEV 2021 sounder beacon IP65 60,04 (M)+%30 montaj→78,05; İzmir Buca M. EEC 2021 flaşörlü siren IP65 31,32 (M)+%30 montaj→40,72; Bursa T2 Haluk 2015 harici flaşörlü siren (M+İ) 56,76; Bursa T2 MET 2015 harici flaşörlü siren (M+İ) 150,94; Kocaeli T. Sekaray 2015 elektronik siren 106 dB 62,39 → medyan 62,39"
Elektrik_AG,337,Giriş-çıkış modülü IOM,60.0,68.42,REF-derin,R00779;R00746;R00747;R00912;R00913;R00981;R00982,"İzmir Buca M. NEV 2021 IOM 1G/1Ç 39,24 (M)+%30 montaj→51,01; İzmir Buca M. EEC 2021 SIGA-CT2I 29,27 (M)+%30 montaj→38,06; İzmir Buca M. EEC 2021 SIGA-CRI röle 31,01 (M)+%30 montaj→40,32; Bursa T2 Haluk 2015 röle modülü (M+İ) 80,64; Bursa T2 Haluk 2015 kontak izleme (M+İ) 80,64; Bursa T2 MET 2015 röle modülü (M+İ) 80,33; Bursa T2 MET 2015 kontak izleme (M+İ) 68,42 → medyan 68,42"
Elektrik_AG,337,İzolatör modülü,35.0,35.0,TAHMIN (emsal yok),,Emsal yok (veride eşdeğer kalem yok)
Elektrik_AG,337,"Yangına dayanıklı çevrim kablosu JE-H(St)H FE180 2x2x0,8",2.2,2.22,REF-derin,R02948;R01664;R02657;R03096,"Pendik-Kaynarca M. YM 2022 HBAPH FE180 2x2x0,6 1,93 (M)+%35 montaj→2,61; İzmir Narlıdere M. Uskom 2018 FE180 2x2x0,6 (M+İ) 1,86; Kabataş-Mahmutbey M. Uskom 2015 FE180 2x2x0,6 (M+İ) 1,65; SAGE bina YM 2018 JE-H(St)H FE180 1x2x1,5 (M+İ) 2,59 → medyan 2,22"
Elektrik_AG,337,"Siren ve ışın dedektörü 24V besleme N2XH FE180 2x1,5",2.4,1.8,REF-derin,R01755;R02959,"İzmir Narlıdere M. Uskom 2018 FE180 2x1,5 (M+İ) 1,68; Pendik-Kaynarca M. YM 2022 LIHCHRH FE180 2x1,5 1,42 (M)+%35 montaj→1,92 → medyan 1,80"
Elektrik_AG,337,HF spiral boru / kroşe / harici HDPE koruma,2.0,1.97,REF-derin,R02661;R02746,"Kabataş-Mahmutbey M. Uskom 2015 3/4"" spiral (M+İ) 1,50 +%15 HF→1,73; Kabataş-Mahmutbey M. Uskom 2015 3/4"" spiral (M+İ) 1,93 +%15 HF→2,21 → medyan 1,97"
Elektrik_AG,337,TCC/SCADA ağına bağlantı arayüzü (fiber/ethernet ara birim),800.0,800.0,TAHMIN (emsal yok),,Emsal yok (veride eşdeğer kalem yok)
Elektrik_AG,337,"Programlama, sebep-sonuç senaryosu, test ve devreye alma",1000.0,1000.0,TAHMIN (emsal yok),,Emsal yok (veride eşdeğer kalem yok)
Elektrik_AG,338,Adresli yangın alarm paneli 1-2 loop (akülü 24V) + network kartı,4200.0,2083.07,REF-derin,R00783;R00906;R01077;R00784,"İzmir Buca M. NEV 2021 Vigilon 1-2 loop+network 1.163,68 (M)+%25 montaj→1.454,61; Bursa T2 Haluk 2015 1 çevrim panel (M+İ) 1.751,29; Kocaeli T. Sekaray 2015 adresli panel 128 bölge 3.379,49; İzmir Buca M. NEV 2021 Vigilon 1-4 loop 1.931,88 (M)+%25 montaj→2.414,85 → medyan 2.083,07"
Elektrik_AG,338,Optik duman dedektörü (adresli),36.39,38.73,REF-derin,R01078;R00908;R00977;R00741;R00776,"Kocaeli T. Sekaray 2015 adresli optik 36,39; Bursa T2 Haluk 2015 adresli optik (M+İ) 38,73; Bursa T2 MET 2015 adresli optik (M+İ) 39,83; İzmir Buca M. EEC 2021 SIGA-PDI optik 36,95 (M)+%30 montaj→48,04; İzmir Buca M. NEV 2021 S-Quad optik 26,33 (M)+%30 montaj→34,23 → medyan 38,73"
Elektrik_AG,338,Isı dedektörü (adresli),38.0,35.89,REF-derin,R00777;R00743,"İzmir Buca M. NEV 2021 ısı sensörü 22,97 (M)+%30 montaj→29,86; İzmir Buca M. EEC 2021 SIGA-HRDI ısı 32,24 (M)+%30 montaj→41,92 → medyan 35,89"
Elektrik_AG,338,Işın tipi duman dedektörü (alıcı-verici) – peron kanopisi altı,569.42,814.66,REF-derin,R00745;R00782;R00927;R01082,"İzmir Buca M. EEC 2021 OSID alıcı+verici 569,42 (M)+%30 montaj→740,24; İzmir Buca M. NEV 2021 beam 8-100 m 294,04 (M)+%30 montaj→382,26; Bursa T2 Haluk 2015 Fireray reflektörlü (M+İ) 889,07; Kocaeli T. Sekaray 2015 Fireray 5-50 m 1.455,78 → medyan 814,66"
Elektrik_AG,338,Yangın ihbar butonu (adresli IP67 harici),65.0,64.58,REF-derin,R00744;R01080;R00910;R00979;R00780,"İzmir Buca M. EEC 2021 WCP3A harici buton 89,56 (M)+%30 (harici)→116,43; Kocaeli T. Sekaray 2015 cam kırma buton 119,58; Bursa T2 Haluk 2015 adresli buton (M+İ) 38,25 +%40 IP67→53,54; Bursa T2 MET 2015 adresli buton (M+İ) 42,68 +%40 IP67→59,75; İzmir Buca M. NEV 2021 Vigilon buton 35,48 (M)+%30, +%40 IP67→64,58 → medyan 64,58"
Elektrik_AG,338,Flaşörlü siren (adresli harici IP65),60.0,62.39,REF-derin,R00781;R00749;R00911;R00980;R01081,"İzmir Buca M. NEV 2021 sounder beacon IP65 60,04 (M)+%30 montaj→78,05; İzmir Buca M. EEC 2021 flaşörlü siren IP65 31,32 (M)+%30 montaj→40,72; Bursa T2 Haluk 2015 harici flaşörlü siren (M+İ) 56,76; Bursa T2 MET 2015 harici flaşörlü siren (M+İ) 150,94; Kocaeli T. Sekaray 2015 elektronik siren 106 dB 62,39 → medyan 62,39"
Elektrik_AG,338,Giriş-çıkış modülü IOM,60.0,68.42,REF-derin,R00779;R00746;R00747;R00912;R00913;R00981;R00982,"İzmir Buca M. NEV 2021 IOM 1G/1Ç 39,24 (M)+%30 montaj→51,01; İzmir Buca M. EEC 2021 SIGA-CT2I 29,27 (M)+%30 montaj→38,06; İzmir Buca M. EEC 2021 SIGA-CRI röle 31,01 (M)+%30 montaj→40,32; Bursa T2 Haluk 2015 röle modülü (M+İ) 80,64; Bursa T2 Haluk 2015 kontak izleme (M+İ) 80,64; Bursa T2 MET 2015 röle modülü (M+İ) 80,33; Bursa T2 MET 2015 kontak izleme (M+İ) 68,42 → medyan 68,42"
Elektrik_AG,338,İzolatör modülü,35.0,35.0,TAHMIN (emsal yok),,Emsal yok (veride eşdeğer kalem yok)
Elektrik_AG,338,"Yangına dayanıklı çevrim kablosu JE-H(St)H FE180 2x2x0,8",2.2,2.22,REF-derin,R02948;R01664;R02657;R03096,"Pendik-Kaynarca M. YM 2022 HBAPH FE180 2x2x0,6 1,93 (M)+%35 montaj→2,61; İzmir Narlıdere M. Uskom 2018 FE180 2x2x0,6 (M+İ) 1,86; Kabataş-Mahmutbey M. Uskom 2015 FE180 2x2x0,6 (M+İ) 1,65; SAGE bina YM 2018 JE-H(St)H FE180 1x2x1,5 (M+İ) 2,59 → medyan 2,22"
Elektrik_AG,338,"Siren ve ışın dedektörü 24V besleme N2XH FE180 2x1,5",2.4,1.8,REF-derin,R01755;R02959,"İzmir Narlıdere M. Uskom 2018 FE180 2x1,5 (M+İ) 1,68; Pendik-Kaynarca M. YM 2022 LIHCHRH FE180 2x1,5 1,42 (M)+%35 montaj→1,92 → medyan 1,80"
Elektrik_AG,338,HF spiral boru / kroşe / harici HDPE koruma,2.0,1.97,REF-derin,R02661;R02746,"Kabataş-Mahmutbey M. Uskom 2015 3/4"" spiral (M+İ) 1,50 +%15 HF→1,73; Kabataş-Mahmutbey M. Uskom 2015 3/4"" spiral (M+İ) 1,93 +%15 HF→2,21 → medyan 1,97"
Elektrik_AG,338,TCC/SCADA ağına bağlantı arayüzü (fiber/ethernet ara birim),800.0,800.0,TAHMIN (emsal yok),,Emsal yok (veride eşdeğer kalem yok)
Elektrik_AG,338,"Programlama, sebep-sonuç senaryosu, test ve devreye alma",1000.0,1000.0,TAHMIN (emsal yok),,Emsal yok (veride eşdeğer kalem yok)
Elektrik_AG,339,Adresli yangın alarm paneli 1-2 loop (akülü 24V) + network kartı,4200.0,2083.07,REF-derin,R00783;R00906;R01077;R00784,"İzmir Buca M. NEV 2021 Vigilon 1-2 loop+network 1.163,68 (M)+%25 montaj→1.454,61; Bursa T2 Haluk 2015 1 çevrim panel (M+İ) 1.751,29; Kocaeli T. Sekaray 2015 adresli panel 128 bölge 3.379,49; İzmir Buca M. NEV 2021 Vigilon 1-4 loop 1.931,88 (M)+%25 montaj→2.414,85 → medyan 2.083,07"
Elektrik_AG,339,Optik duman dedektörü (adresli),36.39,38.73,REF-derin,R01078;R00908;R00977;R00741;R00776,"Kocaeli T. Sekaray 2015 adresli optik 36,39; Bursa T2 Haluk 2015 adresli optik (M+İ) 38,73; Bursa T2 MET 2015 adresli optik (M+İ) 39,83; İzmir Buca M. EEC 2021 SIGA-PDI optik 36,95 (M)+%30 montaj→48,04; İzmir Buca M. NEV 2021 S-Quad optik 26,33 (M)+%30 montaj→34,23 → medyan 38,73"
Elektrik_AG,339,Isı dedektörü (adresli),38.0,35.89,REF-derin,R00777;R00743,"İzmir Buca M. NEV 2021 ısı sensörü 22,97 (M)+%30 montaj→29,86; İzmir Buca M. EEC 2021 SIGA-HRDI ısı 32,24 (M)+%30 montaj→41,92 → medyan 35,89"
Elektrik_AG,339,Işın tipi duman dedektörü (alıcı-verici) – peron kanopisi altı,569.42,814.66,REF-derin,R00745;R00782;R00927;R01082,"İzmir Buca M. EEC 2021 OSID alıcı+verici 569,42 (M)+%30 montaj→740,24; İzmir Buca M. NEV 2021 beam 8-100 m 294,04 (M)+%30 montaj→382,26; Bursa T2 Haluk 2015 Fireray reflektörlü (M+İ) 889,07; Kocaeli T. Sekaray 2015 Fireray 5-50 m 1.455,78 → medyan 814,66"
Elektrik_AG,339,Yangın ihbar butonu (adresli IP67 harici),65.0,64.58,REF-derin,R00744;R01080;R00910;R00979;R00780,"İzmir Buca M. EEC 2021 WCP3A harici buton 89,56 (M)+%30 (harici)→116,43; Kocaeli T. Sekaray 2015 cam kırma buton 119,58; Bursa T2 Haluk 2015 adresli buton (M+İ) 38,25 +%40 IP67→53,54; Bursa T2 MET 2015 adresli buton (M+İ) 42,68 +%40 IP67→59,75; İzmir Buca M. NEV 2021 Vigilon buton 35,48 (M)+%30, +%40 IP67→64,58 → medyan 64,58"
Elektrik_AG,339,Flaşörlü siren (adresli harici IP65),60.0,62.39,REF-derin,R00781;R00749;R00911;R00980;R01081,"İzmir Buca M. NEV 2021 sounder beacon IP65 60,04 (M)+%30 montaj→78,05; İzmir Buca M. EEC 2021 flaşörlü siren IP65 31,32 (M)+%30 montaj→40,72; Bursa T2 Haluk 2015 harici flaşörlü siren (M+İ) 56,76; Bursa T2 MET 2015 harici flaşörlü siren (M+İ) 150,94; Kocaeli T. Sekaray 2015 elektronik siren 106 dB 62,39 → medyan 62,39"
Elektrik_AG,339,Giriş-çıkış modülü IOM,60.0,68.42,REF-derin,R00779;R00746;R00747;R00912;R00913;R00981;R00982,"İzmir Buca M. NEV 2021 IOM 1G/1Ç 39,24 (M)+%30 montaj→51,01; İzmir Buca M. EEC 2021 SIGA-CT2I 29,27 (M)+%30 montaj→38,06; İzmir Buca M. EEC 2021 SIGA-CRI röle 31,01 (M)+%30 montaj→40,32; Bursa T2 Haluk 2015 röle modülü (M+İ) 80,64; Bursa T2 Haluk 2015 kontak izleme (M+İ) 80,64; Bursa T2 MET 2015 röle modülü (M+İ) 80,33; Bursa T2 MET 2015 kontak izleme (M+İ) 68,42 → medyan 68,42"
Elektrik_AG,339,İzolatör modülü,35.0,35.0,TAHMIN (emsal yok),,Emsal yok (veride eşdeğer kalem yok)
Elektrik_AG,339,"Yangına dayanıklı çevrim kablosu JE-H(St)H FE180 2x2x0,8",2.2,2.22,REF-derin,R02948;R01664;R02657;R03096,"Pendik-Kaynarca M. YM 2022 HBAPH FE180 2x2x0,6 1,93 (M)+%35 montaj→2,61; İzmir Narlıdere M. Uskom 2018 FE180 2x2x0,6 (M+İ) 1,86; Kabataş-Mahmutbey M. Uskom 2015 FE180 2x2x0,6 (M+İ) 1,65; SAGE bina YM 2018 JE-H(St)H FE180 1x2x1,5 (M+İ) 2,59 → medyan 2,22"
Elektrik_AG,339,"Siren ve ışın dedektörü 24V besleme N2XH FE180 2x1,5",2.4,1.8,REF-derin,R01755;R02959,"İzmir Narlıdere M. Uskom 2018 FE180 2x1,5 (M+İ) 1,68; Pendik-Kaynarca M. YM 2022 LIHCHRH FE180 2x1,5 1,42 (M)+%35 montaj→1,92 → medyan 1,80"
Elektrik_AG,339,HF spiral boru / kroşe / harici HDPE koruma,2.0,1.97,REF-derin,R02661;R02746,"Kabataş-Mahmutbey M. Uskom 2015 3/4"" spiral (M+İ) 1,50 +%15 HF→1,73; Kabataş-Mahmutbey M. Uskom 2015 3/4"" spiral (M+İ) 1,93 +%15 HF→2,21 → medyan 1,97"
Elektrik_AG,339,TCC/SCADA ağına bağlantı arayüzü (fiber/ethernet ara birim),800.0,800.0,TAHMIN (emsal yok),,Emsal yok (veride eşdeğer kalem yok)
Elektrik_AG,339,"Programlama, sebep-sonuç senaryosu, test ve devreye alma",800.0,800.0,TAHMIN (emsal yok),,Emsal yok (veride eşdeğer kalem yok)
Elektrik_AG,340,D01 – Kontrol odası tekrarlayıcı/PC + yazıcı (MFAP arayüzü),3000.0,3268.03,REF-derin,R00907;R00976;R00785;R00740;R00786,"Bursa T2 Haluk 2015 tekrarlayıcı (M+İ) 1.071,21; Bursa T2 MET 2015 tekrarlayıcı (M+İ) 947,35; İzmir Buca M. NEV 2021 Vigilon repeat 1.009,13 (M)+%20 montaj→1.210,96; İzmir Buca M. EEC 2021 LCDANN repeater 1.008,94 (M)+%20 montaj→1.210,73 → medyan 1.140,97 + workstation R00786 1.772,55 (M) +%20 → 2.127,06 = 3.268,03"
Elektrik_AG,340,D01 – Analog adresli optik duman dedektörü,38.0,38.73,REF-derin,R01078;R00908;R00977;R00741;R00776,"Kocaeli T. Sekaray 2015 adresli optik 36,39; Bursa T2 Haluk 2015 adresli optik (M+İ) 38,73; Bursa T2 MET 2015 adresli optik (M+İ) 39,83; İzmir Buca M. EEC 2021 SIGA-PDI optik 36,95 (M)+%30 montaj→48,04; İzmir Buca M. NEV 2021 S-Quad optik 26,33 (M)+%30 montaj→34,23 → medyan 38,73"
Elektrik_AG,340,D01 – Analog adresli optik duman dedektörü – asma tavan (uzak ikaz lambalı),55.0,53.73,REF-derin,R01078;R00908;R00977;R00741;R00776,"Kocaeli T. Sekaray 2015 adresli optik 36,39; Bursa T2 Haluk 2015 adresli optik (M+İ) 38,73; Bursa T2 MET 2015 adresli optik (M+İ) 39,83; İzmir Buca M. EEC 2021 SIGA-PDI optik 36,95 (M)+%30 montaj→48,04; İzmir Buca M. NEV 2021 S-Quad optik 26,33 (M)+%30 montaj→34,23 → medyan 38,73 + 15 uzak ikaz lambası (tahmin) = 53,73"
Elektrik_AG,340,D01 – Analog adresli kombine (optik+ısı) dedektör,55.0,52.79,REF-derin,R00909;R00978;R00742;R00778,"Bursa T2 Haluk 2015 kombine optik-ısı (M+İ) 52,89; Bursa T2 MET 2015 kombine (M+İ) 60,25; İzmir Buca M. EEC 2021 SIGA-PHDI kombine 40,53 (M)+%30 montaj→52,69; İzmir Buca M. NEV 2021 OH multi sensör 29,02 (M)+%30 montaj→37,73 → medyan 52,79"
Elektrik_AG,340,D01 – Adresli sıcaklık dedektörü (sabit+artış),38.0,35.89,REF-derin,R00777;R00743,"İzmir Buca M. NEV 2021 ısı sensörü 22,97 (M)+%30 montaj→29,86; İzmir Buca M. EEC 2021 SIGA-HRDI ısı 32,24 (M)+%30 montaj→41,92 → medyan 35,89"
Elektrik_AG,340,D01 – Gaz dedektörü (220V AC beslemeli),250.0,250.0,TAHMIN (emsal yok),,Emsal yok (veride eşdeğer kalem yok)
Elektrik_AG,340,"D01 – Işın tipi duman dedektörü (alıcı+verici, 24V DC)",600.0,814.66,REF-derin,R00745;R00782;R00927;R01082,"İzmir Buca M. EEC 2021 OSID alıcı+verici 569,42 (M)+%30 montaj→740,24; İzmir Buca M. NEV 2021 beam 8-100 m 294,04 (M)+%30 montaj→382,26; Bursa T2 Haluk 2015 Fireray reflektörlü (M+İ) 889,07; Kocaeli T. Sekaray 2015 Fireray 5-50 m 1.455,78 → medyan 814,66"
Elektrik_AG,340,D01 – Lineer ısı dedektörü LHD + kontrol kutusu (elektrik şaftı),1500.0,1500.0,TAHMIN (emsal yok),,Emsal yok (veride eşdeğer kalem yok)
Elektrik_AG,340,D01 – Adresli yangın alarm butonu,38.0,44.41,REF-derin,R00910;R00979;R00780;R01080,"Bursa T2 Haluk 2015 adresli buton (M+İ) 38,25; Bursa T2 MET 2015 adresli buton (M+İ) 42,68; İzmir Buca M. NEV 2021 Vigilon buton 35,48 (M)+%30 montaj→46,13; Kocaeli T. Sekaray 2015 cam kırma buton 119,58 → medyan 44,41"
Elektrik_AG,340,D01 – Korna modülü SCM,60.0,60.0,TAHMIN (emsal yok),,Emsal yok (veride eşdeğer kalem yok)
Elektrik_AG,340,D01 – Flaşörlü siren (SCM çıkışlı konvansiyonel),50.0,48.74,REF-derin,R00749;R00911,"İzmir Buca M. EEC 2021 konv. flaşörlü siren IP65 31,32 (M)+%30 montaj→40,72; Bursa T2 Haluk 2015 harici flaşörlü siren (M+İ) 56,76 → medyan 48,74"
Elektrik_AG,340,D01 – Adresli giriş/çıkış modülü I/OM,60.0,68.42,REF-derin,R00779;R00746;R00747;R00912;R00913;R00981;R00982,"İzmir Buca M. NEV 2021 IOM 1G/1Ç 39,24 (M)+%30 montaj→51,01; İzmir Buca M. EEC 2021 SIGA-CT2I 29,27 (M)+%30 montaj→38,06; İzmir Buca M. EEC 2021 SIGA-CRI röle 31,01 (M)+%30 montaj→40,32; Bursa T2 Haluk 2015 röle modülü (M+İ) 80,64; Bursa T2 Haluk 2015 kontak izleme (M+İ) 80,64; Bursa T2 MET 2015 röle modülü (M+İ) 80,33; Bursa T2 MET 2015 kontak izleme (M+İ) 68,42 → medyan 68,42"
Elektrik_AG,340,D01 – Röle kontrol modülü RKM,60.0,80.33,REF-derin,R00747;R00912;R00981,"İzmir Buca M. EEC 2021 SIGA-CRI röle 31,01 (M)+%30 montaj→40,32; Bursa T2 Haluk 2015 röle modülü (M+İ) 80,64; Bursa T2 MET 2015 röle modülü (M+İ) 80,33 → medyan 80,33"
Elektrik_AG,340,D01 – İzolatör modülü,35.0,35.0,TAHMIN (emsal yok),,Emsal yok (veride eşdeğer kalem yok)
Elektrik_AG,340,"D01 – Yangın algılama çevrim kablosu JE-H(St)H 1x2x0,8+0,8 halojensiz (FE180)",2.0,2.43,REF-derin,R02947;R03096;R00532,"Pendik-Kaynarca M. YM 2022 HBAPH FE180 1x2x0,6 1,80 (M)+%35 montaj→2,43; SAGE bina YM 2018 JE-H(St)H FE180 1x2x1,5 (M+İ) 2,59; Başkentray Desat 2012 1x2x0,8+0,8 HF (M+İ) 1,92 → medyan 2,43"
Elektrik_AG,340,"D01 – Korna/flaşör hattı kablosu 1x2x0,8+0,8 (FE180)",2.0,2.43,REF-derin,R02947;R03096;R00532,"Pendik-Kaynarca M. YM 2022 HBAPH FE180 1x2x0,6 1,80 (M)+%35 montaj→2,43; SAGE bina YM 2018 JE-H(St)H FE180 1x2x1,5 (M+İ) 2,59; Başkentray Desat 2012 1x2x0,8+0,8 HF (M+İ) 1,92 → medyan 2,43"
Elektrik_AG,340,"D01 – 24V DC besleme N2XH FE180 2x1,5 / 3x1,5 (SCM ışın dedektörleri)",2.3,2.16,REF-derin,R01755;R02959,"Karışık kalem (2x1,5/3x1,5 eşit pay): FE2x1.5=1,80 + FE3x1.5=2,52 → 2,16. Emsaller: FE2x1.5 [R01755;R02959] 1,80 | FE3x1.5 [R01755;R02959] 2,52"
Elektrik_AG,340,"D01 – 220V AC besleme N2XH FE180 2x1,5 (gaz dedektörleri)",2.3,1.8,REF-derin,R01755;R02959,"İzmir Narlıdere M. Uskom 2018 FE180 2x1,5 (M+İ) 1,68; Pendik-Kaynarca M. YM 2022 LIHCHRH FE180 2x1,5 1,42 (M)+%35 montaj→1,92 → medyan 1,80"
Elektrik_AG,340,"D01 – Haberleşme kablosu J-SIH(St)H FE180 2x1,5+0,8 (MFAP→D02 D03 D06 panelleri)",3.0,2.79,REF-derin(1),R03096,"SAGE bina YM 2018 JE-H(St)H FE180 1x2x1,5+0,8 (M+İ) 2,59 → emsal 2,59 ; tek emsal → mevcut 3,00 ile ort. = 2,79"
Elektrik_AG,340,D01 – HF spiral boru / kroşe (çevrim kablosu),2.0,1.97,REF-derin,R02661;R02746,"Kabataş-Mahmutbey M. Uskom 2015 3/4"" spiral (M+İ) 1,50 +%15 HF→1,73; Kabataş-Mahmutbey M. Uskom 2015 3/4"" spiral (M+İ) 1,93 +%15 HF→2,21 → medyan 1,97"
Elektrik_AG,340,D02 – Adresli yangın alarm paneli T09/FDS/YAP/001 (akülü),3500.0,2083.07,REF-derin,R00783;R00906;R01077;R00784,"İzmir Buca M. NEV 2021 Vigilon 1-2 loop+network 1.163,68 (M)+%25 montaj→1.454,61; Bursa T2 Haluk 2015 1 çevrim panel (M+İ) 1.751,29; Kocaeli T. Sekaray 2015 adresli panel 128 bölge 3.379,49; İzmir Buca M. NEV 2021 Vigilon 1-4 loop 1.931,88 (M)+%25 montaj→2.414,85 → medyan 2.083,07"
Elektrik_AG,340,D02 – Kombine/optik adresli dedektör,50.0,45.76,REF-derin,R00909;R00978;R00742;R00778;R01078;R00908;R00977;R00741;R00776,"Karışık kalem (kombine/optik eşit pay): kombine=52,79 + optik=38,73 → 45,76. Emsaller: kombine [R00909;R00978;R00742;R00778] 52,79 | optik [R01078;R00908;R00977;R00741;R00776] 38,73"
Elektrik_AG,340,D02 – Yangın alarm butonu IP67,60.0,64.58,REF-derin,R00744;R01080;R00910;R00979;R00780,"İzmir Buca M. EEC 2021 WCP3A harici buton 89,56 (M)+%30 (harici)→116,43; Kocaeli T. Sekaray 2015 cam kırma buton 119,58; Bursa T2 Haluk 2015 adresli buton (M+İ) 38,25 +%40 IP67→53,54; Bursa T2 MET 2015 adresli buton (M+İ) 42,68 +%40 IP67→59,75; İzmir Buca M. NEV 2021 Vigilon buton 35,48 (M)+%30, +%40 IP67→64,58 → medyan 64,58"
Elektrik_AG,340,D02 – Flaşörlü elektronik siren 95 dBA,60.0,62.39,REF-derin,R00781;R00749;R00911;R00980;R01081,"İzmir Buca M. NEV 2021 sounder beacon IP65 60,04 (M)+%30 montaj→78,05; İzmir Buca M. EEC 2021 flaşörlü siren IP65 31,32 (M)+%30 montaj→40,72; Bursa T2 Haluk 2015 harici flaşörlü siren (M+İ) 56,76; Bursa T2 MET 2015 harici flaşörlü siren (M+İ) 150,94; Kocaeli T. Sekaray 2015 elektronik siren 106 dB 62,39 → medyan 62,39"
Elektrik_AG,340,D02 – İzolatör modülü,35.0,35.0,TAHMIN (emsal yok),,Emsal yok (veride eşdeğer kalem yok)
Elektrik_AG,340,"D02 – Çevrim kablosu JE-H(St)H 1x2x0,8 + korna hattı N2XH FE180 3x1,5",2.3,2.48,REF-derin,R02947;R03096;R00532;R01755;R02959,"Karışık kalem (çevrim/korna hattı eşit pay): FA1x2x0.8=2,43 + FE3x1.5=2,52 → 2,48. Emsaller: FA1x2x0.8 [R02947;R03096;R00532] 2,43 | FE3x1.5 [R01755;R02959] 2,52"
Elektrik_AG,340,D03 – Adresli yangın alarm paneli D03/YAP/01,3379.49,2083.07,REF-derin,R00783;R00906;R01077;R00784,"İzmir Buca M. NEV 2021 Vigilon 1-2 loop+network 1.163,68 (M)+%25 montaj→1.454,61; Bursa T2 Haluk 2015 1 çevrim panel (M+İ) 1.751,29; Kocaeli T. Sekaray 2015 adresli panel 128 bölge 3.379,49; İzmir Buca M. NEV 2021 Vigilon 1-4 loop 1.931,88 (M)+%25 montaj→2.414,85 → medyan 2.083,07"
Elektrik_AG,340,D03 – Isı dedektörü (yıkama holü) + optik dedektör,40.0,37.31,REF-derin,R00777;R00743;R01078;R00908;R00977;R00741;R00776,"Karışık kalem (ısı/optik eşit pay): isi=35,89 + optik=38,73 → 37,31. Emsaller: isi [R00777;R00743] 35,89 | optik [R01078;R00908;R00977;R00741;R00776] 38,73"
Elektrik_AG,340,D03 – Yangın alarm butonu + giriş/çıkış modülü,50.0,56.41,REF-derin,R00910;R00979;R00780;R01080;R00779;R00746;R00747;R00912;R00913;R00981;R00982,"Karışık kalem (buton/IO eşit pay): buton=44,41 + IOM=68,42 → 56,41. Emsaller: buton [R00910;R00979;R00780;R01080] 44,41 | IOM [R00779;R00746;R00747;R00912;R00913;R00981;R00982] 68,42"
Elektrik_AG,340,D03 – Flaşörlü siren (D01 SKM2 K6/K7 çıkışlarından),55.0,48.74,REF-derin,R00749;R00911,"İzmir Buca M. EEC 2021 konv. flaşörlü siren IP65 31,32 (M)+%30 montaj→40,72; Bursa T2 Haluk 2015 harici flaşörlü siren (M+İ) 56,76 → medyan 48,74"
Elektrik_AG,340,D03 – Çevrim + siren kablosu,2.2,2.12,REF-derin,R02947;R03096;R00532;R01755;R02959,"Karışık kalem (çevrim/siren hattı eşit pay): FA1x2x0.8=2,43 + FE2x1.5=1,80 → 2,12. Emsaller: FA1x2x0.8 [R02947;R03096;R00532] 2,43 | FE2x1.5 [R01755;R02959] 1,80"
Elektrik_AG,340,D05 – Kombine (optik+ısı) adresli dedektör,50.0,52.79,REF-derin,R00909;R00978;R00742;R00778,"Bursa T2 Haluk 2015 kombine optik-ısı (M+İ) 52,89; Bursa T2 MET 2015 kombine (M+İ) 60,25; İzmir Buca M. EEC 2021 SIGA-PHDI kombine 40,53 (M)+%30 montaj→52,69; İzmir Buca M. NEV 2021 OH multi sensör 29,02 (M)+%30 montaj→37,73 → medyan 52,79"
Elektrik_AG,340,D05 – Optik duman dedektörü,38.0,38.73,REF-derin,R01078;R00908;R00977;R00741;R00776,"Kocaeli T. Sekaray 2015 adresli optik 36,39; Bursa T2 Haluk 2015 adresli optik (M+İ) 38,73; Bursa T2 MET 2015 adresli optik (M+İ) 39,83; İzmir Buca M. EEC 2021 SIGA-PDI optik 36,95 (M)+%30 montaj→48,04; İzmir Buca M. NEV 2021 S-Quad optik 26,33 (M)+%30 montaj→34,23 → medyan 38,73"
Elektrik_AG,340,D05 – Yangın alarm butonu,38.0,44.41,REF-derin,R00910;R00979;R00780;R01080,"Bursa T2 Haluk 2015 adresli buton (M+İ) 38,25; Bursa T2 MET 2015 adresli buton (M+İ) 42,68; İzmir Buca M. NEV 2021 Vigilon buton 35,48 (M)+%30 montaj→46,13; Kocaeli T. Sekaray 2015 cam kırma buton 119,58 → medyan 44,41"
Elektrik_AG,340,D05 – Korna modülü SCM + flaşörlü siren,90.0,99.37,REF-derin(1),R00749;R00911,"Karışık kalem (SCM 60 (tahmin) + konv. siren REF toplamı): 60,00 (tahmin) + sirenK=48,74 → 108,74; dağılım belirsiz → mevcut 90,00 ile ort. = 99,37. Emsaller: sirenK: İzmir Buca M. EEC 2021 konv. flaşörlü siren IP65 31,32 (M)+%30 montaj→40,72; Bursa T2 Haluk 2015 harici flaşörlü siren (M+İ) 56,76 → medyan 48,74"
Elektrik_AG,340,D05 – İzolatör,35.0,35.0,TAHMIN (emsal yok),,Emsal yok (veride eşdeğer kalem yok)
Elektrik_AG,340,D05 – Çevrim kablosu (D01 MFAP çevrimine bağlı – ayrı panel yok) + siren/24V hatları,2.2,2.12,REF-derin,R02947;R03096;R00532;R01755;R02959,"Karışık kalem (çevrim/siren hattı eşit pay): FA1x2x0.8=2,43 + FE2x1.5=1,80 → 2,12. Emsaller: FA1x2x0.8 [R02947;R03096;R00532] 2,43 | FE2x1.5 [R01755;R02959] 1,80"
Elektrik_AG,340,D06 – Adresli yangın alarm paneli D06/YAP/02,3000.0,2083.07,REF-derin,R00783;R00906;R01077;R00784,"İzmir Buca M. NEV 2021 Vigilon 1-2 loop+network 1.163,68 (M)+%25 montaj→1.454,61; Bursa T2 Haluk 2015 1 çevrim panel (M+İ) 1.751,29; Kocaeli T. Sekaray 2015 adresli panel 128 bölge 3.379,49; İzmir Buca M. NEV 2021 Vigilon 1-4 loop 1.931,88 (M)+%25 montaj→2.414,85 → medyan 2.083,07"
Elektrik_AG,340,D06 – Isı dedektörü,38.0,35.89,REF-derin,R00777;R00743,"İzmir Buca M. NEV 2021 ısı sensörü 22,97 (M)+%30 montaj→29,86; İzmir Buca M. EEC 2021 SIGA-HRDI ısı 32,24 (M)+%30 montaj→41,92 → medyan 35,89"
Elektrik_AG,340,D06 – Buton + I/O modülü + korna modülü + siren,70.0,58.8,REF-derin,R00910;R00979;R00780;R01080;R00779;R00746;R00747;R00912;R00913;R00981;R00982;R00781;R00749;R00911;R00980;R01081,"Karışık kalem (buton/IO/SCM(60 tahmin)/siren eşit pay): buton=44,41 + IOM=68,42 + 60,00 (tahmin) + sirenA=62,39 → 58,80. Emsaller: buton [R00910;R00979;R00780;R01080] 44,41 | IOM [R00779;R00746;R00747;R00912;R00913;R00981;R00982] 68,42 | sirenA [R00781;R00749;R00911;R00980;R01081] 62,39"
Elektrik_AG,340,D06 – Çevrim + siren kablosu,2.2,2.12,REF-derin,R02947;R03096;R00532;R01755;R02959,"Karışık kalem (çevrim/siren hattı eşit pay): FA1x2x0.8=2,43 + FE2x1.5=1,80 → 2,12. Emsaller: FA1x2x0.8 [R02947;R03096;R00532] 2,43 | FE2x1.5 [R01755;R02959] 1,80"
Elektrik_AG,340,D07 – Optik dedektör 2 + buton 1 + flaşörlü siren 1 + izolatör 1 (D01 MFAP çevrimine),42.0,43.85,REF-derin,R01078;R00908;R00977;R00741;R00776;R00910;R00979;R00780;R01080;R00781;R00749;R00911;R00980;R01081,"Karışık kalem (2 optik+1 buton+1 siren+1 izolatör(35 tahmin) ağırlıklı): optik=38,73 + buton=44,41 + sirenA=62,39 + 35,00 (tahmin) → 43,85. Emsaller: optik [R01078;R00908;R00977;R00741;R00776] 38,73 | buton [R00910;R00979;R00780;R01080] 44,41 | sirenA [R00781;R00749;R00911;R00980;R01081] 62,39"
Elektrik_AG,340,D07 – Çevrim kablosu + HF boru,3.5,4.41,REF-derin,R02947;R03096;R00532;R02661;R02746,"Karışık kalem (çevrim kablosu + HF boru toplamı): FA1x2x0.8=2,43 + spiral=1,97 → 4,41. Emsaller: FA1x2x0.8 [R02947;R03096;R00532] 2,43 | spiral [R02661;R02746] 1,97"
Elektrik_AG,341,Kombine optik-duman-sıcaklık / optik adresli dedektör,50.0,45.76,REF-derin,R00909;R00978;R00742;R00778;R01078;R00908;R00977;R00741;R00776,"Karışık kalem (kombine/optik eşit pay): kombine=52,79 + optik=38,73 → 45,76. Emsaller: kombine [R00909;R00978;R00742;R00778] 52,79 | optik [R01078;R00908;R00977;R00741;R00776] 38,73"
Elektrik_AG,341,Yangın alarm butonu IP67,60.0,64.58,REF-derin,R00744;R01080;R00910;R00979;R00780,"İzmir Buca M. EEC 2021 WCP3A harici buton 89,56 (M)+%30 (harici)→116,43; Kocaeli T. Sekaray 2015 cam kırma buton 119,58; Bursa T2 Haluk 2015 adresli buton (M+İ) 38,25 +%40 IP67→53,54; Bursa T2 MET 2015 adresli buton (M+İ) 42,68 +%40 IP67→59,75; İzmir Buca M. NEV 2021 Vigilon buton 35,48 (M)+%30, +%40 IP67→64,58 → medyan 64,58"
Elektrik_AG,341,Flaşörlü elektronik siren 95 dBA,60.0,62.39,REF-derin,R00781;R00749;R00911;R00980;R01081,"İzmir Buca M. NEV 2021 sounder beacon IP65 60,04 (M)+%30 montaj→78,05; İzmir Buca M. EEC 2021 flaşörlü siren IP65 31,32 (M)+%30 montaj→40,72; Bursa T2 Haluk 2015 harici flaşörlü siren (M+İ) 56,76; Bursa T2 MET 2015 harici flaşörlü siren (M+İ) 150,94; Kocaeli T. Sekaray 2015 elektronik siren 106 dB 62,39 → medyan 62,39"
Elektrik_AG,341,İzolatör modülü,35.0,35.0,TAHMIN (emsal yok),,Emsal yok (veride eşdeğer kalem yok)
Elektrik_AG,341,"Adresli giriş/çıkış modülü (UPS/ADP/DC arıza, kapı, SCADA)",60.0,68.42,REF-derin,R00779;R00746;R00747;R00912;R00913;R00981;R00982,"İzmir Buca M. NEV 2021 IOM 1G/1Ç 39,24 (M)+%30 montaj→51,01; İzmir Buca M. EEC 2021 SIGA-CT2I 29,27 (M)+%30 montaj→38,06; İzmir Buca M. EEC 2021 SIGA-CRI röle 31,01 (M)+%30 montaj→40,32; Bursa T2 Haluk 2015 röle modülü (M+İ) 80,64; Bursa T2 Haluk 2015 kontak izleme (M+İ) 80,64; Bursa T2 MET 2015 röle modülü (M+İ) 80,33; Bursa T2 MET 2015 kontak izleme (M+İ) 68,42 → medyan 68,42"
Elektrik_AG,341,"Çevrim kablosu JE-H(St)H 1x2x0,8+0,8 FE180",2.2,2.43,REF-derin,R02947;R03096;R00532,"Pendik-Kaynarca M. YM 2022 HBAPH FE180 1x2x0,6 1,80 (M)+%35 montaj→2,43; SAGE bina YM 2018 JE-H(St)H FE180 1x2x1,5 (M+İ) 2,59; Başkentray Desat 2012 1x2x0,8+0,8 HF (M+İ) 1,92 → medyan 2,43"
Elektrik_AG,341,"Korna-flaşör besleme N2XH FE180 3x1,5",2.6,2.52,REF-derin,R01755;R02959,"İzmir Narlıdere M. Uskom 2018 FE180 2x1,5 (M+İ) 1,68 ×1,4 (3 damar)→2,35; Pendik-Kaynarca M. YM 2022 LIHCHRH FE180 2x1,5 1,42 (M)+%35, ×1,4 (3 damar)→2,69 → medyan 2,52"
Elektrik_AG,341,HF spiral boru / kroşe,2.0,1.97,REF-derin,R02661;R02746,"Kabataş-Mahmutbey M. Uskom 2015 3/4"" spiral (M+İ) 1,50 +%15 HF→1,73; Kabataş-Mahmutbey M. Uskom 2015 3/4"" spiral (M+İ) 1,93 +%15 HF→2,21 → medyan 1,97"
Elektrik_AG,342,Operatör iş istasyonu (PC + 2 monitör) + olay yazıcısı,2500.0,2313.53,REF-derin(1),R00786,"İzmir Buca M. NEV 2021 yangın algılama workstation 1.772,55 (M)+%20 montaj→2.127,06 → emsal 2.127,06 ; tek emsal → mevcut 2.500,00 ile ort. = 2.313,53"
Elektrik_AG,342,TCC tekrarlayıcı (repeater) panel,1800.0,1140.97,REF-derin,R00907;R00976;R00785;R00740,"Bursa T2 Haluk 2015 tekrarlayıcı (M+İ) 1.071,21; Bursa T2 MET 2015 tekrarlayıcı (M+İ) 947,35; İzmir Buca M. NEV 2021 Vigilon repeat 1.009,13 (M)+%20 montaj→1.210,96; İzmir Buca M. EEC 2021 LCDANN repeater 1.008,94 (M)+%20 montaj→1.210,73 → medyan 1.140,97"
Elektrik_AG,342,Fiber/ethernet ara birim (media converter) – hat boyu paneller için,300.0,300.0,TAHMIN (emsal yok),,Emsal yok (veride eşdeğer kalem yok)
Elektrik_AG,342,SCADA/BMS entegrasyon ağ geçidi (Modbus TCP/BACnet),2500.0,2500.0,TAHMIN (emsal yok),,Emsal yok (veride eşdeğer kalem yok)
Elektrik_AG,342,Merkez UPS prizi/rack yerleşimi (TCC UPS üzerinden),400.0,400.0,TAHMIN (emsal yok),,"Emsal yok (cihaz bazında; Bursa T2/Başkentray ""priz sortisi"" 25-91 € kablo dahil → kıyas dışı)"
Haberlesme,237,SFP optik alıcı-verici modül (1000BASE-LX SM),150.0,162.97,REF-derin,R02201;R02168;R02188;R02921,Üçyol-Buca M/Nokia/ALE 2021 149.85x1.05; Üçyol-Buca M/Nokia/ALE 2021 152.46x1.05; Üçyol-Buca M/Nokia/ALE 2021 157.96x1.05; Pendik-Kaynarca M/YM 2022 159.72x1.05 | Malzeme fiyatı (montaj hariç) +%5 takma/konfig.; 1000BASE-LX SM birebir | sonuç 162.97
Haberlesme,237,"Fiber optik ek/terminasyon kutusu (19'' ODF 24 port SC/LC, pigtail+adaptör dahil)",450.0,477.59,REF-derin,R01279;R03134;R01197,"Başkentray/Thales 2012 642.56; Samsun LRT/Uskom 2008 477.59; Yerköy-Sivas YHT bina/YM 2019 121.86x1.6 | Pasif ekipman, yaş düzeltmesi yok; 12F birim x1,6 ile 24F eşleniği | sonuç 477.59"
Haberlesme,237,"Pigtail LC + füzyon ek (sonlandırma, 24 core MM alt ring)",18.0,10.94,REF-derin,R03083;R01636,"SAGE bina/YM 2018 8.44; Narlıdere M/Uskom 2018 13.45 | Fiber başı sonlandırma+OTDR, M+İ | sonuç 10.94"
Haberlesme,237,F/O patch cord SM LC-LC duplex 2 m,12.0,6.96,REF-derin,R03081;R02236;R01615,SAGE bina/YM 2018 5.63; Üçyol-Buca M/Nokia/ALE 2021 6.63x1.05; Narlıdere M/Uskom 2018 13.33 | Malzeme emsaline +%5 | sonuç 6.96
Haberlesme,237,CAT6 bakır patch panel 24 port + CAT6 patch cord (1 m) seti,220.0,168.56,REF-derin,R02929;R01613;R02781;R02239;R02241;R02930;R02783;R03080,Pendik-Kaynarca M/YM 2022 77.28x1.05; Narlıdere M/Uskom 2018 64.25; KMM M/Uskom 2015 94.77; Üçyol-Buca M/Nokia/ALE 2021 24.78x1.05; Üçyol-Buca M/Nokia/ALE 2021 3.74x1.05; Pendik-Kaynarca M/YM 2022 3.86x1.05; KMM M/Uskom 2015 4.15; SAGE bina/YM 2018 2.48 | Set = panel medyanı + 24 adet patch cord medyanı; malzemeye +%5 | sonuç 168.56
Haberlesme,237,"Dolap içi güç dağıtım (PDU) + PoE/ekipman güç adaptörleri, yıldırım/aşırı gerilim koruyucu (data hattı)",600.0,600.0,TAHMIN (emsal yok),,PDU/data SPD emsali yok
Haberlesme,237,"SM F/O kablo 8 core zırhlı (RACK KABİN-1 ↔ RACK KABİN-2, hat altı geçiş)",1.8,2.08,REF-derin,R03079;R02802;R01801;R03277,"SAGE bina/YM 2018 6.76; Bursa T2/Kocaeli Tr/Prysmian liste 2014 1344.34; Narlıdere M/Uskom 2018 1.63 | Prysmian 12F zırhlı liste 1,34 €/m x0,65 iskonto +1,21 €/m döşeme (Tepeköy R03277) = 2,08; medyan | sonuç 2.08"
Haberlesme,237,"İletim sistemi test/devreye alma, OTDR ölçümü, dokümantasyon (istasyon)",2500.0,2500.0,TAHMIN (emsal yok),,"Durak başı T&C emsali yok (Pendik 5.152/ist. yeraltı metro tüm montaj dahil, kıyaslanamaz)"
Haberlesme,238,"Harici tip durak haberleşme dolabı (IP55, kilitli, 19'' raylı, havalandırmalı, pano odasındaki RACK KABİN)",2800.0,2800.0,TAHMIN (emsal yok),,"IP55 dış ortam 19"" durak dolabı emsali yok (SAGE saha kabini/8U kutu küçük)"
Haberlesme,238,SFP optik alıcı-verici modül (1000BASE-LX SM),150.0,162.97,REF-derin,R02201;R02168;R02188;R02921,Üçyol-Buca M/Nokia/ALE 2021 149.85x1.05; Üçyol-Buca M/Nokia/ALE 2021 152.46x1.05; Üçyol-Buca M/Nokia/ALE 2021 157.96x1.05; Pendik-Kaynarca M/YM 2022 159.72x1.05 | Malzeme fiyatı (montaj hariç) +%5 takma/konfig.; 1000BASE-LX SM birebir | sonuç 162.97
Haberlesme,238,"Fiber optik ek/terminasyon kutusu (19'' ODF 24 port SC/LC, pigtail+adaptör dahil)",450.0,477.59,REF-derin,R01279;R03134;R01197,"Başkentray/Thales 2012 642.56; Samsun LRT/Uskom 2008 477.59; Yerköy-Sivas YHT bina/YM 2019 121.86x1.6 | Pasif ekipman, yaş düzeltmesi yok; 12F birim x1,6 ile 24F eşleniği | sonuç 477.59"
Haberlesme,238,"Pigtail LC + füzyon ek (sonlandırma, 24 core MM alt ring)",18.0,10.94,REF-derin,R03083;R01636,"SAGE bina/YM 2018 8.44; Narlıdere M/Uskom 2018 13.45 | Fiber başı sonlandırma+OTDR, M+İ | sonuç 10.94"
Haberlesme,238,F/O patch cord SM LC-LC duplex 2 m,12.0,6.96,REF-derin,R03081;R02236;R01615,SAGE bina/YM 2018 5.63; Üçyol-Buca M/Nokia/ALE 2021 6.63x1.05; Narlıdere M/Uskom 2018 13.33 | Malzeme emsaline +%5 | sonuç 6.96
Haberlesme,238,CAT6 bakır patch panel 24 port + CAT6 patch cord (1 m) seti,220.0,168.56,REF-derin,R02929;R01613;R02781;R02239;R02241;R02930;R02783;R03080,Pendik-Kaynarca M/YM 2022 77.28x1.05; Narlıdere M/Uskom 2018 64.25; KMM M/Uskom 2015 94.77; Üçyol-Buca M/Nokia/ALE 2021 24.78x1.05; Üçyol-Buca M/Nokia/ALE 2021 3.74x1.05; Pendik-Kaynarca M/YM 2022 3.86x1.05; KMM M/Uskom 2015 4.15; SAGE bina/YM 2018 2.48 | Set = panel medyanı + 24 adet patch cord medyanı; malzemeye +%5 | sonuç 168.56
Haberlesme,238,"Dolap içi güç dağıtım (PDU) + PoE/ekipman güç adaptörleri, yıldırım/aşırı gerilim koruyucu (data hattı)",600.0,600.0,TAHMIN (emsal yok),,PDU/data SPD emsali yok
Haberlesme,238,"Ø110 koruge boru (istasyon zayıf/kuvvetli akım borulama tesisatı, peron altı + yol altı geçiş)",5.5,6.89,REF-derin,R05762;R01311,Bursa T2/Kocaeli Tr/FER 2015 9.14; Çerkezköy-Kapıkule anahat/YM 2018 4.63 | Kazı hariç boru döşeme; Ø100 koruge (tramvay) + HDPE geçiş borusu | sonuç 6.89
Haberlesme,238,"İletim sistemi test/devreye alma, OTDR ölçümü, dokümantasyon (istasyon)",1800.0,1800.0,TAHMIN (emsal yok),,"Durak başı T&C emsali yok (Pendik 5.152/ist. yeraltı metro tüm montaj dahil, kıyaslanamaz)"
Haberlesme,239,"Harici tip durak haberleşme dolabı (IP55, kilitli, 19'' raylı, havalandırmalı, pano odasındaki RACK KABİN)",2800.0,2800.0,TAHMIN (emsal yok),,"IP55 dış ortam 19"" durak dolabı emsali yok (SAGE saha kabini/8U kutu küçük)"
Haberlesme,239,SFP optik alıcı-verici modül (1000BASE-LX SM),150.0,162.97,REF-derin,R02201;R02168;R02188;R02921,Üçyol-Buca M/Nokia/ALE 2021 149.85x1.05; Üçyol-Buca M/Nokia/ALE 2021 152.46x1.05; Üçyol-Buca M/Nokia/ALE 2021 157.96x1.05; Pendik-Kaynarca M/YM 2022 159.72x1.05 | Malzeme fiyatı (montaj hariç) +%5 takma/konfig.; 1000BASE-LX SM birebir | sonuç 162.97
Haberlesme,239,"Fiber optik ek/terminasyon kutusu (19'' ODF 24 port SC/LC, pigtail+adaptör dahil)",450.0,477.59,REF-derin,R01279;R03134;R01197,"Başkentray/Thales 2012 642.56; Samsun LRT/Uskom 2008 477.59; Yerköy-Sivas YHT bina/YM 2019 121.86x1.6 | Pasif ekipman, yaş düzeltmesi yok; 12F birim x1,6 ile 24F eşleniği | sonuç 477.59"
Haberlesme,239,"Pigtail LC + füzyon ek (sonlandırma, 24 core MM alt ring)",18.0,10.94,REF-derin,R03083;R01636,"SAGE bina/YM 2018 8.44; Narlıdere M/Uskom 2018 13.45 | Fiber başı sonlandırma+OTDR, M+İ | sonuç 10.94"
Haberlesme,239,F/O patch cord SM LC-LC duplex 2 m,12.0,6.96,REF-derin,R03081;R02236;R01615,SAGE bina/YM 2018 5.63; Üçyol-Buca M/Nokia/ALE 2021 6.63x1.05; Narlıdere M/Uskom 2018 13.33 | Malzeme emsaline +%5 | sonuç 6.96
Haberlesme,239,CAT6 bakır patch panel 24 port + CAT6 patch cord (1 m) seti,220.0,168.56,REF-derin,R02929;R01613;R02781;R02239;R02241;R02930;R02783;R03080,Pendik-Kaynarca M/YM 2022 77.28x1.05; Narlıdere M/Uskom 2018 64.25; KMM M/Uskom 2015 94.77; Üçyol-Buca M/Nokia/ALE 2021 24.78x1.05; Üçyol-Buca M/Nokia/ALE 2021 3.74x1.05; Pendik-Kaynarca M/YM 2022 3.86x1.05; KMM M/Uskom 2015 4.15; SAGE bina/YM 2018 2.48 | Set = panel medyanı + 24 adet patch cord medyanı; malzemeye +%5 | sonuç 168.56
Haberlesme,239,"Dolap içi güç dağıtım (PDU) + PoE/ekipman güç adaptörleri, yıldırım/aşırı gerilim koruyucu (data hattı)",600.0,600.0,TAHMIN (emsal yok),,PDU/data SPD emsali yok
Haberlesme,239,"Ø110 koruge boru (istasyon zayıf/kuvvetli akım borulama tesisatı, peron altı + yol altı geçiş)",5.5,6.89,REF-derin,R05762;R01311,Bursa T2/Kocaeli Tr/FER 2015 9.14; Çerkezköy-Kapıkule anahat/YM 2018 4.63 | Kazı hariç boru döşeme; Ø100 koruge (tramvay) + HDPE geçiş borusu | sonuç 6.89
Haberlesme,239,"İletim sistemi test/devreye alma, OTDR ölçümü, dokümantasyon (istasyon)",1800.0,1800.0,TAHMIN (emsal yok),,"Durak başı T&C emsali yok (Pendik 5.152/ist. yeraltı metro tüm montaj dahil, kıyaslanamaz)"
Haberlesme,240,"Harici tip durak haberleşme dolabı (IP55, kilitli, 19'' raylı, havalandırmalı, pano odasındaki RACK KABİN)",2800.0,2800.0,TAHMIN (emsal yok),,"IP55 dış ortam 19"" durak dolabı emsali yok (SAGE saha kabini/8U kutu küçük)"
Haberlesme,240,SFP optik alıcı-verici modül (1000BASE-LX SM),150.0,162.97,REF-derin,R02201;R02168;R02188;R02921,Üçyol-Buca M/Nokia/ALE 2021 149.85x1.05; Üçyol-Buca M/Nokia/ALE 2021 152.46x1.05; Üçyol-Buca M/Nokia/ALE 2021 157.96x1.05; Pendik-Kaynarca M/YM 2022 159.72x1.05 | Malzeme fiyatı (montaj hariç) +%5 takma/konfig.; 1000BASE-LX SM birebir | sonuç 162.97
Haberlesme,240,"Fiber optik ek/terminasyon kutusu (19'' ODF 24 port SC/LC, pigtail+adaptör dahil)",450.0,477.59,REF-derin,R01279;R03134;R01197,"Başkentray/Thales 2012 642.56; Samsun LRT/Uskom 2008 477.59; Yerköy-Sivas YHT bina/YM 2019 121.86x1.6 | Pasif ekipman, yaş düzeltmesi yok; 12F birim x1,6 ile 24F eşleniği | sonuç 477.59"
Haberlesme,240,"Pigtail LC + füzyon ek (sonlandırma, 24 core MM alt ring)",18.0,10.94,REF-derin,R03083;R01636,"SAGE bina/YM 2018 8.44; Narlıdere M/Uskom 2018 13.45 | Fiber başı sonlandırma+OTDR, M+İ | sonuç 10.94"
Haberlesme,240,F/O patch cord SM LC-LC duplex 2 m,12.0,6.96,REF-derin,R03081;R02236;R01615,SAGE bina/YM 2018 5.63; Üçyol-Buca M/Nokia/ALE 2021 6.63x1.05; Narlıdere M/Uskom 2018 13.33 | Malzeme emsaline +%5 | sonuç 6.96
Haberlesme,240,CAT6 bakır patch panel 24 port + CAT6 patch cord (1 m) seti,220.0,168.56,REF-derin,R02929;R01613;R02781;R02239;R02241;R02930;R02783;R03080,Pendik-Kaynarca M/YM 2022 77.28x1.05; Narlıdere M/Uskom 2018 64.25; KMM M/Uskom 2015 94.77; Üçyol-Buca M/Nokia/ALE 2021 24.78x1.05; Üçyol-Buca M/Nokia/ALE 2021 3.74x1.05; Pendik-Kaynarca M/YM 2022 3.86x1.05; KMM M/Uskom 2015 4.15; SAGE bina/YM 2018 2.48 | Set = panel medyanı + 24 adet patch cord medyanı; malzemeye +%5 | sonuç 168.56
Haberlesme,240,"Dolap içi güç dağıtım (PDU) + PoE/ekipman güç adaptörleri, yıldırım/aşırı gerilim koruyucu (data hattı)",600.0,600.0,TAHMIN (emsal yok),,PDU/data SPD emsali yok
Haberlesme,240,"Ø110 koruge boru (istasyon zayıf/kuvvetli akım borulama tesisatı, peron altı + yol altı geçiş)",5.5,6.89,REF-derin,R05762;R01311,Bursa T2/Kocaeli Tr/FER 2015 9.14; Çerkezköy-Kapıkule anahat/YM 2018 4.63 | Kazı hariç boru döşeme; Ø100 koruge (tramvay) + HDPE geçiş borusu | sonuç 6.89
Haberlesme,240,"İletim sistemi test/devreye alma, OTDR ölçümü, dokümantasyon (istasyon)",1800.0,1800.0,TAHMIN (emsal yok),,"Durak başı T&C emsali yok (Pendik 5.152/ist. yeraltı metro tüm montaj dahil, kıyaslanamaz)"
Haberlesme,241,"Harici tip durak haberleşme dolabı (IP55, kilitli, 19'' raylı, havalandırmalı, pano odasındaki RACK KABİN)",2800.0,2800.0,TAHMIN (emsal yok),,"IP55 dış ortam 19"" durak dolabı emsali yok (SAGE saha kabini/8U kutu küçük)"
Haberlesme,241,SFP optik alıcı-verici modül (1000BASE-LX SM),150.0,162.97,REF-derin,R02201;R02168;R02188;R02921,Üçyol-Buca M/Nokia/ALE 2021 149.85x1.05; Üçyol-Buca M/Nokia/ALE 2021 152.46x1.05; Üçyol-Buca M/Nokia/ALE 2021 157.96x1.05; Pendik-Kaynarca M/YM 2022 159.72x1.05 | Malzeme fiyatı (montaj hariç) +%5 takma/konfig.; 1000BASE-LX SM birebir | sonuç 162.97
Haberlesme,241,"Fiber optik ek/terminasyon kutusu (19'' ODF 24 port SC/LC, pigtail+adaptör dahil)",450.0,477.59,REF-derin,R01279;R03134;R01197,"Başkentray/Thales 2012 642.56; Samsun LRT/Uskom 2008 477.59; Yerköy-Sivas YHT bina/YM 2019 121.86x1.6 | Pasif ekipman, yaş düzeltmesi yok; 12F birim x1,6 ile 24F eşleniği | sonuç 477.59"
Haberlesme,241,"Pigtail LC + füzyon ek (sonlandırma, 24 core MM alt ring)",18.0,10.94,REF-derin,R03083;R01636,"SAGE bina/YM 2018 8.44; Narlıdere M/Uskom 2018 13.45 | Fiber başı sonlandırma+OTDR, M+İ | sonuç 10.94"
Haberlesme,241,F/O patch cord SM LC-LC duplex 2 m,12.0,6.96,REF-derin,R03081;R02236;R01615,SAGE bina/YM 2018 5.63; Üçyol-Buca M/Nokia/ALE 2021 6.63x1.05; Narlıdere M/Uskom 2018 13.33 | Malzeme emsaline +%5 | sonuç 6.96
Haberlesme,241,CAT6 bakır patch panel 24 port + CAT6 patch cord (1 m) seti,220.0,168.56,REF-derin,R02929;R01613;R02781;R02239;R02241;R02930;R02783;R03080,Pendik-Kaynarca M/YM 2022 77.28x1.05; Narlıdere M/Uskom 2018 64.25; KMM M/Uskom 2015 94.77; Üçyol-Buca M/Nokia/ALE 2021 24.78x1.05; Üçyol-Buca M/Nokia/ALE 2021 3.74x1.05; Pendik-Kaynarca M/YM 2022 3.86x1.05; KMM M/Uskom 2015 4.15; SAGE bina/YM 2018 2.48 | Set = panel medyanı + 24 adet patch cord medyanı; malzemeye +%5 | sonuç 168.56
Haberlesme,241,"Dolap içi güç dağıtım (PDU) + PoE/ekipman güç adaptörleri, yıldırım/aşırı gerilim koruyucu (data hattı)",600.0,600.0,TAHMIN (emsal yok),,PDU/data SPD emsali yok
Haberlesme,241,"Ø110 koruge boru (istasyon zayıf/kuvvetli akım borulama tesisatı, peron altı + yol altı geçiş)",5.5,6.89,REF-derin,R05762;R01311,Bursa T2/Kocaeli Tr/FER 2015 9.14; Çerkezköy-Kapıkule anahat/YM 2018 4.63 | Kazı hariç boru döşeme; Ø100 koruge (tramvay) + HDPE geçiş borusu | sonuç 6.89
Haberlesme,241,"İletim sistemi test/devreye alma, OTDR ölçümü, dokümantasyon (istasyon)",1800.0,1800.0,TAHMIN (emsal yok),,"Durak başı T&C emsali yok (Pendik 5.152/ist. yeraltı metro tüm montaj dahil, kıyaslanamaz)"
Haberlesme,242,"Harici tip durak haberleşme dolabı (IP55, kilitli, 19'' raylı, havalandırmalı, pano odasındaki RACK KABİN)",2800.0,2800.0,TAHMIN (emsal yok),,"IP55 dış ortam 19"" durak dolabı emsali yok (SAGE saha kabini/8U kutu küçük)"
Haberlesme,242,SFP optik alıcı-verici modül (1000BASE-LX SM),150.0,162.97,REF-derin,R02201;R02168;R02188;R02921,Üçyol-Buca M/Nokia/ALE 2021 149.85x1.05; Üçyol-Buca M/Nokia/ALE 2021 152.46x1.05; Üçyol-Buca M/Nokia/ALE 2021 157.96x1.05; Pendik-Kaynarca M/YM 2022 159.72x1.05 | Malzeme fiyatı (montaj hariç) +%5 takma/konfig.; 1000BASE-LX SM birebir | sonuç 162.97
Haberlesme,242,"Fiber optik ek/terminasyon kutusu (19'' ODF 24 port SC/LC, pigtail+adaptör dahil)",450.0,477.59,REF-derin,R01279;R03134;R01197,"Başkentray/Thales 2012 642.56; Samsun LRT/Uskom 2008 477.59; Yerköy-Sivas YHT bina/YM 2019 121.86x1.6 | Pasif ekipman, yaş düzeltmesi yok; 12F birim x1,6 ile 24F eşleniği | sonuç 477.59"
Haberlesme,242,"Pigtail LC + füzyon ek (sonlandırma, 24 core MM alt ring)",18.0,10.94,REF-derin,R03083;R01636,"SAGE bina/YM 2018 8.44; Narlıdere M/Uskom 2018 13.45 | Fiber başı sonlandırma+OTDR, M+İ | sonuç 10.94"
Haberlesme,242,F/O patch cord SM LC-LC duplex 2 m,12.0,6.96,REF-derin,R03081;R02236;R01615,SAGE bina/YM 2018 5.63; Üçyol-Buca M/Nokia/ALE 2021 6.63x1.05; Narlıdere M/Uskom 2018 13.33 | Malzeme emsaline +%5 | sonuç 6.96
Haberlesme,242,CAT6 bakır patch panel 24 port + CAT6 patch cord (1 m) seti,220.0,168.56,REF-derin,R02929;R01613;R02781;R02239;R02241;R02930;R02783;R03080,Pendik-Kaynarca M/YM 2022 77.28x1.05; Narlıdere M/Uskom 2018 64.25; KMM M/Uskom 2015 94.77; Üçyol-Buca M/Nokia/ALE 2021 24.78x1.05; Üçyol-Buca M/Nokia/ALE 2021 3.74x1.05; Pendik-Kaynarca M/YM 2022 3.86x1.05; KMM M/Uskom 2015 4.15; SAGE bina/YM 2018 2.48 | Set = panel medyanı + 24 adet patch cord medyanı; malzemeye +%5 | sonuç 168.56
Haberlesme,242,"Dolap içi güç dağıtım (PDU) + PoE/ekipman güç adaptörleri, yıldırım/aşırı gerilim koruyucu (data hattı)",600.0,600.0,TAHMIN (emsal yok),,PDU/data SPD emsali yok
Haberlesme,242,"Ø110 koruge boru (istasyon zayıf/kuvvetli akım borulama tesisatı, peron altı + yol altı geçiş)",5.5,6.89,REF-derin,R05762;R01311,Bursa T2/Kocaeli Tr/FER 2015 9.14; Çerkezköy-Kapıkule anahat/YM 2018 4.63 | Kazı hariç boru döşeme; Ø100 koruge (tramvay) + HDPE geçiş borusu | sonuç 6.89
Haberlesme,242,"İletim sistemi test/devreye alma, OTDR ölçümü, dokümantasyon (istasyon)",1800.0,1800.0,TAHMIN (emsal yok),,"Durak başı T&C emsali yok (Pendik 5.152/ist. yeraltı metro tüm montaj dahil, kıyaslanamaz)"
Haberlesme,243,"MM F/O kablo 24 damar (D01 → D05, D07 binaları, tarif 4002)",2.2,4.35,REF-derin,R02809;R02808;R03277,"Bursa T2/Kocaeli Tr/Prysmian liste 2014 4286.12; Bursa T2/Kocaeli Tr/Prysmian liste 2014 5366.22; Tepeköy-Selçuk anahat/Huawei 2013 1.21 | Prysmian MM 24F liste x0,65 iskonto +1,21 €/m döşeme (R03277); OM2 4,00 / OM1 4,70 medyan | sonuç 4.35"
Haberlesme,243,MM F/O kablo 8 damar (D03 vagon yıkama ← atölye),1.5,2.08,REF-derin,R03079;R02802;R01801;R03277,"SAGE bina/YM 2018 6.76; Bursa T2/Kocaeli Tr/Prysmian liste 2014 1344.34; Narlıdere M/Uskom 2018 1.63 | Prysmian 12F zırhlı liste 1,34 €/m x0,65 iskonto +1,21 €/m döşeme (Tepeköy R03277) = 2,08; medyan | sonuç 2.08"
Haberlesme,243,SM F/O kablo 8 damar (D02 depo trafo T09 ← TCC),1.5,2.08,REF-derin,R03079;R02802;R01801;R03277,"SAGE bina/YM 2018 6.76; Bursa T2/Kocaeli Tr/Prysmian liste 2014 1344.34; Narlıdere M/Uskom 2018 1.63 | Prysmian 12F zırhlı liste 1,34 €/m x0,65 iskonto +1,21 €/m döşeme (Tepeköy R03277) = 2,08; medyan | sonuç 2.08"
Haberlesme,243,ODF/F-O patch panel 12-24 port + pigtail + adaptör (binalar),500.0,477.59,REF-derin,R01279;R03134;R01197,"Başkentray/Thales 2012 642.56; Samsun LRT/Uskom 2008 477.59; Yerköy-Sivas YHT bina/YM 2019 121.86x1.6 | 24F ODF emsalleri (pasif, M+İ); 12F birim x1,6 | sonuç 477.59"
Haberlesme,243,CAT6/FO medya konvertör + SFP modülleri,180.0,180.0,TAHMIN (emsal yok),,Medya konvertör emsali yok
Haberlesme,243,"Patch cord (F/O ve CAT6), kablo organizer, PDU",350.0,350.0,TAHMIN (emsal yok),,Karma set; PDU emsali yok
Haberlesme,244,ODF 48 port (24 core omurga giriş/çıkış + 8 core alt ring) + pigtail/füzyon,1100.0,931.2,REF-derin,R01279;R01278;R01635,"Başkentray/Thales 2012 642.56; Başkentray/Thales 2012 1902.23; Narlıdere M/Uskom 2018 549.20 | 24F 643 ile 96F 1.902 arası doğrusal 48F=1.063; Narlıdere 96p malzeme 549/2+48x10,95 füzyon=800; ikisinin ortalaması | sonuç 931.20"
Haberlesme,244,SFP modül 1000BASE-LX/ZX SM,180.0,187.41,REF-derin,R02201;R02168;R02188;R02921,Üçyol-Buca M/Nokia/ALE 2021 149.85x1.05; Üçyol-Buca M/Nokia/ALE 2021 152.46x1.05; Üçyol-Buca M/Nokia/ALE 2021 157.96x1.05; Pendik-Kaynarca M/YM 2022 159.72x1.05 | LX emsal medyanı +%5 montaj; ZX (uzun mesafe) payı +%15 | sonuç 187.41
Haberlesme,244,"Bina içi CAT6/HF kablo (switch→telefon, kamera, GGP, RTU)",1.2,1.82,REF-derin,R02786;R02994;R02238,KMM M/Uskom 2015 1.44; SAGE bina/YM 2018 2.48; Üçyol-Buca M/Nokia/ALE 2021 1.40x1.3 | Bina içi CAT6 M+İ; malzeme emsaline +%30 çekim/sonlandırma | sonuç 1.82
Haberlesme,244,"Patch cord, PDU, kablo organizer",300.0,300.0,TAHMIN (emsal yok),,Karma set; PDU emsali yok
Haberlesme,245,"Kenar ağ anahtarı (Telsiz BS kabinleri, CAT6 ile TR'ye bağlı)",1200.0,809.29,REF-derin,R02196;R02199;R01863,Üçyol-Buca M/Nokia/ALE 2021 735.72x1.1; Üçyol-Buca M/Nokia/ALE 2021 955.08x1.1; Üçyol-Buca M/ON Elektronik 2020 381.18x1.1 | Endüstriyel PoE kenar switch malzeme +%10 montaj/konfig. | sonuç 809.29
Haberlesme,245,Mini ODF/ek-terminasyon kutusu 12 port + pigtail,350.0,303.88,REF-derin,R01197;R01799;R02740,"Yerköy-Sivas YHT bina/YM 2019 121.86; Narlıdere M/Uskom 2018 303.88; KMM M/Uskom 2015 520.95 | M+İ emsaller, pasif kutu | sonuç 303.88"
Haberlesme,245,SFP modül SM,150.0,162.97,REF-derin,R02201;R02168;R02188;R02921,Üçyol-Buca M/Nokia/ALE 2021 149.85x1.05; Üçyol-Buca M/Nokia/ALE 2021 152.46x1.05; Üçyol-Buca M/Nokia/ALE 2021 157.96x1.05; Pendik-Kaynarca M/YM 2022 159.72x1.05 | Malzeme fiyatı (montaj hariç) +%5 takma/konfig.; 1000BASE-LX SM birebir | sonuç 162.97
Haberlesme,246,TCC 19'' ekipman kabini 42U (haberleşme/iletim),2000.0,1212.91,REF-derin,R02927;R01999;R02228;R02125;R02507;R02325;R03068;R01743,Pendik-Kaynarca M/YM 2022 1069.09x1.1; Üçyol-Buca M/Merit(Alcatel) 2021 1181.20x1.1; Üçyol-Buca M/Nokia/ALE 2021 743.05x1.1; Üçyol-Buca M/Siemens 2021 485.50x1.1; KMM M/RCF 2015 968.24x1.1; KMM M/Ateksis(Bosch) 2015 1197.05x1.1; SAGE bina/YM 2018 1249.82; Narlıdere M/Uskom 2018 3410.46 | 42U kabin emsalleri; malzemeye +%10 montaj; önceki REF-duz 2.000 yüksek | sonuç 1212.91
Haberlesme,246,Fiber optik sonlandırma rafı / ODF 96 port (omurga 24 core x2 yön + depo binaları),1500.0,1599.91,REF-derin,R01278;R01635;R02606;R03083;R01636,"Başkentray/Thales 2012 1902.23; Narlıdere M/Uskom 2018 549.20; KMM M/Uskom 2015 2175.08 | Başkentray 96F M+İ 1.902; Narlıdere 96p malz. 549+96x10,95 füzyon=1.600; KMM 144F 2.175x96/144=1.450; medyan | sonuç 1599.91"
Haberlesme,246,"Mevcut depo kontrol merkezi omurga bağlantısı (SFP, patch, konfigürasyon)",3000.0,3000.0,TAHMIN (emsal yok),,Emsal yok (miktar 0)
Haberlesme,246,Mevcut depo kontrol merkezi (TCC) entegrasyonu: iletim/NMS yazılım uyarlama + lisans,15000.0,15000.0,TAHMIN (emsal yok),,Emsal yok (miktar 0)
Haberlesme,247,"F/O kablo işaret bandı/etiket, rezerv loop",4000.0,4000.0,TAHMIN (emsal yok),,Emsal yok
Haberlesme,248,"Dokümantasyon: malzeme onayı, test prosedürleri, as-built, işletme-bakım el kitapları, eğitim dokümanı",4000.0,4000.0,TAHMIN (emsal yok),,"As-built/OMM emsalleri metro ölçeği 1.330 (Ateksis KMM) - 17.078 (Uskom Narlıdere); küçük tramvay alt sistem dokümanı kıyaslanamaz, mevcut aralıkta"
Haberlesme,249,"Acil durum (SOS) IP telefonu, harici tip, IP66, saldırıya dayanıklı, tuşsuz, PoE, SIP",1000.0,712.15,REF-derin,R02005;R02940;R01651,Üçyol-Buca M/Merit(Alcatel) 2021 619.27x1.15; Pendik-Kaynarca M/YM 2022 751.00x1.15; Narlıdere M/Uskom 2018 271.31 | 2018+ IP66/intercom acil telefon; malzemeye +%15 montaj; 2015 analog emsaller dışarıda | sonuç 712.15
Haberlesme,249,Data prizi CAT6 (güvenlik odası + biletmatik),15.0,8.08,REF-derin,R02641;R01656;R01183;R02815,KMM M/Uskom 2015 12.38; Narlıdere M/Uskom 2018 27.52; Yerköy-Sivas YHT bina/YM 2019 3.26; Bursa T2/Kocaeli Tr/Sekaray 2015 3.78 | Montajlı priz emsalleri (M+İ / BFTC) | sonuç 8.08
Haberlesme,249,CAT6-F UTP outdoor kablo (acil durum telefon hattı),1.6,2.48,REF-derin,R02987;R02994;R02238,Pendik-Kaynarca M/YM 2022 2.45x1.3; SAGE bina/YM 2018 2.48; Üçyol-Buca M/Nokia/ALE 2021 1.40x1.3 | Ekranlı/LS0H-FE180 CAT6-7; malzemeye +%30 çekim | sonuç 2.48
Haberlesme,249,CAT6 data kablosu (data prizleri),1.0,1.82,REF-derin,R02786;R02994;R02238,KMM M/Uskom 2015 1.44; SAGE bina/YM 2018 2.48; Üçyol-Buca M/Nokia/ALE 2021 1.40x1.3 | Bina içi CAT6 M+İ; malzeme emsaline +%30 çekim/sonlandırma | sonuç 1.82
Haberlesme,249,Telefon/data hattı besleme buatı (TB/DB) + montaj malzemesi,25.0,25.0,TAHMIN (emsal yok),,Buat emsali yok (20 çift dağıtım kutuları farklı)
Haberlesme,250,"Acil durum (SOS) IP telefonu, harici tip, IP66, saldırıya dayanıklı, tuşsuz, PoE, SIP",1000.0,712.15,REF-derin,R02005;R02940;R01651,Üçyol-Buca M/Merit(Alcatel) 2021 619.27x1.15; Pendik-Kaynarca M/YM 2022 751.00x1.15; Narlıdere M/Uskom 2018 271.31 | 2018+ IP66/intercom acil telefon; malzemeye +%15 montaj; 2015 analog emsaller dışarıda | sonuç 712.15
Haberlesme,250,Data prizi CAT6 (güvenlik odası + biletmatik),15.0,8.08,REF-derin,R02641;R01656;R01183;R02815,KMM M/Uskom 2015 12.38; Narlıdere M/Uskom 2018 27.52; Yerköy-Sivas YHT bina/YM 2019 3.26; Bursa T2/Kocaeli Tr/Sekaray 2015 3.78 | Montajlı priz emsalleri (M+İ / BFTC) | sonuç 8.08
Haberlesme,250,CAT6-F UTP outdoor kablo (acil durum telefon hattı),1.6,2.48,REF-derin,R02987;R02994;R02238,Pendik-Kaynarca M/YM 2022 2.45x1.3; SAGE bina/YM 2018 2.48; Üçyol-Buca M/Nokia/ALE 2021 1.40x1.3 | Ekranlı/LS0H-FE180 CAT6-7; malzemeye +%30 çekim | sonuç 2.48
Haberlesme,250,CAT6 data kablosu (data prizleri),1.0,1.82,REF-derin,R02786;R02994;R02238,KMM M/Uskom 2015 1.44; SAGE bina/YM 2018 2.48; Üçyol-Buca M/Nokia/ALE 2021 1.40x1.3 | Bina içi CAT6 M+İ; malzeme emsaline +%30 çekim/sonlandırma | sonuç 1.82
Haberlesme,250,Telefon/data hattı besleme buatı (TB/DB) + montaj malzemesi,25.0,25.0,TAHMIN (emsal yok),,Buat emsali yok (20 çift dağıtım kutuları farklı)
Haberlesme,251,"Acil durum (SOS) IP telefonu, harici tip, IP66, saldırıya dayanıklı, tuşsuz, PoE, SIP",1000.0,712.15,REF-derin,R02005;R02940;R01651,Üçyol-Buca M/Merit(Alcatel) 2021 619.27x1.15; Pendik-Kaynarca M/YM 2022 751.00x1.15; Narlıdere M/Uskom 2018 271.31 | 2018+ IP66/intercom acil telefon; malzemeye +%15 montaj; 2015 analog emsaller dışarıda | sonuç 712.15
Haberlesme,251,Data prizi CAT6 (güvenlik odası + biletmatik),15.0,8.08,REF-derin,R02641;R01656;R01183;R02815,KMM M/Uskom 2015 12.38; Narlıdere M/Uskom 2018 27.52; Yerköy-Sivas YHT bina/YM 2019 3.26; Bursa T2/Kocaeli Tr/Sekaray 2015 3.78 | Montajlı priz emsalleri (M+İ / BFTC) | sonuç 8.08
Haberlesme,251,CAT6-F UTP outdoor kablo (acil durum telefon hattı),1.6,2.48,REF-derin,R02987;R02994;R02238,Pendik-Kaynarca M/YM 2022 2.45x1.3; SAGE bina/YM 2018 2.48; Üçyol-Buca M/Nokia/ALE 2021 1.40x1.3 | Ekranlı/LS0H-FE180 CAT6-7; malzemeye +%30 çekim | sonuç 2.48
Haberlesme,251,CAT6 data kablosu (data prizleri),1.0,1.82,REF-derin,R02786;R02994;R02238,KMM M/Uskom 2015 1.44; SAGE bina/YM 2018 2.48; Üçyol-Buca M/Nokia/ALE 2021 1.40x1.3 | Bina içi CAT6 M+İ; malzeme emsaline +%30 çekim/sonlandırma | sonuç 1.82
Haberlesme,251,Telefon/data hattı besleme buatı (TB/DB) + montaj malzemesi,25.0,25.0,TAHMIN (emsal yok),,Buat emsali yok (20 çift dağıtım kutuları farklı)
Haberlesme,252,"Acil durum (SOS) IP telefonu, harici tip, IP66, saldırıya dayanıklı, tuşsuz, PoE, SIP",1000.0,712.15,REF-derin,R02005;R02940;R01651,Üçyol-Buca M/Merit(Alcatel) 2021 619.27x1.15; Pendik-Kaynarca M/YM 2022 751.00x1.15; Narlıdere M/Uskom 2018 271.31 | 2018+ IP66/intercom acil telefon; malzemeye +%15 montaj; 2015 analog emsaller dışarıda | sonuç 712.15
Haberlesme,252,Data prizi CAT6 (güvenlik odası + biletmatik),15.0,8.08,REF-derin,R02641;R01656;R01183;R02815,KMM M/Uskom 2015 12.38; Narlıdere M/Uskom 2018 27.52; Yerköy-Sivas YHT bina/YM 2019 3.26; Bursa T2/Kocaeli Tr/Sekaray 2015 3.78 | Montajlı priz emsalleri (M+İ / BFTC) | sonuç 8.08
Haberlesme,252,CAT6-F UTP outdoor kablo (acil durum telefon hattı),1.6,2.48,REF-derin,R02987;R02994;R02238,Pendik-Kaynarca M/YM 2022 2.45x1.3; SAGE bina/YM 2018 2.48; Üçyol-Buca M/Nokia/ALE 2021 1.40x1.3 | Ekranlı/LS0H-FE180 CAT6-7; malzemeye +%30 çekim | sonuç 2.48
Haberlesme,252,CAT6 data kablosu (data prizleri),1.0,1.82,REF-derin,R02786;R02994;R02238,KMM M/Uskom 2015 1.44; SAGE bina/YM 2018 2.48; Üçyol-Buca M/Nokia/ALE 2021 1.40x1.3 | Bina içi CAT6 M+İ; malzeme emsaline +%30 çekim/sonlandırma | sonuç 1.82
Haberlesme,252,Telefon/data hattı besleme buatı (TB/DB) + montaj malzemesi,25.0,25.0,TAHMIN (emsal yok),,Buat emsali yok (20 çift dağıtım kutuları farklı)
Haberlesme,253,"Acil durum (SOS) IP telefonu, harici tip, IP66, saldırıya dayanıklı, tuşsuz, PoE, SIP",1000.0,712.15,REF-derin,R02005;R02940;R01651,Üçyol-Buca M/Merit(Alcatel) 2021 619.27x1.15; Pendik-Kaynarca M/YM 2022 751.00x1.15; Narlıdere M/Uskom 2018 271.31 | 2018+ IP66/intercom acil telefon; malzemeye +%15 montaj; 2015 analog emsaller dışarıda | sonuç 712.15
Haberlesme,253,Data prizi CAT6 (güvenlik odası + biletmatik),15.0,8.08,REF-derin,R02641;R01656;R01183;R02815,KMM M/Uskom 2015 12.38; Narlıdere M/Uskom 2018 27.52; Yerköy-Sivas YHT bina/YM 2019 3.26; Bursa T2/Kocaeli Tr/Sekaray 2015 3.78 | Montajlı priz emsalleri (M+İ / BFTC) | sonuç 8.08
Haberlesme,253,CAT6-F UTP outdoor kablo (acil durum telefon hattı),1.6,2.48,REF-derin,R02987;R02994;R02238,Pendik-Kaynarca M/YM 2022 2.45x1.3; SAGE bina/YM 2018 2.48; Üçyol-Buca M/Nokia/ALE 2021 1.40x1.3 | Ekranlı/LS0H-FE180 CAT6-7; malzemeye +%30 çekim | sonuç 2.48
Haberlesme,253,CAT6 data kablosu (data prizleri),1.0,1.82,REF-derin,R02786;R02994;R02238,KMM M/Uskom 2015 1.44; SAGE bina/YM 2018 2.48; Üçyol-Buca M/Nokia/ALE 2021 1.40x1.3 | Bina içi CAT6 M+İ; malzeme emsaline +%30 çekim/sonlandırma | sonuç 1.82
Haberlesme,253,Telefon/data hattı besleme buatı (TB/DB) + montaj malzemesi,25.0,25.0,TAHMIN (emsal yok),,Buat emsali yok (20 çift dağıtım kutuları farklı)
Haberlesme,254,"Acil durum (SOS) IP telefonu, harici tip, IP66, saldırıya dayanıklı, tuşsuz, PoE, SIP",1000.0,712.15,REF-derin,R02005;R02940;R01651,Üçyol-Buca M/Merit(Alcatel) 2021 619.27x1.15; Pendik-Kaynarca M/YM 2022 751.00x1.15; Narlıdere M/Uskom 2018 271.31 | 2018+ IP66/intercom acil telefon; malzemeye +%15 montaj; 2015 analog emsaller dışarıda | sonuç 712.15
Haberlesme,254,Data prizi CAT6 (güvenlik odası + biletmatik),15.0,8.08,REF-derin,R02641;R01656;R01183;R02815,KMM M/Uskom 2015 12.38; Narlıdere M/Uskom 2018 27.52; Yerköy-Sivas YHT bina/YM 2019 3.26; Bursa T2/Kocaeli Tr/Sekaray 2015 3.78 | Montajlı priz emsalleri (M+İ / BFTC) | sonuç 8.08
Haberlesme,254,CAT6-F UTP outdoor kablo (acil durum telefon hattı),1.6,2.48,REF-derin,R02987;R02994;R02238,Pendik-Kaynarca M/YM 2022 2.45x1.3; SAGE bina/YM 2018 2.48; Üçyol-Buca M/Nokia/ALE 2021 1.40x1.3 | Ekranlı/LS0H-FE180 CAT6-7; malzemeye +%30 çekim | sonuç 2.48
Haberlesme,254,CAT6 data kablosu (data prizleri),1.0,1.82,REF-derin,R02786;R02994;R02238,KMM M/Uskom 2015 1.44; SAGE bina/YM 2018 2.48; Üçyol-Buca M/Nokia/ALE 2021 1.40x1.3 | Bina içi CAT6 M+İ; malzeme emsaline +%30 çekim/sonlandırma | sonuç 1.82
Haberlesme,254,Telefon/data hattı besleme buatı (TB/DB) + montaj malzemesi,25.0,25.0,TAHMIN (emsal yok),,Buat emsali yok (20 çift dağıtım kutuları farklı)
Haberlesme,255,Telefon prizi CAT6/HF RJ45,12.0,8.08,REF-derin,R02641;R01656;R01183;R02815,KMM M/Uskom 2015 12.38; Narlıdere M/Uskom 2018 27.52; Yerköy-Sivas YHT bina/YM 2019 3.26; Bursa T2/Kocaeli Tr/Sekaray 2015 3.78 | Montajlı priz emsalleri (M+İ / BFTC) | sonuç 8.08
Haberlesme,255,Data prizi CAT6/HF RJ45,15.0,8.08,REF-derin,R02641;R01656;R01183;R02815,KMM M/Uskom 2015 12.38; Narlıdere M/Uskom 2018 27.52; Yerköy-Sivas YHT bina/YM 2019 3.26; Bursa T2/Kocaeli Tr/Sekaray 2015 3.78 | Montajlı priz emsalleri (M+İ / BFTC) | sonuç 8.08
Haberlesme,255,CAT6/HF kablo (telefon+data),1.1,1.82,REF-derin,R02786;R02994;R02238,KMM M/Uskom 2015 1.44; SAGE bina/YM 2018 2.48; Üçyol-Buca M/Nokia/ALE 2021 1.40x1.3 | Bina içi CAT6 M+İ; malzeme emsaline +%30 çekim/sonlandırma | sonuç 1.82
Haberlesme,255,"Dijital/analog telefon seti (TCC, dispeçer)",89.74,89.74,REF-teyit,R02008;R02633;R01648;R02010;R02936;R02634,Üçyol-Buca M/Merit(Alcatel) 2021 37.31x1.1; KMM M/Uskom 2015 43.89; Narlıdere M/Uskom 2018 47.55; Üçyol-Buca M/Merit(Alcatel) 2021 195.29x1.1; Pendik-Kaynarca M/YM 2022 210.34x1.1; KMM M/Uskom 2015 156.95 | Analog+sayısal set karışık medyan | medyan 102.25 → teyit
Haberlesme,256,IP telefon seti,180.0,185.88,REF-derin,R02010;R02936;R02634;R02991,Üçyol-Buca M/Merit(Alcatel) 2021 195.29x1.1; Pendik-Kaynarca M/YM 2022 210.34x1.1; KMM M/Uskom 2015 156.95; SAGE bina/YM 2018 115.69 | Masaüstü sayısal/IP tel.; malzemeye +%10 | sonuç 185.88
Haberlesme,256,Telefon prizi CAT6/HF RJ45,12.0,8.08,REF-derin,R02641;R01656;R01183;R02815,KMM M/Uskom 2015 12.38; Narlıdere M/Uskom 2018 27.52; Yerköy-Sivas YHT bina/YM 2019 3.26; Bursa T2/Kocaeli Tr/Sekaray 2015 3.78 | Montajlı priz emsalleri (M+İ / BFTC) | sonuç 8.08
Haberlesme,256,CAT6/HF kablo,1.1,1.82,REF-derin,R02786;R02994;R02238,KMM M/Uskom 2015 1.44; SAGE bina/YM 2018 2.48; Üçyol-Buca M/Nokia/ALE 2021 1.40x1.3 | Bina içi CAT6 M+İ; malzeme emsaline +%30 çekim/sonlandırma | sonuç 1.82
Haberlesme,257,Operatör IP telefon seti + acil durum telefonları cevaplama terminali + harici acil servis aparatı (itfaiye/ambulans/polis),180.0,327.03,REF-derin,R03268;R02818;R01242,"Samsun LRT/Uskom 2008 1146.21x0.5; Bursa T2/Kocaeli Tr/Sekaray 2015 384.74x0.85; Başkentray/Thales 2012 621.41x0.5 | Operatör konsolu emsalleri; 2008-2012 x0,5, 2015 x0,85 elektronik fiyat düşüşü | sonuç 327.03"
Haberlesme,257,Telefon ve data cihaz dolabı / telefon dağıtım kutusu (TCC),1500.0,1212.91,REF-derin,R02927;R01999;R02228;R02125;R02507;R02325;R03068;R01743,"Pendik-Kaynarca M/YM 2022 1069.09x1.1; Üçyol-Buca M/Merit(Alcatel) 2021 1181.20x1.1; Üçyol-Buca M/Nokia/ALE 2021 743.05x1.1; Üçyol-Buca M/Siemens 2021 485.50x1.1; KMM M/RCF 2015 968.24x1.1; KMM M/Ateksis(Bosch) 2015 1197.05x1.1; SAGE bina/YM 2018 1249.82; Narlıdere M/Uskom 2018 3410.46 | 19"" 42U kabin emsalleri; malzemeye +%10 montaj | sonuç 1212.91"
Haberlesme,257,Mevcut depo kontrol merkezi entegrasyonu: santral/SIP trunk yazılım uyarlama + lisans,8000.0,8000.0,TAHMIN (emsal yok),,Emsal yok (miktar 0; GSM-R PABX entegrasyonu ölçek dışı)
Haberlesme,260,Telsiz ağı yönetim terminali (NMS),4000.0,4481.29,REF-derin,R03071;R01646;R01687,SAGE bina/YM 2018 4644.60; Narlıdere M/Uskom 2018 4267.89x1.05; Narlıdere M/Uskom 2018 1446.28 | Ağ izleme/operatör PC+lisans emsalleri | sonuç 4481.29
Haberlesme,260,Mevcut depo kontrol merkezi entegrasyonu: TETRA/dispeçer yazılım uyarlama + lisans,8000.0,8000.0,TAHMIN (emsal yok),,Emsal yok (miktar 0)
Haberlesme,261,"Dokümantasyon: malzeme onayı, test prosedürleri, as-built, işletme-bakım el kitapları, eğitim dokümanı",4000.0,4000.0,TAHMIN (emsal yok),,"As-built/OMM emsalleri metro ölçeği 1.330 (Ateksis KMM) - 17.078 (Uskom Narlıdere); küçük tramvay alt sistem dokümanı kıyaslanamaz, mevcut aralıkta"
Haberlesme,262,"Projeksiyon tipi hoparlör 20 W, 100 V, IP66 (şartname: horn tip min 15 W, 105 dB)",150.0,131.72,REF-derin,R02510;R02953;R01754;R02314;R01252,KMM M/RCF 2015 209.32x1.2; Pendik-Kaynarca M/YM 2022 109.76x1.2; Narlıdere M/Uskom 2018 121.92; KMM M/Ateksis(Bosch) 2015 79.80x1.2; Başkentray/Thales 2012 178.35 | Projektör/horn hoparlör; malzemeye +%20 montaj | sonuç 131.72
Haberlesme,262,"Hoparlör kablosu 2x1,5 mm² LIHCHRH FE180 PH90",2.2,1.85,REF-derin,R02959;R03096;R01755,"Pendik-Kaynarca M/YM 2022 1.42x1.3; SAGE bina/YM 2018 2.59; Narlıdere M/Uskom 2018 1.68 | FE180 2x1,5; malzemeye +%30 çekim; önceki REF-duz 2,2 hafif yüksek | sonuç 1.85"
Haberlesme,262,"Dijital çıkış modülü / IP anons amplifikatörü 4 kanal 240 W (100 V, yedek anfi fonksiyonlu, 24VDC acil giriş)",1500.0,1556.76,REF-derin,R02498;R02501;R02126;R01764,KMM M/RCF 2015 455.68x1.05; KMM M/RCF 2015 1105.27x1.05; Üçyol-Buca M/Siemens 2021 1859.99x1.05; Narlıdere M/Uskom 2018 2756.13x1.05 | 120-500 W anons amfileri; +%5 montaj | sonuç 1556.76
Haberlesme,262,Gürültü sensörü (ortam gürültüsüne göre otomatik seviye),350.0,423.15,REF-derin,R02515;R02955;R01947;R02132,KMM M/RCF 2015 151.63x1.1; Pendik-Kaynarca M/YM 2022 494.38x1.1; Üçyol-Buca M/Cesa(Honeywell) 2021 540.56x1.1; Üçyol-Buca M/Siemens 2021 274.98x1.1 | AVC/gürültü mikrofonu; +%10 montaj | sonuç 423.15
Haberlesme,262,Hat sonu direnci (EOL) + hoparlör bağlantı kutusu,60.0,61.78,REF-derin,R02954;R01948;R02135,Pendik-Kaynarca M/YM 2022 26.42x1.1; Üçyol-Buca M/Cesa(Honeywell) 2021 28.89x1.1; Üçyol-Buca M/Siemens 2021 78.14x1.1 | EOL medyanı + bağlantı kutusu 30 € (tahmin) | sonuç 61.78
Haberlesme,263,"Projeksiyon tipi hoparlör 20 W, 100 V, IP66 (şartname: horn tip min 15 W, 105 dB)",150.0,131.72,REF-derin,R02510;R02953;R01754;R02314;R01252,KMM M/RCF 2015 209.32x1.2; Pendik-Kaynarca M/YM 2022 109.76x1.2; Narlıdere M/Uskom 2018 121.92; KMM M/Ateksis(Bosch) 2015 79.80x1.2; Başkentray/Thales 2012 178.35 | Projektör/horn hoparlör; malzemeye +%20 montaj | sonuç 131.72
Haberlesme,263,"Hoparlör kablosu 2x1,5 mm² LIHCHRH FE180 PH90",2.2,1.85,REF-derin,R02959;R03096;R01755,"Pendik-Kaynarca M/YM 2022 1.42x1.3; SAGE bina/YM 2018 2.59; Narlıdere M/Uskom 2018 1.68 | FE180 2x1,5; malzemeye +%30 çekim; önceki REF-duz 2,2 hafif yüksek | sonuç 1.85"
Haberlesme,263,"Dijital çıkış modülü / IP anons amplifikatörü 4 kanal 240 W (100 V, yedek anfi fonksiyonlu, 24VDC acil giriş)",1500.0,1556.76,REF-derin,R02498;R02501;R02126;R01764,KMM M/RCF 2015 455.68x1.05; KMM M/RCF 2015 1105.27x1.05; Üçyol-Buca M/Siemens 2021 1859.99x1.05; Narlıdere M/Uskom 2018 2756.13x1.05 | 120-500 W anons amfileri; +%5 montaj | sonuç 1556.76
Haberlesme,263,Gürültü sensörü (ortam gürültüsüne göre otomatik seviye),350.0,423.15,REF-derin,R02515;R02955;R01947;R02132,KMM M/RCF 2015 151.63x1.1; Pendik-Kaynarca M/YM 2022 494.38x1.1; Üçyol-Buca M/Cesa(Honeywell) 2021 540.56x1.1; Üçyol-Buca M/Siemens 2021 274.98x1.1 | AVC/gürültü mikrofonu; +%10 montaj | sonuç 423.15
Haberlesme,263,Hat sonu direnci (EOL) + hoparlör bağlantı kutusu,60.0,61.78,REF-derin,R02954;R01948;R02135,Pendik-Kaynarca M/YM 2022 26.42x1.1; Üçyol-Buca M/Cesa(Honeywell) 2021 28.89x1.1; Üçyol-Buca M/Siemens 2021 78.14x1.1 | EOL medyanı + bağlantı kutusu 30 € (tahmin) | sonuç 61.78
Haberlesme,264,"Projeksiyon tipi hoparlör 20 W, 100 V, IP66 (şartname: horn tip min 15 W, 105 dB)",150.0,131.72,REF-derin,R02510;R02953;R01754;R02314;R01252,KMM M/RCF 2015 209.32x1.2; Pendik-Kaynarca M/YM 2022 109.76x1.2; Narlıdere M/Uskom 2018 121.92; KMM M/Ateksis(Bosch) 2015 79.80x1.2; Başkentray/Thales 2012 178.35 | Projektör/horn hoparlör; malzemeye +%20 montaj | sonuç 131.72
Haberlesme,264,"Hoparlör kablosu 2x1,5 mm² LIHCHRH FE180 PH90",2.2,1.85,REF-derin,R02959;R03096;R01755,"Pendik-Kaynarca M/YM 2022 1.42x1.3; SAGE bina/YM 2018 2.59; Narlıdere M/Uskom 2018 1.68 | FE180 2x1,5; malzemeye +%30 çekim; önceki REF-duz 2,2 hafif yüksek | sonuç 1.85"
Haberlesme,264,"Dijital çıkış modülü / IP anons amplifikatörü 4 kanal 240 W (100 V, yedek anfi fonksiyonlu, 24VDC acil giriş)",1500.0,1556.76,REF-derin,R02498;R02501;R02126;R01764,KMM M/RCF 2015 455.68x1.05; KMM M/RCF 2015 1105.27x1.05; Üçyol-Buca M/Siemens 2021 1859.99x1.05; Narlıdere M/Uskom 2018 2756.13x1.05 | 120-500 W anons amfileri; +%5 montaj | sonuç 1556.76
Haberlesme,264,Gürültü sensörü (ortam gürültüsüne göre otomatik seviye),350.0,423.15,REF-derin,R02515;R02955;R01947;R02132,KMM M/RCF 2015 151.63x1.1; Pendik-Kaynarca M/YM 2022 494.38x1.1; Üçyol-Buca M/Cesa(Honeywell) 2021 540.56x1.1; Üçyol-Buca M/Siemens 2021 274.98x1.1 | AVC/gürültü mikrofonu; +%10 montaj | sonuç 423.15
Haberlesme,264,Hat sonu direnci (EOL) + hoparlör bağlantı kutusu,60.0,61.78,REF-derin,R02954;R01948;R02135,Pendik-Kaynarca M/YM 2022 26.42x1.1; Üçyol-Buca M/Cesa(Honeywell) 2021 28.89x1.1; Üçyol-Buca M/Siemens 2021 78.14x1.1 | EOL medyanı + bağlantı kutusu 30 € (tahmin) | sonuç 61.78
Haberlesme,265,"Projeksiyon tipi hoparlör 20 W, 100 V, IP66 (şartname: horn tip min 15 W, 105 dB)",150.0,131.72,REF-derin,R02510;R02953;R01754;R02314;R01252,KMM M/RCF 2015 209.32x1.2; Pendik-Kaynarca M/YM 2022 109.76x1.2; Narlıdere M/Uskom 2018 121.92; KMM M/Ateksis(Bosch) 2015 79.80x1.2; Başkentray/Thales 2012 178.35 | Projektör/horn hoparlör; malzemeye +%20 montaj | sonuç 131.72
Haberlesme,265,"Hoparlör kablosu 2x1,5 mm² LIHCHRH FE180 PH90",2.2,1.85,REF-derin,R02959;R03096;R01755,"Pendik-Kaynarca M/YM 2022 1.42x1.3; SAGE bina/YM 2018 2.59; Narlıdere M/Uskom 2018 1.68 | FE180 2x1,5; malzemeye +%30 çekim; önceki REF-duz 2,2 hafif yüksek | sonuç 1.85"
Haberlesme,265,"Dijital çıkış modülü / IP anons amplifikatörü 4 kanal 240 W (100 V, yedek anfi fonksiyonlu, 24VDC acil giriş)",1500.0,1556.76,REF-derin,R02498;R02501;R02126;R01764,KMM M/RCF 2015 455.68x1.05; KMM M/RCF 2015 1105.27x1.05; Üçyol-Buca M/Siemens 2021 1859.99x1.05; Narlıdere M/Uskom 2018 2756.13x1.05 | 120-500 W anons amfileri; +%5 montaj | sonuç 1556.76
Haberlesme,265,Gürültü sensörü (ortam gürültüsüne göre otomatik seviye),350.0,423.15,REF-derin,R02515;R02955;R01947;R02132,KMM M/RCF 2015 151.63x1.1; Pendik-Kaynarca M/YM 2022 494.38x1.1; Üçyol-Buca M/Cesa(Honeywell) 2021 540.56x1.1; Üçyol-Buca M/Siemens 2021 274.98x1.1 | AVC/gürültü mikrofonu; +%10 montaj | sonuç 423.15
Haberlesme,265,Hat sonu direnci (EOL) + hoparlör bağlantı kutusu,60.0,61.78,REF-derin,R02954;R01948;R02135,Pendik-Kaynarca M/YM 2022 26.42x1.1; Üçyol-Buca M/Cesa(Honeywell) 2021 28.89x1.1; Üçyol-Buca M/Siemens 2021 78.14x1.1 | EOL medyanı + bağlantı kutusu 30 € (tahmin) | sonuç 61.78
Haberlesme,266,"Projeksiyon tipi hoparlör 20 W, 100 V, IP66 (şartname: horn tip min 15 W, 105 dB)",150.0,131.72,REF-derin,R02510;R02953;R01754;R02314;R01252,KMM M/RCF 2015 209.32x1.2; Pendik-Kaynarca M/YM 2022 109.76x1.2; Narlıdere M/Uskom 2018 121.92; KMM M/Ateksis(Bosch) 2015 79.80x1.2; Başkentray/Thales 2012 178.35 | Projektör/horn hoparlör; malzemeye +%20 montaj | sonuç 131.72
Haberlesme,266,"Hoparlör kablosu 2x1,5 mm² LIHCHRH FE180 PH90",2.2,1.85,REF-derin,R02959;R03096;R01755,"Pendik-Kaynarca M/YM 2022 1.42x1.3; SAGE bina/YM 2018 2.59; Narlıdere M/Uskom 2018 1.68 | FE180 2x1,5; malzemeye +%30 çekim; önceki REF-duz 2,2 hafif yüksek | sonuç 1.85"
Haberlesme,266,"Dijital çıkış modülü / IP anons amplifikatörü 4 kanal 240 W (100 V, yedek anfi fonksiyonlu, 24VDC acil giriş)",1500.0,1556.76,REF-derin,R02498;R02501;R02126;R01764,KMM M/RCF 2015 455.68x1.05; KMM M/RCF 2015 1105.27x1.05; Üçyol-Buca M/Siemens 2021 1859.99x1.05; Narlıdere M/Uskom 2018 2756.13x1.05 | 120-500 W anons amfileri; +%5 montaj | sonuç 1556.76
Haberlesme,266,Gürültü sensörü (ortam gürültüsüne göre otomatik seviye),350.0,423.15,REF-derin,R02515;R02955;R01947;R02132,KMM M/RCF 2015 151.63x1.1; Pendik-Kaynarca M/YM 2022 494.38x1.1; Üçyol-Buca M/Cesa(Honeywell) 2021 540.56x1.1; Üçyol-Buca M/Siemens 2021 274.98x1.1 | AVC/gürültü mikrofonu; +%10 montaj | sonuç 423.15
Haberlesme,266,Hat sonu direnci (EOL) + hoparlör bağlantı kutusu,60.0,61.78,REF-derin,R02954;R01948;R02135,Pendik-Kaynarca M/YM 2022 26.42x1.1; Üçyol-Buca M/Cesa(Honeywell) 2021 28.89x1.1; Üçyol-Buca M/Siemens 2021 78.14x1.1 | EOL medyanı + bağlantı kutusu 30 € (tahmin) | sonuç 61.78
Haberlesme,267,"Projeksiyon tipi hoparlör 20 W, 100 V, IP66 (şartname: horn tip min 15 W, 105 dB)",150.0,131.72,REF-derin,R02510;R02953;R01754;R02314;R01252,KMM M/RCF 2015 209.32x1.2; Pendik-Kaynarca M/YM 2022 109.76x1.2; Narlıdere M/Uskom 2018 121.92; KMM M/Ateksis(Bosch) 2015 79.80x1.2; Başkentray/Thales 2012 178.35 | Projektör/horn hoparlör; malzemeye +%20 montaj | sonuç 131.72
Haberlesme,267,"Hoparlör kablosu 2x1,5 mm² LIHCHRH FE180 PH90",2.2,1.85,REF-derin,R02959;R03096;R01755,"Pendik-Kaynarca M/YM 2022 1.42x1.3; SAGE bina/YM 2018 2.59; Narlıdere M/Uskom 2018 1.68 | FE180 2x1,5; malzemeye +%30 çekim; önceki REF-duz 2,2 hafif yüksek | sonuç 1.85"
Haberlesme,267,"Dijital çıkış modülü / IP anons amplifikatörü 4 kanal 240 W (100 V, yedek anfi fonksiyonlu, 24VDC acil giriş)",1500.0,1556.76,REF-derin,R02498;R02501;R02126;R01764,KMM M/RCF 2015 455.68x1.05; KMM M/RCF 2015 1105.27x1.05; Üçyol-Buca M/Siemens 2021 1859.99x1.05; Narlıdere M/Uskom 2018 2756.13x1.05 | 120-500 W anons amfileri; +%5 montaj | sonuç 1556.76
Haberlesme,267,Gürültü sensörü (ortam gürültüsüne göre otomatik seviye),350.0,423.15,REF-derin,R02515;R02955;R01947;R02132,KMM M/RCF 2015 151.63x1.1; Pendik-Kaynarca M/YM 2022 494.38x1.1; Üçyol-Buca M/Cesa(Honeywell) 2021 540.56x1.1; Üçyol-Buca M/Siemens 2021 274.98x1.1 | AVC/gürültü mikrofonu; +%10 montaj | sonuç 423.15
Haberlesme,267,Hat sonu direnci (EOL) + hoparlör bağlantı kutusu,60.0,61.78,REF-derin,R02954;R01948;R02135,Pendik-Kaynarca M/YM 2022 26.42x1.1; Üçyol-Buca M/Cesa(Honeywell) 2021 28.89x1.1; Üçyol-Buca M/Siemens 2021 78.14x1.1 | EOL medyanı + bağlantı kutusu 30 € (tahmin) | sonuç 61.78
Haberlesme,268,Sıva altı hoparlör 6 W (maks 9 W),60.0,55.27,REF-derin,R02952;R02134;R01956;R02312;R01753;R03085,Pendik-Kaynarca M/YM 2022 22.40x1.2; Üçyol-Buca M/Siemens 2021 43.94x1.2; Üçyol-Buca M/Cesa(Honeywell) 2021 48.17x1.2; KMM M/Ateksis(Bosch) 2015 49.21x1.2; Narlıdere M/Uskom 2018 105.69; SAGE bina/YM 2018 52.24 | Tavan/gömme hoparlör; malzemeye +%20 montaj | sonuç 55.27
Haberlesme,268,"Amplifikatör 2x250 W (A4, A5 + A7 yedek)",1200.0,1855.18,REF-derin,R01763;R02126;R02500,Narlıdere M/Uskom 2018 1382.49x1.05; Üçyol-Buca M/Siemens 2021 1859.99x1.05; KMM M/RCF 2015 1766.84x1.05 | 2x250 W EN54 amfi birebir; rack montajı +%5 | sonuç 1855.18
Haberlesme,268,"Anons sistemi kumanda konsolu (mikrofon, D01/CPA/Z01 çalışma alanı + kontrol merkezi)",1200.0,1461.45,REF-derin,R01949;R01752;R02486;R02957;R01190,"Üçyol-Buca M/Cesa(Honeywell) 2021 1074.13x1.1; Narlıdere M/Uskom 2018 1461.45; KMM M/RCF 2015 837.93x0.85; Pendik-Kaynarca M/YM 2022 1761.00x1.1; Yerköy-Sivas YHT bina/YM 2019 1762.61 | Dijital anons istasyonu emsalleri (+%10 montaj; 2015 x0,85) | sonuç 1461.45"
Haberlesme,268,Ses kontrol potansiyometresi,60.0,45.32,REF-derin(1),R02324,"KMM M/Ateksis(Bosch) 2015 25.54x1.2 | Bosch ses kontrol ünitesi +%20 montaj; 1 emsal, mevcutla ortalama | emsal 30.64, ort.(60+30.64)/2"
Haberlesme,268,Hat sonu direnci,15.0,31.78,REF-derin,R02954;R01948;R02135,Pendik-Kaynarca M/YM 2022 26.42x1.1; Üçyol-Buca M/Cesa(Honeywell) 2021 28.89x1.1; Üçyol-Buca M/Siemens 2021 78.14x1.1 | EOL; +%10 montaj | sonuç 31.78
Haberlesme,268,"Hoparlör kablosu 2x2,5 mm² LIH(st)H FE180",2.8,2.71,REF-derin,R02963;R02787;R02656,"Pendik-Kaynarca M/YM 2022 1.74x1.3; KMM M/Uskom 2015 1.81x1.3; KMM M/Uskom 2015 1.62x1.3 | 2x2,5 emsaller (FE180 değil) +%30 çekim/Cu, FE180 farkı +%20 | sonuç 2.71"
Haberlesme,269,"Anons seçim paneli (dijital anons istasyonu, 12 fonksiyon butonu + genişleme) + el değmeden mikrofon",2500.0,2126.6,REF-derin,R01949;R01752;R02486;R02957;R01190;R02130,"Üçyol-Buca M/Cesa(Honeywell) 2021 1074.13x1.1; Narlıdere M/Uskom 2018 1461.45; KMM M/RCF 2015 837.93x0.85; Pendik-Kaynarca M/YM 2022 1761.00x1.1; Yerköy-Sivas YHT bina/YM 2019 1762.61; Üçyol-Buca M/Siemens 2021 604.68x1.1 | Anons istasyonu medyanı (+%10, 2015 x0,85) + genişleme modülü (Siemens) | sonuç 2126.60"
Haberlesme,269,"Anons sistemi sunucusu/yazılımı (zonlama, otomatik anons, AVLS/YBS arayüzü)",3804.91,5024.96,REF-derin,R01747;R03094,"Narlıdere M/Uskom 2018 4284.69x1.05; SAGE bina/YM 2018 5551.00 | DÜZELTME: önceki REF 3.804,91 = R04643 (katener test/devreye alma) yanlış eşleşme; PA sunucu+yazılım emsalleri | sonuç 5024.96"
Haberlesme,269,"TCC anons rack ekipmanları (ağ ses kodlayıcı, 24VDC acil besleme)",4000.0,2578.35,REF-derin,R02319;R02506;R01951;R01744,KMM M/Ateksis(Bosch) 2015 1197.05x0.935; KMM M/RCF 2015 638.43x0.935; Üçyol-Buca M/Cesa(Honeywell) 2021 1220.24x1.1; Narlıdere M/Uskom 2018 2098.27 | Bileşik: IP ses arabirimi medyanı + EN54-4 acil güç kaynağı medyanı | sonuç 2578.35
Haberlesme,269,Mevcut depo kontrol merkezi entegrasyonu: anons yazılım uyarlama + lisans,21984.87,10971.56,REF-derin,R01876;R02982;R01899;R01898,"Üçyol-Buca M/ON Elektronik 2020 6352.95; Pendik-Kaynarca M/YM 2022 18934.45; Üçyol-Buca M/Avikon 2021 12538.93; Üçyol-Buca M/Avikon 2021 9404.20 | DÜZELTME: REF 21.984,87 izlenebilir değil; genel mevcut sisteme entegrasyon emsalleri (miktar 0) | sonuç 10971.56"
Haberlesme,270,"Dokümantasyon: malzeme onayı, test prosedürleri, as-built, işletme-bakım el kitapları, eğitim dokümanı",4000.0,4000.0,TAHMIN (emsal yok),,"As-built/OMM emsalleri metro ölçeği 1.330 (Ateksis KMM) - 17.078 (Uskom Narlıdere); küçük tramvay alt sistem dokümanı kıyaslanamaz, mevcut aralıkta"
Haberlesme,271,"IP sabit dome kamera 3 MP, H.265, PoE, IK10/IP66",380.0,508.65,REF-derin,R02077;R01924;R01784;R02795,"Üçyol-Buca M/Siemens 2021 465.06x1.15; Üçyol-Buca M/Huawei 2021 472.06x1.15; Narlıdere M/Uskom 2018 482.47; KMM M/Entek 2015 298.86x0.9775 | IP dome 3-5 MP; malzemeye +%15 montaj/ayar; 2015 x0,85 (elektronik) | sonuç 508.65"
Haberlesme,271,"IP harici sabit (bullet) kamera 3 MP, H.265, PoE, IP66",550.0,770.87,REF-derin,R02076;R01206,Üçyol-Buca M/Siemens 2021 533.17x1.15; Yerköy-Sivas YHT bina/YM 2019 928.60 | Harici sabit IP kamera; malzemeye +%15; SAGE bina 2MP iç bütçe (980) dışarıda | sonuç 770.87
Haberlesme,271,"CAT6 (S/FTP, dış ortam/HFFR) kamera data kablosu",1.5,2.48,REF-derin,R02987;R02994;R02238,Pendik-Kaynarca M/YM 2022 2.45x1.3; SAGE bina/YM 2018 2.48; Üçyol-Buca M/Nokia/ALE 2021 1.40x1.3 | Ekranlı/LS0H-FE180 CAT6-7; malzemeye +%30 çekim | sonuç 2.48
Haberlesme,271,"Kamera güç kablosu 3x2,5 mm² N2XH/NYY (APP panosundan)",2.8,1.84,REF-derin,R00901;R00972;R00848;R00685;R00727;R01622,"Bursa T2/Kocaeli Tr/Haluk 2015 1.50x1.3; Bursa T2/Kocaeli Tr/MET 2015 1.91x1.3; Bursa T2/Kocaeli Tr/Delta Tema 2015 1.03x1.69; Üçyol-Buca M/Prysmian liste 2021 1.30x1.3; Üçyol-Buca M/Kablo üretic 2021 1.14x1.3; Narlıdere M/Uskom 2018 3.35 | 2015 tramvay emsallerine x1,3 bakır (LME) düzeltmesi; malzeme fiyatlarına +%30 çekim | sonuç 1.84"
Haberlesme,271,"Kamera montaj aparatı (duvar/tavan/direk), bağlantı kutusu, esnek zırhlı konduit",45.0,94.19,REF-derin,R02720;R03042;R02074;R01983,KMM M/Uskom 2015 134.64; SAGE bina/YM 2018 101.34x1.2; Üçyol-Buca M/Siemens 2021 55.64x1.2; Üçyol-Buca M/Cesa(Honeywell) 2021 40.36x1.2 | Montaj aparatı+kutu; malzemeye +%20 montaj | sonuç 94.19
Haberlesme,272,"IP sabit dome kamera 3 MP, H.265, PoE, IK10/IP66",380.0,508.65,REF-derin,R02077;R01924;R01784;R02795,"Üçyol-Buca M/Siemens 2021 465.06x1.15; Üçyol-Buca M/Huawei 2021 472.06x1.15; Narlıdere M/Uskom 2018 482.47; KMM M/Entek 2015 298.86x0.9775 | IP dome 3-5 MP; malzemeye +%15 montaj/ayar; 2015 x0,85 (elektronik) | sonuç 508.65"
Haberlesme,272,"IP harici sabit (bullet) kamera 3 MP, H.265, PoE, IP66",550.0,770.87,REF-derin,R02076;R01206,Üçyol-Buca M/Siemens 2021 533.17x1.15; Yerköy-Sivas YHT bina/YM 2019 928.60 | Harici sabit IP kamera; malzemeye +%15; SAGE bina 2MP iç bütçe (980) dışarıda | sonuç 770.87
Haberlesme,272,"CAT6 (S/FTP, dış ortam/HFFR) kamera data kablosu",1.5,2.48,REF-derin,R02987;R02994;R02238,Pendik-Kaynarca M/YM 2022 2.45x1.3; SAGE bina/YM 2018 2.48; Üçyol-Buca M/Nokia/ALE 2021 1.40x1.3 | Ekranlı/LS0H-FE180 CAT6-7; malzemeye +%30 çekim | sonuç 2.48
Haberlesme,272,"Kamera güç kablosu 3x2,5 mm² N2XH/NYY (APP panosundan)",2.8,1.84,REF-derin,R00901;R00972;R00848;R00685;R00727;R01622,"Bursa T2/Kocaeli Tr/Haluk 2015 1.50x1.3; Bursa T2/Kocaeli Tr/MET 2015 1.91x1.3; Bursa T2/Kocaeli Tr/Delta Tema 2015 1.03x1.69; Üçyol-Buca M/Prysmian liste 2021 1.30x1.3; Üçyol-Buca M/Kablo üretic 2021 1.14x1.3; Narlıdere M/Uskom 2018 3.35 | 2015 tramvay emsallerine x1,3 bakır (LME) düzeltmesi; malzeme fiyatlarına +%30 çekim | sonuç 1.84"
Haberlesme,272,"Kamera montaj aparatı (duvar/tavan/direk), bağlantı kutusu, esnek zırhlı konduit",45.0,94.19,REF-derin,R02720;R03042;R02074;R01983,KMM M/Uskom 2015 134.64; SAGE bina/YM 2018 101.34x1.2; Üçyol-Buca M/Siemens 2021 55.64x1.2; Üçyol-Buca M/Cesa(Honeywell) 2021 40.36x1.2 | Montaj aparatı+kutu; malzemeye +%20 montaj | sonuç 94.19
Haberlesme,272,APP adaptör/güç panosu (CCTV),3500.0,2813.16,REF-derin(1),R01214,"Yerköy-Sivas YHT bina/YM 2019 2126.32 | Yedekli IP kamera güç kaynağı (M+İ) tek emsal; mevcut 3.500 ile ortalama | emsal 2126.32, ort.(3500+2126.32)/2"
Haberlesme,273,"IP sabit dome kamera 3 MP, H.265, PoE, IK10/IP66",380.0,508.65,REF-derin,R02077;R01924;R01784;R02795,"Üçyol-Buca M/Siemens 2021 465.06x1.15; Üçyol-Buca M/Huawei 2021 472.06x1.15; Narlıdere M/Uskom 2018 482.47; KMM M/Entek 2015 298.86x0.9775 | IP dome 3-5 MP; malzemeye +%15 montaj/ayar; 2015 x0,85 (elektronik) | sonuç 508.65"
Haberlesme,273,"IP harici sabit (bullet) kamera 3 MP, H.265, PoE, IP66",550.0,770.87,REF-derin,R02076;R01206,Üçyol-Buca M/Siemens 2021 533.17x1.15; Yerköy-Sivas YHT bina/YM 2019 928.60 | Harici sabit IP kamera; malzemeye +%15; SAGE bina 2MP iç bütçe (980) dışarıda | sonuç 770.87
Haberlesme,273,"CAT6 (S/FTP, dış ortam/HFFR) kamera data kablosu",1.5,2.48,REF-derin,R02987;R02994;R02238,Pendik-Kaynarca M/YM 2022 2.45x1.3; SAGE bina/YM 2018 2.48; Üçyol-Buca M/Nokia/ALE 2021 1.40x1.3 | Ekranlı/LS0H-FE180 CAT6-7; malzemeye +%30 çekim | sonuç 2.48
Haberlesme,273,"Kamera güç kablosu 3x2,5 mm² N2XH/NYY (APP panosundan)",2.8,1.84,REF-derin,R00901;R00972;R00848;R00685;R00727;R01622,"Bursa T2/Kocaeli Tr/Haluk 2015 1.50x1.3; Bursa T2/Kocaeli Tr/MET 2015 1.91x1.3; Bursa T2/Kocaeli Tr/Delta Tema 2015 1.03x1.69; Üçyol-Buca M/Prysmian liste 2021 1.30x1.3; Üçyol-Buca M/Kablo üretic 2021 1.14x1.3; Narlıdere M/Uskom 2018 3.35 | 2015 tramvay emsallerine x1,3 bakır (LME) düzeltmesi; malzeme fiyatlarına +%30 çekim | sonuç 1.84"
Haberlesme,273,"Kamera montaj aparatı (duvar/tavan/direk), bağlantı kutusu, esnek zırhlı konduit",45.0,94.19,REF-derin,R02720;R03042;R02074;R01983,KMM M/Uskom 2015 134.64; SAGE bina/YM 2018 101.34x1.2; Üçyol-Buca M/Siemens 2021 55.64x1.2; Üçyol-Buca M/Cesa(Honeywell) 2021 40.36x1.2 | Montaj aparatı+kutu; malzemeye +%20 montaj | sonuç 94.19
Haberlesme,273,APP adaptör/güç panosu (CCTV),3500.0,2813.16,REF-derin(1),R01214,"Yerköy-Sivas YHT bina/YM 2019 2126.32 | Yedekli IP kamera güç kaynağı (M+İ) tek emsal; mevcut 3.500 ile ortalama | emsal 2126.32, ort.(3500+2126.32)/2"
Haberlesme,274,"IP sabit dome kamera 3 MP, H.265, PoE, IK10/IP66",380.0,508.65,REF-derin,R02077;R01924;R01784;R02795,"Üçyol-Buca M/Siemens 2021 465.06x1.15; Üçyol-Buca M/Huawei 2021 472.06x1.15; Narlıdere M/Uskom 2018 482.47; KMM M/Entek 2015 298.86x0.9775 | IP dome 3-5 MP; malzemeye +%15 montaj/ayar; 2015 x0,85 (elektronik) | sonuç 508.65"
Haberlesme,274,"IP harici sabit (bullet) kamera 3 MP, H.265, PoE, IP66",550.0,770.87,REF-derin,R02076;R01206,Üçyol-Buca M/Siemens 2021 533.17x1.15; Yerköy-Sivas YHT bina/YM 2019 928.60 | Harici sabit IP kamera; malzemeye +%15; SAGE bina 2MP iç bütçe (980) dışarıda | sonuç 770.87
Haberlesme,274,"CAT6 (S/FTP, dış ortam/HFFR) kamera data kablosu",1.5,2.48,REF-derin,R02987;R02994;R02238,Pendik-Kaynarca M/YM 2022 2.45x1.3; SAGE bina/YM 2018 2.48; Üçyol-Buca M/Nokia/ALE 2021 1.40x1.3 | Ekranlı/LS0H-FE180 CAT6-7; malzemeye +%30 çekim | sonuç 2.48
Haberlesme,274,"Kamera güç kablosu 3x2,5 mm² N2XH/NYY (APP panosundan)",2.8,1.84,REF-derin,R00901;R00972;R00848;R00685;R00727;R01622,"Bursa T2/Kocaeli Tr/Haluk 2015 1.50x1.3; Bursa T2/Kocaeli Tr/MET 2015 1.91x1.3; Bursa T2/Kocaeli Tr/Delta Tema 2015 1.03x1.69; Üçyol-Buca M/Prysmian liste 2021 1.30x1.3; Üçyol-Buca M/Kablo üretic 2021 1.14x1.3; Narlıdere M/Uskom 2018 3.35 | 2015 tramvay emsallerine x1,3 bakır (LME) düzeltmesi; malzeme fiyatlarına +%30 çekim | sonuç 1.84"
Haberlesme,274,"Kamera montaj aparatı (duvar/tavan/direk), bağlantı kutusu, esnek zırhlı konduit",45.0,94.19,REF-derin,R02720;R03042;R02074;R01983,KMM M/Uskom 2015 134.64; SAGE bina/YM 2018 101.34x1.2; Üçyol-Buca M/Siemens 2021 55.64x1.2; Üçyol-Buca M/Cesa(Honeywell) 2021 40.36x1.2 | Montaj aparatı+kutu; malzemeye +%20 montaj | sonuç 94.19
Haberlesme,274,APP adaptör/güç panosu (CCTV),3500.0,2813.16,REF-derin(1),R01214,"Yerköy-Sivas YHT bina/YM 2019 2126.32 | Yedekli IP kamera güç kaynağı (M+İ) tek emsal; mevcut 3.500 ile ortalama | emsal 2126.32, ort.(3500+2126.32)/2"
Haberlesme,275,"IP sabit dome kamera 3 MP, H.265, PoE, IK10/IP66",380.0,508.65,REF-derin,R02077;R01924;R01784;R02795,"Üçyol-Buca M/Siemens 2021 465.06x1.15; Üçyol-Buca M/Huawei 2021 472.06x1.15; Narlıdere M/Uskom 2018 482.47; KMM M/Entek 2015 298.86x0.9775 | IP dome 3-5 MP; malzemeye +%15 montaj/ayar; 2015 x0,85 (elektronik) | sonuç 508.65"
Haberlesme,275,"IP harici sabit (bullet) kamera 3 MP, H.265, PoE, IP66",550.0,770.87,REF-derin,R02076;R01206,Üçyol-Buca M/Siemens 2021 533.17x1.15; Yerköy-Sivas YHT bina/YM 2019 928.60 | Harici sabit IP kamera; malzemeye +%15; SAGE bina 2MP iç bütçe (980) dışarıda | sonuç 770.87
Haberlesme,275,"CAT6 (S/FTP, dış ortam/HFFR) kamera data kablosu",1.5,2.48,REF-derin,R02987;R02994;R02238,Pendik-Kaynarca M/YM 2022 2.45x1.3; SAGE bina/YM 2018 2.48; Üçyol-Buca M/Nokia/ALE 2021 1.40x1.3 | Ekranlı/LS0H-FE180 CAT6-7; malzemeye +%30 çekim | sonuç 2.48
Haberlesme,275,"Kamera güç kablosu 3x2,5 mm² N2XH/NYY (APP panosundan)",2.8,1.84,REF-derin,R00901;R00972;R00848;R00685;R00727;R01622,"Bursa T2/Kocaeli Tr/Haluk 2015 1.50x1.3; Bursa T2/Kocaeli Tr/MET 2015 1.91x1.3; Bursa T2/Kocaeli Tr/Delta Tema 2015 1.03x1.69; Üçyol-Buca M/Prysmian liste 2021 1.30x1.3; Üçyol-Buca M/Kablo üretic 2021 1.14x1.3; Narlıdere M/Uskom 2018 3.35 | 2015 tramvay emsallerine x1,3 bakır (LME) düzeltmesi; malzeme fiyatlarına +%30 çekim | sonuç 1.84"
Haberlesme,275,"Kamera montaj aparatı (duvar/tavan/direk), bağlantı kutusu, esnek zırhlı konduit",45.0,94.19,REF-derin,R02720;R03042;R02074;R01983,KMM M/Uskom 2015 134.64; SAGE bina/YM 2018 101.34x1.2; Üçyol-Buca M/Siemens 2021 55.64x1.2; Üçyol-Buca M/Cesa(Honeywell) 2021 40.36x1.2 | Montaj aparatı+kutu; malzemeye +%20 montaj | sonuç 94.19
Haberlesme,275,APP adaptör/güç panosu (CCTV),3500.0,2813.16,REF-derin(1),R01214,"Yerköy-Sivas YHT bina/YM 2019 2126.32 | Yedekli IP kamera güç kaynağı (M+İ) tek emsal; mevcut 3.500 ile ortalama | emsal 2126.32, ort.(3500+2126.32)/2"
Haberlesme,276,"IP sabit dome kamera 3 MP, H.265, PoE, IK10/IP66",380.0,508.65,REF-derin,R02077;R01924;R01784;R02795,"Üçyol-Buca M/Siemens 2021 465.06x1.15; Üçyol-Buca M/Huawei 2021 472.06x1.15; Narlıdere M/Uskom 2018 482.47; KMM M/Entek 2015 298.86x0.9775 | IP dome 3-5 MP; malzemeye +%15 montaj/ayar; 2015 x0,85 (elektronik) | sonuç 508.65"
Haberlesme,276,"IP harici sabit (bullet) kamera 3 MP, H.265, PoE, IP66",550.0,770.87,REF-derin,R02076;R01206,Üçyol-Buca M/Siemens 2021 533.17x1.15; Yerköy-Sivas YHT bina/YM 2019 928.60 | Harici sabit IP kamera; malzemeye +%15; SAGE bina 2MP iç bütçe (980) dışarıda | sonuç 770.87
Haberlesme,276,"CAT6 (S/FTP, dış ortam/HFFR) kamera data kablosu",1.5,2.48,REF-derin,R02987;R02994;R02238,Pendik-Kaynarca M/YM 2022 2.45x1.3; SAGE bina/YM 2018 2.48; Üçyol-Buca M/Nokia/ALE 2021 1.40x1.3 | Ekranlı/LS0H-FE180 CAT6-7; malzemeye +%30 çekim | sonuç 2.48
Haberlesme,276,"Kamera güç kablosu 3x2,5 mm² N2XH/NYY (APP panosundan)",2.8,1.84,REF-derin,R00901;R00972;R00848;R00685;R00727;R01622,"Bursa T2/Kocaeli Tr/Haluk 2015 1.50x1.3; Bursa T2/Kocaeli Tr/MET 2015 1.91x1.3; Bursa T2/Kocaeli Tr/Delta Tema 2015 1.03x1.69; Üçyol-Buca M/Prysmian liste 2021 1.30x1.3; Üçyol-Buca M/Kablo üretic 2021 1.14x1.3; Narlıdere M/Uskom 2018 3.35 | 2015 tramvay emsallerine x1,3 bakır (LME) düzeltmesi; malzeme fiyatlarına +%30 çekim | sonuç 1.84"
Haberlesme,276,"Kamera montaj aparatı (duvar/tavan/direk), bağlantı kutusu, esnek zırhlı konduit",45.0,94.19,REF-derin,R02720;R03042;R02074;R01983,KMM M/Uskom 2015 134.64; SAGE bina/YM 2018 101.34x1.2; Üçyol-Buca M/Siemens 2021 55.64x1.2; Üçyol-Buca M/Cesa(Honeywell) 2021 40.36x1.2 | Montaj aparatı+kutu; malzemeye +%20 montaj | sonuç 94.19
Haberlesme,276,APP adaptör/güç panosu (CCTV),3500.0,2813.16,REF-derin(1),R01214,"Yerköy-Sivas YHT bina/YM 2019 2126.32 | Yedekli IP kamera güç kaynağı (M+İ) tek emsal; mevcut 3.500 ile ortalama | emsal 2126.32, ort.(3500+2126.32)/2"
Haberlesme,277,IP PTZ kamera harici tip PoE (D01),1600.0,2180.18,REF-derin,R02073;R02812;R03224,"Üçyol-Buca M/Siemens 2021 1981.98x1.1; Bursa T2/Kocaeli Tr/Sekaray 2015 3275.50x0.85; Samsun LRT/Uskom 2008 1985.29x0.5 | Harici PTZ; malzemeye +%10; 2015 x0,85, 2008 analog x0,5 | sonuç 2180.18"
Haberlesme,277,CAT6H kamera kablosu (D01),1.1,1.82,REF-derin,R02786;R02994;R02238,KMM M/Uskom 2015 1.44; SAGE bina/YM 2018 2.48; Üçyol-Buca M/Nokia/ALE 2021 1.40x1.3 | Bina içi CAT6 M+İ; malzeme emsaline +%30 çekim/sonlandırma | sonuç 1.82
Haberlesme,277,SM F/O kablo 4 core (SDT ← D01 ana hatlar + SDT → direkler),1.2,1.86,REF-derin,R01801;R01196,"Narlıdere M/Uskom 2018 1.63; Yerköy-Sivas YHT bina/YM 2019 2.08 | 4 damar FO, M+İ emsaller | sonuç 1.86"
Haberlesme,277,CAT6 STP/U-FTP LS0H dış ortam kamera kablosu (saha),1.4,2.48,REF-derin,R02987;R02994;R02238,Pendik-Kaynarca M/YM 2022 2.45x1.3; SAGE bina/YM 2018 2.48; Üçyol-Buca M/Nokia/ALE 2021 1.40x1.3 | Ekranlı/LS0H-FE180 CAT6-7; malzemeye +%30 çekim | sonuç 2.48
Haberlesme,277,"Kamera enerji kablosu 3x2,5 NHXMH FE180 (saha)",4.0,4.17,REF-derin,R02988;R00524,"Pendik-Kaynarca M/YM 2022 3.35x1.3; Başkentray/Desat 2012 3.32x1.2 | FE180 NHXMH; malzemeye +%30 çekim, 2012 emsale x1,2 bakır | sonuç 4.17"
Haberlesme,277,IP harici sabit kamera 3 MP (D03 vagon yıkama),550.0,770.87,REF-derin,R02076;R01206,Üçyol-Buca M/Siemens 2021 533.17x1.15; Yerköy-Sivas YHT bina/YM 2019 928.60 | Harici sabit IP kamera; malzemeye +%15; SAGE bina 2MP iç bütçe (980) dışarıda | sonuç 770.87
Haberlesme,277,CAT6 kamera kablosu (D03),1.0,1.82,REF-derin,R02786;R02994;R02238,KMM M/Uskom 2015 1.44; SAGE bina/YM 2018 2.48; Üçyol-Buca M/Nokia/ALE 2021 1.40x1.3 | Bina içi CAT6 M+İ; malzeme emsaline +%30 çekim/sonlandırma | sonuç 1.82
Haberlesme,277,"IP sabit dome kamera 3 MP (D05 malzeme deposu, harici)",380.0,508.65,REF-derin,R02077;R01924;R01784;R02795,"Üçyol-Buca M/Siemens 2021 465.06x1.15; Üçyol-Buca M/Huawei 2021 472.06x1.15; Narlıdere M/Uskom 2018 482.47; KMM M/Entek 2015 298.86x0.9775 | IP dome 3-5 MP; malzemeye +%15 montaj/ayar; 2015 x0,85 (elektronik) | sonuç 508.65"
Haberlesme,277,CAT6H kamera kablosu (D05),1.1,1.82,REF-derin,R02786;R02994;R02238,KMM M/Uskom 2015 1.44; SAGE bina/YM 2018 2.48; Üçyol-Buca M/Nokia/ALE 2021 1.40x1.3 | Bina içi CAT6 M+İ; malzeme emsaline +%30 çekim/sonlandırma | sonuç 1.82
Haberlesme,277,IP sabit dome kamera (D02 depo trafo T09) — 5 iç + 3 harici IP66,380.0,508.65,REF-derin,R02077;R01924;R01784;R02795,"Üçyol-Buca M/Siemens 2021 465.06x1.15; Üçyol-Buca M/Huawei 2021 472.06x1.15; Narlıdere M/Uskom 2018 482.47; KMM M/Entek 2015 298.86x0.9775 | IP dome 3-5 MP; malzemeye +%15 montaj/ayar; 2015 x0,85 (elektronik) | sonuç 508.65"
Haberlesme,277,CAT6 kamera kablosu (D02),1.0,1.82,REF-derin,R02786;R02994;R02238,KMM M/Uskom 2015 1.44; SAGE bina/YM 2018 2.48; Üçyol-Buca M/Nokia/ALE 2021 1.40x1.3 | Bina içi CAT6 M+İ; malzeme emsaline +%30 çekim/sonlandırma | sonuç 1.82
Haberlesme,277,Giriş kontrol binası (D07) KDTV izleme monitörü 24'' + istemci,1200.0,1865.4,REF-derin,R01687;R02287;R01959,"Narlıdere M/Uskom 2018 1446.28; KMM M/Ateksis(Bosch) 2015 1995.08x0.935; Üçyol-Buca M/Cesa(Honeywell) 2021 2188.57x1.1 | PC+monitör setleri; +%10 kurulum; 2015 x0,85 | sonuç 1865.40"
Haberlesme,277,"Kamera montaj aparatları, bağlantı kutuları",40.0,94.19,REF-derin,R02720;R03042;R02074;R01983,KMM M/Uskom 2015 134.64; SAGE bina/YM 2018 101.34x1.2; Üçyol-Buca M/Siemens 2021 55.64x1.2; Üçyol-Buca M/Cesa(Honeywell) 2021 40.36x1.2 | Montaj aparatı+kutu; malzemeye +%20 montaj | sonuç 94.19
Haberlesme,278,"Sabit dome kamera (harici, IP)",380.0,508.65,REF-derin,R02077;R01924;R01784;R02795,"Üçyol-Buca M/Siemens 2021 465.06x1.15; Üçyol-Buca M/Huawei 2021 472.06x1.15; Narlıdere M/Uskom 2018 482.47; KMM M/Entek 2015 298.86x0.9775 | IP dome 3-5 MP; malzemeye +%15 montaj/ayar; 2015 x0,85 (elektronik) | sonuç 508.65"
Haberlesme,278,CAT6 kamera kablosu,1.0,1.82,REF-derin,R02786;R02994;R02238,KMM M/Uskom 2015 1.44; SAGE bina/YM 2018 2.48; Üçyol-Buca M/Nokia/ALE 2021 1.40x1.3 | Bina içi CAT6 M+İ; malzeme emsaline +%30 çekim/sonlandırma | sonuç 1.82
Haberlesme,278,Kamera montaj aparatı + buat,40.0,94.19,REF-derin,R02720;R03042;R02074;R01983,KMM M/Uskom 2015 134.64; SAGE bina/YM 2018 101.34x1.2; Üçyol-Buca M/Siemens 2021 55.64x1.2; Üçyol-Buca M/Cesa(Honeywell) 2021 40.36x1.2 | Montaj aparatı+kutu; malzemeye +%20 montaj | sonuç 94.19
Haberlesme,279,"IP harici sabit kamera (ana hat motorlu makas bölgeleri M17-20, M21-24/C4, M25-26/MD1-MD2, M27-30/C5)",500.0,770.87,REF-derin,R02076;R01206,Üçyol-Buca M/Siemens 2021 533.17x1.15; Yerköy-Sivas YHT bina/YM 2019 928.60 | Harici sabit IP kamera; malzemeye +%15; SAGE bina 2MP iç bütçe (980) dışarıda | sonuç 770.87
Haberlesme,279,"CAT6 dış ortam kamera kablosu + 3x2,5 besleme",4.0,4.32,REF-derin,R02987;R02994;R02238;R00901;R00972;R00848;R00685;R00727;R01622,"Pendik-Kaynarca M/YM 2022 2.45x1.3; SAGE bina/YM 2018 2.48; Üçyol-Buca M/Nokia/ALE 2021 1.40x1.3; Bursa T2/Kocaeli Tr/Haluk 2015 1.50x1.3; Bursa T2/Kocaeli Tr/MET 2015 1.91x1.3; Bursa T2/Kocaeli Tr/Delta Tema 2015 1.03x1.69; Üçyol-Buca M/Prysmian liste 2021 1.30x1.3; Üçyol-Buca M/Kablo üretic 2021 1.14x1.3; Narlıdere M/Uskom 2018 3.35 | Bileşik: dış ortam CAT6 medyanı + 3x2,5 N2XH medyanı | sonuç 4.32"
Haberlesme,280,KDTV kontrol ünitesi / kumanda klavyesi (joystick),1187.35,593.68,REF-derin,R02358;R01783;R03203,"KMM M/Ateksis(Bosch) 2015 615.92x0.935; Narlıdere M/Uskom 2018 1345.43; Samsun LRT/Uskom 2008 1187.35x0.5 | DÜZELTME: REF 1.187 Samsun 2008 joystick, eski elektronik x0,5; 2015 x0,85 +%10 | sonuç 593.68"
Haberlesme,280,LCD monitör 24'' profesyonel 7/24,500.0,350.6,REF-derin,R01781;R02370;R02093;R01209,"Narlıdere M/Uskom 2018 322.29; KMM M/Ateksis(Bosch) 2015 857.15x0.85; Üçyol-Buca M/Siemens 2021 228.53x1.1; Yerköy-Sivas YHT bina/YM 2019 378.90 | 22-27"" monitör; 2015 x0,85; Dahua 7/24 (AYKIRI) ve Elmak 2014 2.703 aşırı dışarıda | sonuç 350.60"
Haberlesme,280,LCD monitör 62-65'' 7/24 (KDTV ortak izleme),2500.0,2500.0,TAHMIN (emsal yok),,"65"" 7/24 monitör emsali yok (en büyük 42"")"
Haberlesme,280,KDTV 19'' ekipman dolabı,1500.0,1212.91,REF-derin,R02927;R01999;R02228;R02125;R02507;R02325;R03068;R01743,"Pendik-Kaynarca M/YM 2022 1069.09x1.1; Üçyol-Buca M/Merit(Alcatel) 2021 1181.20x1.1; Üçyol-Buca M/Nokia/ALE 2021 743.05x1.1; Üçyol-Buca M/Siemens 2021 485.50x1.1; KMM M/RCF 2015 968.24x1.1; KMM M/Ateksis(Bosch) 2015 1197.05x1.1; SAGE bina/YM 2018 1249.82; Narlıdere M/Uskom 2018 3410.46 | 19"" 42U kabin emsalleri; malzemeye +%10 montaj | sonuç 1212.91"
Haberlesme,280,Mevcut depo kontrol merkezi entegrasyonu: VMS/NVR yazılım uyarlama + lisans,21984.87,10971.56,REF-derin,R01876;R02982;R01899;R01898,"Üçyol-Buca M/ON Elektronik 2020 6352.95; Pendik-Kaynarca M/YM 2022 18934.45; Üçyol-Buca M/Avikon 2021 12538.93; Üçyol-Buca M/Avikon 2021 9404.20 | DÜZELTME: REF 21.984,87 izlenebilir değil; genel mevcut sisteme entegrasyon emsalleri (miktar 0) | sonuç 10971.56"
Haberlesme,281,"Uygulama projeleri, sistem mimarisi/blok şemaları, hesaplar (NTP hiyerarşisi, arayüzler)",4000.0,4000.0,TAHMIN (emsal yok),,"Metro saat projelendirme 5.150-12.769 (Uskom); tramvay ölçeği kıyaslanamaz, mevcut aralık altında makul"
Haberlesme,281,"Dokümantasyon: malzeme onayı, test prosedürleri, as-built, işletme-bakım el kitapları, eğitim dokümanı",2000.0,2000.0,TAHMIN (emsal yok),,"As-built/OMM emsalleri metro ölçeği 1.330 (Ateksis KMM) - 17.078 (Uskom Narlıdere); küçük tramvay alt sistem dokümanı kıyaslanamaz, mevcut aralıkta"
Haberlesme,282,"Dijital IP (NTP, PoE) çift yüzlü peron saati, dış ortam",2640.16,2640.16,REF-teyit,R01840;R02793;R02269;R01188,Narlıdere M/Uskom 2018 4065.57; KMM M/Entek 2015 1904.18x1.1; KMM M/Erben(Bodet) 2015 2374.14x1.1; Yerköy-Sivas YHT bina/YM 2019 679.51 | Çift yüzlü saat emsalleri (+%10 montaj) medyanı ±%20 içinde | medyan 2353.08 → teyit
Haberlesme,282,CAT6 S/FTP kablo (saat),1.3,2.48,REF-derin,R02987;R02994;R02238,Pendik-Kaynarca M/YM 2022 2.45x1.3; SAGE bina/YM 2018 2.48; Üçyol-Buca M/Nokia/ALE 2021 1.40x1.3 | Ekranlı/LS0H-FE180 CAT6-7; malzemeye +%30 çekim | sonuç 2.48
Haberlesme,282,Saat montaj konsolu/askı,300.0,416.71,REF-derin(1),R02157,"Üçyol-Buca M/Erben(Bodet) 2021 484.93x1.1 | Bodet çift taraflı saat montaj aparatı (indirimli malz.) +%10; tek emsal, mevcutla ortalama | emsal 533.42, ort.(300+533.42)/2"
Haberlesme,283,"Dijital IP (NTP, PoE) çift yüzlü peron saati, dış ortam",2640.16,2640.16,REF-teyit,R01840;R02793;R02269;R01188,Narlıdere M/Uskom 2018 4065.57; KMM M/Entek 2015 1904.18x1.1; KMM M/Erben(Bodet) 2015 2374.14x1.1; Yerköy-Sivas YHT bina/YM 2019 679.51 | Çift yüzlü saat emsalleri (+%10 montaj) medyanı ±%20 içinde | medyan 2353.08 → teyit
Haberlesme,283,CAT6 S/FTP kablo (saat),1.3,2.48,REF-derin,R02987;R02994;R02238,Pendik-Kaynarca M/YM 2022 2.45x1.3; SAGE bina/YM 2018 2.48; Üçyol-Buca M/Nokia/ALE 2021 1.40x1.3 | Ekranlı/LS0H-FE180 CAT6-7; malzemeye +%30 çekim | sonuç 2.48
Haberlesme,283,Saat montaj konsolu/askı,300.0,416.71,REF-derin(1),R02157,"Üçyol-Buca M/Erben(Bodet) 2021 484.93x1.1 | Bodet çift taraflı saat montaj aparatı (indirimli malz.) +%10; tek emsal, mevcutla ortalama | emsal 533.42, ort.(300+533.42)/2"
Haberlesme,284,"Dijital IP (NTP, PoE) çift yüzlü peron saati, dış ortam",2640.16,2640.16,REF-teyit,R01840;R02793;R02269;R01188,Narlıdere M/Uskom 2018 4065.57; KMM M/Entek 2015 1904.18x1.1; KMM M/Erben(Bodet) 2015 2374.14x1.1; Yerköy-Sivas YHT bina/YM 2019 679.51 | Çift yüzlü saat emsalleri (+%10 montaj) medyanı ±%20 içinde | medyan 2353.08 → teyit
Haberlesme,284,CAT6 S/FTP kablo (saat),1.3,2.48,REF-derin,R02987;R02994;R02238,Pendik-Kaynarca M/YM 2022 2.45x1.3; SAGE bina/YM 2018 2.48; Üçyol-Buca M/Nokia/ALE 2021 1.40x1.3 | Ekranlı/LS0H-FE180 CAT6-7; malzemeye +%30 çekim | sonuç 2.48
Haberlesme,284,Saat montaj konsolu/askı,300.0,416.71,REF-derin(1),R02157,"Üçyol-Buca M/Erben(Bodet) 2021 484.93x1.1 | Bodet çift taraflı saat montaj aparatı (indirimli malz.) +%10; tek emsal, mevcutla ortalama | emsal 533.42, ort.(300+533.42)/2"
Haberlesme,285,"Dijital IP (NTP, PoE) çift yüzlü peron saati, dış ortam",2640.16,2640.16,REF-teyit,R01840;R02793;R02269;R01188,Narlıdere M/Uskom 2018 4065.57; KMM M/Entek 2015 1904.18x1.1; KMM M/Erben(Bodet) 2015 2374.14x1.1; Yerköy-Sivas YHT bina/YM 2019 679.51 | Çift yüzlü saat emsalleri (+%10 montaj) medyanı ±%20 içinde | medyan 2353.08 → teyit
Haberlesme,285,CAT6 S/FTP kablo (saat),1.3,2.48,REF-derin,R02987;R02994;R02238,Pendik-Kaynarca M/YM 2022 2.45x1.3; SAGE bina/YM 2018 2.48; Üçyol-Buca M/Nokia/ALE 2021 1.40x1.3 | Ekranlı/LS0H-FE180 CAT6-7; malzemeye +%30 çekim | sonuç 2.48
Haberlesme,285,Saat montaj konsolu/askı,300.0,416.71,REF-derin(1),R02157,"Üçyol-Buca M/Erben(Bodet) 2021 484.93x1.1 | Bodet çift taraflı saat montaj aparatı (indirimli malz.) +%10; tek emsal, mevcutla ortalama | emsal 533.42, ort.(300+533.42)/2"
Haberlesme,286,"Dijital IP (NTP, PoE) çift yüzlü peron saati, dış ortam",2640.16,2640.16,REF-teyit,R01840;R02793;R02269;R01188,Narlıdere M/Uskom 2018 4065.57; KMM M/Entek 2015 1904.18x1.1; KMM M/Erben(Bodet) 2015 2374.14x1.1; Yerköy-Sivas YHT bina/YM 2019 679.51 | Çift yüzlü saat emsalleri (+%10 montaj) medyanı ±%20 içinde | medyan 2353.08 → teyit
Haberlesme,286,CAT6 S/FTP kablo (saat),1.3,2.48,REF-derin,R02987;R02994;R02238,Pendik-Kaynarca M/YM 2022 2.45x1.3; SAGE bina/YM 2018 2.48; Üçyol-Buca M/Nokia/ALE 2021 1.40x1.3 | Ekranlı/LS0H-FE180 CAT6-7; malzemeye +%30 çekim | sonuç 2.48
Haberlesme,286,Saat montaj konsolu/askı,300.0,416.71,REF-derin(1),R02157,"Üçyol-Buca M/Erben(Bodet) 2021 484.93x1.1 | Bodet çift taraflı saat montaj aparatı (indirimli malz.) +%10; tek emsal, mevcutla ortalama | emsal 533.42, ort.(300+533.42)/2"
Haberlesme,287,"Dijital IP (NTP, PoE) çift yüzlü peron saati, dış ortam",2640.16,2640.16,REF-teyit,R01840;R02793;R02269;R01188,Narlıdere M/Uskom 2018 4065.57; KMM M/Entek 2015 1904.18x1.1; KMM M/Erben(Bodet) 2015 2374.14x1.1; Yerköy-Sivas YHT bina/YM 2019 679.51 | Çift yüzlü saat emsalleri (+%10 montaj) medyanı ±%20 içinde | medyan 2353.08 → teyit
Haberlesme,287,CAT6 S/FTP kablo (saat),1.3,2.48,REF-derin,R02987;R02994;R02238,Pendik-Kaynarca M/YM 2022 2.45x1.3; SAGE bina/YM 2018 2.48; Üçyol-Buca M/Nokia/ALE 2021 1.40x1.3 | Ekranlı/LS0H-FE180 CAT6-7; malzemeye +%30 çekim | sonuç 2.48
Haberlesme,287,Saat montaj konsolu/askı,300.0,416.71,REF-derin(1),R02157,"Üçyol-Buca M/Erben(Bodet) 2021 484.93x1.1 | Bodet çift taraflı saat montaj aparatı (indirimli malz.) +%10; tek emsal, mevcutla ortalama | emsal 533.42, ort.(300+533.42)/2"
Haberlesme,288,"IP (NTP/PoE) duvar saati — D03, D05, D07 (set 2-4)",450.0,450.0,TAHMIN (emsal yok),,Emsaller peron/konkors tipi büyük saat (12-25 cm); ofis duvar saati emsali yok
Haberlesme,288,CAT6 kablo (saat),1.0,1.82,REF-derin,R02786;R02994;R02238,KMM M/Uskom 2015 1.44; SAGE bina/YM 2018 2.48; Üçyol-Buca M/Nokia/ALE 2021 1.40x1.3 | Bina içi CAT6 M+İ; malzeme emsaline +%30 çekim/sonlandırma | sonuç 1.82
Haberlesme,288,"Saat alt dağıtım/NTP bağlantısı (bina switch portu, montaj)",250.0,250.0,TAHMIN (emsal yok),,Emsal yok
Haberlesme,289,"Saat yönetim yazılımı + alt sistem arayüzleri (erişim kontrol, KDTV, SCADA)",4000.0,4000.0,TAHMIN (emsal yok),,"Yalnız NTP izleme SW emsali (KMM 599) var, kapsam farklı"
Haberlesme,289,Mevcut depo kontrol merkezi entegrasyonu: saat/NTP uyarlama + lisans,5000.0,5000.0,TAHMIN (emsal yok),,Emsal yok (miktar 0)
Haberlesme,290,"Dokümantasyon: malzeme onayı, test prosedürleri, as-built, işletme-bakım el kitapları, eğitim dokümanı",2500.0,2500.0,TAHMIN (emsal yok),,"As-built/OMM emsalleri metro ölçeği 1.330 (Ateksis KMM) - 17.078 (Uskom Narlıdere); küçük tramvay alt sistem dokümanı kıyaslanamaz, mevcut aralıkta"
Haberlesme,291,"Erişim kontrol kontrolörü (IP, 2 kapı, yerel veri tabanı, güç kaynağı + akü)",700.0,683.99,REF-derin,R01961;R01700;R02970;R02107;R01689,Üçyol-Buca M/Cesa(Honeywell) 2021 230.05x1.2; Narlıdere M/Uskom 2018 243.44x1.2; Pendik-Kaynarca M/YM 2022 588.03x1.2; Üçyol-Buca M/Siemens 2021 382.81x1.2; Narlıdere M/Uskom 2018 308.23 | 2 kapı kontrolör medyanı (+%20 montaj) + 12VDC PSU+akü (M+İ) | sonuç 683.99
Haberlesme,291,"Kart okuyucu 13,56 MHz (MIFARE/DESFire, IP54)",180.0,107.61,REF-derin,R02102;R02966;R01966;R02274;R01702;R02998,Üçyol-Buca M/Siemens 2021 23.40x1.25; Pendik-Kaynarca M/YM 2022 115.84x1.25; Üçyol-Buca M/Cesa(Honeywell) 2021 59.10x1.25; KMM M/Ateksis(Bosch) 2015 85.12x1.25; Narlıdere M/Uskom 2018 87.05x1.25; SAGE bina/YM 2018 177.34 | Mifare/prox okuyucu; malzemeye +%25 montaj | sonuç 107.61
Haberlesme,291,Elektrikli kilit / manyetik kilit 12 VDC fail-safe + kapı açma butonu + acil kırma butonu,300.0,185.89,REF-derin,R01967;R02100;R02967;R01704;R02297;R02103;R01703;R03001;R02104;R01970;R03000;R01968,"Üçyol-Buca M/Cesa(Honeywell) 2021 40.70; Üçyol-Buca M/Siemens 2021 56.05; Pendik-Kaynarca M/YM 2022 72.80; Narlıdere M/Uskom 2018 84.10; KMM M/Ateksis(Bosch) 2015 107.73; Üçyol-Buca M/Siemens 2021 6.25; Narlıdere M/Uskom 2018 29.51; SAGE bina/YM 2018 36.59; Üçyol-Buca M/Siemens 2021 8.69; Üçyol-Buca M/Cesa(Honeywell) 2021 19.21; SAGE bina/YM 2018 47.85; Üçyol-Buca M/Cesa(Honeywell) 2021 21.48 | Bileşik: kilit+çıkış butonu+acil kırma+L&Z braket malzeme medyanları x1,3 montaj | sonuç 185.89"
Haberlesme,291,Açık kapı tespit kontağı (manyetik),25.0,21.83,REF-derin,R01691;R03002,Narlıdere M/Uskom 2018 18.32; SAGE bina/YM 2018 25.33 | Montajlı manyetik kontak (M+İ) emsalleri; malzeme-only 2-5 € emsaller işçiliksiz | sonuç 21.83
Haberlesme,291,"Erişim kontrol kablosu (LIHCH 4x0,75 / 6x0,22 + CAT6)",1.5,2.7,REF-derin,R03021;R03018;R02972,"SAGE bina/YM 2018 2.70; SAGE bina/YM 2018 2.48; Pendik-Kaynarca M/YM 2022 2.52x1.3 | Erişim kontrol LIHCH kabloları, M+İ | sonuç 2.70"
Haberlesme,292,"Erişim kontrol kontrolörü (IP, 2 kapı, yerel veri tabanı, güç kaynağı + akü)",700.0,683.99,REF-derin,R01961;R01700;R02970;R02107;R01689,Üçyol-Buca M/Cesa(Honeywell) 2021 230.05x1.2; Narlıdere M/Uskom 2018 243.44x1.2; Pendik-Kaynarca M/YM 2022 588.03x1.2; Üçyol-Buca M/Siemens 2021 382.81x1.2; Narlıdere M/Uskom 2018 308.23 | 2 kapı kontrolör medyanı (+%20 montaj) + 12VDC PSU+akü (M+İ) | sonuç 683.99
Haberlesme,292,"Kart okuyucu 13,56 MHz (MIFARE/DESFire, IP54)",180.0,107.61,REF-derin,R02102;R02966;R01966;R02274;R01702;R02998,Üçyol-Buca M/Siemens 2021 23.40x1.25; Pendik-Kaynarca M/YM 2022 115.84x1.25; Üçyol-Buca M/Cesa(Honeywell) 2021 59.10x1.25; KMM M/Ateksis(Bosch) 2015 85.12x1.25; Narlıdere M/Uskom 2018 87.05x1.25; SAGE bina/YM 2018 177.34 | Mifare/prox okuyucu; malzemeye +%25 montaj | sonuç 107.61
Haberlesme,292,Elektrikli kilit / manyetik kilit 12 VDC fail-safe + kapı açma butonu + acil kırma butonu,300.0,185.89,REF-derin,R01967;R02100;R02967;R01704;R02297;R02103;R01703;R03001;R02104;R01970;R03000;R01968,"Üçyol-Buca M/Cesa(Honeywell) 2021 40.70; Üçyol-Buca M/Siemens 2021 56.05; Pendik-Kaynarca M/YM 2022 72.80; Narlıdere M/Uskom 2018 84.10; KMM M/Ateksis(Bosch) 2015 107.73; Üçyol-Buca M/Siemens 2021 6.25; Narlıdere M/Uskom 2018 29.51; SAGE bina/YM 2018 36.59; Üçyol-Buca M/Siemens 2021 8.69; Üçyol-Buca M/Cesa(Honeywell) 2021 19.21; SAGE bina/YM 2018 47.85; Üçyol-Buca M/Cesa(Honeywell) 2021 21.48 | Bileşik: kilit+çıkış butonu+acil kırma+L&Z braket malzeme medyanları x1,3 montaj | sonuç 185.89"
Haberlesme,292,Açık kapı tespit kontağı (manyetik),25.0,21.83,REF-derin,R01691;R03002,Narlıdere M/Uskom 2018 18.32; SAGE bina/YM 2018 25.33 | Montajlı manyetik kontak (M+İ) emsalleri; malzeme-only 2-5 € emsaller işçiliksiz | sonuç 21.83
Haberlesme,292,"Erişim kontrol kablosu (LIHCH 4x0,75 / 6x0,22 + CAT6)",1.5,2.7,REF-derin,R03021;R03018;R02972,"SAGE bina/YM 2018 2.70; SAGE bina/YM 2018 2.48; Pendik-Kaynarca M/YM 2022 2.52x1.3 | Erişim kontrol LIHCH kabloları, M+İ | sonuç 2.70"
Haberlesme,293,"Erişim kontrol kontrolörü (IP, 2 kapı, yerel veri tabanı, güç kaynağı + akü)",700.0,683.99,REF-derin,R01961;R01700;R02970;R02107;R01689,Üçyol-Buca M/Cesa(Honeywell) 2021 230.05x1.2; Narlıdere M/Uskom 2018 243.44x1.2; Pendik-Kaynarca M/YM 2022 588.03x1.2; Üçyol-Buca M/Siemens 2021 382.81x1.2; Narlıdere M/Uskom 2018 308.23 | 2 kapı kontrolör medyanı (+%20 montaj) + 12VDC PSU+akü (M+İ) | sonuç 683.99
Haberlesme,293,"Kart okuyucu 13,56 MHz (MIFARE/DESFire, IP54)",180.0,107.61,REF-derin,R02102;R02966;R01966;R02274;R01702;R02998,Üçyol-Buca M/Siemens 2021 23.40x1.25; Pendik-Kaynarca M/YM 2022 115.84x1.25; Üçyol-Buca M/Cesa(Honeywell) 2021 59.10x1.25; KMM M/Ateksis(Bosch) 2015 85.12x1.25; Narlıdere M/Uskom 2018 87.05x1.25; SAGE bina/YM 2018 177.34 | Mifare/prox okuyucu; malzemeye +%25 montaj | sonuç 107.61
Haberlesme,293,Elektrikli kilit / manyetik kilit 12 VDC fail-safe + kapı açma butonu + acil kırma butonu,300.0,185.89,REF-derin,R01967;R02100;R02967;R01704;R02297;R02103;R01703;R03001;R02104;R01970;R03000;R01968,"Üçyol-Buca M/Cesa(Honeywell) 2021 40.70; Üçyol-Buca M/Siemens 2021 56.05; Pendik-Kaynarca M/YM 2022 72.80; Narlıdere M/Uskom 2018 84.10; KMM M/Ateksis(Bosch) 2015 107.73; Üçyol-Buca M/Siemens 2021 6.25; Narlıdere M/Uskom 2018 29.51; SAGE bina/YM 2018 36.59; Üçyol-Buca M/Siemens 2021 8.69; Üçyol-Buca M/Cesa(Honeywell) 2021 19.21; SAGE bina/YM 2018 47.85; Üçyol-Buca M/Cesa(Honeywell) 2021 21.48 | Bileşik: kilit+çıkış butonu+acil kırma+L&Z braket malzeme medyanları x1,3 montaj | sonuç 185.89"
Haberlesme,293,Açık kapı tespit kontağı (manyetik),25.0,21.83,REF-derin,R01691;R03002,Narlıdere M/Uskom 2018 18.32; SAGE bina/YM 2018 25.33 | Montajlı manyetik kontak (M+İ) emsalleri; malzeme-only 2-5 € emsaller işçiliksiz | sonuç 21.83
Haberlesme,293,"Erişim kontrol kablosu (LIHCH 4x0,75 / 6x0,22 + CAT6)",1.5,2.7,REF-derin,R03021;R03018;R02972,"SAGE bina/YM 2018 2.70; SAGE bina/YM 2018 2.48; Pendik-Kaynarca M/YM 2022 2.52x1.3 | Erişim kontrol LIHCH kabloları, M+İ | sonuç 2.70"
Haberlesme,294,"Erişim kontrol kontrolörü (IP, 2 kapı, yerel veri tabanı, güç kaynağı + akü)",700.0,683.99,REF-derin,R01961;R01700;R02970;R02107;R01689,Üçyol-Buca M/Cesa(Honeywell) 2021 230.05x1.2; Narlıdere M/Uskom 2018 243.44x1.2; Pendik-Kaynarca M/YM 2022 588.03x1.2; Üçyol-Buca M/Siemens 2021 382.81x1.2; Narlıdere M/Uskom 2018 308.23 | 2 kapı kontrolör medyanı (+%20 montaj) + 12VDC PSU+akü (M+İ) | sonuç 683.99
Haberlesme,294,"Kart okuyucu 13,56 MHz (MIFARE/DESFire, IP54)",180.0,107.61,REF-derin,R02102;R02966;R01966;R02274;R01702;R02998,Üçyol-Buca M/Siemens 2021 23.40x1.25; Pendik-Kaynarca M/YM 2022 115.84x1.25; Üçyol-Buca M/Cesa(Honeywell) 2021 59.10x1.25; KMM M/Ateksis(Bosch) 2015 85.12x1.25; Narlıdere M/Uskom 2018 87.05x1.25; SAGE bina/YM 2018 177.34 | Mifare/prox okuyucu; malzemeye +%25 montaj | sonuç 107.61
Haberlesme,294,Elektrikli kilit / manyetik kilit 12 VDC fail-safe + kapı açma butonu + acil kırma butonu,300.0,185.89,REF-derin,R01967;R02100;R02967;R01704;R02297;R02103;R01703;R03001;R02104;R01970;R03000;R01968,"Üçyol-Buca M/Cesa(Honeywell) 2021 40.70; Üçyol-Buca M/Siemens 2021 56.05; Pendik-Kaynarca M/YM 2022 72.80; Narlıdere M/Uskom 2018 84.10; KMM M/Ateksis(Bosch) 2015 107.73; Üçyol-Buca M/Siemens 2021 6.25; Narlıdere M/Uskom 2018 29.51; SAGE bina/YM 2018 36.59; Üçyol-Buca M/Siemens 2021 8.69; Üçyol-Buca M/Cesa(Honeywell) 2021 19.21; SAGE bina/YM 2018 47.85; Üçyol-Buca M/Cesa(Honeywell) 2021 21.48 | Bileşik: kilit+çıkış butonu+acil kırma+L&Z braket malzeme medyanları x1,3 montaj | sonuç 185.89"
Haberlesme,294,Açık kapı tespit kontağı (manyetik),25.0,21.83,REF-derin,R01691;R03002,Narlıdere M/Uskom 2018 18.32; SAGE bina/YM 2018 25.33 | Montajlı manyetik kontak (M+İ) emsalleri; malzeme-only 2-5 € emsaller işçiliksiz | sonuç 21.83
Haberlesme,294,"Erişim kontrol kablosu (LIHCH 4x0,75 / 6x0,22 + CAT6)",1.5,2.7,REF-derin,R03021;R03018;R02972,"SAGE bina/YM 2018 2.70; SAGE bina/YM 2018 2.48; Pendik-Kaynarca M/YM 2022 2.52x1.3 | Erişim kontrol LIHCH kabloları, M+İ | sonuç 2.70"
Haberlesme,295,"Erişim kontrol kontrolörü (IP, 2 kapı, yerel veri tabanı, güç kaynağı + akü)",700.0,683.99,REF-derin,R01961;R01700;R02970;R02107;R01689,Üçyol-Buca M/Cesa(Honeywell) 2021 230.05x1.2; Narlıdere M/Uskom 2018 243.44x1.2; Pendik-Kaynarca M/YM 2022 588.03x1.2; Üçyol-Buca M/Siemens 2021 382.81x1.2; Narlıdere M/Uskom 2018 308.23 | 2 kapı kontrolör medyanı (+%20 montaj) + 12VDC PSU+akü (M+İ) | sonuç 683.99
Haberlesme,295,"Kart okuyucu 13,56 MHz (MIFARE/DESFire, IP54)",180.0,107.61,REF-derin,R02102;R02966;R01966;R02274;R01702;R02998,Üçyol-Buca M/Siemens 2021 23.40x1.25; Pendik-Kaynarca M/YM 2022 115.84x1.25; Üçyol-Buca M/Cesa(Honeywell) 2021 59.10x1.25; KMM M/Ateksis(Bosch) 2015 85.12x1.25; Narlıdere M/Uskom 2018 87.05x1.25; SAGE bina/YM 2018 177.34 | Mifare/prox okuyucu; malzemeye +%25 montaj | sonuç 107.61
Haberlesme,295,Elektrikli kilit / manyetik kilit 12 VDC fail-safe + kapı açma butonu + acil kırma butonu,300.0,185.89,REF-derin,R01967;R02100;R02967;R01704;R02297;R02103;R01703;R03001;R02104;R01970;R03000;R01968,"Üçyol-Buca M/Cesa(Honeywell) 2021 40.70; Üçyol-Buca M/Siemens 2021 56.05; Pendik-Kaynarca M/YM 2022 72.80; Narlıdere M/Uskom 2018 84.10; KMM M/Ateksis(Bosch) 2015 107.73; Üçyol-Buca M/Siemens 2021 6.25; Narlıdere M/Uskom 2018 29.51; SAGE bina/YM 2018 36.59; Üçyol-Buca M/Siemens 2021 8.69; Üçyol-Buca M/Cesa(Honeywell) 2021 19.21; SAGE bina/YM 2018 47.85; Üçyol-Buca M/Cesa(Honeywell) 2021 21.48 | Bileşik: kilit+çıkış butonu+acil kırma+L&Z braket malzeme medyanları x1,3 montaj | sonuç 185.89"
Haberlesme,295,Açık kapı tespit kontağı (manyetik),25.0,21.83,REF-derin,R01691;R03002,Narlıdere M/Uskom 2018 18.32; SAGE bina/YM 2018 25.33 | Montajlı manyetik kontak (M+İ) emsalleri; malzeme-only 2-5 € emsaller işçiliksiz | sonuç 21.83
Haberlesme,295,"Erişim kontrol kablosu (LIHCH 4x0,75 / 6x0,22 + CAT6)",1.5,2.7,REF-derin,R03021;R03018;R02972,"SAGE bina/YM 2018 2.70; SAGE bina/YM 2018 2.48; Pendik-Kaynarca M/YM 2022 2.52x1.3 | Erişim kontrol LIHCH kabloları, M+İ | sonuç 2.70"
Haberlesme,296,"Erişim kontrol kontrolörü (IP, 2 kapı, yerel veri tabanı, güç kaynağı + akü)",700.0,683.99,REF-derin,R01961;R01700;R02970;R02107;R01689,Üçyol-Buca M/Cesa(Honeywell) 2021 230.05x1.2; Narlıdere M/Uskom 2018 243.44x1.2; Pendik-Kaynarca M/YM 2022 588.03x1.2; Üçyol-Buca M/Siemens 2021 382.81x1.2; Narlıdere M/Uskom 2018 308.23 | 2 kapı kontrolör medyanı (+%20 montaj) + 12VDC PSU+akü (M+İ) | sonuç 683.99
Haberlesme,296,"Kart okuyucu 13,56 MHz (MIFARE/DESFire, IP54)",180.0,107.61,REF-derin,R02102;R02966;R01966;R02274;R01702;R02998,Üçyol-Buca M/Siemens 2021 23.40x1.25; Pendik-Kaynarca M/YM 2022 115.84x1.25; Üçyol-Buca M/Cesa(Honeywell) 2021 59.10x1.25; KMM M/Ateksis(Bosch) 2015 85.12x1.25; Narlıdere M/Uskom 2018 87.05x1.25; SAGE bina/YM 2018 177.34 | Mifare/prox okuyucu; malzemeye +%25 montaj | sonuç 107.61
Haberlesme,296,Elektrikli kilit / manyetik kilit 12 VDC fail-safe + kapı açma butonu + acil kırma butonu,300.0,185.89,REF-derin,R01967;R02100;R02967;R01704;R02297;R02103;R01703;R03001;R02104;R01970;R03000;R01968,"Üçyol-Buca M/Cesa(Honeywell) 2021 40.70; Üçyol-Buca M/Siemens 2021 56.05; Pendik-Kaynarca M/YM 2022 72.80; Narlıdere M/Uskom 2018 84.10; KMM M/Ateksis(Bosch) 2015 107.73; Üçyol-Buca M/Siemens 2021 6.25; Narlıdere M/Uskom 2018 29.51; SAGE bina/YM 2018 36.59; Üçyol-Buca M/Siemens 2021 8.69; Üçyol-Buca M/Cesa(Honeywell) 2021 19.21; SAGE bina/YM 2018 47.85; Üçyol-Buca M/Cesa(Honeywell) 2021 21.48 | Bileşik: kilit+çıkış butonu+acil kırma+L&Z braket malzeme medyanları x1,3 montaj | sonuç 185.89"
Haberlesme,296,Açık kapı tespit kontağı (manyetik),25.0,21.83,REF-derin,R01691;R03002,Narlıdere M/Uskom 2018 18.32; SAGE bina/YM 2018 25.33 | Montajlı manyetik kontak (M+İ) emsalleri; malzeme-only 2-5 € emsaller işçiliksiz | sonuç 21.83
Haberlesme,296,"Erişim kontrol kablosu (LIHCH 4x0,75 / 6x0,22 + CAT6)",1.5,2.7,REF-derin,R03021;R03018;R02972,"SAGE bina/YM 2018 2.70; SAGE bina/YM 2018 2.48; Pendik-Kaynarca M/YM 2022 2.52x1.3 | Erişim kontrol LIHCH kabloları, M+İ | sonuç 2.70"
Haberlesme,297,"Erişim kontrol kontrolörü (IP, 4 kapı) + güç kaynağı/akü",1100.0,1080.17,REF-derin,R02301;R02282;R01960;R01689,"KMM M/Ateksis(Bosch) 2015 950.99x1.02; KMM M/Ateksis(Bosch) 2015 756.80x1.02; Üçyol-Buca M/Cesa(Honeywell) 2021 495.93x1.2; Narlıdere M/Uskom 2018 308.23 | 4 okuyuculu kontrolör (+%20; 2015 x0,85) + PSU/akü | sonuç 1080.17"
Haberlesme,297,D02 depo trafo giriş güvenlik paneli (GGP) + I/O modülü + manyetik kontak,1200.0,1200.0,TAHMIN (emsal yok),,GGP set emsali yok
Haberlesme,297,Erişim kablosu (LIHCH okuyucu/kilit + LIYCY kontak),1.4,2.7,REF-derin,R03021;R03018;R02972,"SAGE bina/YM 2018 2.70; SAGE bina/YM 2018 2.48; Pendik-Kaynarca M/YM 2022 2.52x1.3 | Erişim kontrol LIHCH kabloları, M+İ | sonuç 2.70"
Haberlesme,297,Temassız personel kimlik kartı,4.0,7.17,REF-derin,R01692;R03016,"Narlıdere M/Uskom 2018 5.91; SAGE bina/YM 2018 8.44 | Kart malzeme, montaj yok | sonuç 7.17"
Haberlesme,298,Giriş güvenlik paneli (GGP),900.0,900.0,TAHMIN (emsal yok),,GGP/hırsız alarm paneli kalem emsali yok (anahat BAS setleri kıyaslanamaz)
Haberlesme,298,G/Ç (I/O) modülü,250.0,254.76,REF-derin,R01690;R01701;R02110,Narlıdere M/Uskom 2018 254.76; Narlıdere M/Uskom 2018 177.05x1.2; Üçyol-Buca M/Siemens 2021 548.84x1.2 | 4-8 I/O modülü; +%20 montaj | sonuç 254.76
Haberlesme,298,Manyetik kapı kontağı,25.0,21.83,REF-derin,R01691;R03002,Narlıdere M/Uskom 2018 18.32; SAGE bina/YM 2018 25.33 | Montajlı manyetik kontak (M+İ) emsalleri; malzeme-only 2-5 € emsaller işçiliksiz | sonuç 21.83
Haberlesme,298,"Giriş güvenlik sistem hattı 2x1,5 mm² LiYCY",1.5,1.69,REF-derin,R02974;R02959;R01755,"Pendik-Kaynarca M/YM 2022 1.30x1.3; Pendik-Kaynarca M/YM 2022 1.42x1.3; Narlıdere M/Uskom 2018 1.68 | 2x1,5 ekranlı/halojensiz; malzemeye +%30 | sonuç 1.69"
Haberlesme,298,Kart okuyucu + elektrikli kilit + çıkış butonu (ana giriş kapısı),750.0,293.5,REF-derin,R02102;R02966;R01966;R02274;R01702;R02998;R01967;R02100;R02967;R01704;R02297;R02103;R01703;R03001;R02104;R01970;R03000;R01968,"Üçyol-Buca M/Siemens 2021 23.40x1.25; Pendik-Kaynarca M/YM 2022 115.84x1.25; Üçyol-Buca M/Cesa(Honeywell) 2021 59.10x1.25; KMM M/Ateksis(Bosch) 2015 85.12x1.25; Narlıdere M/Uskom 2018 87.05x1.25; SAGE bina/YM 2018 177.34; Üçyol-Buca M/Cesa(Honeywell) 2021 40.70; Üçyol-Buca M/Siemens 2021 56.05; Pendik-Kaynarca M/YM 2022 72.80; Narlıdere M/Uskom 2018 84.10; KMM M/Ateksis(Bosch) 2015 107.73; Üçyol-Buca M/Siemens 2021 6.25; Narlıdere M/Uskom 2018 29.51; SAGE bina/YM 2018 36.59; Üçyol-Buca M/Siemens 2021 8.69; Üçyol-Buca M/Cesa(Honeywell) 2021 19.21; SAGE bina/YM 2018 47.85; Üçyol-Buca M/Cesa(Honeywell) 2021 21.48 | Bileşik: okuyucu medyanı + kilit seti (kilit+buton+kırma+braket x1,3) | sonuç 293.50"
Haberlesme,299,Kart tanımlama/basma ünitesi (kart yazıcı + masaüstü okuyucu),2500.0,1991.09,REF-derin,R02094;R03015,Üçyol-Buca M/Siemens 2021 1507.74; SAGE bina/YM 2018 2274.44 | Kart yazıcı medyanı + masaüstü okuyucu 100 € (tahmin) | sonuç 1991.09
Haberlesme,299,Mevcut depo kontrol merkezi entegrasyonu: erişim kontrol yazılım uyarlama + lisans,5000.0,5000.0,TAHMIN (emsal yok),,Emsal yok (miktar 0)
Haberlesme,301,"Kontrol kablosu 10x1,5 mm² LIHCH (ADP, APP, UPS → rack/RIO)",4.5,4.5,TAHMIN (emsal yok),,"10x1,5 LIHCH emsali yok (yalnız 8x0,75)"
Haberlesme,301,"Kontrol kablosu 4x0,22 LIHCH (turnike/biletmatik durum kontağı)",1.2,1.5,REF-derin,R02960;R02973;R03019,Pendik-Kaynarca M/YM 2022 1.15x1.3; Pendik-Kaynarca M/YM 2022 0.20x1.3; SAGE bina/YM 2018 2.70 | İnce kesitli LIHCH; malzemeye +%30 | sonuç 1.50
Haberlesme,302,"SCADA RIO panosu (PLC/RIO, 32 DI + 8 DO modül, IEC 60870-5-104/Modbus TCP, 24VDC besleme)",4500.0,4621.07,REF-derin,R01501;R01502;R01503;R01504,"İzmir Konak-Karşıyaka Tr/Elmak 2014 2027.38; İzmir Konak-Karşıyaka Tr/Elmak 2014 514.95; İzmir Konak-Karşıyaka Tr/Elmak 2014 575.78; İzmir Konak-Karşıyaka Tr/Elmak 2014 436.56 | İzmir tramvay (Elmak 2014) GE CPU+32DI+32DO+PSU = 3.555; x1,3 pano/kablaj/montaj | sonuç 4621.07"
Haberlesme,302,"Kontrol kablosu 10x1,5 mm² LIHCH (ADP, APP, UPS → rack/RIO)",4.5,4.5,TAHMIN (emsal yok),,"10x1,5 LIHCH emsali yok (yalnız 8x0,75)"
Haberlesme,302,"Kontrol kablosu 4x0,22 LIHCH (turnike/biletmatik durum kontağı)",1.2,1.5,REF-derin,R02960;R02973;R03019,Pendik-Kaynarca M/YM 2022 1.15x1.3; Pendik-Kaynarca M/YM 2022 0.20x1.3; SAGE bina/YM 2018 2.70 | İnce kesitli LIHCH; malzemeye +%30 | sonuç 1.50
Haberlesme,303,"SCADA RIO panosu (PLC/RIO, 32 DI + 8 DO modül, IEC 60870-5-104/Modbus TCP, 24VDC besleme)",4500.0,4621.07,REF-derin,R01501;R01502;R01503;R01504,"İzmir Konak-Karşıyaka Tr/Elmak 2014 2027.38; İzmir Konak-Karşıyaka Tr/Elmak 2014 514.95; İzmir Konak-Karşıyaka Tr/Elmak 2014 575.78; İzmir Konak-Karşıyaka Tr/Elmak 2014 436.56 | İzmir tramvay (Elmak 2014) GE CPU+32DI+32DO+PSU = 3.555; x1,3 pano/kablaj/montaj | sonuç 4621.07"
Haberlesme,303,"Kontrol kablosu 10x1,5 mm² LIHCH (ADP, APP, UPS → rack/RIO)",4.5,4.5,TAHMIN (emsal yok),,"10x1,5 LIHCH emsali yok (yalnız 8x0,75)"
Haberlesme,303,"Kontrol kablosu 4x0,22 LIHCH (turnike/biletmatik durum kontağı)",1.2,1.5,REF-derin,R02960;R02973;R03019,Pendik-Kaynarca M/YM 2022 1.15x1.3; Pendik-Kaynarca M/YM 2022 0.20x1.3; SAGE bina/YM 2018 2.70 | İnce kesitli LIHCH; malzemeye +%30 | sonuç 1.50
Haberlesme,304,"SCADA RIO panosu (PLC/RIO, 32 DI + 8 DO modül, IEC 60870-5-104/Modbus TCP, 24VDC besleme)",4500.0,4621.07,REF-derin,R01501;R01502;R01503;R01504,"İzmir Konak-Karşıyaka Tr/Elmak 2014 2027.38; İzmir Konak-Karşıyaka Tr/Elmak 2014 514.95; İzmir Konak-Karşıyaka Tr/Elmak 2014 575.78; İzmir Konak-Karşıyaka Tr/Elmak 2014 436.56 | İzmir tramvay (Elmak 2014) GE CPU+32DI+32DO+PSU = 3.555; x1,3 pano/kablaj/montaj | sonuç 4621.07"
Haberlesme,304,"Kontrol kablosu 10x1,5 mm² LIHCH (ADP, APP, UPS → rack/RIO)",4.5,4.5,TAHMIN (emsal yok),,"10x1,5 LIHCH emsali yok (yalnız 8x0,75)"
Haberlesme,304,"Kontrol kablosu 4x0,22 LIHCH (turnike/biletmatik durum kontağı)",1.2,1.5,REF-derin,R02960;R02973;R03019,Pendik-Kaynarca M/YM 2022 1.15x1.3; Pendik-Kaynarca M/YM 2022 0.20x1.3; SAGE bina/YM 2018 2.70 | İnce kesitli LIHCH; malzemeye +%30 | sonuç 1.50
Haberlesme,305,"SCADA RIO panosu (PLC/RIO, 32 DI + 8 DO modül, IEC 60870-5-104/Modbus TCP, 24VDC besleme)",4500.0,4621.07,REF-derin,R01501;R01502;R01503;R01504,"İzmir Konak-Karşıyaka Tr/Elmak 2014 2027.38; İzmir Konak-Karşıyaka Tr/Elmak 2014 514.95; İzmir Konak-Karşıyaka Tr/Elmak 2014 575.78; İzmir Konak-Karşıyaka Tr/Elmak 2014 436.56 | İzmir tramvay (Elmak 2014) GE CPU+32DI+32DO+PSU = 3.555; x1,3 pano/kablaj/montaj | sonuç 4621.07"
Haberlesme,305,"Kontrol kablosu 10x1,5 mm² LIHCH (ADP, APP, UPS → rack/RIO)",4.5,4.5,TAHMIN (emsal yok),,"10x1,5 LIHCH emsali yok (yalnız 8x0,75)"
Haberlesme,305,"Kontrol kablosu 4x0,22 LIHCH (turnike/biletmatik durum kontağı)",1.2,1.5,REF-derin,R02960;R02973;R03019,Pendik-Kaynarca M/YM 2022 1.15x1.3; Pendik-Kaynarca M/YM 2022 0.20x1.3; SAGE bina/YM 2018 2.70 | İnce kesitli LIHCH; malzemeye +%30 | sonuç 1.50
Haberlesme,306,"SCADA RIO panosu (PLC/RIO, 32 DI + 8 DO modül, IEC 60870-5-104/Modbus TCP, 24VDC besleme)",4500.0,4621.07,REF-derin,R01501;R01502;R01503;R01504,"İzmir Konak-Karşıyaka Tr/Elmak 2014 2027.38; İzmir Konak-Karşıyaka Tr/Elmak 2014 514.95; İzmir Konak-Karşıyaka Tr/Elmak 2014 575.78; İzmir Konak-Karşıyaka Tr/Elmak 2014 436.56 | İzmir tramvay (Elmak 2014) GE CPU+32DI+32DO+PSU = 3.555; x1,3 pano/kablaj/montaj | sonuç 4621.07"
Haberlesme,306,"Kontrol kablosu 10x1,5 mm² LIHCH (ADP, APP, UPS → rack/RIO)",4.5,4.5,TAHMIN (emsal yok),,"10x1,5 LIHCH emsali yok (yalnız 8x0,75)"
Haberlesme,306,"Kontrol kablosu 4x0,22 LIHCH (turnike/biletmatik durum kontağı)",1.2,1.5,REF-derin,R02960;R02973;R03019,Pendik-Kaynarca M/YM 2022 1.15x1.3; Pendik-Kaynarca M/YM 2022 0.20x1.3; SAGE bina/YM 2018 2.70 | İnce kesitli LIHCH; malzemeye +%30 | sonuç 1.50
Haberlesme,307,"Kontrol kablosu (LIHCH 12x1 / 10x1,5) sinyal toplama",4.5,4.5,TAHMIN (emsal yok),,"12x1/10x1,5 emsali yok"
Haberlesme,308,"Kontrol kablosu (DI toplama: kapı, sıcaklık, yangın, UPS, 24VDC)",4.0,4.0,TAHMIN (emsal yok),,Çok damarlı kontrol kablosu emsali yok
Haberlesme,309,Ray potansiyeli/kaçak akım izleme bilgisayarı + 21-24'' monitör,2000.0,1865.4,REF-derin,R01687;R02287;R01959,"Narlıdere M/Uskom 2018 1446.28; KMM M/Ateksis(Bosch) 2015 1995.08x0.935; Üçyol-Buca M/Cesa(Honeywell) 2021 2188.57x1.1 | PC+monitör setleri; +%10 kurulum; 2015 x0,85 | sonuç 1865.40"
Haberlesme,309,Sunucu KVM switch + SCADA 19'' sunucu kabini,3000.0,1712.91,REF-derin,R02927;R01999;R02228;R02125;R02507;R02325;R03068;R01743,"Pendik-Kaynarca M/YM 2022 1069.09x1.1; Üçyol-Buca M/Merit(Alcatel) 2021 1181.20x1.1; Üçyol-Buca M/Nokia/ALE 2021 743.05x1.1; Üçyol-Buca M/Siemens 2021 485.50x1.1; KMM M/RCF 2015 968.24x1.1; KMM M/Ateksis(Bosch) 2015 1197.05x1.1; SAGE bina/YM 2018 1249.82; Narlıdere M/Uskom 2018 3410.46 | Kabin emsal medyanı (+%10 montaj) + KVM switch 500 € (emsal yok, tahmin) | sonuç 1712.91"
Haberlesme,309,A3 renkli lazer ağ yazıcısı (tarayıcılı),2000.0,1688.83,REF-derin(1),R03172,"Samsun LRT/Uskom 2008 2755.31x0.5 | Samsun 2008 renkli lazer x0,5; Siemens 2011 A3 (AYKIRI) dışarıda; tek emsal, ortalama | emsal 1377.65, ort.(2000+1377.65)/2"
Haberlesme,309,Bakım bilgisayarı (laptop),1500.0,1695.47,REF-derin(1),R03105,"Samsun LRT/Uskom 2008 4727.37x0.4 | Samsun 2008 taşınabilir PC x0,4 BT düzeltmesi; tek emsal, ortalama | emsal 1890.95, ort.(1500+1890.95)/2"
Haberlesme,309,Mevcut depo kontrol merkezi entegrasyonu: SCADA yazılım uyarlama + lisans (HMI/veri tabanı birleştirme),20000.0,16269.47,REF-derin(1),R01899,"Üçyol-Buca M/Avikon 2021 12538.93 | Kapı/SCADA entegrasyon bedeli tek emsal; ortalama (miktar 0) | emsal 12538.93, ort.(20000+12538.93)/2"
Haberlesme,310,"Dokümantasyon: malzeme onayı, test prosedürleri, as-built, işletme-bakım el kitapları, eğitim dokümanı",3500.0,3500.0,TAHMIN (emsal yok),,"As-built/OMM emsalleri metro ölçeği 1.330 (Ateksis KMM) - 17.078 (Uskom Narlıdere); küçük tramvay alt sistem dokümanı kıyaslanamaz, mevcut aralıkta"
Haberlesme,311,"Yolcu bilgilendirme ekranı (IP, LED TV profesyonel 7/24, dış ortam muhafazalı, 43-55'')",4890.18,5039.18,REF-derin,R01894;R02979;R01823,"Üçyol-Buca M/Avikon 2021 4890.18; Pendik-Kaynarca M/YM 2022 3992.98x1.1; Narlıdere M/Uskom 2018 7127.35x0.85 | Avikon 55"" çift taraflı +149 €/ekran montaj (R01903); Pendik +%10; Narlıdere LCD x0,85 | sonuç 5039.18"
Haberlesme,311,"YBE tavan askı/dirsek montaj konstrüksiyonu (alt kenar ≥2,20 m)",249.31,249.31,REF-teyit,R02785;R01825;R01896,KMM M/Uskom 2015 103.74x1.3; Narlıdere M/Uskom 2018 365.09; Üçyol-Buca M/Avikon 2021 244.51x1.1 | Ekran askı/ayak emsalleri medyanı ±%20 içinde | medyan 268.96 → teyit
Haberlesme,311,"IP oynatıcı/medya kontrol ünitesi (ekran başına, ekran dahili değilse)",400.0,400.0,TAHMIN (emsal yok),,Dijital tabela oynatıcı emsali yok (ses oynatıcılar farklı)
Haberlesme,311,CAT6 S/FTP HFFR YBS kablosu,1.4,2.48,REF-derin,R02987;R02994;R02238,Pendik-Kaynarca M/YM 2022 2.45x1.3; SAGE bina/YM 2018 2.48; Üçyol-Buca M/Nokia/ALE 2021 1.40x1.3 | Ekranlı/LS0H-FE180 CAT6-7; malzemeye +%30 çekim | sonuç 2.48
Haberlesme,312,"Yolcu bilgilendirme ekranı (IP, LED TV profesyonel 7/24, dış ortam muhafazalı, 43-55'')",4890.18,5039.18,REF-derin,R01894;R02979;R01823,"Üçyol-Buca M/Avikon 2021 4890.18; Pendik-Kaynarca M/YM 2022 3992.98x1.1; Narlıdere M/Uskom 2018 7127.35x0.85 | Avikon 55"" çift taraflı +149 €/ekran montaj (R01903); Pendik +%10; Narlıdere LCD x0,85 | sonuç 5039.18"
Haberlesme,312,"YBE tavan askı/dirsek montaj konstrüksiyonu (alt kenar ≥2,20 m)",249.31,249.31,REF-teyit,R02785;R01825;R01896,KMM M/Uskom 2015 103.74x1.3; Narlıdere M/Uskom 2018 365.09; Üçyol-Buca M/Avikon 2021 244.51x1.1 | Ekran askı/ayak emsalleri medyanı ±%20 içinde | medyan 268.96 → teyit
Haberlesme,312,"IP oynatıcı/medya kontrol ünitesi (ekran başına, ekran dahili değilse)",400.0,400.0,TAHMIN (emsal yok),,Dijital tabela oynatıcı emsali yok (ses oynatıcılar farklı)
Haberlesme,312,CAT6 S/FTP HFFR YBS kablosu,1.4,2.48,REF-derin,R02987;R02994;R02238,Pendik-Kaynarca M/YM 2022 2.45x1.3; SAGE bina/YM 2018 2.48; Üçyol-Buca M/Nokia/ALE 2021 1.40x1.3 | Ekranlı/LS0H-FE180 CAT6-7; malzemeye +%30 çekim | sonuç 2.48
Haberlesme,313,"Yolcu bilgilendirme ekranı (IP, LED TV profesyonel 7/24, dış ortam muhafazalı, 43-55'')",4890.18,5039.18,REF-derin,R01894;R02979;R01823,"Üçyol-Buca M/Avikon 2021 4890.18; Pendik-Kaynarca M/YM 2022 3992.98x1.1; Narlıdere M/Uskom 2018 7127.35x0.85 | Avikon 55"" çift taraflı +149 €/ekran montaj (R01903); Pendik +%10; Narlıdere LCD x0,85 | sonuç 5039.18"
Haberlesme,313,"YBE tavan askı/dirsek montaj konstrüksiyonu (alt kenar ≥2,20 m)",249.31,249.31,REF-teyit,R02785;R01825;R01896,KMM M/Uskom 2015 103.74x1.3; Narlıdere M/Uskom 2018 365.09; Üçyol-Buca M/Avikon 2021 244.51x1.1 | Ekran askı/ayak emsalleri medyanı ±%20 içinde | medyan 268.96 → teyit
Haberlesme,313,"IP oynatıcı/medya kontrol ünitesi (ekran başına, ekran dahili değilse)",400.0,400.0,TAHMIN (emsal yok),,Dijital tabela oynatıcı emsali yok (ses oynatıcılar farklı)
Haberlesme,313,CAT6 S/FTP HFFR YBS kablosu,1.4,2.48,REF-derin,R02987;R02994;R02238,Pendik-Kaynarca M/YM 2022 2.45x1.3; SAGE bina/YM 2018 2.48; Üçyol-Buca M/Nokia/ALE 2021 1.40x1.3 | Ekranlı/LS0H-FE180 CAT6-7; malzemeye +%30 çekim | sonuç 2.48
Haberlesme,314,"Yolcu bilgilendirme ekranı (IP, LED TV profesyonel 7/24, dış ortam muhafazalı, 43-55'')",4890.18,5039.18,REF-derin,R01894;R02979;R01823,"Üçyol-Buca M/Avikon 2021 4890.18; Pendik-Kaynarca M/YM 2022 3992.98x1.1; Narlıdere M/Uskom 2018 7127.35x0.85 | Avikon 55"" çift taraflı +149 €/ekran montaj (R01903); Pendik +%10; Narlıdere LCD x0,85 | sonuç 5039.18"
Haberlesme,314,"YBE tavan askı/dirsek montaj konstrüksiyonu (alt kenar ≥2,20 m)",249.31,249.31,REF-teyit,R02785;R01825;R01896,KMM M/Uskom 2015 103.74x1.3; Narlıdere M/Uskom 2018 365.09; Üçyol-Buca M/Avikon 2021 244.51x1.1 | Ekran askı/ayak emsalleri medyanı ±%20 içinde | medyan 268.96 → teyit
Haberlesme,314,"IP oynatıcı/medya kontrol ünitesi (ekran başına, ekran dahili değilse)",400.0,400.0,TAHMIN (emsal yok),,Dijital tabela oynatıcı emsali yok (ses oynatıcılar farklı)
Haberlesme,314,CAT6 S/FTP HFFR YBS kablosu,1.4,2.48,REF-derin,R02987;R02994;R02238,Pendik-Kaynarca M/YM 2022 2.45x1.3; SAGE bina/YM 2018 2.48; Üçyol-Buca M/Nokia/ALE 2021 1.40x1.3 | Ekranlı/LS0H-FE180 CAT6-7; malzemeye +%30 çekim | sonuç 2.48
Haberlesme,315,"Yolcu bilgilendirme ekranı (IP, LED TV profesyonel 7/24, dış ortam muhafazalı, 43-55'')",4890.18,5039.18,REF-derin,R01894;R02979;R01823,"Üçyol-Buca M/Avikon 2021 4890.18; Pendik-Kaynarca M/YM 2022 3992.98x1.1; Narlıdere M/Uskom 2018 7127.35x0.85 | Avikon 55"" çift taraflı +149 €/ekran montaj (R01903); Pendik +%10; Narlıdere LCD x0,85 | sonuç 5039.18"
Haberlesme,315,"YBE tavan askı/dirsek montaj konstrüksiyonu (alt kenar ≥2,20 m)",249.31,249.31,REF-teyit,R02785;R01825;R01896,KMM M/Uskom 2015 103.74x1.3; Narlıdere M/Uskom 2018 365.09; Üçyol-Buca M/Avikon 2021 244.51x1.1 | Ekran askı/ayak emsalleri medyanı ±%20 içinde | medyan 268.96 → teyit
Haberlesme,315,"IP oynatıcı/medya kontrol ünitesi (ekran başına, ekran dahili değilse)",400.0,400.0,TAHMIN (emsal yok),,Dijital tabela oynatıcı emsali yok (ses oynatıcılar farklı)
Haberlesme,315,CAT6 S/FTP HFFR YBS kablosu,1.4,2.48,REF-derin,R02987;R02994;R02238,Pendik-Kaynarca M/YM 2022 2.45x1.3; SAGE bina/YM 2018 2.48; Üçyol-Buca M/Nokia/ALE 2021 1.40x1.3 | Ekranlı/LS0H-FE180 CAT6-7; malzemeye +%30 çekim | sonuç 2.48
Haberlesme,316,"Yolcu bilgilendirme ekranı (IP, LED TV profesyonel 7/24, dış ortam muhafazalı, 43-55'')",4890.18,5039.18,REF-derin,R01894;R02979;R01823,"Üçyol-Buca M/Avikon 2021 4890.18; Pendik-Kaynarca M/YM 2022 3992.98x1.1; Narlıdere M/Uskom 2018 7127.35x0.85 | Avikon 55"" çift taraflı +149 €/ekran montaj (R01903); Pendik +%10; Narlıdere LCD x0,85 | sonuç 5039.18"
Haberlesme,316,"YBE tavan askı/dirsek montaj konstrüksiyonu (alt kenar ≥2,20 m)",249.31,249.31,REF-teyit,R02785;R01825;R01896,KMM M/Uskom 2015 103.74x1.3; Narlıdere M/Uskom 2018 365.09; Üçyol-Buca M/Avikon 2021 244.51x1.1 | Ekran askı/ayak emsalleri medyanı ±%20 içinde | medyan 268.96 → teyit
Haberlesme,316,"IP oynatıcı/medya kontrol ünitesi (ekran başına, ekran dahili değilse)",400.0,400.0,TAHMIN (emsal yok),,Dijital tabela oynatıcı emsali yok (ses oynatıcılar farklı)
Haberlesme,316,CAT6 S/FTP HFFR YBS kablosu,1.4,2.48,REF-derin,R02987;R02994;R02238,Pendik-Kaynarca M/YM 2022 2.45x1.3; SAGE bina/YM 2018 2.48; Üçyol-Buca M/Nokia/ALE 2021 1.40x1.3 | Ekranlı/LS0H-FE180 CAT6-7; malzemeye +%30 çekim | sonuç 2.48
Haberlesme,317,YBS sunucusu/bilgisayarı + monitör (sistem kontrol/yedek pozisyonu),3949.76,3949.76,REF-teyit,R01901;R01868;R01820;R02778,Üçyol-Buca M/Avikon 2021 3949.76; Üçyol-Buca M/ON Elektronik 2020 4447.07; Narlıdere M/Uskom 2018 2270.15x1.05; KMM M/Uskom 2015 5479.82x0.85 | YBS operatör/sunucu PC emsalleri ±%20 içinde | medyan 4198.42 → teyit
Haberlesme,317,Mevcut depo kontrol merkezi entegrasyonu: YBS yazılım uyarlama + lisans,21984.87,12643.7,REF-derin,R01876;R02982,"Üçyol-Buca M/ON Elektronik 2020 6352.95; Pendik-Kaynarca M/YM 2022 18934.45 | DÜZELTME: REF 21.984,87 izlenebilir emsale denk gelmiyor; mevcut YBS entegrasyonu emsalleri (miktar 0) | sonuç 12643.70"
Haberlesme,318,"Dokümantasyon: malzeme onayı, test prosedürleri, as-built, işletme-bakım el kitapları, eğitim dokümanı",3000.0,3000.0,TAHMIN (emsal yok),,"As-built/OMM emsalleri metro ölçeği 1.330 (Ateksis KMM) - 17.078 (Uskom Narlıdere); küçük tramvay alt sistem dokümanı kıyaslanamaz, mevcut aralıkta"
Haberlesme,319,"Turnike data (CAT6-F UTP outdoor) + kontrol (4x0,22 LIHCH) kabloları (tarif: turnike bedeline dahil)",0.0,0.0,TAHMIN (emsal yok),,Tarif gereği turnike bedeline dahil; 0 korundu
Haberlesme,320,Özel kapı data + kontrol kabloları,2.5,3.98,REF-derin,R02987;R02994;R02238;R02960;R02973;R03019,"Pendik-Kaynarca M/YM 2022 2.45x1.3; SAGE bina/YM 2018 2.48; Üçyol-Buca M/Nokia/ALE 2021 1.40x1.3; Pendik-Kaynarca M/YM 2022 1.15x1.3; Pendik-Kaynarca M/YM 2022 0.20x1.3; SAGE bina/YM 2018 2.70 | Bileşik: dış ortam CAT6 + 4x0,22 kontrol | sonuç 3.98"
Haberlesme,321,S08 Göbekli Tepe: kontrol validatörü (turnike grubu çıkış tarafı),1500.0,1500.0,TAHMIN (emsal yok),,Validatör emsali yok (turnike teklifleri validatör hariç)
Haberlesme,321,S08 Göbekli Tepe: serbest geçiş kumanda ünitesi,600.0,351.26,REF-derin(1),R02148;R02149,"Üçyol-Buca M/Tansa 2021 65.71; Üçyol-Buca M/Tansa 2021 13.14 | Tansa uzaktan kumanda+alıcı (malz.) x1,3; tek emsal seti, mevcutla ortalama | emsal 102.51, ort.(600+102.51)/2"
Haberlesme,321,S08 Göbekli Tepe: biletmatik (bilet üretim/kart dolum) data bağlantısı + haberleşme birimi,800.0,800.0,TAHMIN (emsal yok),,Emsal yok
Haberlesme,321,S09 Hızmalı Köprüsü: kontrol validatörü (turnike grubu çıkış tarafı),1500.0,1500.0,TAHMIN (emsal yok),,Validatör emsali yok (turnike teklifleri validatör hariç)
Haberlesme,321,S09 Hızmalı Köprüsü: serbest geçiş kumanda ünitesi,600.0,351.26,REF-derin(1),R02148;R02149,"Üçyol-Buca M/Tansa 2021 65.71; Üçyol-Buca M/Tansa 2021 13.14 | Tansa uzaktan kumanda+alıcı (malz.) x1,3; tek emsal seti, mevcutla ortalama | emsal 102.51, ort.(600+102.51)/2"
Haberlesme,321,S09 Hızmalı Köprüsü: biletmatik (bilet üretim/kart dolum) data bağlantısı + haberleşme birimi,800.0,800.0,TAHMIN (emsal yok),,Emsal yok
Haberlesme,321,S10 Balıklıgöl: bilet geçerleme validatörü (giriş turnikesi + özel kapı),1800.0,1800.0,TAHMIN (emsal yok),,Validatör emsali yok
Haberlesme,321,S10 Balıklıgöl: kontrol validatörü (turnike grubu çıkış tarafı),1500.0,1500.0,TAHMIN (emsal yok),,Validatör emsali yok (turnike teklifleri validatör hariç)
Haberlesme,321,S10 Balıklıgöl: serbest geçiş kumanda ünitesi,600.0,351.26,REF-derin(1),R02148;R02149,"Üçyol-Buca M/Tansa 2021 65.71; Üçyol-Buca M/Tansa 2021 13.14 | Tansa uzaktan kumanda+alıcı (malz.) x1,3; tek emsal seti, mevcutla ortalama | emsal 102.51, ort.(600+102.51)/2"
Haberlesme,321,S10 Balıklıgöl: biletmatik (bilet üretim/kart dolum) data bağlantısı + haberleşme birimi,800.0,800.0,TAHMIN (emsal yok),,Emsal yok
Haberlesme,321,S11 Eyüp Peygamber: kontrol validatörü (turnike grubu çıkış tarafı),1500.0,1500.0,TAHMIN (emsal yok),,Validatör emsali yok (turnike teklifleri validatör hariç)
Haberlesme,321,S11 Eyüp Peygamber: serbest geçiş kumanda ünitesi,600.0,351.26,REF-derin(1),R02148;R02149,"Üçyol-Buca M/Tansa 2021 65.71; Üçyol-Buca M/Tansa 2021 13.14 | Tansa uzaktan kumanda+alıcı (malz.) x1,3; tek emsal seti, mevcutla ortalama | emsal 102.51, ort.(600+102.51)/2"
Haberlesme,321,S11 Eyüp Peygamber: biletmatik (bilet üretim/kart dolum) data bağlantısı + haberleşme birimi,800.0,800.0,TAHMIN (emsal yok),,Emsal yok
Haberlesme,321,S12 Rasathane: kontrol validatörü (turnike grubu çıkış tarafı),1500.0,1500.0,TAHMIN (emsal yok),,Validatör emsali yok (turnike teklifleri validatör hariç)
Haberlesme,321,S12 Rasathane: serbest geçiş kumanda ünitesi,600.0,351.26,REF-derin(1),R02148;R02149,"Üçyol-Buca M/Tansa 2021 65.71; Üçyol-Buca M/Tansa 2021 13.14 | Tansa uzaktan kumanda+alıcı (malz.) x1,3; tek emsal seti, mevcutla ortalama | emsal 102.51, ort.(600+102.51)/2"
Haberlesme,321,S12 Rasathane: biletmatik (bilet üretim/kart dolum) data bağlantısı + haberleşme birimi,800.0,800.0,TAHMIN (emsal yok),,Emsal yok
Haberlesme,321,S13 Harran: kontrol validatörü (turnike grubu çıkış tarafı),1500.0,1500.0,TAHMIN (emsal yok),,Validatör emsali yok (turnike teklifleri validatör hariç)
Haberlesme,321,S13 Harran: serbest geçiş kumanda ünitesi,600.0,351.26,REF-derin(1),R02148;R02149,"Üçyol-Buca M/Tansa 2021 65.71; Üçyol-Buca M/Tansa 2021 13.14 | Tansa uzaktan kumanda+alıcı (malz.) x1,3; tek emsal seti, mevcutla ortalama | emsal 102.51, ort.(600+102.51)/2"
Haberlesme,321,"S13 Harran: istasyon turnike bilgisayarı (endüstriyel, dolap tipi)",7999.94,2128.9,REF-derin,R03102;R01959;R02083;R01659,"Samsun LRT/Uskom 2008 7999.94x0.5; Üçyol-Buca M/Cesa(Honeywell) 2021 2188.57x1.1; Üçyol-Buca M/Siemens 2021 1682.17x1.1; Narlıdere M/Uskom 2018 1362.10x1.1 | DÜZELTME: REF 8.000 Samsun 2008 istasyon PC+lisans, eski BT x0,5; güncel PC emsalleri +%10 | sonuç 2128.90"
Haberlesme,321,S13 Harran: biletmatik (bilet üretim/kart dolum) data bağlantısı + haberleşme birimi,800.0,800.0,TAHMIN (emsal yok),,Emsal yok
Haberlesme,321,Ücret toplama bakım bilgisayarı (laptop) + istatistik yazılımı,4727.37,1890.95,REF-derin(1),R03105,"Samsun LRT/Uskom 2008 4727.37x0.4 | DÜZELTME: REF Samsun 2008 taşınabilir PC; 18 yıllık BT fiyat düşüşü x0,4 | sonuç 1890.95"
Mekanik,159,"Split klima duvar tipi inverter IU-1/DU-1, 5 kW soğutma, R410A, dış ünite dahil komple (pano odası)",1885.16,1885.16,REF-teyit,R05514;R05927;R05819;R05285;R06147;R06027,R05514 Kocaeli KentMey.Tram/Uluhanlar 2015 1813.73; R05927 Kocaeli KentMey.Tram/Mertsan 2015 1885.16; R05819 Kocaeli KentMey.Tram/FER 2015 1999.44; R05285 İzmir Buca Metro/Alp 2021 774.69; R06147 Siirt-Kurtalan DY/Yamaner 2025 1712.06; R06027 Mezitli Metro/Daikin 2021 1004.46→1205.36×1.2 | medyan 1762.90 (5 kW sınıfı; Daikin bayi fiyatı +%20 montaj) = 1762.90 € | sapma -6.5% ≤%10 → mevcut REF teyit
Mekanik,159,"Split klima bakır boru izolasyonlu (sıvı+gaz çifti 1/4""-1/2"") + bağlantı kablosu",22.0,31.58,REF-derin,R05506;R05507;R05508;R05509;R05510;R05599;R05600;R05601;R05602;R05603;R05604;R05605;R05606;R05814;R05815;R05816;R05817;R05912;R05913;R05914;R05915;R06142;R06143;R06144;R06145,"Bakır boru (izoleli, M+İ) firma bazında çift fiyatı: Uluhanlar 23.31; Yapıray-alt 29.62; FER 30.93; Mertsan 24.62; Yamaner 32.04 | medyan 29.62 + bağlantı kablosu N2XH 3x1,5 R01698 1.96 = 31.58 €"
Mekanik,159,Klima yoğuşma drenaj borusu PVC/PPRC Ø20-25 (hatta bırakılacak),5.0,3.61,REF-derin,R05820;R05910;R05821;R05911;R05359;R05460;R05554;R05767;R05865;R06006;R06107;R05360;R05461;R05555;R05768;R05866;R06007;R06108,R05820 Kocaeli KentMey.Tram/FER 2015 2.17; R05910 Kocaeli KentMey.Tram/Mertsan 2015 1.91; R05821 Kocaeli KentMey.Tram/FER 2015 2.54; R05911 Kocaeli KentMey.Tram/Mertsan 2015 3.02; R05359 İzmir Buca Metro/Alp 2021 4.30; R05460 Kocaeli KentMey.Tram/Uluhanlar 2015 3.91; +12 emsal | medyan 3.61 (Ø20-25 PVC klima drenaj + PPRC Ø20-25 havuzu) = 3.61 € | mevcut REF 5.00 (-27.7%) düzeltildi
Mekanik,159,"DU montaj konsolu + titreşim takozu, kablolu kumanda, montaj-test-devreye alma",150.0,150.0,TAHMIN (emsal yok),,emsal bulunamadı; mevcut tahmin korundu
Mekanik,159,"Güvenlik kabini split klima inverter ~2,5 kW duvar tipi, R410A, dış ünite dahil + kapı/pencere kontak sistemi",950.0,763.91,REF-derin,R05284;R05513;R06025,"R05284 İzmir Buca Metro/Alp 2021 584.79; R05513 Kocaeli KentMey.Tram/Uluhanlar 2015 1058.21; R06025 Mezitli Metro/Daikin 2021 553.26→663.91×1.2 | medyan 663.91 +100.00 (2,2-2,5 kW split; Daikin +%20 montaj; kapı/pencere kontak sistemi +100 € tahmin) = 763.91 € | mevcut REF 950.00 (-19.6%) düzeltildi"
Mekanik,159,"Güvenlik kabini split bakır boru izolasyonlu (1/4""-3/8"") + bağlantı kablosu",18.0,26.27,REF-derin,R05506;R05507;R05508;R05509;R05510;R05599;R05600;R05601;R05602;R05603;R05604;R05605;R05606;R05814;R05815;R05816;R05817;R05912;R05913;R05914;R05915;R06142;R06143;R06144;R06145,"Bakır boru (izoleli, M+İ) firma bazında çift fiyatı: Uluhanlar 21.03; Yapıray-alt 24.31; FER 26.94; Mertsan 20.87; Yamaner 31.06 | medyan 24.31 (3/8"" interpolasyon) + kablo R01698 1.96 = 26.27 €"
Mekanik,159,Güvenlik kabini split yoğuşma drenaj borusu PVC Ø20,5.0,2.04,REF-derin,R05820;R05910,R05820 Kocaeli KentMey.Tram/FER 2015 2.17; R05910 Kocaeli KentMey.Tram/Mertsan 2015 1.91 | medyan 2.04 (PVC Ø20 klima drenajı) = 2.04 € | mevcut REF 5.00 (-59.3%) düzeltildi
Mekanik,159,"Güvenlik kabini split DU konsolu + titreşim takozu + kablolu kumanda + kontak rölesi, montaj-devreye alma",120.0,120.0,TAHMIN (emsal yok),,emsal bulunamadı; mevcut tahmin korundu
Mekanik,160,"Split klima duvar tipi inverter IU-1/DU-1, 5 kW soğutma, R410A, dış ünite dahil komple (pano odası)",1885.16,1885.16,REF-teyit,R05514;R05927;R05819;R05285;R06147;R06027,R05514 Kocaeli KentMey.Tram/Uluhanlar 2015 1813.73; R05927 Kocaeli KentMey.Tram/Mertsan 2015 1885.16; R05819 Kocaeli KentMey.Tram/FER 2015 1999.44; R05285 İzmir Buca Metro/Alp 2021 774.69; R06147 Siirt-Kurtalan DY/Yamaner 2025 1712.06; R06027 Mezitli Metro/Daikin 2021 1004.46→1205.36×1.2 | medyan 1762.90 (5 kW sınıfı; Daikin bayi fiyatı +%20 montaj) = 1762.90 € | sapma -6.5% ≤%10 → mevcut REF teyit
Mekanik,160,"Split klima bakır boru izolasyonlu (sıvı+gaz çifti 1/4""-1/2"") + bağlantı kablosu",22.0,31.58,REF-derin,R05506;R05507;R05508;R05509;R05510;R05599;R05600;R05601;R05602;R05603;R05604;R05605;R05606;R05814;R05815;R05816;R05817;R05912;R05913;R05914;R05915;R06142;R06143;R06144;R06145,"Bakır boru (izoleli, M+İ) firma bazında çift fiyatı: Uluhanlar 23.31; Yapıray-alt 29.62; FER 30.93; Mertsan 24.62; Yamaner 32.04 | medyan 29.62 + bağlantı kablosu N2XH 3x1,5 R01698 1.96 = 31.58 €"
Mekanik,160,Klima yoğuşma drenaj borusu PVC/PPRC Ø20-25 (hatta bırakılacak),5.0,3.61,REF-derin,R05820;R05910;R05821;R05911;R05359;R05460;R05554;R05767;R05865;R06006;R06107;R05360;R05461;R05555;R05768;R05866;R06007;R06108,R05820 Kocaeli KentMey.Tram/FER 2015 2.17; R05910 Kocaeli KentMey.Tram/Mertsan 2015 1.91; R05821 Kocaeli KentMey.Tram/FER 2015 2.54; R05911 Kocaeli KentMey.Tram/Mertsan 2015 3.02; R05359 İzmir Buca Metro/Alp 2021 4.30; R05460 Kocaeli KentMey.Tram/Uluhanlar 2015 3.91; +12 emsal | medyan 3.61 (Ø20-25 PVC klima drenaj + PPRC Ø20-25 havuzu) = 3.61 € | mevcut REF 5.00 (-27.7%) düzeltildi
Mekanik,160,"DU montaj konsolu + titreşim takozu, kablolu kumanda, montaj-test-devreye alma",150.0,150.0,TAHMIN (emsal yok),,emsal bulunamadı; mevcut tahmin korundu
Mekanik,160,"Güvenlik kabini split klima inverter ~2,5 kW duvar tipi, R410A, dış ünite dahil + kapı/pencere kontak sistemi",950.0,763.91,REF-derin,R05284;R05513;R06025,"R05284 İzmir Buca Metro/Alp 2021 584.79; R05513 Kocaeli KentMey.Tram/Uluhanlar 2015 1058.21; R06025 Mezitli Metro/Daikin 2021 553.26→663.91×1.2 | medyan 663.91 +100.00 (2,2-2,5 kW split; Daikin +%20 montaj; kapı/pencere kontak sistemi +100 € tahmin) = 763.91 € | mevcut REF 950.00 (-19.6%) düzeltildi"
Mekanik,160,"Güvenlik kabini split bakır boru izolasyonlu (1/4""-3/8"") + bağlantı kablosu",18.0,26.27,REF-derin,R05506;R05507;R05508;R05509;R05510;R05599;R05600;R05601;R05602;R05603;R05604;R05605;R05606;R05814;R05815;R05816;R05817;R05912;R05913;R05914;R05915;R06142;R06143;R06144;R06145,"Bakır boru (izoleli, M+İ) firma bazında çift fiyatı: Uluhanlar 21.03; Yapıray-alt 24.31; FER 26.94; Mertsan 20.87; Yamaner 31.06 | medyan 24.31 (3/8"" interpolasyon) + kablo R01698 1.96 = 26.27 €"
Mekanik,160,Güvenlik kabini split yoğuşma drenaj borusu PVC Ø20,5.0,2.04,REF-derin,R05820;R05910,R05820 Kocaeli KentMey.Tram/FER 2015 2.17; R05910 Kocaeli KentMey.Tram/Mertsan 2015 1.91 | medyan 2.04 (PVC Ø20 klima drenajı) = 2.04 € | mevcut REF 5.00 (-59.3%) düzeltildi
Mekanik,160,"Güvenlik kabini split DU konsolu + titreşim takozu + kablolu kumanda + kontak rölesi, montaj-devreye alma",120.0,120.0,TAHMIN (emsal yok),,emsal bulunamadı; mevcut tahmin korundu
Mekanik,161,"Split klima duvar tipi inverter IU-1/DU-1, 5 kW soğutma, R410A, dış ünite dahil komple (pano odası)",1885.16,1885.16,REF-teyit,R05514;R05927;R05819;R05285;R06147;R06027,R05514 Kocaeli KentMey.Tram/Uluhanlar 2015 1813.73; R05927 Kocaeli KentMey.Tram/Mertsan 2015 1885.16; R05819 Kocaeli KentMey.Tram/FER 2015 1999.44; R05285 İzmir Buca Metro/Alp 2021 774.69; R06147 Siirt-Kurtalan DY/Yamaner 2025 1712.06; R06027 Mezitli Metro/Daikin 2021 1004.46→1205.36×1.2 | medyan 1762.90 (5 kW sınıfı; Daikin bayi fiyatı +%20 montaj) = 1762.90 € | sapma -6.5% ≤%10 → mevcut REF teyit
Mekanik,161,"Split klima bakır boru izolasyonlu (sıvı+gaz çifti 1/4""-1/2"") + bağlantı kablosu",22.0,31.58,REF-derin,R05506;R05507;R05508;R05509;R05510;R05599;R05600;R05601;R05602;R05603;R05604;R05605;R05606;R05814;R05815;R05816;R05817;R05912;R05913;R05914;R05915;R06142;R06143;R06144;R06145,"Bakır boru (izoleli, M+İ) firma bazında çift fiyatı: Uluhanlar 23.31; Yapıray-alt 29.62; FER 30.93; Mertsan 24.62; Yamaner 32.04 | medyan 29.62 + bağlantı kablosu N2XH 3x1,5 R01698 1.96 = 31.58 €"
Mekanik,161,Klima yoğuşma drenaj borusu PVC/PPRC Ø20-25 (hatta bırakılacak),5.0,3.61,REF-derin,R05820;R05910;R05821;R05911;R05359;R05460;R05554;R05767;R05865;R06006;R06107;R05360;R05461;R05555;R05768;R05866;R06007;R06108,R05820 Kocaeli KentMey.Tram/FER 2015 2.17; R05910 Kocaeli KentMey.Tram/Mertsan 2015 1.91; R05821 Kocaeli KentMey.Tram/FER 2015 2.54; R05911 Kocaeli KentMey.Tram/Mertsan 2015 3.02; R05359 İzmir Buca Metro/Alp 2021 4.30; R05460 Kocaeli KentMey.Tram/Uluhanlar 2015 3.91; +12 emsal | medyan 3.61 (Ø20-25 PVC klima drenaj + PPRC Ø20-25 havuzu) = 3.61 € | mevcut REF 5.00 (-27.7%) düzeltildi
Mekanik,161,"DU montaj konsolu + titreşim takozu, kablolu kumanda, montaj-test-devreye alma",150.0,150.0,TAHMIN (emsal yok),,emsal bulunamadı; mevcut tahmin korundu
Mekanik,161,"Güvenlik kabini split klima inverter ~2,5 kW duvar tipi, R410A, dış ünite dahil + kapı/pencere kontak sistemi",950.0,763.91,REF-derin,R05284;R05513;R06025,"R05284 İzmir Buca Metro/Alp 2021 584.79; R05513 Kocaeli KentMey.Tram/Uluhanlar 2015 1058.21; R06025 Mezitli Metro/Daikin 2021 553.26→663.91×1.2 | medyan 663.91 +100.00 (2,2-2,5 kW split; Daikin +%20 montaj; kapı/pencere kontak sistemi +100 € tahmin) = 763.91 € | mevcut REF 950.00 (-19.6%) düzeltildi"
Mekanik,161,"Güvenlik kabini split bakır boru izolasyonlu (1/4""-3/8"") + bağlantı kablosu",18.0,26.27,REF-derin,R05506;R05507;R05508;R05509;R05510;R05599;R05600;R05601;R05602;R05603;R05604;R05605;R05606;R05814;R05815;R05816;R05817;R05912;R05913;R05914;R05915;R06142;R06143;R06144;R06145,"Bakır boru (izoleli, M+İ) firma bazında çift fiyatı: Uluhanlar 21.03; Yapıray-alt 24.31; FER 26.94; Mertsan 20.87; Yamaner 31.06 | medyan 24.31 (3/8"" interpolasyon) + kablo R01698 1.96 = 26.27 €"
Mekanik,161,Güvenlik kabini split yoğuşma drenaj borusu PVC Ø20,5.0,2.04,REF-derin,R05820;R05910,R05820 Kocaeli KentMey.Tram/FER 2015 2.17; R05910 Kocaeli KentMey.Tram/Mertsan 2015 1.91 | medyan 2.04 (PVC Ø20 klima drenajı) = 2.04 € | mevcut REF 5.00 (-59.3%) düzeltildi
Mekanik,161,"Güvenlik kabini split DU konsolu + titreşim takozu + kablolu kumanda + kontak rölesi, montaj-devreye alma",120.0,120.0,TAHMIN (emsal yok),,emsal bulunamadı; mevcut tahmin korundu
Mekanik,162,"Split klima duvar tipi inverter IU-1/DU-1, 5 kW soğutma, R410A, dış ünite dahil komple (pano odası)",1885.16,1885.16,REF-teyit,R05514;R05927;R05819;R05285;R06147;R06027,R05514 Kocaeli KentMey.Tram/Uluhanlar 2015 1813.73; R05927 Kocaeli KentMey.Tram/Mertsan 2015 1885.16; R05819 Kocaeli KentMey.Tram/FER 2015 1999.44; R05285 İzmir Buca Metro/Alp 2021 774.69; R06147 Siirt-Kurtalan DY/Yamaner 2025 1712.06; R06027 Mezitli Metro/Daikin 2021 1004.46→1205.36×1.2 | medyan 1762.90 (5 kW sınıfı; Daikin bayi fiyatı +%20 montaj) = 1762.90 € | sapma -6.5% ≤%10 → mevcut REF teyit
Mekanik,162,"Split klima bakır boru izolasyonlu (sıvı+gaz çifti 1/4""-1/2"") + bağlantı kablosu",22.0,31.58,REF-derin,R05506;R05507;R05508;R05509;R05510;R05599;R05600;R05601;R05602;R05603;R05604;R05605;R05606;R05814;R05815;R05816;R05817;R05912;R05913;R05914;R05915;R06142;R06143;R06144;R06145,"Bakır boru (izoleli, M+İ) firma bazında çift fiyatı: Uluhanlar 23.31; Yapıray-alt 29.62; FER 30.93; Mertsan 24.62; Yamaner 32.04 | medyan 29.62 + bağlantı kablosu N2XH 3x1,5 R01698 1.96 = 31.58 €"
Mekanik,162,Klima yoğuşma drenaj borusu PVC/PPRC Ø20-25 (hatta bırakılacak),5.0,3.61,REF-derin,R05820;R05910;R05821;R05911;R05359;R05460;R05554;R05767;R05865;R06006;R06107;R05360;R05461;R05555;R05768;R05866;R06007;R06108,R05820 Kocaeli KentMey.Tram/FER 2015 2.17; R05910 Kocaeli KentMey.Tram/Mertsan 2015 1.91; R05821 Kocaeli KentMey.Tram/FER 2015 2.54; R05911 Kocaeli KentMey.Tram/Mertsan 2015 3.02; R05359 İzmir Buca Metro/Alp 2021 4.30; R05460 Kocaeli KentMey.Tram/Uluhanlar 2015 3.91; +12 emsal | medyan 3.61 (Ø20-25 PVC klima drenaj + PPRC Ø20-25 havuzu) = 3.61 € | mevcut REF 5.00 (-27.7%) düzeltildi
Mekanik,162,"DU montaj konsolu + titreşim takozu, kablolu kumanda, montaj-test-devreye alma",150.0,150.0,TAHMIN (emsal yok),,emsal bulunamadı; mevcut tahmin korundu
Mekanik,162,"Güvenlik kabini split klima inverter ~2,5 kW duvar tipi, R410A, dış ünite dahil + kapı/pencere kontak sistemi",950.0,763.91,REF-derin,R05284;R05513;R06025,"R05284 İzmir Buca Metro/Alp 2021 584.79; R05513 Kocaeli KentMey.Tram/Uluhanlar 2015 1058.21; R06025 Mezitli Metro/Daikin 2021 553.26→663.91×1.2 | medyan 663.91 +100.00 (2,2-2,5 kW split; Daikin +%20 montaj; kapı/pencere kontak sistemi +100 € tahmin) = 763.91 € | mevcut REF 950.00 (-19.6%) düzeltildi"
Mekanik,162,"Güvenlik kabini split bakır boru izolasyonlu (1/4""-3/8"") + bağlantı kablosu",18.0,26.27,REF-derin,R05506;R05507;R05508;R05509;R05510;R05599;R05600;R05601;R05602;R05603;R05604;R05605;R05606;R05814;R05815;R05816;R05817;R05912;R05913;R05914;R05915;R06142;R06143;R06144;R06145,"Bakır boru (izoleli, M+İ) firma bazında çift fiyatı: Uluhanlar 21.03; Yapıray-alt 24.31; FER 26.94; Mertsan 20.87; Yamaner 31.06 | medyan 24.31 (3/8"" interpolasyon) + kablo R01698 1.96 = 26.27 €"
Mekanik,162,Güvenlik kabini split yoğuşma drenaj borusu PVC Ø20,5.0,2.04,REF-derin,R05820;R05910,R05820 Kocaeli KentMey.Tram/FER 2015 2.17; R05910 Kocaeli KentMey.Tram/Mertsan 2015 1.91 | medyan 2.04 (PVC Ø20 klima drenajı) = 2.04 € | mevcut REF 5.00 (-59.3%) düzeltildi
Mekanik,162,"Güvenlik kabini split DU konsolu + titreşim takozu + kablolu kumanda + kontak rölesi, montaj-devreye alma",120.0,120.0,TAHMIN (emsal yok),,emsal bulunamadı; mevcut tahmin korundu
Mekanik,163,"Split klima duvar tipi inverter IU-1/DU-1, 5 kW soğutma, R410A, dış ünite dahil komple (pano odası)",1885.16,1885.16,REF-teyit,R05514;R05927;R05819;R05285;R06147;R06027,R05514 Kocaeli KentMey.Tram/Uluhanlar 2015 1813.73; R05927 Kocaeli KentMey.Tram/Mertsan 2015 1885.16; R05819 Kocaeli KentMey.Tram/FER 2015 1999.44; R05285 İzmir Buca Metro/Alp 2021 774.69; R06147 Siirt-Kurtalan DY/Yamaner 2025 1712.06; R06027 Mezitli Metro/Daikin 2021 1004.46→1205.36×1.2 | medyan 1762.90 (5 kW sınıfı; Daikin bayi fiyatı +%20 montaj) = 1762.90 € | sapma -6.5% ≤%10 → mevcut REF teyit
Mekanik,163,"Split klima bakır boru izolasyonlu (sıvı+gaz çifti 1/4""-1/2"") + bağlantı kablosu",22.0,31.58,REF-derin,R05506;R05507;R05508;R05509;R05510;R05599;R05600;R05601;R05602;R05603;R05604;R05605;R05606;R05814;R05815;R05816;R05817;R05912;R05913;R05914;R05915;R06142;R06143;R06144;R06145,"Bakır boru (izoleli, M+İ) firma bazında çift fiyatı: Uluhanlar 23.31; Yapıray-alt 29.62; FER 30.93; Mertsan 24.62; Yamaner 32.04 | medyan 29.62 + bağlantı kablosu N2XH 3x1,5 R01698 1.96 = 31.58 €"
Mekanik,163,Klima yoğuşma drenaj borusu PVC/PPRC Ø20-25 (hatta bırakılacak),5.0,3.61,REF-derin,R05820;R05910;R05821;R05911;R05359;R05460;R05554;R05767;R05865;R06006;R06107;R05360;R05461;R05555;R05768;R05866;R06007;R06108,R05820 Kocaeli KentMey.Tram/FER 2015 2.17; R05910 Kocaeli KentMey.Tram/Mertsan 2015 1.91; R05821 Kocaeli KentMey.Tram/FER 2015 2.54; R05911 Kocaeli KentMey.Tram/Mertsan 2015 3.02; R05359 İzmir Buca Metro/Alp 2021 4.30; R05460 Kocaeli KentMey.Tram/Uluhanlar 2015 3.91; +12 emsal | medyan 3.61 (Ø20-25 PVC klima drenaj + PPRC Ø20-25 havuzu) = 3.61 € | mevcut REF 5.00 (-27.7%) düzeltildi
Mekanik,163,"DU montaj konsolu + titreşim takozu, kablolu kumanda, montaj-test-devreye alma",150.0,150.0,TAHMIN (emsal yok),,emsal bulunamadı; mevcut tahmin korundu
Mekanik,163,"Güvenlik kabini split klima inverter ~2,5 kW duvar tipi, R410A, dış ünite dahil + kapı/pencere kontak sistemi",950.0,763.91,REF-derin,R05284;R05513;R06025,"R05284 İzmir Buca Metro/Alp 2021 584.79; R05513 Kocaeli KentMey.Tram/Uluhanlar 2015 1058.21; R06025 Mezitli Metro/Daikin 2021 553.26→663.91×1.2 | medyan 663.91 +100.00 (2,2-2,5 kW split; Daikin +%20 montaj; kapı/pencere kontak sistemi +100 € tahmin) = 763.91 € | mevcut REF 950.00 (-19.6%) düzeltildi"
Mekanik,163,"Güvenlik kabini split bakır boru izolasyonlu (1/4""-3/8"") + bağlantı kablosu",18.0,26.27,REF-derin,R05506;R05507;R05508;R05509;R05510;R05599;R05600;R05601;R05602;R05603;R05604;R05605;R05606;R05814;R05815;R05816;R05817;R05912;R05913;R05914;R05915;R06142;R06143;R06144;R06145,"Bakır boru (izoleli, M+İ) firma bazında çift fiyatı: Uluhanlar 21.03; Yapıray-alt 24.31; FER 26.94; Mertsan 20.87; Yamaner 31.06 | medyan 24.31 (3/8"" interpolasyon) + kablo R01698 1.96 = 26.27 €"
Mekanik,163,Güvenlik kabini split yoğuşma drenaj borusu PVC Ø20,5.0,2.04,REF-derin,R05820;R05910,R05820 Kocaeli KentMey.Tram/FER 2015 2.17; R05910 Kocaeli KentMey.Tram/Mertsan 2015 1.91 | medyan 2.04 (PVC Ø20 klima drenajı) = 2.04 € | mevcut REF 5.00 (-59.3%) düzeltildi
Mekanik,163,"Güvenlik kabini split DU konsolu + titreşim takozu + kablolu kumanda + kontak rölesi, montaj-devreye alma",120.0,120.0,TAHMIN (emsal yok),,emsal bulunamadı; mevcut tahmin korundu
Mekanik,164,"Split klima bakır boru izolasyonlu (sıvı+gaz çifti 1/4""-1/2"") + bağlantı kablosu",22.0,31.58,REF-derin,R05506;R05507;R05508;R05509;R05510;R05599;R05600;R05601;R05602;R05603;R05604;R05605;R05606;R05814;R05815;R05816;R05817;R05912;R05913;R05914;R05915;R06142;R06143;R06144;R06145,"Bakır boru (izoleli, M+İ) firma bazında çift fiyatı: Uluhanlar 23.31; Yapıray-alt 29.62; FER 30.93; Mertsan 24.62; Yamaner 32.04 | medyan 29.62 + bağlantı kablosu N2XH 3x1,5 R01698 1.96 = 31.58 €"
Mekanik,164,Klima yoğuşma drenaj borusu PVC/PPRC Ø20-25 (hatta bırakılacak),5.0,3.61,REF-derin,R05820;R05910;R05821;R05911;R05359;R05460;R05554;R05767;R05865;R06006;R06107;R05360;R05461;R05555;R05768;R05866;R06007;R06108,R05820 Kocaeli KentMey.Tram/FER 2015 2.17; R05910 Kocaeli KentMey.Tram/Mertsan 2015 1.91; R05821 Kocaeli KentMey.Tram/FER 2015 2.54; R05911 Kocaeli KentMey.Tram/Mertsan 2015 3.02; R05359 İzmir Buca Metro/Alp 2021 4.30; R05460 Kocaeli KentMey.Tram/Uluhanlar 2015 3.91; +12 emsal | medyan 3.61 (Ø20-25 PVC klima drenaj + PPRC Ø20-25 havuzu) = 3.61 € | mevcut REF 5.00 (-27.7%) düzeltildi
Mekanik,164,"DU montaj konsolu + titreşim takozu, kablolu kumanda, montaj-test-devreye alma",150.0,150.0,TAHMIN (emsal yok),,emsal bulunamadı; mevcut tahmin korundu
Mekanik,164,"Güvenlik kabini split klima inverter ~2,5 kW duvar tipi, R410A, dış ünite dahil + kapı/pencere kontak sistemi",950.0,763.91,REF-derin,R05284;R05513;R06025,"R05284 İzmir Buca Metro/Alp 2021 584.79; R05513 Kocaeli KentMey.Tram/Uluhanlar 2015 1058.21; R06025 Mezitli Metro/Daikin 2021 553.26→663.91×1.2 | medyan 663.91 +100.00 (2,2-2,5 kW split; Daikin +%20 montaj; kapı/pencere kontak sistemi +100 € tahmin) = 763.91 € | mevcut REF 950.00 (-19.6%) düzeltildi"
Mekanik,164,"Güvenlik kabini split bakır boru izolasyonlu (1/4""-3/8"") + bağlantı kablosu",18.0,26.27,REF-derin,R05506;R05507;R05508;R05509;R05510;R05599;R05600;R05601;R05602;R05603;R05604;R05605;R05606;R05814;R05815;R05816;R05817;R05912;R05913;R05914;R05915;R06142;R06143;R06144;R06145,"Bakır boru (izoleli, M+İ) firma bazında çift fiyatı: Uluhanlar 21.03; Yapıray-alt 24.31; FER 26.94; Mertsan 20.87; Yamaner 31.06 | medyan 24.31 (3/8"" interpolasyon) + kablo R01698 1.96 = 26.27 €"
Mekanik,164,Güvenlik kabini split yoğuşma drenaj borusu PVC Ø20,5.0,2.04,REF-derin,R05820;R05910,R05820 Kocaeli KentMey.Tram/FER 2015 2.17; R05910 Kocaeli KentMey.Tram/Mertsan 2015 1.91 | medyan 2.04 (PVC Ø20 klima drenajı) = 2.04 € | mevcut REF 5.00 (-59.3%) düzeltildi
Mekanik,164,"Güvenlik kabini split DU konsolu + titreşim takozu + kablolu kumanda + kontak rölesi, montaj-devreye alma",120.0,120.0,TAHMIN (emsal yok),,emsal bulunamadı; mevcut tahmin korundu
Mekanik,165,"VRF iç ünite kanallı tavan tipi IU-01, 9,0/10,0 kW, R410A, drenaj pompasız, uzaktan kumandalı",1425.83,1425.83,REF-teyit,R05502;R05595;R05810;R05906,R05502 Kocaeli KentMey.Tram/Uluhanlar 2015 1296.00; R05595 Kocaeli KentMey.Tram/bilinmiyor 2015 1252.75; R05810 Kocaeli KentMey.Tram/FER 2015 1425.83; R05906 Kocaeli KentMey.Tram/Mertsan 2015 1381.71 | medyan 1338.85 (9-10 kW VRF iç ünite (kaset≈kanallı)) = 1338.85 € | sapma -6.1% ≤%10 → mevcut REF teyit
Mekanik,165,"VRF bakır boru hattı (izolasyonlu sıvı/gaz çifti 3/8""-5/8"" … 3/4""-1 3/8"") + refnet/branş kitleri",32.0,45.97,REF-derin,R05506;R05507;R05508;R05509;R05510;R05599;R05600;R05601;R05602;R05603;R05604;R05605;R05606;R05814;R05815;R05816;R05817;R05912;R05913;R05914;R05915,"Bakır boru (izoleli, M+İ) firma bazında çift fiyatı: Uluhanlar 38.68; Yapıray-alt 50.51; FER 51.15; Mertsan 41.43 | medyan 45.97 (proje çap dağılımı ağırlıklı, >1 1/8"" doğrusal ekstrapolasyon) = 45.97 €"
Mekanik,165,Refnet (branş) kiti,220.0,80.12,REF-derin,R05511;R05512;R05607;R05608;R05609;R05909;R06146,R05511 Kocaeli KentMey.Tram/Uluhanlar 2015 66.25; R05512 Kocaeli KentMey.Tram/Uluhanlar 2015 129.51; R05607 Kocaeli KentMey.Tram/bilinmiyor 2015 77.14; R05608 Kocaeli KentMey.Tram/bilinmiyor 2015 122.10; R05609 Kocaeli KentMey.Tram/bilinmiyor 2015 157.21; R05909 Kocaeli KentMey.Tram/Mertsan 2015 77.18; +1 emsal | medyan 80.12 (VRF joint/refnet kitleri) = 80.12 €
Mekanik,165,Soğutucu akışkan R410A ilave şarj,25.0,25.0,TAHMIN (emsal yok),,emsal bulunamadı; mevcut tahmin korundu
Mekanik,165,Kanallı iç ünite üfleme kanalı (galvaniz sac) + menfez/difüzör,42.0,40.36,REF-derin,R05313;R05314;R05404;R05488;R05489;R05580;R05581;R05799,R05313 İzmir Buca Metro/Alp 2021 26.77; R05314 İzmir Buca Metro/Alp 2021 30.94; R05404 Kocaeli Tram/Özgür 2014 35.81; R05488 Kocaeli KentMey.Tram/Uluhanlar 2015 22.26; R05489 Kocaeli KentMey.Tram/Uluhanlar 2015 23.68; R05580 Kocaeli KentMey.Tram/bilinmiyor 2015 43.83; +2 emsal | medyan 32.29 ×1.25 (galvaniz kanal m²; +%25 menfez/difüzör payı) = 40.36 €
Mekanik,165,Kablolu VRF kumandası + merkezi kontrol/BMS-SCADA ara yüz modülü,220.0,230.24,REF-derin,R05298;R05504;R05907;R06140;R05597;R05811;R05505;R05908;R06141;R05598;R05812,Kablolu kumanda: R05298 İzmir Buca Metro/Alp 2021 54.50; R05504 Kocaeli KentMey.Tram/Uluhanlar 2015 110.84; R05907 Kocaeli KentMey.Tram/Mertsan 2015 93.15; R06140 Siirt-Kurtalan DY/Yamaner 2025 117.00; +2 emsal → medyan 92.73; merkezi kontrol (50 iç ünite): R05505 Kocaeli KentMey.Tram/Uluhanlar 2015 1466.52; R05908 Kocaeli KentMey.Tram/Mertsan 2015 1375.06; R06141 Siirt-Kurtalan DY/Yamaner 2025 3468.39; +2 emsal → medyan 1375.06/10 ünite = 137.51 = 230.24 €
Mekanik,165,Klima kondens drenaj borusu PPRC DN25/DN32 (tretuvara tahliye),8.0,4.99,REF-derin,R05360;R05461;R05555;R05768;R05866;R06007;R06108;R05462;R05556;R05769;R05867;R06109,R05360 İzmir Buca Metro/Alp 2021 5.98; R05461 Kocaeli KentMey.Tram/Uluhanlar 2015 5.07; R05555 Kocaeli KentMey.Tram/bilinmiyor 2015 3.81; R05768 Kocaeli KentMey.Tram/FER 2015 3.42; R05866 Kocaeli KentMey.Tram/Mertsan 2015 3.02; R06007 Kirazlı-Halkalı Metro/Panel 2024 13.59; +6 emsal | medyan 4.99 (PPRC Ø25-32 havuzu) = 4.99 € | mevcut REF 8.00 (-37.7%) düzeltildi
Mekanik,165,DU beton kaide/çelik taşıyıcı + titreşim takozları,450.0,450.0,TAHMIN (emsal yok),,emsal bulunamadı; mevcut tahmin korundu
Mekanik,166,"D01 VRF iç ünite IU-4 duvar tipi 2,5 kW (atölye alanları)",750.0,846.67,REF-derin,R05806;R05902,"R05806 Kocaeli KentMey.Tram/FER 2015 872.74; R05902 Kocaeli KentMey.Tram/Mertsan 2015 820.60 | medyan 846.67 (VRF duvar tipi 2,2-2,5 kW) = 846.67 € | mevcut REF 750.00 (+12.9%) düzeltildi"
Mekanik,166,"D01 VRF iç ünite IU-5 kanallı asma tavan 9,0 kW (yemekhane)",1274.37,1274.37,REF-teyit,R05502;R05595;R05810;R05906,R05502 Kocaeli KentMey.Tram/Uluhanlar 2015 1296.00; R05595 Kocaeli KentMey.Tram/bilinmiyor 2015 1252.75; R05810 Kocaeli KentMey.Tram/FER 2015 1425.83; R05906 Kocaeli KentMey.Tram/Mertsan 2015 1381.71 | medyan 1338.85 (9 kW VRF iç ünite) = 1338.85 € | sapma +5.1% ≤%10 → mevcut REF teyit
Mekanik,166,"D01 Elektrikli radyatör ER-1 1,0 kW (depo alanı)",162.47,162.47,REF-teyit,R05973,"R05973 Kirazlı-Halkalı Metro/Panel 2024 162.47 (1,5 kW panel ısıtıcı; 1 kW için üst sınır) | tek emsal 162.47, sapma +0.0% → teyit"
Mekanik,166,"D01 Elektrikli radyatör ER-2 2,0 kW (ısı merkezi)",209.25,269.31,REF-derin,R05972;R06118,"R05972 Kirazlı-Halkalı Metro/Panel 2024 183.09; R06118 Siirt-Kurtalan DY/Yamaner 2025 355.53 | medyan 269.31 (2 kW elektrikli ısıtıcı, ≥2014) = 269.31 € | mevcut REF 209.25 (+28.7%) düzeltildi"
Mekanik,166,"D01 split klima bakır boru (1/4""-1/2"", 3/8""-5/8"")",22.0,32.97,REF-derin,R05506;R05507;R05508;R05509;R05510;R05599;R05600;R05601;R05602;R05603;R05604;R05605;R05606;R05814;R05815;R05816;R05817;R05912;R05913;R05914;R05915;R06142;R06143;R06144;R06145,"Bakır boru (izoleli, M+İ) firma bazında çift fiyatı: Uluhanlar 26.01; Yapıray-alt 32.97; FER 34.77; Mertsan 28.28; Yamaner 33.42 | medyan 32.97 (1/4-1/2 ve 3/8-5/8 çiftlerinin ortalaması) = 32.97 €"
Mekanik,166,D01 klima kondens drenaj borusu PPRC/PVC Ø25-Ø32,8.0,4.47,REF-derin,R05821;R05911;R05822;R05360;R05461;R05555;R05768;R05866;R06007;R06108;R05462;R05556;R05769;R05867;R06109,R05821 Kocaeli KentMey.Tram/FER 2015 2.54; R05911 Kocaeli KentMey.Tram/Mertsan 2015 3.02; R05822 Kocaeli KentMey.Tram/FER 2015 3.22; R05360 İzmir Buca Metro/Alp 2021 5.98; R05461 Kocaeli KentMey.Tram/Uluhanlar 2015 5.07; R05555 Kocaeli KentMey.Tram/bilinmiyor 2015 3.81; +9 emsal | medyan 4.47 (PVC/PPRC Ø25-32 havuzu) = 4.47 € | mevcut REF 8.00 (-44.2%) düzeltildi
Mekanik,166,D01 kanallı IU-5 üfleme/dönüş kanalı ve menfezleri,42.0,40.36,REF-derin,R05313;R05314;R05404;R05488;R05489;R05580;R05581;R05799,R05313 İzmir Buca Metro/Alp 2021 26.77; R05314 İzmir Buca Metro/Alp 2021 30.94; R05404 Kocaeli Tram/Özgür 2014 35.81; R05488 Kocaeli KentMey.Tram/Uluhanlar 2015 22.26; R05489 Kocaeli KentMey.Tram/Uluhanlar 2015 23.68; R05580 Kocaeli KentMey.Tram/bilinmiyor 2015 43.83; +2 emsal | medyan 32.29 ×1.25 (galvaniz kanal m² +%25 menfez payı) = 40.36 €
Mekanik,166,D01 R410A ilave soğutucu şarjı,25.0,25.0,TAHMIN (emsal yok),,emsal bulunamadı; mevcut tahmin korundu
Mekanik,166,D01 dış ünite çelik kaide/titreşim takozu,450.0,450.0,TAHMIN (emsal yok),,emsal bulunamadı; mevcut tahmin korundu
Mekanik,166,"D05 Radyant ısıtıcı RI-01 duvar tipi 3,0 kW 380V (hat bakım malzeme deposu ve bakım aracı parkı)",350.0,350.0,TAHMIN (emsal yok),,Elektrikli radyant (3 kW 380V) için emsal yok; mevcut tahmin korundu
Mekanik,166,D05 split bakır boru hattı izolasyonlu,20.18,29.62,REF-derin,R05506;R05507;R05508;R05509;R05510;R05599;R05600;R05601;R05602;R05603;R05604;R05605;R05606;R05814;R05815;R05816;R05817;R05912;R05913;R05914;R05915;R06142;R06143;R06144;R06145,"Bakır boru (izoleli, M+İ) firma bazında çift fiyatı: Uluhanlar 23.31; Yapıray-alt 29.62; FER 30.93; Mertsan 24.62; Yamaner 32.04 | medyan 29.62 (1/4-1/2 çift) = 29.62 € | mevcut REF 20.18 (+46.8%) düzeltildi"
Mekanik,166,D05 klima kondens drenajı PVC Ø25 (duvardan),6.0,2.78,REF-derin,R05821;R05911,R05821 Kocaeli KentMey.Tram/FER 2015 2.54; R05911 Kocaeli KentMey.Tram/Mertsan 2015 3.02 | medyan 2.78 (PVC Ø25 klima drenajı) = 2.78 € | mevcut REF 6.00 (-53.7%) düzeltildi
Mekanik,166,"D07 Split klima inverter IU-1/DU-1 3,3/3,47 kW (kontrol odası)",1100.0,695.81,REF-derin,R05286;R06026,"R05286 İzmir Buca Metro/Alp 2021 634.25; R06026 Mezitli Metro/Daikin 2021 631.15→757.38×1.2 | medyan 695.81 (3,5 kW split; Daikin +%20 montaj) = 695.81 €"
Mekanik,166,D07 split bakır boru + kondens drenajı Ø25 (süzgeç üzerine),26.0,32.4,REF-derin,R05506;R05507;R05508;R05509;R05510;R05599;R05600;R05601;R05602;R05603;R05604;R05605;R05606;R05814;R05815;R05816;R05817;R05912;R05913;R05914;R05915;R06142;R06143;R06144;R06145;R05821;R05911,"Bakır boru (izoleli, M+İ) firma bazında çift fiyatı: Uluhanlar 23.31; Yapıray-alt 29.62; FER 30.93; Mertsan 24.62; Yamaner 32.04 | medyan 29.62 + PVC Ø25 drenaj medyan 2.78 = 32.40 €"
Mekanik,166,"D02/T13 VRF bakır boru (3/8-5/8: 37,3; 3/8-7/8: 13,6; 1/2-1 1/8: 6,4; 5/8-1 1/8: 4,2; 3/4-1 3/8: 8,4; 5/8-1 3/8: 1,2 m)",32.0,45.97,REF-derin,R05506;R05507;R05508;R05509;R05510;R05599;R05600;R05601;R05602;R05603;R05604;R05605;R05606;R05814;R05815;R05816;R05817;R05912;R05913;R05914;R05915,"Bakır boru (izoleli, M+İ) firma bazında çift fiyatı: Uluhanlar 38.68; Yapıray-alt 50.51; FER 51.15; Mertsan 41.43 | medyan 45.97 (verilen çap metrajı ağırlıklı) = 45.97 €"
Mekanik,166,D02/T13 kablolu VRF kumandası,150.0,92.73,REF-derin,R05298;R05504;R05907;R06140;R05597;R05811,R05298 İzmir Buca Metro/Alp 2021 54.50; R05504 Kocaeli KentMey.Tram/Uluhanlar 2015 110.84; R05907 Kocaeli KentMey.Tram/Mertsan 2015 93.15; R06140 Siirt-Kurtalan DY/Yamaner 2025 117.00; R05597 Kocaeli KentMey.Tram/bilinmiyor 2015 76.61→91.93×1.2; R05811 Kocaeli KentMey.Tram/FER 2015 76.93→92.31×1.2 | medyan 92.73 (VRF kablolu kumanda; M refs +%20) = 92.73 € | mevcut REF 150.00 (-38.2%) düzeltildi
Mekanik,166,D02/T13 iç ünite üfleme kanalı (trafo odaları),42.0,40.36,REF-derin,R05313;R05314;R05404;R05488;R05489;R05580;R05581;R05799,R05313 İzmir Buca Metro/Alp 2021 26.77; R05314 İzmir Buca Metro/Alp 2021 30.94; R05404 Kocaeli Tram/Özgür 2014 35.81; R05488 Kocaeli KentMey.Tram/Uluhanlar 2015 22.26; R05489 Kocaeli KentMey.Tram/Uluhanlar 2015 23.68; R05580 Kocaeli KentMey.Tram/bilinmiyor 2015 43.83; +2 emsal | medyan 32.29 ×1.25 (galvaniz kanal +%25 menfez payı) = 40.36 €
Mekanik,166,D02/T13 kondens drenajı PPRC DN25/DN32,8.0,4.99,REF-derin,R05360;R05461;R05555;R05768;R05866;R06007;R06108;R05462;R05556;R05769;R05867;R06109,R05360 İzmir Buca Metro/Alp 2021 5.98; R05461 Kocaeli KentMey.Tram/Uluhanlar 2015 5.07; R05555 Kocaeli KentMey.Tram/bilinmiyor 2015 3.81; R05768 Kocaeli KentMey.Tram/FER 2015 3.42; R05866 Kocaeli KentMey.Tram/Mertsan 2015 3.02; R06007 Kirazlı-Halkalı Metro/Panel 2024 13.59; +6 emsal | medyan 4.99 (PPRC Ø25-32 havuzu) = 4.99 €
Mekanik,167,"Akü/UPS bölgesi egzoz fanı, exproof, kanal tipi ~300 m³/h, 80 Pa, geri dönüşsüz damperli",1074.15,898.3,REF-derin,R05408;R05484;R05574;R05951;R05952,R05408 Kocaeli Tram/Özgür 2014 329.85; R05484 Kocaeli KentMey.Tram/Uluhanlar 2015 1274.21; R05574 Kocaeli KentMey.Tram/bilinmiyor 2015 1074.15; R05951 Kirazlı-Halkalı Metro/Panel 2024 852.16; R05952 Kirazlı-Halkalı Metro/Panel 2024 852.16 | medyan 852.16 +46.14 (exproof kanal fanı 300-750 m³/h; +geri dönüşsüz damper R05961) = 898.30 € | mevcut REF 1074.15 (-16.4%) düzeltildi
Mekanik,167,Hidrojen (H2) gaz sensörü + fan kontrol rölesi,650.0,650.0,TAHMIN (emsal yok),,H2 gaz sensörü için emsal yok; mevcut tahmin korundu
Mekanik,167,"Fan kumanda/MCC pano çıkışı (pako, kontaktör, termik)",400.0,400.0,TAHMIN (emsal yok),,emsal bulunamadı; mevcut tahmin korundu
Mekanik,168,"D01 IGK-1 Isı geri kazanımlı havalandırma cihazı, plakalı, asma tavan, 1500 m³/h, 70 Pa (yemekhane)",5000.0,2188.45,REF-derin,R05486;R05577,"R05486 Kocaeli KentMey.Tram/Uluhanlar 2015 2420.52; R05577 Kocaeli KentMey.Tram/bilinmiyor 2015 4213.61 | 3000 m³/h medyan 3317.06 × (1500/3000)^0,6 = 2188.45 €"
Mekanik,168,"D01 IGK-2 Isı geri kazanımlı havalandırma cihazı, plakalı, asma tavan, 1850 m³/h, 300 Pa (ofisler)",6000.0,2854.18,REF-derin,R05486;R05577,"R05486 Kocaeli KentMey.Tram/Uluhanlar 2015 2420.52; R05577 Kocaeli KentMey.Tram/bilinmiyor 2015 4213.61 | 3000 m³/h medyan 3317.06 × (1850/3000)^0,6 × 1,15 (300 Pa yüksek basınç) = 2854.18 €"
Mekanik,168,D01 EF-1 Egzoz fanı kanal tipi 100 m³/h (WC),165.01,57.4,REF-derin,R05482;R05572;R05955;R06020,R05482 Kocaeli KentMey.Tram/Uluhanlar 2015 40.26; R05572 Kocaeli KentMey.Tram/bilinmiyor 2015 40.83; R05955 Kirazlı-Halkalı Metro/Panel 2024 103.53; R06020 Mezitli Metro/Venco 2021 61.64→73.97×1.2 | medyan 57.40 (100 m³/h kanal fanı; Venco M +%20) = 57.40 € | mevcut REF 165.01 (-65.2%) düzeltildi
Mekanik,168,D01 EF-2 Egzoz fanı kanal tipi 300 m³/h 80 Pa (akü odası; exproof kabulü),1255.52,852.16,REF-derin,R05408;R05484;R05574;R05951;R05952,R05408 Kocaeli Tram/Özgür 2014 329.85; R05484 Kocaeli KentMey.Tram/Uluhanlar 2015 1274.21; R05574 Kocaeli KentMey.Tram/bilinmiyor 2015 1074.15; R05951 Kirazlı-Halkalı Metro/Panel 2024 852.16; R05952 Kirazlı-Halkalı Metro/Panel 2024 852.16 | medyan 852.16 (exproof kanal fanı (mevcut REF 2008 split klima emsaline dayanıyordu)) = 852.16 € | mevcut REF 1255.52 (-32.1%) düzeltildi
Mekanik,168,D01 EF-3 Egzoz fanı duvar tipi 500 m³/h (depo),233.86,119.23,REF-derin,R05302;R05950,R05302 İzmir Buca Metro/Alp 2021 111.26; R05950 Kirazlı-Halkalı Metro/Panel 2024 127.19 | medyan 119.23 (500 m³/h kanal/duvar fanı) = 119.23 € | mevcut REF 233.86 (-49.0%) düzeltildi
Mekanik,168,D01 EF-4 Egzoz fanı çatı tipi 500 m³/h (davlumbaz),837.02,837.02,REF-teyit,R05478;R05567;R06122,R05478 Kocaeli KentMey.Tram/Uluhanlar 2015 251.05; R05567 Kocaeli KentMey.Tram/bilinmiyor 2015 870.65; R06122 Siirt-Kurtalan DY/Yamaner 2025 1386.38 | medyan 870.65 (çatı tipi aspiratör 1000-1500 m³/h) = 870.65 € | sapma +4.0% ≤%10 → mevcut REF teyit
Mekanik,168,D01 EF-5 Egzoz fanı kanal tipi 1000 m³/h (atölyeler),550.0,145.0,REF-derin,R05309;R05798;R05884;R05948;R06021,R05309 İzmir Buca Metro/Alp 2021 145.00; R05798 Kocaeli KentMey.Tram/FER 2015 590.74; R05884 Kocaeli KentMey.Tram/Mertsan 2015 165.01; R05948 Kirazlı-Halkalı Metro/Panel 2024 142.40; R06021 Mezitli Metro/Venco 2021 120.42→144.51×1.2 | medyan 145.00 (~1000 m³/h kanal fanı) = 145.00 €
Mekanik,168,D01 EF-6 Radyal kaynak egzoz fanı 1000 m³/h 900 Pa + teleskopik kaynak buharı çekme kolu,3500.0,3500.0,TAHMIN (emsal yok),,Kaynak duman emiş kolu + 900 Pa radyal fan için emsal yok
Mekanik,168,D01 EF-6A Radyal egzoz fanı 2000 m³/h 150 Pa (boji boyama),1400.0,1107.81,REF-derin,R05408;R05484;R05574;R05951;R05952,R05408 Kocaeli Tram/Özgür 2014 329.85; R05484 Kocaeli KentMey.Tram/Uluhanlar 2015 1274.21; R05574 Kocaeli KentMey.Tram/bilinmiyor 2015 1074.15; R05951 Kirazlı-Halkalı Metro/Panel 2024 852.16; R05952 Kirazlı-Halkalı Metro/Panel 2024 852.16 | medyan 852.16 ×1.3 (boji boyama ortamı → exproof; 2000 m³/h için +%30 boyut) = 1107.81 € | mevcut REF 1400.00 (-20.9%) düzeltildi
Mekanik,168,D01 EF-7 Egzoz fanı çatı tipi 2100 m³/h (WC egzoz),1255.52,1421.49,REF-derin,R05479;R05569;R06122;R06123,R05479 Kocaeli KentMey.Tram/Uluhanlar 2015 767.37; R05569 Kocaeli KentMey.Tram/bilinmiyor 2015 1456.59; R06122 Siirt-Kurtalan DY/Yamaner 2025 1386.38; R06123 Siirt-Kurtalan DY/Yamaner 2025 2428.48 | medyan 1421.49 (çatı tipi aspiratör 1500-3550 m³/h) = 1421.49 € | mevcut REF 1255.52 (+13.2%) düzeltildi
Mekanik,168,D01 EF-8 Egzoz fanı çatı tipi 4000 m³/h 400V (mutfak davlumbaz),1456.59,1456.59,REF-teyit,R05480;R05570;R06123,R05480 Kocaeli KentMey.Tram/Uluhanlar 2015 1141.57; R05570 Kocaeli KentMey.Tram/bilinmiyor 2015 1456.59; R06123 Siirt-Kurtalan DY/Yamaner 2025 2428.48 | medyan 1456.59 (çatı tipi mutfak aspiratörü 3000-3500 m³/h) = 1456.59 € | sapma +0.0% ≤%10 → mevcut REF teyit
Mekanik,168,D01 EF-9 Egzoz fanı duvar tipi 100 m³/h (ofisler),160.0,57.4,REF-derin,R05482;R05572;R05955;R06020,R05482 Kocaeli KentMey.Tram/Uluhanlar 2015 40.26; R05572 Kocaeli KentMey.Tram/bilinmiyor 2015 40.83; R05955 Kirazlı-Halkalı Metro/Panel 2024 103.53; R06020 Mezitli Metro/Venco 2021 61.64→73.97×1.2 | medyan 57.40 (100 m³/h fan) = 57.40 € | mevcut REF 160.00 (-64.1%) düzeltildi
Mekanik,168,D01 EF-10 Egzoz fanı duvar tipi 200 m³/h (mescit),200.0,96.89,REF-derin,R05305;R05956;R06020,R05305 İzmir Buca Metro/Alp 2021 96.89; R05956 Kirazlı-Halkalı Metro/Panel 2024 115.05; R06020 Mezitli Metro/Venco 2021 61.64→73.97×1.2 | medyan 96.89 (150-200 m³/h fan) = 96.89 €
Mekanik,168,D01 ÜF-1 Taze hava fanı kanal tipi 300 m³/h (mescit),320.0,109.93,REF-derin,R05306;R05949,R05306 İzmir Buca Metro/Alp 2021 111.26; R05949 Kirazlı-Halkalı Metro/Panel 2024 108.60 | medyan 109.93 (300 m³/h kanal fanı) = 109.93 € | mevcut REF 320.00 (-65.6%) düzeltildi
Mekanik,168,D01 flexible kanal Ø127-Ø200 izoleli,15.69,11.91,REF-derin,R05969;R05970,"R05969 Kirazlı-Halkalı Metro/Panel 2024 11.18; R05970 Kirazlı-Halkalı Metro/Panel 2024 12.64 | medyan 11.91 (izoleli flex Ø160-229, 2024) = 11.91 € | mevcut REF 15.69 (-24.1%) düzeltildi"
Mekanik,168,D01 emiş menfezi (EM) / genel aspirasyon menfezi (GA),33.45,33.45,REF-teyit,R05493;R05586;R05802;R05887;R05962,R05493 Kocaeli KentMey.Tram/Uluhanlar 2015 56.84; R05586 Kocaeli KentMey.Tram/bilinmiyor 2015 31.92; R05802 Kocaeli KentMey.Tram/FER 2015 34.99; R05887 Kocaeli KentMey.Tram/Mertsan 2015 11.07; R05962 Kirazlı-Halkalı Metro/Panel 2024 96.45 | medyan 34.99 (toplayıcı/emiş menfezi) = 34.99 € | sapma +4.6% ≤%10 → mevcut REF teyit
Mekanik,168,D01 tavan difüzörü (C 25x25 vb.),41.82,41.82,REF-teyit,R05962;R06277,"R05962 Kirazlı-Halkalı Metro/Panel 2024 96.45; R06277 Üsk.-Ümr. Metro/Ekin 2011 97.68 | yalnız büyük boy (Ø400 / 600x600) difüzör emsalleri var; C25x25 için doğrudan karşılaştırılamaz, mevcut REF 41,82 teyit"
Mekanik,168,D01 taze hava / transfer menfezi (TM),59.44,59.44,REF-teyit,R05495;R05588,R05495 Kocaeli KentMey.Tram/Uluhanlar 2015 37.89; R05588 Kocaeli KentMey.Tram/bilinmiyor 2015 80.98 | medyan 59.44 (transfer menfezi) = 59.44 € | sapma -0.0% ≤%10 → mevcut REF teyit
Mekanik,168,D01 egzoz atış panjuru (EAP) tel kafesli,229.7,229.7,REF-teyit,R05963;R05964;R05496;R05589;R06131,"R05963 Kirazlı-Halkalı Metro/Panel 2024 65.26; R05964 Kirazlı-Halkalı Metro/Panel 2024 368.44; m² fiyatları R05496 42,16 / R05589 211,98 / R06131 200,98 €/m² | EAP boyutu belirsiz; mevcut 229,70 emsal aralığında (65-368 €), teyit"
Mekanik,168,D01 yangın damperi / debi ayar damperleri,275.95,275.95,REF-teyit,R05957;R05958;R05959;R05960,R05957 Kirazlı-Halkalı Metro/Panel 2024 196.63; R05958 Kirazlı-Halkalı Metro/Panel 2024 318.94; R05959 Kirazlı-Halkalı Metro/Panel 2024 430.27; R05960 Kirazlı-Halkalı Metro/Panel 2024 232.96 | medyan 275.95 (yangın/debi ayar damperi adet) = 275.95 € | sapma -0.0% ≤%10 → mevcut REF teyit
Mekanik,168,D05 Egzoz fanı EF-01 kanal tipi 400 m³/h 70 Pa (WC),318.09,119.23,REF-derin,R05307;R05795;R05949;R05950,R05307 İzmir Buca Metro/Alp 2021 111.26; R05795 Kocaeli KentMey.Tram/FER 2015 318.09; R05949 Kirazlı-Halkalı Metro/Panel 2024 108.60; R05950 Kirazlı-Halkalı Metro/Panel 2024 127.19 | medyan 119.23 (300-600 m³/h kanal fanı) = 119.23 € | mevcut REF 318.09 (-62.5%) düzeltildi
Mekanik,168,D05 Egzoz fanı EF-02 kanal tipi 400 m³/h 60 Pa (ustabaşı odası),318.0,119.23,REF-derin,R05307;R05795;R05949;R05950,R05307 İzmir Buca Metro/Alp 2021 111.26; R05795 Kocaeli KentMey.Tram/FER 2015 318.09; R05949 Kirazlı-Halkalı Metro/Panel 2024 108.60; R05950 Kirazlı-Halkalı Metro/Panel 2024 127.19 | medyan 119.23 (300-600 m³/h kanal fanı) = 119.23 €
Mekanik,168,D05 Egzoz fanı EF-03 kanal tipi 750 m³/h 60 Pa (depo/bakım aracı parkı),450.0,152.14,REF-derin,R05308;R05882;R05797,R05308 İzmir Buca Metro/Alp 2021 111.26; R05882 Kocaeli KentMey.Tram/Mertsan 2015 152.14; R05797 Kocaeli KentMey.Tram/FER 2015 488.50 | medyan 152.14 (750-800 m³/h kanal fanı) = 152.14 €
Mekanik,168,D05 galvaniz kanal + Ø127 flex kanal + toplayıcı menfezler (8) + egzoz atış panjuru EAP (4) + GA/C menfezleri,55.0,60.36,REF-derin,R05313;R05314;R05404;R05488;R05489;R05580;R05581;R05799;R05493;R05586;R05802;R05887;R05962,"galvaniz kanal medyan 32.29 €/m² + aksesuar payı (12 menfez×34.99 + 4 EAP×229,70)/47,69 m² = 28.07 = 60.36 €"
Mekanik,168,D06 Egzoz fanı EF-10 duvar tipi 500 m³/h 100 Pa + transfer menfez kiti,380.0,178.66,REF-derin,R05302;R05950;R05495;R05588,500 m³/h fan medyan 119.23 + transfer menfezi medyan 59.44 = 178.66 €
Mekanik,168,D07 Egzoz fanı EF-1 duvar tipi 100 m³/h (mutfak ve WC) + transfer menfezi,220.0,116.84,REF-derin,R05482;R05572;R05955;R06020;R05495;R05588,100 m³/h fan medyan 57.40 + transfer menfezi medyan 59.44 = 116.84 €
Mekanik,168,D02/T13 akü odası exproof egzoz fanı + H2 sensörü + damper,2000.0,1548.3,REF-derin,R05408;R05484;R05574;R05951;R05952;R05961,"exproof fan medyan 852.16 + H2 sensörü 650 (tahmin, emsal yok) + damper R05961 46.14 = 1548.30 €"
Mekanik,343,Taşınabilir yangın söndürücü ABC kuru kimyevi tozlu 6 kg (TS EN 3) + duvar askısı + işaret levhası,45.0,47.63,REF-derin,R05324;R05439;R05899;R05978;R06150;R05537;R05789,R05324 İzmir Buca Metro/Alp 2021 34.39; R05439 Kocaeli KentMey.Tram/Uluhanlar 2015 42.63; R05899 Kocaeli KentMey.Tram/Mertsan 2015 32.38; R05978 Kirazlı-Halkalı Metro/Panel 2024 51.85; R06150 Siirt-Kurtalan DY/Yamaner 2025 103.83; R05537 Kocaeli KentMey.Tram/bilinmiyor 2015 76.48→84.13×1.1; +1 emsal | medyan 42.63 +5.00 (ABC 6 kg; M refs +%10; +5 € askı/levha) = 47.63 €
Mekanik,343,Taşınabilir yangın söndürücü CO2 5 kg + duvar askısı + işaret levhası,80.0,88.24,REF-derin,R05323;R05977,R05323 İzmir Buca Metro/Alp 2021 65.06; R05977 Kirazlı-Halkalı Metro/Panel 2024 101.41 | medyan 83.24 +5.00 (CO2 5 kg +5 € askı/levha) = 88.24 € | mevcut REF 80.00 (+10.3%) düzeltildi
Mekanik,344,Taşınabilir yangın söndürücü ABC kuru kimyevi tozlu 6 kg (TS EN 3) + duvar askısı + işaret levhası,45.0,47.63,REF-derin,R05324;R05439;R05899;R05978;R06150;R05537;R05789,R05324 İzmir Buca Metro/Alp 2021 34.39; R05439 Kocaeli KentMey.Tram/Uluhanlar 2015 42.63; R05899 Kocaeli KentMey.Tram/Mertsan 2015 32.38; R05978 Kirazlı-Halkalı Metro/Panel 2024 51.85; R06150 Siirt-Kurtalan DY/Yamaner 2025 103.83; R05537 Kocaeli KentMey.Tram/bilinmiyor 2015 76.48→84.13×1.1; +1 emsal | medyan 42.63 +5.00 (ABC 6 kg; M refs +%10; +5 € askı/levha) = 47.63 €
Mekanik,344,Taşınabilir yangın söndürücü CO2 5 kg + duvar askısı + işaret levhası,80.0,88.24,REF-derin,R05323;R05977,R05323 İzmir Buca Metro/Alp 2021 65.06; R05977 Kirazlı-Halkalı Metro/Panel 2024 101.41 | medyan 83.24 +5.00 (CO2 5 kg +5 € askı/levha) = 88.24 € | mevcut REF 80.00 (+10.3%) düzeltildi
Mekanik,345,Taşınabilir yangın söndürücü ABC kuru kimyevi tozlu 6 kg (TS EN 3) + duvar askısı + işaret levhası,45.0,47.63,REF-derin,R05324;R05439;R05899;R05978;R06150;R05537;R05789,R05324 İzmir Buca Metro/Alp 2021 34.39; R05439 Kocaeli KentMey.Tram/Uluhanlar 2015 42.63; R05899 Kocaeli KentMey.Tram/Mertsan 2015 32.38; R05978 Kirazlı-Halkalı Metro/Panel 2024 51.85; R06150 Siirt-Kurtalan DY/Yamaner 2025 103.83; R05537 Kocaeli KentMey.Tram/bilinmiyor 2015 76.48→84.13×1.1; +1 emsal | medyan 42.63 +5.00 (ABC 6 kg; M refs +%10; +5 € askı/levha) = 47.63 €
Mekanik,345,Taşınabilir yangın söndürücü CO2 5 kg + duvar askısı + işaret levhası,80.0,88.24,REF-derin,R05323;R05977,R05323 İzmir Buca Metro/Alp 2021 65.06; R05977 Kirazlı-Halkalı Metro/Panel 2024 101.41 | medyan 83.24 +5.00 (CO2 5 kg +5 € askı/levha) = 88.24 € | mevcut REF 80.00 (+10.3%) düzeltildi
Mekanik,346,Taşınabilir yangın söndürücü ABC kuru kimyevi tozlu 6 kg (TS EN 3) + duvar askısı + işaret levhası,45.0,47.63,REF-derin,R05324;R05439;R05899;R05978;R06150;R05537;R05789,R05324 İzmir Buca Metro/Alp 2021 34.39; R05439 Kocaeli KentMey.Tram/Uluhanlar 2015 42.63; R05899 Kocaeli KentMey.Tram/Mertsan 2015 32.38; R05978 Kirazlı-Halkalı Metro/Panel 2024 51.85; R06150 Siirt-Kurtalan DY/Yamaner 2025 103.83; R05537 Kocaeli KentMey.Tram/bilinmiyor 2015 76.48→84.13×1.1; +1 emsal | medyan 42.63 +5.00 (ABC 6 kg; M refs +%10; +5 € askı/levha) = 47.63 €
Mekanik,346,Taşınabilir yangın söndürücü CO2 5 kg + duvar askısı + işaret levhası,80.0,88.24,REF-derin,R05323;R05977,R05323 İzmir Buca Metro/Alp 2021 65.06; R05977 Kirazlı-Halkalı Metro/Panel 2024 101.41 | medyan 83.24 +5.00 (CO2 5 kg +5 € askı/levha) = 88.24 € | mevcut REF 80.00 (+10.3%) düzeltildi
Mekanik,347,Taşınabilir yangın söndürücü ABC kuru kimyevi tozlu 6 kg (TS EN 3) + duvar askısı + işaret levhası,45.0,47.63,REF-derin,R05324;R05439;R05899;R05978;R06150;R05537;R05789,R05324 İzmir Buca Metro/Alp 2021 34.39; R05439 Kocaeli KentMey.Tram/Uluhanlar 2015 42.63; R05899 Kocaeli KentMey.Tram/Mertsan 2015 32.38; R05978 Kirazlı-Halkalı Metro/Panel 2024 51.85; R06150 Siirt-Kurtalan DY/Yamaner 2025 103.83; R05537 Kocaeli KentMey.Tram/bilinmiyor 2015 76.48→84.13×1.1; +1 emsal | medyan 42.63 +5.00 (ABC 6 kg; M refs +%10; +5 € askı/levha) = 47.63 €
Mekanik,347,Taşınabilir yangın söndürücü CO2 5 kg + duvar askısı + işaret levhası,80.0,88.24,REF-derin,R05323;R05977,R05323 İzmir Buca Metro/Alp 2021 65.06; R05977 Kirazlı-Halkalı Metro/Panel 2024 101.41 | medyan 83.24 +5.00 (CO2 5 kg +5 € askı/levha) = 88.24 € | mevcut REF 80.00 (+10.3%) düzeltildi
Mekanik,348,Taşınabilir yangın söndürücü ABC kuru kimyevi tozlu 6 kg (TS EN 3) + duvar askısı + işaret levhası,45.0,47.63,REF-derin,R05324;R05439;R05899;R05978;R06150;R05537;R05789,R05324 İzmir Buca Metro/Alp 2021 34.39; R05439 Kocaeli KentMey.Tram/Uluhanlar 2015 42.63; R05899 Kocaeli KentMey.Tram/Mertsan 2015 32.38; R05978 Kirazlı-Halkalı Metro/Panel 2024 51.85; R06150 Siirt-Kurtalan DY/Yamaner 2025 103.83; R05537 Kocaeli KentMey.Tram/bilinmiyor 2015 76.48→84.13×1.1; +1 emsal | medyan 42.63 +5.00 (ABC 6 kg; M refs +%10; +5 € askı/levha) = 47.63 €
Mekanik,348,Taşınabilir yangın söndürücü CO2 5 kg + duvar askısı + işaret levhası,80.0,88.24,REF-derin,R05323;R05977,R05323 İzmir Buca Metro/Alp 2021 65.06; R05977 Kirazlı-Halkalı Metro/Panel 2024 101.41 | medyan 83.24 +5.00 (CO2 5 kg +5 € askı/levha) = 88.24 € | mevcut REF 80.00 (+10.3%) düzeltildi
Mekanik,349,Taşınabilir yangın söndürücü CO2 5 kg + askı + levha,80.0,88.24,REF-derin,R05323;R05977,R05323 İzmir Buca Metro/Alp 2021 65.06; R05977 Kirazlı-Halkalı Metro/Panel 2024 101.41 | medyan 83.24 +5.00 (CO2 5 kg +5 € askı/levha) = 88.24 €
Mekanik,350,D06 basınç düşürücü vana DN100 (yangın dolapları hattı),1300.0,984.45,REF-derin(1),R05870,"R05870 Kocaeli KentMey.Tram/Mertsan 2015 514.54→668.90×1.3 (DN80 → DN100 ×1,3) | tek emsal 668.90 ile mevcut 1300.00 ortalaması"
Mekanik,350,D06 itfaiye su verme ağzı (siyam ikizi),450.0,246.9,REF-derin,R05193;R05327;R05533;R05790;R05997,"R05193 Bakırköy Metro/bilinmiyor 2014 128.14; R05327 İzmir Buca Metro/Alp 2021 246.90; R05533 Kocaeli KentMey.Tram/bilinmiyor 2015 278.48; R05790 Kocaeli KentMey.Tram/FER 2015 247.86; R05997 Kirazlı-Halkalı Metro/Panel 2024 230.27 | medyan 246.90 (siyam ikizi 4""x2½""x2½"") = 246.90 € | mevcut REF 450.00 (-45.1%) düzeltildi"
Mekanik,350,"D01 yangın dolabı (TS EN 671-1, hortum makaralı, ABC söndürücü bölmeli)",373.93,373.93,REF-teyit,R05428;R05525;R05782;R05890;R05934;R05979;R05980;R05326;R06148,R05428 Kocaeli KentMey.Tram/Uluhanlar 2015 315.00; R05525 Kocaeli KentMey.Tram/bilinmiyor 2015 449.64; R05782 Kocaeli KentMey.Tram/FER 2015 290.83; R05890 Kocaeli KentMey.Tram/Mertsan 2015 373.93; R05934 Kocaeli KentMey.Tram/TREMS 2015 266.65; R05979 Kirazlı-Halkalı Metro/Panel 2024 436.35; +3 emsal | medyan 373.93 (TS EN 671-1 yangın dolabı) = 373.93 € | sapma -0.0% ≤%10 → mevcut REF teyit
Mekanik,350,D01 itfaiye su alma ağzı / kuru sistem vanası (F1…F4),250.0,128.88,REF-derin,R05328;R05998,"R05328 İzmir Buca Metro/Alp 2021 132.68; R05998 Kirazlı-Halkalı Metro/Panel 2024 125.08 | medyan 128.88 (itfaiye su alma ağzı 2½"") = 128.88 € | mevcut REF 250.00 (-48.4%) düzeltildi"
Mekanik,350,"D01 yangın dolabı hattı galvaniz çelik boru (yivli/dişli, askı-boya dahil) 2 1/2""",38.0,32.54,REF-derin,R05342;R05459;R05553;R05850;R05985;R06105;R05752,"R05342 İzmir Buca Metro/Alp 2021 30.99; R05459 Kocaeli KentMey.Tram/Uluhanlar 2015 19.48; R05553 Kocaeli KentMey.Tram/bilinmiyor 2015 24.81; R05850 Kocaeli KentMey.Tram/Mertsan 2015 22.09; R05985 Kirazlı-Halkalı Metro/Panel 2024 71.70; R06105 Siirt-Kurtalan DY/Yamaner 2025 43.21; +1 emsal | medyan 30.99 ×1.05 (galv. 2½""; FER %40 montaj malz. hariç→×1,4; +%5 boya) = 32.54 € | mevcut REF 38.00 (-14.4%) düzeltildi"
Mekanik,350,"D01 yangın dolabı hattı galvaniz çelik boru (yivli/dişli, askı-boya dahil) 2""",28.0,28.0,REF-teyit,R05341;R05458;R05552;R05984;R06104;R05751,"R05341 İzmir Buca Metro/Alp 2021 23.30; R05458 Kocaeli KentMey.Tram/Uluhanlar 2015 16.33; R05552 Kocaeli KentMey.Tram/bilinmiyor 2015 22.55; R05984 Kirazlı-Halkalı Metro/Panel 2024 51.62; R06104 Siirt-Kurtalan DY/Yamaner 2025 36.09; R05751 Kocaeli KentMey.Tram/FER 2015 23.76→33.26×1.4 | medyan 28.28 ×1.05 (galv. 2""; FER ×1,4; +%5 boya) = 29.70 € | sapma +6.1% ≤%10 → mevcut REF teyit"
Mekanik,350,D01 izlenebilir kelebek vana DN100 + kompansatör (dilatasyon),340.45,340.45,REF-teyit,R05329;R05433;R05531;R05791;R05891;R05989,R05329 İzmir Buca Metro/Alp 2021 241.82; R05433 Kocaeli KentMey.Tram/Uluhanlar 2015 333.95; R05531 Kocaeli KentMey.Tram/bilinmiyor 2015 346.90; R05791 Kocaeli KentMey.Tram/FER 2015 334.01; R05891 Kocaeli KentMey.Tram/Mertsan 2015 387.23; R05989 Kirazlı-Halkalı Metro/Panel 2024 254.77 | medyan 333.98 (izlenebilir kelebek vana DN100 (kompansatör hariç)) = 333.98 € | sapma -1.9% ≤%10 → mevcut REF teyit
Mekanik,350,D01 taşınabilir CO2 5 kg (kontrol odası ve ısı merkezi),80.0,80.0,REF-teyit,R05323;R05977,R05323 İzmir Buca Metro/Alp 2021 65.06; R05977 Kirazlı-Halkalı Metro/Panel 2024 101.41 | medyan 83.24 = 83.24 € | sapma +4.0% ≤%10 → mevcut REF teyit
Mekanik,350,D01 taşınabilir ABC 6 kg (yangın dolabı bölmelerinde),45.0,45.0,REF-teyit,R05324;R05439;R05899;R05978;R06150;R05537;R05789,R05324 İzmir Buca Metro/Alp 2021 34.39; R05439 Kocaeli KentMey.Tram/Uluhanlar 2015 42.63; R05899 Kocaeli KentMey.Tram/Mertsan 2015 32.38; R05978 Kirazlı-Halkalı Metro/Panel 2024 51.85; R06150 Siirt-Kurtalan DY/Yamaner 2025 103.83; R05537 Kocaeli KentMey.Tram/bilinmiyor 2015 76.48→84.13×1.1; +1 emsal | medyan 42.63 (ABC 6 kg; M +%10) = 42.63 € | sapma -5.3% ≤%10 → mevcut REF teyit
Mekanik,350,"Sprinkler başlığı K80, 68°C, pendent (asma tavanlı mahaller, rozetli) — D01 idari/ofis+ıslak hacimler, D05 küçük odalar, D07",30.0,18.59,REF-derin,R05334;R05430;R05995;R05996;R05527,R05334 İzmir Buca Metro/Alp 2021 32.79; R05430 Kocaeli KentMey.Tram/Uluhanlar 2015 10.89; R05995 Kirazlı-Halkalı Metro/Panel 2024 18.59; R05996 Kirazlı-Halkalı Metro/Panel 2024 19.67; R05527 Kocaeli KentMey.Tram/bilinmiyor 2015 9.06→11.26+2.20 | medyan 18.59 (K80 sprinkler M+İ; Globe R05527 + rozet R05528) = 18.59 € | mevcut REF 30.00 (-38.0%) düzeltildi
Mekanik,350,D05 taşınabilir CO2 5 kg,80.0,83.24,REF-derin,R05323;R05977,R05323 İzmir Buca Metro/Alp 2021 65.06; R05977 Kirazlı-Halkalı Metro/Panel 2024 101.41 | medyan 83.24 = 83.24 €
Mekanik,350,D05 taşınabilir ABC 12 kg,65.0,61.0,REF-derin(1),R05325,R05325 İzmir Buca Metro/Alp 2021 57.00 (ABC 12 kg tek emsal) | tek emsal 57.00 ile mevcut 65.00 ortalaması
Mekanik,350,D07 taşınabilir ABC 6 kg,45.0,42.63,REF-derin,R05324;R05439;R05899;R05978;R06150;R05537;R05789,R05324 İzmir Buca Metro/Alp 2021 34.39; R05439 Kocaeli KentMey.Tram/Uluhanlar 2015 42.63; R05899 Kocaeli KentMey.Tram/Mertsan 2015 32.38; R05978 Kirazlı-Halkalı Metro/Panel 2024 51.85; R06150 Siirt-Kurtalan DY/Yamaner 2025 103.83; R05537 Kocaeli KentMey.Tram/bilinmiyor 2015 76.48→84.13×1.1; +1 emsal | medyan 42.63 (ABC 6 kg; M +%10) = 42.63 €
Mekanik,350,D02/T13 taşınabilir CO2 5 kg,80.0,83.24,REF-derin,R05323;R05977,R05323 İzmir Buca Metro/Alp 2021 65.06; R05977 Kirazlı-Halkalı Metro/Panel 2024 101.41 | medyan 83.24 = 83.24 €
Mekanik,350,D06 taşınabilir ABC 6 kg + CO2 5 kg (pompa dairesi/pano),63.0,62.93,REF-derin,R05324;R05439;R05899;R05978;R06150;R05537;R05789;R05323;R05977,ABC 6 kg medyan 42.63 ve CO2 5 kg medyan 83.24 ortalaması (adet başı) = 62.93 €
Mekanik,350,Yedek sprinkler dolabı + 24 yedek başlık + anahtar (TS EN 12845 OT),350.0,323.72,REF-derin(1),R05527,R05527 Kocaeli KentMey.Tram/bilinmiyor 2015 9.06→297.44×24+80.00 (24 yedek başlık × Globe pendent + 80 € dolap/anahtar tahmini) | tek emsal 297.44 ile mevcut 350.00 ortalaması
Mekanik,350,Sprinkler ana/dağıtım borusu galvaniz çelik DN50,30.44,30.44,REF-teyit,R05341;R05458;R05552;R05984;R06104;R05751,"R05341 İzmir Buca Metro/Alp 2021 23.30; R05458 Kocaeli KentMey.Tram/Uluhanlar 2015 16.33; R05552 Kocaeli KentMey.Tram/bilinmiyor 2015 22.55; R05984 Kirazlı-Halkalı Metro/Panel 2024 51.62; R06104 Siirt-Kurtalan DY/Yamaner 2025 36.09; R05751 Kocaeli KentMey.Tram/FER 2015 23.76→33.26×1.4 | medyan 28.28 ×1.05 (DN50=2"" galv.; FER ×1,4; +%5 boya) = 29.70 € | sapma -2.4% ≤%10 → mevcut REF teyit"
Mekanik,350,Sprinkler ana/dağıtım borusu galvaniz çelik DN65 (yivli),38.0,32.54,REF-derin,R05342;R05459;R05553;R05850;R05985;R06105;R05752,"R05342 İzmir Buca Metro/Alp 2021 30.99; R05459 Kocaeli KentMey.Tram/Uluhanlar 2015 19.48; R05553 Kocaeli KentMey.Tram/bilinmiyor 2015 24.81; R05850 Kocaeli KentMey.Tram/Mertsan 2015 22.09; R05985 Kirazlı-Halkalı Metro/Panel 2024 71.70; R06105 Siirt-Kurtalan DY/Yamaner 2025 43.21; +1 emsal | medyan 30.99 ×1.05 (DN65=2½"" yivli; +%5 boya) = 32.54 €"
Mekanik,350,Sprinkler ana/dağıtım borusu galvaniz çelik DN80 (yivli),48.0,44.47,REF-derin,R05343;R05851;R05986;R05753,"R05343 İzmir Buca Metro/Alp 2021 37.63; R05851 Kocaeli KentMey.Tram/Mertsan 2015 28.03; R05986 Kirazlı-Halkalı Metro/Panel 2024 66.79; R05753 Kocaeli KentMey.Tram/FER 2015 33.63→47.08×1.4 | medyan 42.35 ×1.05 (DN80=3"" yivli; FER ×1,4; +%5 boya) = 44.47 €"
Mekanik,350,Sprinkler ana/dağıtım borusu galvaniz çelik DN100 (yivli),60.0,58.12,REF-derin,R05344;R05852;R05987;R06106;R05754,"R05344 İzmir Buca Metro/Alp 2021 52.28; R05852 Kocaeli KentMey.Tram/Mertsan 2015 39.17; R05987 Kirazlı-Halkalı Metro/Panel 2024 79.85; R06106 Siirt-Kurtalan DY/Yamaner 2025 67.25; R05754 Kocaeli KentMey.Tram/FER 2015 39.53→55.35×1.4 | medyan 55.35 ×1.05 (DN100=4"" yivli; FER ×1,4; +%5 boya) = 58.12 €"
Mekanik,350,Zon/kat kontrol vana grubu (izlenebilir kelebek vana + akış anahtarı + test-drenaj),600.0,741.36,REF-derin,R05329;R05433;R05531;R05791;R05891;R05989;R05330;R05432;R05530;R05331;R05991,izl. kelebek vana medyan 333.98 + akış anahtarı medyan 220.26 (R05330 İzmir Buca Metro/Alp 2021 94.20; R05432 Kocaeli KentMey.Tram/Uluhanlar 2015 220.26; R05530 Kocaeli KentMey.Tram/bilinmiyor 2015 250.96) + test-drenaj vanası medyan 187.12 = 741.36 € | mevcut REF 600.00 (+23.6%) düzeltildi
Mekanik,351,"Peron yer süzgeci (Ø100 çıkışlı, ızgaralı ~20x20)",50.0,39.66,REF-derin,R05372;R05840;R06010;R05735,R05372 İzmir Buca Metro/Alp 2021 37.70; R05840 Kocaeli KentMey.Tram/Mertsan 2015 31.94; R06010 Kirazlı-Halkalı Metro/Panel 2024 41.61; R05735 Kocaeli KentMey.Tram/FER 2015 93.61 | medyan 39.66 (Ø100 çıkışlı yer süzgeci ~20x20-30x30) = 39.66 € | mevcut REF 50.00 (-20.7%) düzeltildi
Mekanik,351,"Ø100 PVC drenaj borusu (peron döşemesi altı, süzgeç/kolon -> ray hattı drenajı), fitting dahil",17.11,12.64,REF-derin,R05369;R05467;R05561;R05856;R06112;R05758,"R05369 İzmir Buca Metro/Alp 2021 27.50; R05467 Kocaeli KentMey.Tram/Uluhanlar 2015 12.18; R05561 Kocaeli KentMey.Tram/bilinmiyor 2015 7.93; R05856 Kocaeli KentMey.Tram/Mertsan 2015 10.73; R06112 Siirt-Kurtalan DY/Yamaner 2025 28.63; R05758 Kocaeli KentMey.Tram/FER 2015 8.72→13.09×1.5 | medyan 12.64 (PVC Ø100-110; FER %50 montaj malz. hariç→×1,5) = 12.64 € | mevcut REF 17.11 (-26.2%) düzeltildi"
Mekanik,351,"Ø100 PVC yağmur iniş borusu (kanopi kolonu içinde), kolon çıkış dirseği dahil",14.0,12.64,REF-derin,R05369;R05467;R05561;R05856;R06112;R05758,"R05369 İzmir Buca Metro/Alp 2021 27.50; R05467 Kocaeli KentMey.Tram/Uluhanlar 2015 12.18; R05561 Kocaeli KentMey.Tram/bilinmiyor 2015 7.93; R05856 Kocaeli KentMey.Tram/Mertsan 2015 10.73; R06112 Siirt-Kurtalan DY/Yamaner 2025 28.63; R05758 Kocaeli KentMey.Tram/FER 2015 8.72→13.09×1.5 | medyan 12.64 (PVC Ø100-110; FER %50 montaj malz. hariç→×1,5) = 12.64 €"
Mekanik,351,Ray hattı drenajına bağlantı (BAK +0.08) — bağlantı parçası/manşon,25.0,25.0,TAHMIN (emsal yok),,emsal bulunamadı; mevcut tahmin korundu
Mekanik,352,"Peron yer süzgeci (Ø100 çıkışlı, ızgaralı ~20x20)",50.0,39.66,REF-derin,R05372;R05840;R06010;R05735,R05372 İzmir Buca Metro/Alp 2021 37.70; R05840 Kocaeli KentMey.Tram/Mertsan 2015 31.94; R06010 Kirazlı-Halkalı Metro/Panel 2024 41.61; R05735 Kocaeli KentMey.Tram/FER 2015 93.61 | medyan 39.66 (Ø100 çıkışlı yer süzgeci ~20x20-30x30) = 39.66 € | mevcut REF 50.00 (-20.7%) düzeltildi
Mekanik,352,"Ø100 PVC drenaj borusu (peron döşemesi altı, süzgeç/kolon -> ray hattı drenajı), fitting dahil",17.11,12.64,REF-derin,R05369;R05467;R05561;R05856;R06112;R05758,"R05369 İzmir Buca Metro/Alp 2021 27.50; R05467 Kocaeli KentMey.Tram/Uluhanlar 2015 12.18; R05561 Kocaeli KentMey.Tram/bilinmiyor 2015 7.93; R05856 Kocaeli KentMey.Tram/Mertsan 2015 10.73; R06112 Siirt-Kurtalan DY/Yamaner 2025 28.63; R05758 Kocaeli KentMey.Tram/FER 2015 8.72→13.09×1.5 | medyan 12.64 (PVC Ø100-110; FER %50 montaj malz. hariç→×1,5) = 12.64 € | mevcut REF 17.11 (-26.2%) düzeltildi"
Mekanik,352,"Ø100 PVC yağmur iniş borusu (kanopi kolonu içinde), kolon çıkış dirseği dahil",14.0,12.64,REF-derin,R05369;R05467;R05561;R05856;R06112;R05758,"R05369 İzmir Buca Metro/Alp 2021 27.50; R05467 Kocaeli KentMey.Tram/Uluhanlar 2015 12.18; R05561 Kocaeli KentMey.Tram/bilinmiyor 2015 7.93; R05856 Kocaeli KentMey.Tram/Mertsan 2015 10.73; R06112 Siirt-Kurtalan DY/Yamaner 2025 28.63; R05758 Kocaeli KentMey.Tram/FER 2015 8.72→13.09×1.5 | medyan 12.64 (PVC Ø100-110; FER %50 montaj malz. hariç→×1,5) = 12.64 €"
Mekanik,352,Ray hattı drenajına bağlantı (BAK +0.08) — bağlantı parçası/manşon,25.0,25.0,TAHMIN (emsal yok),,emsal bulunamadı; mevcut tahmin korundu
Mekanik,353,"Peron yer süzgeci (Ø100 çıkışlı, ızgaralı ~20x20)",50.0,39.66,REF-derin,R05372;R05840;R06010;R05735,R05372 İzmir Buca Metro/Alp 2021 37.70; R05840 Kocaeli KentMey.Tram/Mertsan 2015 31.94; R06010 Kirazlı-Halkalı Metro/Panel 2024 41.61; R05735 Kocaeli KentMey.Tram/FER 2015 93.61 | medyan 39.66 (Ø100 çıkışlı yer süzgeci ~20x20-30x30) = 39.66 € | mevcut REF 50.00 (-20.7%) düzeltildi
Mekanik,353,"Ø100 PVC drenaj borusu (peron döşemesi altı, süzgeç/kolon -> ray hattı drenajı), fitting dahil",17.11,12.64,REF-derin,R05369;R05467;R05561;R05856;R06112;R05758,"R05369 İzmir Buca Metro/Alp 2021 27.50; R05467 Kocaeli KentMey.Tram/Uluhanlar 2015 12.18; R05561 Kocaeli KentMey.Tram/bilinmiyor 2015 7.93; R05856 Kocaeli KentMey.Tram/Mertsan 2015 10.73; R06112 Siirt-Kurtalan DY/Yamaner 2025 28.63; R05758 Kocaeli KentMey.Tram/FER 2015 8.72→13.09×1.5 | medyan 12.64 (PVC Ø100-110; FER %50 montaj malz. hariç→×1,5) = 12.64 € | mevcut REF 17.11 (-26.2%) düzeltildi"
Mekanik,353,"Ø100 PVC yağmur iniş borusu (kanopi kolonu içinde), kolon çıkış dirseği dahil",14.0,12.64,REF-derin,R05369;R05467;R05561;R05856;R06112;R05758,"R05369 İzmir Buca Metro/Alp 2021 27.50; R05467 Kocaeli KentMey.Tram/Uluhanlar 2015 12.18; R05561 Kocaeli KentMey.Tram/bilinmiyor 2015 7.93; R05856 Kocaeli KentMey.Tram/Mertsan 2015 10.73; R06112 Siirt-Kurtalan DY/Yamaner 2025 28.63; R05758 Kocaeli KentMey.Tram/FER 2015 8.72→13.09×1.5 | medyan 12.64 (PVC Ø100-110; FER %50 montaj malz. hariç→×1,5) = 12.64 €"
Mekanik,353,Ray hattı drenajına bağlantı (BAK +0.08) — bağlantı parçası/manşon,25.0,25.0,TAHMIN (emsal yok),,emsal bulunamadı; mevcut tahmin korundu
Mekanik,354,"Peron yer süzgeci (Ø100 çıkışlı, ızgaralı ~20x20)",50.0,39.66,REF-derin,R05372;R05840;R06010;R05735,R05372 İzmir Buca Metro/Alp 2021 37.70; R05840 Kocaeli KentMey.Tram/Mertsan 2015 31.94; R06010 Kirazlı-Halkalı Metro/Panel 2024 41.61; R05735 Kocaeli KentMey.Tram/FER 2015 93.61 | medyan 39.66 (Ø100 çıkışlı yer süzgeci ~20x20-30x30) = 39.66 € | mevcut REF 50.00 (-20.7%) düzeltildi
Mekanik,354,"Ø100 PVC drenaj borusu (peron döşemesi altı, süzgeç/kolon -> ray hattı drenajı), fitting dahil",17.11,12.64,REF-derin,R05369;R05467;R05561;R05856;R06112;R05758,"R05369 İzmir Buca Metro/Alp 2021 27.50; R05467 Kocaeli KentMey.Tram/Uluhanlar 2015 12.18; R05561 Kocaeli KentMey.Tram/bilinmiyor 2015 7.93; R05856 Kocaeli KentMey.Tram/Mertsan 2015 10.73; R06112 Siirt-Kurtalan DY/Yamaner 2025 28.63; R05758 Kocaeli KentMey.Tram/FER 2015 8.72→13.09×1.5 | medyan 12.64 (PVC Ø100-110; FER %50 montaj malz. hariç→×1,5) = 12.64 € | mevcut REF 17.11 (-26.2%) düzeltildi"
Mekanik,354,"Ø100 PVC yağmur iniş borusu (kanopi kolonu içinde), kolon çıkış dirseği dahil",14.0,12.64,REF-derin,R05369;R05467;R05561;R05856;R06112;R05758,"R05369 İzmir Buca Metro/Alp 2021 27.50; R05467 Kocaeli KentMey.Tram/Uluhanlar 2015 12.18; R05561 Kocaeli KentMey.Tram/bilinmiyor 2015 7.93; R05856 Kocaeli KentMey.Tram/Mertsan 2015 10.73; R06112 Siirt-Kurtalan DY/Yamaner 2025 28.63; R05758 Kocaeli KentMey.Tram/FER 2015 8.72→13.09×1.5 | medyan 12.64 (PVC Ø100-110; FER %50 montaj malz. hariç→×1,5) = 12.64 €"
Mekanik,354,Ray hattı drenajına bağlantı (BAK +0.08) — bağlantı parçası/manşon,25.0,25.0,TAHMIN (emsal yok),,emsal bulunamadı; mevcut tahmin korundu
Mekanik,355,"Peron yer süzgeci (Ø100 çıkışlı, ızgaralı ~20x20)",50.0,39.66,REF-derin,R05372;R05840;R06010;R05735,R05372 İzmir Buca Metro/Alp 2021 37.70; R05840 Kocaeli KentMey.Tram/Mertsan 2015 31.94; R06010 Kirazlı-Halkalı Metro/Panel 2024 41.61; R05735 Kocaeli KentMey.Tram/FER 2015 93.61 | medyan 39.66 (Ø100 çıkışlı yer süzgeci ~20x20-30x30) = 39.66 € | mevcut REF 50.00 (-20.7%) düzeltildi
Mekanik,355,"Ø100 PVC drenaj borusu (peron döşemesi altı, süzgeç/kolon -> ray hattı drenajı), fitting dahil",17.11,12.64,REF-derin,R05369;R05467;R05561;R05856;R06112;R05758,"R05369 İzmir Buca Metro/Alp 2021 27.50; R05467 Kocaeli KentMey.Tram/Uluhanlar 2015 12.18; R05561 Kocaeli KentMey.Tram/bilinmiyor 2015 7.93; R05856 Kocaeli KentMey.Tram/Mertsan 2015 10.73; R06112 Siirt-Kurtalan DY/Yamaner 2025 28.63; R05758 Kocaeli KentMey.Tram/FER 2015 8.72→13.09×1.5 | medyan 12.64 (PVC Ø100-110; FER %50 montaj malz. hariç→×1,5) = 12.64 € | mevcut REF 17.11 (-26.2%) düzeltildi"
Mekanik,355,"Ø100 PVC yağmur iniş borusu (kanopi kolonu içinde), kolon çıkış dirseği dahil",14.0,12.64,REF-derin,R05369;R05467;R05561;R05856;R06112;R05758,"R05369 İzmir Buca Metro/Alp 2021 27.50; R05467 Kocaeli KentMey.Tram/Uluhanlar 2015 12.18; R05561 Kocaeli KentMey.Tram/bilinmiyor 2015 7.93; R05856 Kocaeli KentMey.Tram/Mertsan 2015 10.73; R06112 Siirt-Kurtalan DY/Yamaner 2025 28.63; R05758 Kocaeli KentMey.Tram/FER 2015 8.72→13.09×1.5 | medyan 12.64 (PVC Ø100-110; FER %50 montaj malz. hariç→×1,5) = 12.64 €"
Mekanik,355,Ray hattı drenajına bağlantı (BAK +0.08) — bağlantı parçası/manşon,25.0,25.0,TAHMIN (emsal yok),,emsal bulunamadı; mevcut tahmin korundu
Mekanik,356,"Ø100 PVC drenaj borusu (peron altı, kolon -> ray hattı drenajı), fitting dahil",17.0,12.64,REF-derin,R05369;R05467;R05561;R05856;R06112;R05758,"R05369 İzmir Buca Metro/Alp 2021 27.50; R05467 Kocaeli KentMey.Tram/Uluhanlar 2015 12.18; R05561 Kocaeli KentMey.Tram/bilinmiyor 2015 7.93; R05856 Kocaeli KentMey.Tram/Mertsan 2015 10.73; R06112 Siirt-Kurtalan DY/Yamaner 2025 28.63; R05758 Kocaeli KentMey.Tram/FER 2015 8.72→13.09×1.5 | medyan 12.64 (PVC Ø100-110; FER %50 montaj malz. hariç→×1,5) = 12.64 €"
Mekanik,356,Ø100 PVC yağmur iniş borusu (kanopi kolonu içinde),14.0,12.64,REF-derin,R05369;R05467;R05561;R05856;R06112;R05758,"R05369 İzmir Buca Metro/Alp 2021 27.50; R05467 Kocaeli KentMey.Tram/Uluhanlar 2015 12.18; R05561 Kocaeli KentMey.Tram/bilinmiyor 2015 7.93; R05856 Kocaeli KentMey.Tram/Mertsan 2015 10.73; R06112 Siirt-Kurtalan DY/Yamaner 2025 28.63; R05758 Kocaeli KentMey.Tram/FER 2015 8.72→13.09×1.5 | medyan 12.64 (PVC Ø100-110; FER %50 montaj malz. hariç→×1,5) = 12.64 €"
Mekanik,356,Ray hattı drenajına bağlantı (BAK +0.08),25.0,25.0,TAHMIN (emsal yok),,emsal bulunamadı; mevcut tahmin korundu
Mekanik,357,Ø125 PVC yağmur iniş borusu (4 köşe) + kelepçe + dirsek,18.0,17.11,REF-derin,R05370;R05468;R05562;R05857;R06113;R05759,"R05370 İzmir Buca Metro/Alp 2021 32.30; R05468 Kocaeli KentMey.Tram/Uluhanlar 2015 16.49; R05562 Kocaeli KentMey.Tram/bilinmiyor 2015 10.26; R05857 Kocaeli KentMey.Tram/Mertsan 2015 16.06; R06113 Siirt-Kurtalan DY/Yamaner 2025 34.20; R05759 Kocaeli KentMey.Tram/FER 2015 11.81→17.72×1.5 | medyan 17.11 (PVC Ø125; FER ×1,5) = 17.11 €"
Mekanik,358,D01 atölye çukur/kanal drenajı PVC Ø100-Ø125 (çukur süzgeçleri -> petrol ayırıcı),17.0,16.27,REF-derin,R05369;R05467;R05561;R05856;R06112;R05758;R05370;R05468;R05562;R05857;R06113;R05759,R05369 İzmir Buca Metro/Alp 2021 27.50; R05467 Kocaeli KentMey.Tram/Uluhanlar 2015 12.18; R05561 Kocaeli KentMey.Tram/bilinmiyor 2015 7.93; R05856 Kocaeli KentMey.Tram/Mertsan 2015 10.73; R06112 Siirt-Kurtalan DY/Yamaner 2025 28.63; R05758 Kocaeli KentMey.Tram/FER 2015 8.72→13.09×1.5; +6 emsal | medyan 16.27 (PVC Ø100-125 havuzu) = 16.27 €
Mekanik,358,D01 çukur/kanal süzgeci 30x30 (dökme ızgaralı),129.1,93.25,REF-derin,R05372;R05424;R05522;R05735,R05372 İzmir Buca Metro/Alp 2021 37.70; R05424 Kocaeli KentMey.Tram/Uluhanlar 2015 165.32; R05522 Kocaeli KentMey.Tram/bilinmiyor 2015 92.89; R05735 Kocaeli KentMey.Tram/FER 2015 93.61 | medyan 93.25 (pik döküm çukur/bodrum süzgeci) = 93.25 € | mevcut REF 129.10 (-27.8%) düzeltildi
Mekanik,358,"D01 drenaj dalgıç pompası DP-1 6 m³/h 8 mSS 2,6 kW (tekerlek torna çukuru) + seviye şalteri + pompa panosu",1549.57,1874.53,REF-derin,R05475;R05872;R05776;R05375,R05475 Kocaeli KentMey.Tram/Uluhanlar 2015 2993.67; R05872 Kocaeli KentMey.Tram/Mertsan 2015 1321.83; R05776 Kocaeli KentMey.Tram/FER 2015 1034.56→1726.91+692.36; R05375 İzmir Buca Metro/Alp 2021 4044.29→2022.14×0.5 | medyan 1874.53 (5-10 m³/h dalgıç drenaj pompası + pano; 1+1 set /2) = 1874.53 € | mevcut REF 1549.57 (+21.0%) düzeltildi
Mekanik,358,"D01 yağmur iniş borusu PVC Ø125 (YR), kelepçe/dirsek dahil",18.0,17.11,REF-derin,R05370;R05468;R05562;R05857;R06113;R05759,"R05370 İzmir Buca Metro/Alp 2021 32.30; R05468 Kocaeli KentMey.Tram/Uluhanlar 2015 16.49; R05562 Kocaeli KentMey.Tram/bilinmiyor 2015 10.26; R05857 Kocaeli KentMey.Tram/Mertsan 2015 16.06; R06113 Siirt-Kurtalan DY/Yamaner 2025 34.20; R05759 Kocaeli KentMey.Tram/FER 2015 11.81→17.72×1.5 | medyan 17.11 (PVC Ø125; FER ×1,5) = 17.11 €"
Mekanik,358,D01 çatı/parapet yağmur süzgeci Ø125,97.24,52.4,REF-derin,R05426;R05524;R06011,R05426 Kocaeli KentMey.Tram/Uluhanlar 2015 146.84; R05524 Kocaeli KentMey.Tram/bilinmiyor 2015 47.64; R06011 Kirazlı-Halkalı Metro/Panel 2024 30.36 | medyan 47.64 ×1.1 (çatı/parapet süzgeci; Ø125 için +%10) = 52.40 € | mevcut REF 97.24 (-46.1%) düzeltildi
Mekanik,358,"D03 vagon yıkama drenaj hattı HDPE Ø200 (eğim 0,0169) + yağ ayırıcı + çamur tankı bağlantısı",45.0,28.55,REF-derin,R05764;R05469;R05564;R05859;R05761,R05764 Kocaeli KentMey.Tram/FER 2015 15.85; R05469 Kocaeli KentMey.Tram/Uluhanlar 2015 32.44; R05564 Kocaeli KentMey.Tram/bilinmiyor 2015 21.96; R05859 Kocaeli KentMey.Tram/Mertsan 2015 20.05; R05761 Kocaeli KentMey.Tram/FER 2015 25.90→38.85×1.5 | medyan 21.96 ×1.3 (Ø200 drenaj borusu; +%30 yağ ayırıcı/çamur tankı bağlantı ve eğimli döşeme payı) = 28.55 €
Mekanik,358,D05 yağmur iniş borusu PVC Ø100 (Y-1…Y-5) + temizleme kapağı,15.0,12.64,REF-derin,R05369;R05467;R05561;R05856;R06112;R05758,"R05369 İzmir Buca Metro/Alp 2021 27.50; R05467 Kocaeli KentMey.Tram/Uluhanlar 2015 12.18; R05561 Kocaeli KentMey.Tram/bilinmiyor 2015 7.93; R05856 Kocaeli KentMey.Tram/Mertsan 2015 10.73; R06112 Siirt-Kurtalan DY/Yamaner 2025 28.63; R05758 Kocaeli KentMey.Tram/FER 2015 8.72→13.09×1.5 | medyan 12.64 (PVC Ø100-110; FER %50 montaj malz. hariç→×1,5) = 12.64 €"
Mekanik,358,D05 çatı yağmur süzgeci Ø100,75.0,47.64,REF-derin,R05426;R05524;R06011,R05426 Kocaeli KentMey.Tram/Uluhanlar 2015 146.84; R05524 Kocaeli KentMey.Tram/bilinmiyor 2015 47.64; R06011 Kirazlı-Halkalı Metro/Panel 2024 30.36 | medyan 47.64 (çatı süzgeci Ø100) = 47.64 € | mevcut REF 75.00 (-36.5%) düzeltildi
Mekanik,358,D06 çatı parapet süzgeci Ø150 + yağmur iniş PVC Ø150 (yüzeye serbest akış),24.0,18.27,REF-derin,R05563;R05858;R05760,R05563 Kocaeli KentMey.Tram/bilinmiyor 2015 14.89; R05858 Kocaeli KentMey.Tram/Mertsan 2015 18.27; R05760 Kocaeli KentMey.Tram/FER 2015 17.27→25.90×1.5 | medyan 18.27 (PVC Ø150 (süzgeç ayrı kalemde)) = 18.27 €
Mekanik,358,D06 çatı parapet süzgeci Ø150,120.0,59.55,REF-derin,R05426;R05524;R06011,R05426 Kocaeli KentMey.Tram/Uluhanlar 2015 146.84; R05524 Kocaeli KentMey.Tram/bilinmiyor 2015 47.64; R06011 Kirazlı-Halkalı Metro/Panel 2024 30.36 | medyan 47.64 ×1.25 (Ø150 için +%25) = 59.55 €
Mekanik,358,"D06 su toplama çukuru drenaj pompası DSP-01/02 dalgıç 15 m³/h 12 mSS 1,6 kW (1 asıl+1 yedek) + seviye şalteri + pano",1800.0,2682.84,REF-derin,R05476;R05376,R05476 Kocaeli KentMey.Tram/Uluhanlar 2015 3325.25; R05376 İzmir Buca Metro/Alp 2021 4080.84→2040.42×0.5 | medyan 2682.84 (12-20 m³/h dalgıç pompa; Lowara 1+1 panolu set /2 (en yakın kapasite)) = 2682.84 €
Mekanik,358,"D06 drenaj pompa basma hattı galvaniz 2"" + Ø110 HDPE toprak altı (yağmur suyu rögarına) + Ø100/Ø150 PVC taşma-boşaltma",27.28,17.7,REF-derin,R05341;R05458;R05552;R05984;R06104;R05751;R05521;R05897;R05369;R05467;R05561;R05856;R06112;R05758,"galv. 2"" medyan 28.28, HDPE Ø110 medyan 12.17 (R05521,R05897), PVC Ø100 medyan 12.64 → eşit ağırlık ortalama = 17.70 € | mevcut REF 27.28 (-35.1%) düzeltildi"
Mekanik,358,D07 yağmur iniş/çatı drenajı PVC Ø70-100,13.0,11.65,REF-derin,R05368;R05466;R05560;R05855;R06111;R05757;R05369;R05467;R05561;R05856;R06112;R05758,R05368 İzmir Buca Metro/Alp 2021 18.41; R05466 Kocaeli KentMey.Tram/Uluhanlar 2015 11.11; R05560 Kocaeli KentMey.Tram/bilinmiyor 2015 5.63; R05855 Kocaeli KentMey.Tram/Mertsan 2015 6.85; R06111 Siirt-Kurtalan DY/Yamaner 2025 22.68; R05757 Kocaeli KentMey.Tram/FER 2015 5.36→8.04×1.5; +6 emsal | medyan 11.65 (PVC Ø70-100 havuzu) = 11.65 €
Mekanik,358,D02/T13 yağmur iniş borusu PVC Ø100 (4 köşe),15.0,12.64,REF-derin,R05369;R05467;R05561;R05856;R06112;R05758,"R05369 İzmir Buca Metro/Alp 2021 27.50; R05467 Kocaeli KentMey.Tram/Uluhanlar 2015 12.18; R05561 Kocaeli KentMey.Tram/bilinmiyor 2015 7.93; R05856 Kocaeli KentMey.Tram/Mertsan 2015 10.73; R06112 Siirt-Kurtalan DY/Yamaner 2025 28.63; R05758 Kocaeli KentMey.Tram/FER 2015 8.72→13.09×1.5 | medyan 12.64 (PVC Ø100-110; FER %50 montaj malz. hariç→×1,5) = 12.64 € | mevcut REF 15.00 (-15.8%) düzeltildi"
Mekanik,358,D06 pompa dairesi yer süzgeci 15x15 (su toplama çukurlarına),30.0,39.0,REF-derin,R05373;R05425;R06009;R06093;R05523,R05373 İzmir Buca Metro/Alp 2021 28.85; R05425 Kocaeli KentMey.Tram/Uluhanlar 2015 11.37; R06009 Kirazlı-Halkalı Metro/Panel 2024 39.00; R06093 Siirt-Kurtalan DY/Yamaner 2025 49.63; R05523 Kocaeli KentMey.Tram/bilinmiyor 2015 95.27 | medyan 39.00 (15x15 yer süzgeci) = 39.00 €
Mekanik,359,"Drenaj gideri / tabliye süzgeci (DR-1…DR-8), paslanmaz ızgaralı, Ø110 çıkışlı",120.0,56.56,REF-derin,R05372;R05840;R06010,R05372 İzmir Buca Metro/Alp 2021 37.70; R05840 Kocaeli KentMey.Tram/Mertsan 2015 31.94; R06010 Kirazlı-Halkalı Metro/Panel 2024 41.61 | medyan 37.70 ×1.5 (Ø100 süzgeç; paslanmaz ızgara +%50) = 56.56 €
Mekanik,359,"Ø110 PVC drenaj/yağmur iniş borusu (asansör/merdiven kolonları içinde, tabliye +7,46 -> zemin), kelepçe+dirsek dahil",15.0,12.64,REF-derin,R05369;R05467;R05561;R05856;R06112;R05758,"R05369 İzmir Buca Metro/Alp 2021 27.50; R05467 Kocaeli KentMey.Tram/Uluhanlar 2015 12.18; R05561 Kocaeli KentMey.Tram/bilinmiyor 2015 7.93; R05856 Kocaeli KentMey.Tram/Mertsan 2015 10.73; R06112 Siirt-Kurtalan DY/Yamaner 2025 28.63; R05758 Kocaeli KentMey.Tram/FER 2015 8.72→13.09×1.5 | medyan 12.64 (PVC Ø100-110; FER %50 montaj malz. hariç→×1,5) = 12.64 €"
Mekanik,359,"Ø110 koruge HDPE drenaj borusu (kolon dibi -> drenaj rögarı, toprak altı, eğim %1)",14.0,6.46,REF-derin,R05762;R05860,R05762 Kocaeli KentMey.Tram/FER 2015 9.14; R05860 KentMey.Tram/Mertsan 2015 DN100 koruge 10556.91/2800 m = 3.77 (kazı/dolgu hariç) | medyan = 6.46 € | mevcut REF 14.00 (-53.9%) düzeltildi
Mekanik,360,"D06 Hidrofor seti HS-02 (kullanım suyu) 2x7 m³/h, 30 mSS, 300 L genleşme tanklı, pano dahil",4800.0,4800.0,REF-teyit,R05738;R05348;R06097;R05842,"R05738 Kocaeli KentMey.Tram/FER 2015 1829.03; R05348 İzmir Buca Metro/Alp 2021 4863.10; R06097 Siirt-Kurtalan DY/Yamaner 2025 7187.37; R05842 Kocaeli KentMey.Tram/Mertsan 2015 3836.86 | medyan 4349.98 (2-3 pompalı paket hidrofor, ≥2014) = 4349.98 € | sapma -9.4% ≤%10 → mevcut REF teyit"
Mekanik,360,"D06 Kum filtresi KF-01 24 m³/h, FRP tank, otomatik kontrol vanalı",6000.0,6000.0,TAHMIN (emsal yok),,24 m³/h FRP kum filtresi için kapasite olarak karşılaştırılabilir emsal yok (R05740/R05846 küçük)
Mekanik,360,"D06 flatörlü dolum vanası 3"", basınç düşürücü vana DN80, su sayacı seti 3"", seviye göstergeleri",2500.0,1535.06,REF-derin,R06004;R05870;R05737;R06003,"flatörlü vana 2"" R06004 418.81×1,3 (3"") = 544.46 + bas. düşürücü DN80 R05870 514.54 + su sayacı 3"" (2"" R05737 ile 4"" R06003 ort.) 376.06 + seviye göstergeleri 100 (tahmin) = 1535.06 € | mevcut REF 2500.00 (-38.6%) düzeltildi"
Mekanik,360,"D06 dahili temiz su boruları galvaniz/PPRC 3""-2"" (sayaçtan depolara, hidrofor kollektörleri)",40.0,34.09,REF-derin,R05342;R05459;R05553;R05850;R05985;R06105;R05752,"galv. 2½"" (2""-3"" aralığı ortası) medyan 30.99 ×1,1 kollektör/fitting yoğunluğu = 34.09 €"
Mekanik,360,D01 soğuk su borusu PPRC PN20 (izoleli) Ø20,8.0,5.63,REF-derin,R05359;R05460;R05554;R05767;R05865;R06006;R06107,"R05359 İzmir Buca Metro/Alp 2021 4.30; R05460 Kocaeli KentMey.Tram/Uluhanlar 2015 3.91; R05554 Kocaeli KentMey.Tram/bilinmiyor 2015 3.13; R05767 Kocaeli KentMey.Tram/FER 2015 2.91; R05865 Kocaeli KentMey.Tram/Mertsan 2015 1.97; R06006 Kirazlı-Halkalı Metro/Panel 2024 11.95; +1 emsal | medyan 3.91 +1.73 (PPRC PN20 Ø20; +izolasyon (R05772 1,73 €/m, çapa göre ölçekli)) = 5.63 € | mevcut REF 8.00 (-29.6%) düzeltildi"
Mekanik,360,D01 soğuk su borusu PPRC PN20 (izoleli) Ø25,9.0,6.8,REF-derin,R05360;R05461;R05555;R05768;R05866;R06007;R06108,"R05360 İzmir Buca Metro/Alp 2021 5.98; R05461 Kocaeli KentMey.Tram/Uluhanlar 2015 5.07; R05555 Kocaeli KentMey.Tram/bilinmiyor 2015 3.81; R05768 Kocaeli KentMey.Tram/FER 2015 3.42; R05866 Kocaeli KentMey.Tram/Mertsan 2015 3.02; R06007 Kirazlı-Halkalı Metro/Panel 2024 13.59; +1 emsal | medyan 5.07 +1.73 (PPRC PN20 Ø25; +izolasyon (R05772 1,73 €/m, çapa göre ölçekli)) = 6.80 € | mevcut REF 9.00 (-24.5%) düzeltildi"
Mekanik,360,D01 soğuk su borusu PPRC PN20 (izoleli) Ø32,10.0,7.11,REF-derin,R05462;R05556;R05769;R05867;R06109,"R05462 Kocaeli KentMey.Tram/Uluhanlar 2015 7.65; R05556 Kocaeli KentMey.Tram/bilinmiyor 2015 4.91; R05769 Kocaeli KentMey.Tram/FER 2015 4.47; R05867 Kocaeli KentMey.Tram/Mertsan 2015 4.41; R06109 Siirt-Kurtalan DY/Yamaner 2025 14.95 | medyan 4.91 +2.20 (PPRC PN20 Ø32; +izolasyon (R05772 1,73 €/m, çapa göre ölçekli)) = 7.11 € | mevcut REF 10.00 (-28.9%) düzeltildi"
Mekanik,360,D01 soğuk su borusu PPRC PN20 (izoleli) Ø40-50,14.0,10.82,REF-derin,R05463;R05557;R05770;R05868;R05464;R05558;R05771;R05869,"R05463 Kocaeli KentMey.Tram/Uluhanlar 2015 10.49; R05557 Kocaeli KentMey.Tram/bilinmiyor 2015 6.43; R05770 Kocaeli KentMey.Tram/FER 2015 6.20; R05868 Kocaeli KentMey.Tram/Mertsan 2015 5.86; R05464 Kocaeli KentMey.Tram/Uluhanlar 2015 15.09; R05558 Kocaeli KentMey.Tram/bilinmiyor 2015 8.80; +2 emsal | medyan 8.02 +2.80 (PPRC PN20 Ø40-50; +izolasyon (R05772 1,73 €/m, çapa göre ölçekli)) = 10.82 € | mevcut REF 14.00 (-22.7%) düzeltildi"
Mekanik,360,D01 sıcak su borusu PPRC PN20 (izoleli) Ø20,8.0,5.63,REF-derin,R05359;R05460;R05554;R05767;R05865;R06006;R06107,"R05359 İzmir Buca Metro/Alp 2021 4.30; R05460 Kocaeli KentMey.Tram/Uluhanlar 2015 3.91; R05554 Kocaeli KentMey.Tram/bilinmiyor 2015 3.13; R05767 Kocaeli KentMey.Tram/FER 2015 2.91; R05865 Kocaeli KentMey.Tram/Mertsan 2015 1.97; R06006 Kirazlı-Halkalı Metro/Panel 2024 11.95; +1 emsal | medyan 3.91 +1.73 (PPRC PN20 Ø20; +izolasyon (R05772 1,73 €/m, çapa göre ölçekli)) = 5.63 € | mevcut REF 8.00 (-29.6%) düzeltildi"
Mekanik,360,D01 sıcak su borusu PPRC PN20 (izoleli) Ø25,9.0,6.8,REF-derin,R05360;R05461;R05555;R05768;R05866;R06007;R06108,"R05360 İzmir Buca Metro/Alp 2021 5.98; R05461 Kocaeli KentMey.Tram/Uluhanlar 2015 5.07; R05555 Kocaeli KentMey.Tram/bilinmiyor 2015 3.81; R05768 Kocaeli KentMey.Tram/FER 2015 3.42; R05866 Kocaeli KentMey.Tram/Mertsan 2015 3.02; R06007 Kirazlı-Halkalı Metro/Panel 2024 13.59; +1 emsal | medyan 5.07 +1.73 (PPRC PN20 Ø25; +izolasyon (R05772 1,73 €/m, çapa göre ölçekli)) = 6.80 € | mevcut REF 9.00 (-24.5%) düzeltildi"
Mekanik,360,D01 sıcak su borusu PPRC PN20 (izoleli) Ø32,10.0,7.11,REF-derin,R05462;R05556;R05769;R05867;R06109,"R05462 Kocaeli KentMey.Tram/Uluhanlar 2015 7.65; R05556 Kocaeli KentMey.Tram/bilinmiyor 2015 4.91; R05769 Kocaeli KentMey.Tram/FER 2015 4.47; R05867 Kocaeli KentMey.Tram/Mertsan 2015 4.41; R06109 Siirt-Kurtalan DY/Yamaner 2025 14.95 | medyan 4.91 +2.20 (PPRC PN20 Ø32; +izolasyon (R05772 1,73 €/m, çapa göre ölçekli)) = 7.11 € | mevcut REF 10.00 (-28.9%) düzeltildi"
Mekanik,360,D01 sıcak su sirkülasyon borusu PPRC (izoleli) Ø20,8.0,5.63,REF-derin,R05359;R05460;R05554;R05767;R05865;R06006;R06107,"R05359 İzmir Buca Metro/Alp 2021 4.30; R05460 Kocaeli KentMey.Tram/Uluhanlar 2015 3.91; R05554 Kocaeli KentMey.Tram/bilinmiyor 2015 3.13; R05767 Kocaeli KentMey.Tram/FER 2015 2.91; R05865 Kocaeli KentMey.Tram/Mertsan 2015 1.97; R06006 Kirazlı-Halkalı Metro/Panel 2024 11.95; +1 emsal | medyan 3.91 +1.73 (PPRC PN20 Ø20; +izolasyon (R05772 1,73 €/m, çapa göre ölçekli)) = 5.63 €"
Mekanik,360,D01 sıcak su sirkülasyon borusu PPRC (izoleli) Ø25,9.0,6.8,REF-derin,R05360;R05461;R05555;R05768;R05866;R06007;R06108,"R05360 İzmir Buca Metro/Alp 2021 5.98; R05461 Kocaeli KentMey.Tram/Uluhanlar 2015 5.07; R05555 Kocaeli KentMey.Tram/bilinmiyor 2015 3.81; R05768 Kocaeli KentMey.Tram/FER 2015 3.42; R05866 Kocaeli KentMey.Tram/Mertsan 2015 3.02; R06007 Kirazlı-Halkalı Metro/Panel 2024 13.59; +1 emsal | medyan 5.07 +1.73 (PPRC PN20 Ø25; +izolasyon (R05772 1,73 €/m, çapa göre ölçekli)) = 6.80 €"
Mekanik,360,"D01 kullanma sıcak su boyleri EB-1 500 L, 25 kW elektrikli rezistanslı, emniyet ventili, yalıtımlı",1476.86,1476.86,REF-teyit,R05745;R05845,R05745 Kocaeli KentMey.Tram/FER 2015 1476.86; R05845 Kocaeli KentMey.Tram/Mertsan 2015 1171.02 | medyan 1323.94 +150.00 (500 L boyler; +150 € 25 kW elektrikli rezistans seti (tahmin)) = 1473.94 € | sapma -0.2% ≤%10 → mevcut REF teyit
Mekanik,360,"D01 boyler sirkülasyon pompası CP-1 ıslak rotorlu 0,6 m³/h 7 mSS (1 asıl+1 yedek)",566.35,458.92,REF-derin,R05724;R05566;R06116;R05723,R05724 Kocaeli KentMey.Tram/FER 2015 351.48; R05566 Kocaeli KentMey.Tram/bilinmiyor 2015 255.37; R06116 Siirt-Kurtalan DY/Yamaner 2025 1275.97; R05723 Kocaeli KentMey.Tram/FER 2015 566.35 | medyan 458.92 (küçük sirkülasyon pompası) = 458.92 € | mevcut REF 566.35 (-19.0%) düzeltildi
Mekanik,360,"D01 vitrifiye: klozet (asma/yer tipi, rezervuarlı) + taharet musluğu",300.0,178.44,REF-derin,R05354;R05729,R05354 İzmir Buca Metro/Alp 2021 192.82; R05729 Kocaeli KentMey.Tram/FER 2015 134.05 | klozet medyan 163.44 + taharet musluğu 15 (tahmin) = 178.44 € | mevcut REF 300.00 (-40.5%) düzeltildi
Mekanik,360,D01 vitrifiye: lavabo + batarya + sifon,200.0,200.0,REF-teyit,R05728;R05831;R05832;R06082;R05416;R06091,"lavabo+sifon medyan 112.10 (R05728,R05831+R05832,R06082,R05416) + batarya R06091 Siirt-Kurtalan 2025 103.06 = 215.16 € | sapma +7.6% ≤%10 → mevcut REF teyit"
Mekanik,360,D01 vitrifiye: pisuvar + fotoselli/basmalı musluk,280.0,280.0,REF-teyit,R05358,"R05358 İzmir Buca Metro/Alp 2021 168.75→268.75+100.00 (pisuvar+tesisat; +100 € fotoselli/basmalı musluk tahmini) | tek emsal 268.75, sapma -4.0% → teyit"
Mekanik,360,D01 duş teknesi/duş seti (bay/bayan soyunma-duş),250.0,250.0,REF-teyit,R05423;R05731;R05836;R06088;R05422;R05837;R06089,duş teknesi medyan 128.10 + duş tesisatı/batarya medyan 108.95 = 237.05 € | sapma -5.2% ≤%10 → mevcut REF teyit
Mekanik,360,"D01 eviye (çay ocağı, mutfak, temizlik) + batarya",205.27,119.76,REF-derin,R05355;R05834;R05835;R06086;R06087,eviye+batarya setleri: R05355 114.76; R05834+R05835 119.76; R06086+R06087 456.44 | medyan = 119.76 € | mevcut REF 205.27 (-41.7%) düzeltildi
Mekanik,360,D01 abdest musluğu seti (bay/bayan abdesthane),106.43,106.43,REF-teyit,R06091,"R06091 Siirt-Kurtalan DY/Yamaner 2025 103.06 (batarya emsali (abdest seti için)) | tek emsal 103.06, sapma -3.2% → teyit"
Mekanik,360,D01 engelli WC seti (klozet+lavabo+tutunma barları),900.0,735.48,REF-derin,R05357;R06083;R05733;R05838;R06092;R06091,engelli klozet medyan 373.95 + lavabo+batarya 215.16 + 2×tutunma barı medyan 73.19 = 735.48 € | mevcut REF 900.00 (-18.3%) düzeltildi
Mekanik,360,D01 acil duş + göz duşu (akü odası/atölye),1521.76,1521.76,REF-teyit,R05352;R06002,R05352 İzmir Buca Metro/Alp 2021 479.17; R06002 Kirazlı-Halkalı Metro/Panel 2024 2564.35 | medyan 1521.76 (acil göz yıkama/duş üniteleri) = 1521.76 € | sapma -0.0% ≤%10 → mevcut REF teyit
Mekanik,360,"D01 kollektör, kesme/çek valfler, su sayacı, pislik tutucu, basınç düşürücü (ısı merkezi)",3000.0,3000.0,TAHMIN (emsal yok),,emsal bulunamadı; mevcut tahmin korundu
Mekanik,360,"D05 soğuk su borusu PPRC Ø20-Ø25 (3/4""-1"")",8.5,4.11,REF-derin,R05359;R05460;R05554;R05767;R05865;R06006;R06107;R05360;R05461;R05555;R05768;R05866;R06007;R06108,R05359 İzmir Buca Metro/Alp 2021 4.30; R05460 Kocaeli KentMey.Tram/Uluhanlar 2015 3.91; R05554 Kocaeli KentMey.Tram/bilinmiyor 2015 3.13; R05767 Kocaeli KentMey.Tram/FER 2015 2.91; R05865 Kocaeli KentMey.Tram/Mertsan 2015 1.97; R06006 Kirazlı-Halkalı Metro/Panel 2024 11.95; +8 emsal | medyan 4.11 (PPRC Ø20-25 havuzu (izolasyonsuz)) = 4.11 €
Mekanik,360,"D05 vitrifiye: klozet 3, lavabo 2, eviye 2 (temizlik + dinlenme) + bataryalar",245.0,172.16,REF-derin,R05354;R05729;R05728;R05831;R06082;R05416;R06091;R05355;R05834;R06086,ağırlıklı: 3×klozet 178.44 + 2×lavabo+batarya 215.16 + 2×eviye 119.76 / 7 = 172.16 €
Mekanik,360,D05 sıcak su hazırlama (elektrikli termosifon ~50 L),285.22,285.22,REF-teyit,R05350;R06001;R05696,R05350 İzmir Buca Metro/Alp 2021 189.86; R06001 Kirazlı-Halkalı Metro/Panel 2024 331.93; R05696 Kartal Metro/3B 2013 285.22 | medyan 285.22 (elektrikli termosifon 50-80 L) = 285.22 € | sapma -0.0% ≤%10 → mevcut REF teyit
Mekanik,360,D07 soğuk su borusu PPRC Ø20-Ø25 + Ø32 HDPE giriş,8.5,4.11,REF-derin,R05359;R05460;R05554;R05767;R05865;R06006;R06107;R05360;R05461;R05555;R05768;R05866;R06007;R06108,R05359 İzmir Buca Metro/Alp 2021 4.30; R05460 Kocaeli KentMey.Tram/Uluhanlar 2015 3.91; R05554 Kocaeli KentMey.Tram/bilinmiyor 2015 3.13; R05767 Kocaeli KentMey.Tram/FER 2015 2.91; R05865 Kocaeli KentMey.Tram/Mertsan 2015 1.97; R06006 Kirazlı-Halkalı Metro/Panel 2024 11.95; +8 emsal | medyan 4.11 (PPRC Ø20-25 havuzu (HDPE giriş payı ihmal)) = 4.11 €
Mekanik,360,D07 sıcak su borusu PPRC Ø20-Ø25,8.5,5.83,REF-derin,R05359;R05460;R05554;R05767;R05865;R06006;R06107;R05360;R05461;R05555;R05768;R05866;R06007;R06108,R05359 İzmir Buca Metro/Alp 2021 4.30; R05460 Kocaeli KentMey.Tram/Uluhanlar 2015 3.91; R05554 Kocaeli KentMey.Tram/bilinmiyor 2015 3.13; R05767 Kocaeli KentMey.Tram/FER 2015 2.91; R05865 Kocaeli KentMey.Tram/Mertsan 2015 1.97; R06006 Kirazlı-Halkalı Metro/Panel 2024 11.95; +8 emsal | medyan 4.11 +1.73 (PPRC Ø20-25 + izolasyon R05772) = 5.83 € | mevcut REF 8.50 (-31.4%) düzeltildi
Mekanik,360,D07 elektrikli ani su ısıtıcı ESI-1 7 kW tezgah altı,280.0,136.28,REF-derin,R05351;R06000,"R05351 İzmir Buca Metro/Alp 2021 153.74; R06000 Kirazlı-Halkalı Metro/Panel 2024 118.81 | medyan 136.28 (elektrikli ani su ısıtıcı 3,5-8 kW) = 136.28 € | mevcut REF 280.00 (-51.3%) düzeltildi"
Mekanik,360,"D07 vitrifiye: klozet 1, lavabo 1, eviye 1 + bataryalar",235.0,171.12,REF-derin,R05354;R05729;R05728;R05831;R06082;R05416;R06091;R05355;R05834;R06086,"ortalama: klozet 178.44, lavabo+batarya 215.16, eviye 119.76 = 171.12 €"
Mekanik,361,"D01 pis su borusu PVC (TS EN 1329 / 1401), fitting dahil Ø125",15.0,17.11,REF-derin,R05370;R05468;R05562;R05857;R06113;R05759,"R05370 İzmir Buca Metro/Alp 2021 32.30; R05468 Kocaeli KentMey.Tram/Uluhanlar 2015 16.49; R05562 Kocaeli KentMey.Tram/bilinmiyor 2015 10.26; R05857 Kocaeli KentMey.Tram/Mertsan 2015 16.06; R06113 Siirt-Kurtalan DY/Yamaner 2025 34.20; R05759 Kocaeli KentMey.Tram/FER 2015 11.81→17.72×1.5 | medyan 17.11 (PVC Ø125; FER ×1,5) = 17.11 €"
Mekanik,361,"D01 pis su borusu PVC (TS EN 1329 / 1401), fitting dahil Ø100",13.0,12.64,REF-derin,R05369;R05467;R05561;R05856;R06112;R05758,"R05369 İzmir Buca Metro/Alp 2021 27.50; R05467 Kocaeli KentMey.Tram/Uluhanlar 2015 12.18; R05561 Kocaeli KentMey.Tram/bilinmiyor 2015 7.93; R05856 Kocaeli KentMey.Tram/Mertsan 2015 10.73; R06112 Siirt-Kurtalan DY/Yamaner 2025 28.63; R05758 Kocaeli KentMey.Tram/FER 2015 8.72→13.09×1.5 | medyan 12.64 (PVC Ø100; FER ×1,5) = 12.64 €"
Mekanik,361,"D01 pis su borusu PVC (TS EN 1329 / 1401), fitting dahil Ø70",10.0,9.57,REF-derin,R05368;R05466;R05560;R05855;R06111;R05757,"R05368 İzmir Buca Metro/Alp 2021 18.41; R05466 Kocaeli KentMey.Tram/Uluhanlar 2015 11.11; R05560 Kocaeli KentMey.Tram/bilinmiyor 2015 5.63; R05855 Kocaeli KentMey.Tram/Mertsan 2015 6.85; R06111 Siirt-Kurtalan DY/Yamaner 2025 22.68; R05757 Kocaeli KentMey.Tram/FER 2015 5.36→8.04×1.5 | medyan 9.57 (PVC Ø70-75; FER ×1,5) = 9.57 €"
Mekanik,361,"D01 pis su borusu PVC (TS EN 1329 / 1401), fitting dahil Ø50",8.0,6.41,REF-derin,R05465;R05559;R05854;R06110;R05756,"R05465 Kocaeli KentMey.Tram/Uluhanlar 2015 6.45; R05559 Kocaeli KentMey.Tram/bilinmiyor 2015 4.64; R05854 Kocaeli KentMey.Tram/Mertsan 2015 4.61; R06110 Siirt-Kurtalan DY/Yamaner 2025 17.40; R05756 Kocaeli KentMey.Tram/FER 2015 4.28→6.41×1.5 | medyan 6.41 (PVC Ø50; FER ×1,5) = 6.41 €"
Mekanik,361,D01 yer süzgeci 15x15 (sifonlu),30.0,39.0,REF-derin,R05373;R05425;R06009;R06093;R05523,R05373 İzmir Buca Metro/Alp 2021 28.85; R05425 Kocaeli KentMey.Tram/Uluhanlar 2015 11.37; R06009 Kirazlı-Halkalı Metro/Panel 2024 39.00; R06093 Siirt-Kurtalan DY/Yamaner 2025 49.63; R05523 Kocaeli KentMey.Tram/bilinmiyor 2015 95.27 | medyan 39.00 (15x15 yer süzgeci) = 39.00 € | mevcut REF 30.00 (+30.0%) düzeltildi
Mekanik,361,D01 temizleme kapağı (T.K.),43.45,43.45,REF-teyit,R05371,"R05371 İzmir Buca Metro/Alp 2021 43.45 (DN100 temizleme kapağı) | tek emsal 43.45, sapma -0.0% → teyit"
Mekanik,361,D01 pis su havalık başlığı / havalık borusu Ø70-Ø100 (Ph1-Ph5),38.48,38.48,REF-teyit,R06114,"R06114 Siirt-Kurtalan DY/Yamaner 2025 38.48 (havalık boru+şapka Ø100) | tek emsal 38.48, sapma +0.0% → teyit"
Mekanik,361,"D01 yağ ayırıcı YA-01 gömülü krom sac 0,2 l/s (mutfak)",1879.45,1879.45,REF-teyit,R05778;R05875,R05778 Kocaeli KentMey.Tram/FER 2015 2321.74; R05875 Kocaeli KentMey.Tram/Mertsan 2015 1437.16 | medyan 1879.45 (yağ ayırıcı 2 l/s) = 1879.45 € | sapma -0.0% ≤%10 → mevcut REF teyit
Mekanik,361,D05 pis su borusu PVC Ø70-Ø100,12.0,12.0,REF-teyit,R05368;R05466;R05560;R05855;R06111;R05757;R05369;R05467;R05561;R05856;R06112;R05758,R05368 İzmir Buca Metro/Alp 2021 18.41; R05466 Kocaeli KentMey.Tram/Uluhanlar 2015 11.11; R05560 Kocaeli KentMey.Tram/bilinmiyor 2015 5.63; R05855 Kocaeli KentMey.Tram/Mertsan 2015 6.85; R06111 Siirt-Kurtalan DY/Yamaner 2025 22.68; R05757 Kocaeli KentMey.Tram/FER 2015 5.36→8.04×1.5; +6 emsal | medyan 11.65 (PVC Ø70-100 havuzu) = 11.65 € | sapma -3.0% ≤%10 → mevcut REF teyit
Mekanik,361,D05 yer süzgeci + temizleme kapağı,35.0,41.22,REF-derin,R05373;R05425;R06009;R06093;R05523;R05371,15x15 süzgeç medyan 39.00 ve TK R05371 43.45 ortalaması = 41.22 €
Mekanik,361,D07 pis su borusu PVC Ø70-Ø100 + havalık Ø70,12.0,11.65,REF-derin,R05368;R05466;R05560;R05855;R06111;R05757;R05369;R05467;R05561;R05856;R06112;R05758,R05368 İzmir Buca Metro/Alp 2021 18.41; R05466 Kocaeli KentMey.Tram/Uluhanlar 2015 11.11; R05560 Kocaeli KentMey.Tram/bilinmiyor 2015 5.63; R05855 Kocaeli KentMey.Tram/Mertsan 2015 6.85; R06111 Siirt-Kurtalan DY/Yamaner 2025 22.68; R05757 Kocaeli KentMey.Tram/FER 2015 5.36→8.04×1.5; +6 emsal | medyan 11.65 (PVC Ø70-100 havuzu (havalık dahil)) = 11.65 €
Mekanik,361,D07 yer süzgeci + temizleme kapağı,35.0,41.22,REF-derin,R05373;R05425;R06009;R06093;R05523;R05371,15x15 süzgeç medyan 39.00 ve TK R05371 43.45 ortalaması = 41.22 €
Mekanik,362,"Hava tankı HT-1 silindirik dik 3000 L, 10 bar, emniyet ventilli (tablo 2000 L / akış şeması 3000 L – büyük olan alındı)",2394.07,2701.12,REF-derin,R05823;R05918;R05938,"1000 L hava tankları medyan 1397.24 (R05823 Kocaeli KentMey.Tram/FER 2015 2394.07; R05918 Kocaeli KentMey.Tram/Mertsan 2015 1397.24; R05938 Kocaeli KentMey.Tram/TREMS 2015 1239.91) × 3^0,6 (3000 L) = 2701.12 € | mevcut REF 2394.07 (+12.8%) düzeltildi"
Mekanik,362,"Hat filtreleri: ön filtre 1 mikron, 0,1 ppm yağ tutucu, 0,01 mikron/0,01 ppm çıkış filtresi",600.0,332.68,REF-derin,R05921;R05922;R05826,R05921 Kocaeli KentMey.Tram/Mertsan 2015 332.68; R05922 Kocaeli KentMey.Tram/Mertsan 2015 288.32; R05826 Kocaeli KentMey.Tram/FER 2015 1626.11 | medyan 332.68 (basınçlı hava hat filtreleri) = 332.68 € | mevcut REF 600.00 (-44.6%) düzeltildi
Mekanik,362,Otomatik su atma cihazı (SA-01…SA-04) + Ø25 PPRC drenaj hattı,308.12,308.12,REF-teyit,R05827,"R05827 Kocaeli KentMey.Tram/FER 2015 505.34 (elektronik/premium tip; şamandıralı tipten pahalı) | mevcut REF 308,12 teyit"
Mekanik,362,"Kondenstop + pislik tutucu + küresel vana grubu (1/2"")",239.53,239.53,REF-teyit,R05923,"R05923 Kocaeli KentMey.Tram/Mertsan 2015 239.53 (kondenstop ½"") | tek emsal 239.53, sapma -0.0% → teyit"
Mekanik,362,"Basınçlı hava borusu galvaniz çelik (ring), askı-kelepçe dahil 1 1/4""",20.0,20.0,REF-teyit,R05457;R05551;R05849;R05976;R06102;R05749,"R05457 Kocaeli KentMey.Tram/Uluhanlar 2015 10.72; R05551 Kocaeli KentMey.Tram/bilinmiyor 2015 17.01; R05849 Kocaeli KentMey.Tram/Mertsan 2015 10.73; R05976 Kirazlı-Halkalı Metro/Panel 2024 32.87; R06102 Siirt-Kurtalan DY/Yamaner 2025 25.99; R05749 Kocaeli KentMey.Tram/FER 2015 18.63→26.08×1.4 | medyan 21.50 (galv. 1¼""; FER ×1,4) = 21.50 € | sapma +7.5% ≤%10 → mevcut REF teyit"
Mekanik,362,"Basınçlı hava borusu galvaniz çelik (ring), askı-kelepçe dahil 1""",17.0,17.0,REF-teyit,R05456;R05550;R05848;R05975;R06101;R05748,"R05456 Kocaeli KentMey.Tram/Uluhanlar 2015 8.45; R05550 Kocaeli KentMey.Tram/bilinmiyor 2015 13.49; R05848 Kocaeli KentMey.Tram/Mertsan 2015 8.83; R05975 Kirazlı-Halkalı Metro/Panel 2024 29.47; R06101 Siirt-Kurtalan DY/Yamaner 2025 22.42; R05748 Kocaeli KentMey.Tram/FER 2015 15.09→21.12×1.4 | medyan 17.31 (galv. 1""; FER ×1,4) = 17.31 € | sapma +1.8% ≤%10 → mevcut REF teyit"
Mekanik,362,"Basınçlı hava borusu galvaniz çelik (ring), askı-kelepçe dahil 1/2""",12.0,12.0,REF-teyit,R05455;R05549;R05847;R05363;R06100;R05746,"R05455 Kocaeli KentMey.Tram/Uluhanlar 2015 5.36; R05549 Kocaeli KentMey.Tram/bilinmiyor 2015 11.58; R05847 Kocaeli KentMey.Tram/Mertsan 2015 4.83; R05363 İzmir Buca Metro/Alp 2021 10.74; R06100 Siirt-Kurtalan DY/Yamaner 2025 16.01; R05746 Kocaeli KentMey.Tram/FER 2015 11.04→15.46×1.4 | medyan 11.16 (galv. ½""/DN20; FER ×1,4) = 11.16 € | sapma -7.0% ≤%10 → mevcut REF teyit"
Mekanik,362,"Kesme vanası 3"" (K.V.) — ring bölge vanaları",150.0,128.07,REF-derin(1),R05366,R05366 İzmir Buca Metro/Alp 2021 106.13 (küresel vana DN80 basınçlı hava) | tek emsal 106.13 ile mevcut 150.00 ortalaması
Mekanik,362,Kompresör odası taze hava alış / egzoz atış panjurları + havalandırma fanı,2500.0,2500.0,TAHMIN (emsal yok),,emsal bulunamadı; mevcut tahmin korundu
Mekanik,363,"Basınçlı hava sistemi uygulama projesi: debi/basınç hesabı, kompresör-tank-kurutucu seçimi, boru çaplandırma, ring izometrisi, kullanım noktaları yerleşimi, şartname/tanımlar, as-built",4000.0,4000.0,TAHMIN (emsal yok),,emsal bulunamadı; mevcut tahmin korundu
Cer_Guc,170,Yangın durdurucu (TM geçişleri),200.0,200.0,TAHMIN (emsal yok),,emsal bulunamadı; mevcut tahmin korundu
Cer_Guc,170,Kablo etiket / güzergah markörü,15.0,15.0,TAHMIN (emsal yok),,emsal bulunamadı; mevcut tahmin korundu
Cer_Guc,174,OG bağlantı kablosu 3(1×95/16) Al – hücre/cer trafosu,25.0,26.57,REF-derin,R00864;R00943,R00864 Kocaeli KentMey.Tram/Haluk 2015 9.19; R00943 Kocaeli KentMey.Tram/MET 2015 8.52 | 36 kV Al 1x95/16 medyan 8.86 €/m ×3 damar = 26.57 €
Cer_Guc,175,OG bağlantı kablosu 3(1×95/16) Al,25.0,26.57,REF-derin,R00864;R00943,R00864 Kocaeli KentMey.Tram/Haluk 2015 9.19; R00943 Kocaeli KentMey.Tram/MET 2015 8.52 | 36 kV Al 1x95/16 medyan 8.86 €/m ×3 damar = 26.57 €
Cer_Guc,188,VLD bağlantı kabloları 1×300 + 1×50,40.0,49.25,REF-derin(1),R04132,R04132 İzmir Konak Tram/Usluel 2014 48.50→58.50+10.00 (1x300 DC kablo; +10 € 1x50 tahmini) | tek emsal 58.50 ile mevcut 40.00 ortalaması
Cer_Guc,189,Trafo sıcaklık rölesi + sekonder toprak kaçağı koruması + izole kaide,3000.0,3000.0,TAHMIN (emsal yok),,emsal bulunamadı; mevcut tahmin korundu
Cer_Guc,189,VLD bağlantı kabloları 1×300 + 1×50,40.0,49.25,REF-derin(1),R04132,R04132 İzmir Konak Tram/Usluel 2014 48.50→58.50+10.00 (1x300 DC kablo; +10 € 1x50 tahmini) | tek emsal 58.50 ile mevcut 40.00 ortalaması
Cer_Guc,189,DC kablo pabuçları/başlıkları 300 mm²,25.0,25.0,TAHMIN (emsal yok),,emsal bulunamadı; mevcut tahmin korundu
Cer_Guc,189,OG–DC kilitleme (anahtar transfer) düzenekleri,4000.0,4000.0,TAHMIN (emsal yok),,emsal bulunamadı; mevcut tahmin korundu
Cer_Guc,197,Egzotermik kaynak,25.0,25.0,TAHMIN (emsal yok),,emsal bulunamadı; mevcut tahmin korundu
Cer_Guc,197,Topraklama/adım-dokunma ölçümleri,800.0,800.0,TAHMIN (emsal yok),,emsal bulunamadı; mevcut tahmin korundu
Sinyal,229,Manuel makas hareket mekanizması (ana hat),5484.0,5484.0,REF-teyit,R06480;R06522;R06547,"R06480 Eminönü Tram/Elektroline 2016 4940.38; R06522 İzmir Konak Tram/Hanning 2014 5055.29; R06547 İzmir Konak Tram/CONTEC 2014 4850.49 | medyan 4940.38 (manuel makas mekanizması, tramvay ≥2014) = 4940.38 € | sapma -9.9% ≤%10 → mevcut REF teyit"
Sinyal,229,Manuel makas konum izleme kutusu (IO/RTU),3000.0,3000.0,TAHMIN (emsal yok),,emsal bulunamadı; mevcut tahmin korundu
Sinyal,229,TSKP karayolu kavşak kontrol cihazı,18000.0,18000.0,TAHMIN (emsal yok),,emsal bulunamadı; mevcut tahmin korundu
Sinyal,229,Karayolu trafik lambası 300'lük başüstü,900.0,900.0,TAHMIN (emsal yok),,emsal bulunamadı; mevcut tahmin korundu
Sinyal,229,Karayolu trafik lambası 200'lük direk tipi,450.0,450.0,TAHMIN (emsal yok),,emsal bulunamadı; mevcut tahmin korundu
Sinyal,229,Yaya lambası + yaya butonu,500.0,500.0,TAHMIN (emsal yok),,emsal bulunamadı; mevcut tahmin korundu
Sinyal,229,"Trafik lambası direği 3,5 m / 6 m konsollu",900.0,900.0,TAHMIN (emsal yok),,emsal bulunamadı; mevcut tahmin korundu
Sinyal,229,Karayolu trafik sinyal kabloları (TSKP–lambalar),6.0,6.0,TAHMIN (emsal yok),,emsal bulunamadı; mevcut tahmin korundu
Sinyal,229,Karayolu sinyal kablo borusu HDPE Ø63,4.0,4.0,TAHMIN (emsal yok),,emsal bulunamadı; mevcut tahmin korundu
Sinyal,229,"Lup besleme kablosu 2x2x1,0 ekranlı",4.0,1.67,REF-derin,R00914;R00983;R01696;R06581;R06582,R00914 Kocaeli KentMey.Tram/Haluk 2015 1.07; R00983 Kocaeli KentMey.Tram/MET 2015 1.67; R01696 İzmir Narlıdere Metro/Uskom 2018 1.81; R06581 İzmir Narlıdere Metro/Bombardier 2018 1.47; R06582 İzmir Narlıdere Metro/Bombardier 2018 2.44 | medyan 1.67 (ekranlı çift bükümlü / sinyal kablosu havuzu) = 1.67 €
Sinyal,229,"Ray devresi / dedektör kablosu 2x2x1,0",4.0,1.67,REF-derin,R00914;R00983;R01696;R06581;R06582,R00914 Kocaeli KentMey.Tram/Haluk 2015 1.07; R00983 Kocaeli KentMey.Tram/MET 2015 1.67; R01696 İzmir Narlıdere Metro/Uskom 2018 1.81; R06581 İzmir Narlıdere Metro/Bombardier 2018 1.47; R06582 İzmir Narlıdere Metro/Bombardier 2018 2.44 | medyan 1.67 (ekranlı çift bükümlü / sinyal kablosu havuzu) = 1.67 €
Sinyal,229,"Sinyal lambası kablosu 12x1,5",7.0,7.0,TAHMIN (emsal yok),,"çok damarlı sinyal kablosu (x1,5) için emsal yok; mevcut tahmin korundu"
Sinyal,229,"Lokal kumanda anahtarı kablosu 7x1,5",4.5,4.5,TAHMIN (emsal yok),,"çok damarlı sinyal kablosu (x1,5) için emsal yok; mevcut tahmin korundu"
Sinyal,229,"TSP/SKP–TSKP arayüz kablosu 19x1,5",10.0,10.0,TAHMIN (emsal yok),,"çok damarlı sinyal kablosu (x1,5) için emsal yok; mevcut tahmin korundu"
Sinyal,229,"Manuel makas konum kontağı kablosu 7x1,5",4.5,4.5,TAHMIN (emsal yok),,"çok damarlı sinyal kablosu (x1,5) için emsal yok; mevcut tahmin korundu"
Sinyal,229,"Yaya geçidi flaş lamba kablosu 3x1,5",2.5,2.23,REF-derin(1),R01698,"R01698 İzmir Narlıdere Metro/Uskom 2018 1.96 (N2XH 3x1,5) | tek emsal 1.96 ile mevcut 2.50 ortalaması"
Sinyal,229,Kabin besleme kablosu NYY 3x6 (TM UPS panosundan),4.5,3.06,REF-derin,R00687;R00850;R00903;R00974,"R00687 İzmir Buca Metro/Türk 2021 3.59→3.31×0.92; R00850 Kocaeli KentMey.Tram/Delta 2015 2.55→2.04×0.8; R00903 Kocaeli KentMey.Tram/Haluk 2015 3.51→2.80×0.8; R00974 Kocaeli KentMey.Tram/MET 2015 4.40→3.52×0.8 | medyan 3.06 (4x6 kablolardan 3x6 için ×0,8; Prysmian malzeme +%15 montaj) = 3.06 €"
Sinyal,229,Kablo koruma borusu HDPE Ø50,3.0,3.0,TAHMIN (emsal yok),,"HDPE kablo koruma borusu emsalleri (R04035,R05059,R05179) çap belirtmiyor; tahmin korundu"
Sinyal,229,Kablo koruma borusu HDPE Ø110 (hat/yol altı),7.0,7.0,TAHMIN (emsal yok),,"HDPE kablo koruma borusu emsalleri (R04035,R05059,R05179) çap belirtmiyor; tahmin korundu"
Sinyal,230,Manuel makas hareket mekanizması – depo,5541.0,4940.38,REF-derin,R06480;R06522;R06547,"R06480 Eminönü Tram/Elektroline 2016 4940.38; R06522 İzmir Konak Tram/Hanning 2014 5055.29; R06547 İzmir Konak Tram/CONTEC 2014 4850.49 | medyan 4940.38 (manuel makas mekanizması, tramvay ≥2014) = 4940.38 € | mevcut REF 5541.00 (-10.8%) düzeltildi"
Sinyal,230,"Manuel makas konum kontağı kablosu 7x1,5 – depo",4.5,4.5,TAHMIN (emsal yok),,"çok damarlı sinyal kablosu (x1,5) için emsal yok; mevcut tahmin korundu"
Sinyal,230,"Ray devresi / dedektör kablosu 2x2x1,0 – depo",4.0,1.67,REF-derin,R00914;R00983;R01696;R06581;R06582,R00914 Kocaeli KentMey.Tram/Haluk 2015 1.07; R00983 Kocaeli KentMey.Tram/MET 2015 1.67; R01696 İzmir Narlıdere Metro/Uskom 2018 1.81; R06581 İzmir Narlıdere Metro/Bombardier 2018 1.47; R06582 İzmir Narlıdere Metro/Bombardier 2018 2.44 | medyan 1.67 (ekranlı çift bükümlü / sinyal kablosu havuzu) = 1.67 €
Sinyal,230,"MSP panel kablosu 24x1,5",12.0,12.0,TAHMIN (emsal yok),,"çok damarlı sinyal kablosu (x1,5) için emsal yok; mevcut tahmin korundu"
Sinyal,230,SKP besleme kablosu NYY 3x6,4.5,3.06,REF-derin,R00687;R00850;R00903;R00974,"R00687 İzmir Buca Metro/Türk 2021 3.59→3.31×0.92; R00850 Kocaeli KentMey.Tram/Delta 2015 2.55→2.04×0.8; R00903 Kocaeli KentMey.Tram/Haluk 2015 3.51→2.80×0.8; R00974 Kocaeli KentMey.Tram/MET 2015 4.40→3.52×0.8 | medyan 3.06 (4x6 kablolardan 3x6 için ×0,8; Prysmian malzeme +%15 montaj) = 3.06 €"
Sinyal,230,SKP–TCC veri bağlantısı 6 core MM FO,3.5,2.75,REF-derin,R01621;R02742;R02802,R01621 İzmir Narlıdere Metro/Uskom 2018 2.75; R02742 Kabataş-Mahmutbey Metro/Uskom 2015 3.13; R02802 Kocaeli KentMey.Tram/Türk 2014 1344.34→2.02×0.0015 | medyan 2.75 (az lifli FO kablo; R02802 malzeme km→m +%50 montaj) = 2.75 €
Sinyal,232,"Sunucu konsolu KVM + 21"" LCD",2500.0,2500.0,TAHMIN (emsal yok),,emsal bulunamadı; mevcut tahmin korundu
Sinyal,232,"19"" sinyalizasyon cihaz dolabı + PDU",4000.0,4000.0,TAHMIN (emsal yok),,emsal bulunamadı; mevcut tahmin korundu
Sinyal,232,Mevcut depo kontrol merkezi entegrasyonu – uyarlama ve lisans,60000.0,60000.0,TAHMIN (emsal yok),,emsal bulunamadı; mevcut tahmin korundu
Katener,220,Ankraj lentesi teçhizatı (ana hat),485.0,485.0,REF-teyit,R03589,"R03589 Başkentray/Usluel 2012 484.69 (çiftli lente (2012, banliyö)) | tek emsal 484.69, sapma -0.1% → teyit"
Katener,220,Ankraj lentesi temeli – kazı (ana hat),8.0,8.0,TAHMIN (emsal yok),,emsal bulunamadı; mevcut tahmin korundu
Katener,220,Ankraj lentesi temeli – grobeton C16,75.0,75.0,TAHMIN (emsal yok),,emsal bulunamadı; mevcut tahmin korundu
Katener,220,Ankraj lentesi temeli – C25/30 beton,95.0,95.0,TAHMIN (emsal yok),,emsal bulunamadı; mevcut tahmin korundu
Katener,220,Ankraj lentesi temeli – kalıp,15.0,15.0,TAHMIN (emsal yok),,emsal bulunamadı; mevcut tahmin korundu
Katener,220,Ankraj lentesi temeli – donatı B500C,0.9,0.9,TAHMIN (emsal yok),,emsal bulunamadı; mevcut tahmin korundu
Katener,220,Ankraj lentesi temeli – ankraj çubuğu/gömme plaka M36,250.0,250.0,TAHMIN (emsal yok),,emsal bulunamadı; mevcut tahmin korundu
Katener,220,Ankraj lentesi temeli – geri dolgu,6.0,6.0,TAHMIN (emsal yok),,emsal bulunamadı; mevcut tahmin korundu
Katener,220,"Destek iletkeni ekleri, pabuçlar, direk çıkış aparatları",150.0,150.0,TAHMIN (emsal yok),,emsal bulunamadı; mevcut tahmin korundu
Katener,220,Tünel/köprü taşıyıcı destek elemanı,2000.0,1381.68,REF-derin(1),R04282,R04282 Kocaeli Tram/Özgür 2014 763.37 (cidara askı/ankraj noktası) | tek emsal 763.37 ile mevcut 2000.00 ortalaması
Katener,220,"Ayırıcı motor enerji kablosu 3×2,5 NYY",4.0,1.91,REF-derin,R00848;R00901;R00972;R01622;R01802;R01827;R02988;R00685;R00727,"R00848 Kocaeli KentMey.Tram/Delta 2015 1.03; R00901 Kocaeli KentMey.Tram/Haluk 2015 1.50; R00972 Kocaeli KentMey.Tram/MET 2015 1.91; R01622 İzmir Narlıdere Metro/Uskom 2018 3.35; R01802 İzmir Narlıdere Metro/Uskom 2018 2.11; R01827 İzmir Narlıdere Metro/Uskom 2018 2.60; +3 emsal | medyan 1.91 (3x2,5 enerji kablosu; Prysmian/üretici malzeme +%30 montaj) = 1.91 €"
Katener,221,Kruvazman katener kesişmesi (depo),4000.0,4000.0,TAHMIN (emsal yok),R03994;R05042;R05137;R04250;R04081,Emsaller yalnız kesişme klemensi/çapraz tutucu; komple düzenek için tahmin korundu
Katener,221,Parafudr 1 kV DC + toprak elektrodu,744.0,950.36,REF-derin,R04117;R04299;R04128,parafudr medyan 368.30 (R04117 İzmir Konak Tram/Usluel 2014 218.27; R04299 Kocaeli Tram/Özgür 2014 518.33) + toprak elektrodu R04128 İzmir Konak Tram/Usluel 2014 582.06 = 950.36 € | mevcut REF 744.00 (+27.7%) düzeltildi
Katener,221,Direk numaralandırma levhası (depo),37.0,37.0,REF-teyit,R05176;R04032;R05056,"R05176 Yerköy-Sivas YHT/Rayba 2016 36.72; R04032/R05056 ~3,3 € (yapıştırma rakam, karşılaştırılamaz) | emaye/alüminyum levha+montaj için mevcut REF 37 teyit"
Katener,221,Depo headspan/portal direği C tipi L=9 m,0.0,0.0,TAHMIN (emsal yok),,Direkler kg bazında (satır 70) fiyatlanıyor; çift sayım önlemek için 0 korundu
Katener,221,Depo headspan/portal direği C tipi L=8 m,0.0,0.0,TAHMIN (emsal yok),,Direkler kg bazında (satır 70) fiyatlanıyor; çift sayım önlemek için 0 korundu
Katener,221,Depo ara direği A tipi L=8 m,1821.0,1189.48,REF-derin,R04103;R04102,"R04103 İzmir Konak Tram/Usluel 2014 1101.76; R04102 İzmir Konak Tram/Usluel 2014 1277.19 | medyan 1189.48 (İzmir Konak Tip A/A1 direk (ankraj tijli, temelsiz)) = 1189.48 € | mevcut REF 1821.00 (-34.7%) düzeltildi"
Katener,221,Depo ankraj direği D tipi L=8 m,0.0,0.0,TAHMIN (emsal yok),,Direkler kg bazında (satır 70) fiyatlanıyor; çift sayım önlemek için 0 korundu
Katener,221,Depo direkleri çelik ağırlığı (galvaniz),2.2,2.2,REF-derin,R04610;R04611,R04610 Kocaeli KentMey.Tram/İMKON 2014 1.77; R04611 Kocaeli KentMey.Tram/İMKON 2014 1.84 | medyan 1.81 ×1.22 (direk imalatı €/kg; +%22 galvaniz+dikim payı) = 2.20 €
Katener,221,Portal kirişi HEB-200,2.2,2.2,REF-derin,R04610;R04611,R04610 Kocaeli KentMey.Tram/İMKON 2014 1.77; R04611 Kocaeli KentMey.Tram/İMKON 2014 1.84 | medyan 1.81 ×1.22 (direk imalatı €/kg; +%22 galvaniz+dikim payı) = 2.20 €
Katener,221,"Depo direk temelleri (fore kazık Ø60, beton, donatı, bulon)",120000.0,120000.0,TAHMIN (emsal yok),,emsal bulunamadı; mevcut tahmin korundu
Katener,221,"Depo lente temelleri (kazı, beton, kalıp, donatı, dolgu)",30000.0,30000.0,TAHMIN (emsal yok),,emsal bulunamadı; mevcut tahmin korundu
Katener,223,T2-B Tipi Katener Direği (17 adet) ankraj bulonu M30 (somun+rondela HDG),22.0,22.0,TAHMIN (emsal yok),,emsal bulunamadı; mevcut tahmin korundu
Katener,224,T2-B1 Tipi Katener Direği (4 adet) gövdesi – galvanizli çelik (imalat+galvaniz+dikim),2.2,2.2,REF-teyit,R04610;R04611,R04610 Kocaeli KentMey.Tram/İMKON 2014 1.77; R04611 Kocaeli KentMey.Tram/İMKON 2014 1.84 | medyan 1.81 ×1.22 (direk imalatı €/kg +%22 galvaniz+dikim) = 2.20 € | sapma +0.1% ≤%10 → mevcut REF teyit
Katener,224,T2-B1 Tipi Katener Direği (4 adet) ankraj bulonu M30 (somun+rondela HDG),22.0,22.0,TAHMIN (emsal yok),,emsal bulunamadı; mevcut tahmin korundu
Katener,224,"T2-B1 Tipi Katener Direği (4 adet) dikim/montaj (vinç, şakül, tork)",300.0,300.0,TAHMIN (emsal yok),,emsal bulunamadı; mevcut tahmin korundu
