  0
SECTION
  2
HEADER
  9
$ACADVER
  1
AC1032
  9
$ACADMAINTVER
 90
      427
  9
$DWGCODEPAGE
  3
ANSI_1252
  9
$LASTSAVEDBY
  1
serhat.celik
  9
$REQUIREDVERSIONS
160
                 0
  9
$INSBASE
 10
0.0
 20
0.0
 30
0.0
  9
$EXTMIN
 10
-25.42130353131601
 20
-2.485963814133719
 30
0.0
  9
$EXTMAX
 10
105.0991631931184
 20
37.3
 30
0.0
  9
$LIMMIN
 10
0.0
 20
0.0
  9
$LIMMAX
 10
420.0
 20
297.0
  9
$ORTHOMODE
 70
     1
  9
$REGENMODE
 70
     1
  9
$FILLMODE
 70
     1
  9
$QTEXTMODE
 70
     0
  9
$MIRRTEXT
 70
     1
  9
$LTSCALE
 40
0.2
  9
$ATTMODE
 70
     1
  9
$TEXTSIZE
 40
2.5
  9
$TRACEWID
 40
1.0
  9
$TEXTSTYLE
  7
ARIAL
  9
$CLAYER
  8
0
  9
$CELTYPE
  6
ByLayer
  9
$CECOLOR
 62
   256
  9
$CELTSCALE
 40
1.0
  9
$DISPSILH
 70
     0
  9
$DIMSCALE
 40
1.0
  9
$DIMASZ
 40
0.175
  9
$DIMEXO
 40
0.125
  9
$DIMDLI
 40
3.75
  9
$DIMRND
 40
0.0
  9
$DIMDLE
 40
0.0
  9
$DIMEXE
 40
0.375
  9
$DIMTP
 40
0.0
  9
$DIMTM
 40
0.0
  9
$DIMTXT
 40
0.25
  9
$DIMCEN
 40
2.5
  9
$DIMTSZ
 40
0.0
  9
$DIMTOL
 70
     0
  9
$DIMLIM
 70
     0
  9
$DIMTIH
 70
     0
  9
$DIMTOH
 70
     0
  9
$DIMSE1
 70
     0
  9
$DIMSE2
 70
     0
  9
$DIMTAD
 70
     1
  9
$DIMZIN
 70
    12
  9
$DIMBLK
  1
ARCHTICK
  9
$DIMASO
 70
     1
  9
$DIMSHO
 70
     1
  9
$DIMPOST
  1

  9
$DIMAPOST
  1

  9
$DIMALT
 70
     0
  9
$DIMALTD
 70
     3
  9
$DIMALTF
 40
0.03937007874
  9
$DIMLFAC
 40
100.0
  9
$DIMTOFL
 70
     1
  9
$DIMTVP
 40
0.0
  9
$DIMTIX
 70
     0
  9
$DIMSOXD
 70
     0
  9
$DIMSAH
 70
     0
  9
$DIMBLK1
  1

  9
$DIMBLK2
  1

  9
$DIMSTYLE
  2
KK50
  9
$DIMCLRD
 70
     0
  9
$DIMCLRE
 70
     0
  9
$DIMCLRT
 70
     0
  9
$DIMTFAC
 40
0.5
  9
$DIMGAP
 40
0.1
  9
$DIMJUST
 70
     0
  9
$DIMSD1
 70
     0
  9
$DIMSD2
 70
     0
  9
$DIMTOLJ
 70
     0
  9
$DIMTZIN
 70
     8
  9
$DIMALTZ
 70
     0
  9
$DIMALTTZ
 70
     0
  9
$DIMUPT
 70
     1
  9
$DIMDEC
 70
     2
  9
$DIMTDEC
 70
     2
  9
$DIMALTU
 70
     2
  9
$DIMALTTD
 70
     3
  9
$DIMTXSTY
  7
OpenSansCondensed-Light
  9
$DIMAUNIT
 70
     0
  9
$DIMADEC
 70
     2
  9
$DIMALTRND
 40
0.0
  9
$DIMAZIN
 70
     3
  9
$DIMDSEP
 70
    46
  9
$DIMATFIT
 70
     3
  9
$DIMFRAC
 70
     0
  9
$DIMLDRBLK
  1

  9
$DIMLUNIT
 70
     2
  9
$DIMLWD
 70
    -2
  9
$DIMLWE
 70
    -2
  9
$DIMTMOVE
 70
     2
  9
$DIMFXL
 40
1.0
  9
$DIMFXLON
 70
     0
  9
$DIMJOGANG
 40
0.785398163397
  9
$DIMTFILL
 70
     0
  9
$DIMTFILLCLR
 70
     0
  9
$DIMARCSYM
 70
     0
  9
$DIMLTYPE
  6

  9
$DIMLTEX1
  6

  9
$DIMLTEX2
  6

  9
$DIMTXTDIRECTION
 70
     0
  9
$LUNITS
 70
     2
  9
$LUPREC
 70
     4
  9
$SKETCHINC
 40
1.0
  9
$FILLETRAD
 40
10.0
  9
$AUNITS
 70
     0
  9
$AUPREC
 70
     2
  9
$MENU
  1
.
  9
$ELEVATION
 40
0.0
  9
$PELEVATION
 40
0.0
  9
$THICKNESS
 40
0.0
  9
$LIMCHECK
 70
     0
  9
$CHAMFERA
 40
0.0
  9
$CHAMFERB
 40
0.0
  9
$CHAMFERC
 40
0.0
  9
$CHAMFERD
 40
0.0
  9
$SKPOLY
 70
     0
  9
$TDCREATE
 40
2458532.278993056
  9
$TDUCREATE
 40
2458532.153996898
  9
$TDUPDATE
 40
2461321.644201389
  9
$TDUUPDATE
 40
2461321.519201389
  9
$TDINDWG
 40
0.0034375000
  9
$TDUSRTIMER
 40
0.0034375000
  9
$USRTIMER
 70
     1
  9
$ANGBASE
 50
0.0
  9
$ANGDIR
 70
     0
  9
$PDMODE
 70
     0
  9
$PDSIZE
 40
0.0
  9
$PLINEWID
 40
0.0
  9
$SPLFRAME
 70
     0
  9
$SPLINETYPE
 70
     6
  9
$SPLINESEGS
 70
     8
  9
$HANDSEED
  5
8CF
  9
$SURFTAB1
 70
     6
  9
$SURFTAB2
 70
     6
  9
$SURFTYPE
 70
     6
  9
$SURFU
 70
     6
  9
$SURFV
 70
     6
  9
$UCSBASE
  2

  9
$UCSNAME
  2

  9
$UCSORG
 10
0.0
 20
0.0
 30
0.0
  9
$UCSXDIR
 10
1.0
 20
0.0
 30
0.0
  9
$UCSYDIR
 10
0.0
 20
1.0
 30
0.0
  9
$UCSORTHOREF
  2

  9
$UCSORTHOVIEW
 70
     0
  9
$UCSORGTOP
 10
0.0
 20
0.0
 30
0.0
  9
$UCSORGBOTTOM
 10
0.0
 20
0.0
 30
0.0
  9
$UCSORGLEFT
 10
0.0
 20
0.0
 30
0.0
  9
$UCSORGRIGHT
 10
0.0
 20
0.0
 30
0.0
  9
$UCSORGFRONT
 10
0.0
 20
0.0
 30
0.0
  9
$UCSORGBACK
 10
0.0
 20
0.0
 30
0.0
  9
$PUCSBASE
  2

  9
$PUCSNAME
  2

  9
$PUCSORG
 10
0.0
 20
0.0
 30
0.0
  9
$PUCSXDIR
 10
1.0
 20
0.0
 30
0.0
  9
$PUCSYDIR
 10
0.0
 20
1.0
 30
0.0
  9
$PUCSORTHOREF
  2

  9
$PUCSORTHOVIEW
 70
     0
  9
$PUCSORGTOP
 10
0.0
 20
0.0
 30
0.0
  9
$PUCSORGBOTTOM
 10
0.0
 20
0.0
 30
0.0
  9
$PUCSORGLEFT
 10
0.0
 20
0.0
 30
0.0
  9
$PUCSORGRIGHT
 10
0.0
 20
0.0
 30
0.0
  9
$PUCSORGFRONT
 10
0.0
 20
0.0
 30
0.0
  9
$PUCSORGBACK
 10
0.0
 20
0.0
 30
0.0
  9
$USERI1
 70
     0
  9
$USERI2
 70
     0
  9
$USERI3
 70
     0
  9
$USERI4
 70
     0
  9
$USERI5
 70
     0
  9
$USERR1
 40
0.0
  9
$USERR2
 40
0.0
  9
$USERR3
 40
0.0
  9
$USERR4
 40
0.0
  9
$USERR5
 40
0.0
  9
$WORLDVIEW
 70
     1
  9
$SHADEDGE
 70
     3
  9
$SHADEDIF
 70
    70
  9
$TILEMODE
 70
     1
  9
$MAXACTVP
 70
    64
  9
$PINSBASE
 10
0.0
 20
0.0
 30
0.0
  9
$PLIMCHECK
 70
     0
  9
$PEXTMIN
 10
1.000000000000000E+20
 20
1.000000000000000E+20
 30
1.000000000000000E+20
  9
$PEXTMAX
 10
-1.000000000000000E+20
 20
-1.000000000000000E+20
 30
-1.000000000000000E+20
  9
$PLIMMIN
 10
0.0
 20
0.0
  9
$PLIMMAX
 10
420.0
 20
297.0
  9
$UNITMODE
 70
     0
  9
$VISRETAIN
 70
     1
  9
$PLINEGEN
 70
     0
  9
$PSLTSCALE
 70
     1
  9
$TREEDEPTH
 70
  3020
  9
$CMLSTYLE
  2
Standard
  9
$CMLJUST
 70
     0
  9
$CMLSCALE
 40
20.0
  9
$PROXYGRAPHICS
 70
     1
  9
$MEASUREMENT
 70
     1
  9
$CELWEIGHT
370
    -1
  9
$ENDCAPS
280
     0
  9
$JOINSTYLE
280
     0
  9
$LWDISPLAY
290
     1
  9
$INSUNITS
 70
     6
  9
$HYPERLINKBASE
  1

  9
$STYLESHEET
  1

  9
$XEDIT
290
     1
  9
$CEPSNTYPE
380
     0
  9
$PSTYLEMODE
290
     1
  9
$FINGERPRINTGUID
  2
{62484F37-2E13-4E75-A611-C31361392211}
  9
$VERSIONGUID
  2
{2BA078A6-DA62-4C45-BD78-CDB71CB6707B}
  9
$EXTNAMES
290
     1
  9
$PSVPSCALE
 40
0.0
  9
$OLESTARTUP
290
     0
  9
$SORTENTS
280
   127
  9
$INDEXCTL
280
     0
  9
$HIDETEXT
280
     1
  9
$XCLIPFRAME
280
     1
  9
$HALOGAP
280
     0
  9
$OBSCOLOR
 70
   257
  9
$OBSLTYPE
280
     0
  9
$INTERSECTIONDISPLAY
280
     0
  9
$INTERSECTIONCOLOR
 70
   257
  9
$DIMASSOC
280
     2
  9
$PROJECTNAME
  1
ZIVER PETROL LPG KK
  9
$CAMERADISPLAY
290
     0
  9
$LENSLENGTH
 40
50.0
  9
$CAMERAHEIGHT
 40
0.0
  9
$STEPSPERSEC
 40
24.0
  9
$STEPSIZE
 40
100.0
  9
$3DDWFPREC
 40
2.0
  9
$PSOLWIDTH
 40
0.005
  9
$PSOLHEIGHT
 40
0.08
  9
$LOFTANG1
 40
1.570796326795
  9
$LOFTANG2
 40
1.570796326795
  9
$LOFTMAG1
 40
0.0
  9
$LOFTMAG2
 40
0.0
  9
$LOFTPARAM
 70
     7
  9
$LOFTNORMALS
280
     1
  9
$LATITUDE
 40
37.795
  9
$LONGITUDE
 40
-122.394
  9
$NORTHDIRECTION
 40
0.0
  9
$TIMEZONE
 70
 -8000
  9
$LIGHTGLYPHDISPLAY
280
     1
  9
$TILEMODELIGHTSYNCH
280
     1
  9
$CMATERIAL
347
20
  9
$SOLIDHIST
280
     0
  9
$SHOWHIST
280
     1
  9
$DWFFRAME
280
     2
  9
$DGNFRAME
280
     2
  9
$REALWORLDSCALE
290
     1
  9
$INTERFERECOLOR
 62
   256
  9
$INTERFEREOBJVS
345
6B
  9
$INTERFEREVPVS
346
71
  9
$CSHADOW
280
     0
  9
$SHADOWPLANELOCATION
 40
0.0
  0
ENDSEC
  0
SECTION
  2
CLASSES
  0
CLASS
  1
ACDBDICTIONARYWDFLT
  2
AcDbDictionaryWithDefault
  3
ObjectDBX Classes
 90
        0
 91
        1
280
     0
281
     0
  0
CLASS
  1
SUN
  2
AcDbSun
  3
SCENEOE
 90
     1153
 91
        0
280
     0
281
     0
  0
CLASS
  1
VISUALSTYLE
  2
AcDbVisualStyle
  3
ObjectDBX Classes
 90
     4095
 91
       25
280
     0
281
     0
  0
CLASS
  1
MATERIAL
  2
AcDbMaterial
  3
ObjectDBX Classes
 90
     1153
 91
        3
280
     0
281
     0
  0
CLASS
  1
SCALE
  2
AcDbScale
  3
ObjectDBX Classes
 90
     1153
 91
       17
280
     0
281
     0
  0
CLASS
  1
TABLESTYLE
  2
AcDbTableStyle
  3
ObjectDBX Classes
 90
     4095
 91
        1
280
     0
281
     0
  0
CLASS
  1
MLEADERSTYLE
  2
AcDbMLeaderStyle
  3
ACDB_MLEADERSTYLE_CLASS
 90
     4095
 91
        1
280
     0
281
     0
  0
CLASS
  1
DICTIONARYVAR
  2
AcDbDictionaryVar
  3
ObjectDBX Classes
 90
        0
 91
        7
280
     0
281
     0
  0
CLASS
  1
CELLSTYLEMAP
  2
AcDbCellStyleMap
  3
ObjectDBX Classes
 90
     1152
 91
        4
280
     0
281
     0
  0
CLASS
  1
MENTALRAYRENDERSETTINGS
  2
AcDbMentalRayRenderSettings
  3
SCENEOE
 90
     1024
 91
        0
280
     0
281
     0
  0
CLASS
  1
ACDBDETAILVIEWSTYLE
  2
AcDbDetailViewStyle
  3
ObjectDBX Classes
 90
     1025
 91
        1
280
     0
281
     0
  0
CLASS
  1
ACDBSECTIONVIEWSTYLE
  2
AcDbSectionViewStyle
  3
ObjectDBX Classes
 90
     1025
 91
        1
280
     0
281
     0
  0
CLASS
  1
RASTERVARIABLES
  2
AcDbRasterVariables
  3
ISM
 90
        0
 91
        0
280
     0
281
     0
  0
CLASS
  1
DIMASSOC
  2
AcDbDimAssoc
  3
"AcDbDimAssoc|Product Desc:     AcDim ARX App For Dimension|Company:          Autodesk, Inc.|WEB Address:      www.autodesk.com"
 90
        0
 91
        2
280
     0
281
     0
  0
ENDSEC
  0
SECTION
  2
TABLES
  0
TABLE
  2
VPORT
  5
8
330
0
100
AcDbSymbolTable
 70
     1
  0
VPORT
  5
23
330
8
100
AcDbSymbolTableRecord
100
AcDbViewportTableRecord
  2
*Active
 70
     0
 10
0.0
 20
0.0
 11
1.0
 21
1.0
 12
36.95869681153408
 22
31.03684171199494
 13
0.0
 23
0.0
 14
0.5
 24
0.5
 15
0.5
 25
0.5
 16
0.0
 26
0.0
 36
1.0
 17
0.0
 27
0.0
 37
0.0
 40
123.9726064949975
 41
2.351715686274509
 42
50.0
 43
0.0
 44
0.0
 50
0.0
 51
0.0
 71
     0
 72
  1000
 73
     1
 74
     3
 75
     0
 76
     0
 77
     0
 78
     0
281
     0
 65
     0
110
0.0
120
0.0
130
0.0
111
1.0
121
0.0
131
0.0
112
0.0
122
1.0
132
0.0
 79
     0
146
0.0
348
5A
 60
     3
 61
     5
292
     1
282
     1
141
0.0
142
0.0
 63
   250
421
  3355443
1001
ACAD_NAV_VCDISPLAY
1070
     3
  0
ENDTAB
  0
TABLE
  2
LTYPE
  5
2
330
0
100
AcDbSymbolTable
 70
    19
  0
LTYPE
  5
24
330
2
100
AcDbSymbolTableRecord
100
AcDbLinetypeTableRecord
  2
ByBlock
 70
     0
  3

 72
    65
 73
     0
 40
0.0
  0
LTYPE
  5
25
330
2
100
AcDbSymbolTableRecord
100
AcDbLinetypeTableRecord
  2
ByLayer
 70
     0
  3

 72
    65
 73
     0
 40
0.0
  0
LTYPE
  5
26
330
2
100
AcDbSymbolTableRecord
100
AcDbLinetypeTableRecord
  2
Continuous
 70
     0
  3

 72
    65
 73
     0
 40
0.0
  0
LTYPE
  5
2F
330
2
100
AcDbSymbolTableRecord
100
AcDbLinetypeTableRecord
  2
CENTER
 70
     0
  3
Center ____ _ ____ _ ____ _ ____ _ ____ _ ____
 72
    65
 73
     4
 40
5.08
 49
3.174999999999999
 74
     0
 49
-0.635
 74
     0
 49
0.635
 74
     0
 49
-0.635
 74
     0
  0
LTYPE
  5
30
330
2
100
AcDbSymbolTableRecord
100
AcDbLinetypeTableRecord
  2
CENTERX2
 70
     0
  3
Center (2x) ________  __  ________  __  ________
 72
    65
 73
     4
 40
8.89
 49
6.349999999999999
 74
     0
 49
-0.635
 74
     0
 49
1.27
 74
     0
 49
-0.635
 74
     0
  0
LTYPE
  5
31
330
2
100
AcDbSymbolTableRecord
100
AcDbLinetypeTableRecord
  2
CENTER2
 70
     0
  3
Center (.5x) ____ _ ____ _ ____ _ ____ _ ____
 72
    65
 73
     4
 40
2.54
 49
1.586999999999999
 74
     0
 49
-0.318
 74
     0
 49
0.318
 74
     0
 49
-0.318
 74
     0
  0
LTYPE
  5
32
330
2
100
AcDbSymbolTableRecord
100
AcDbLinetypeTableRecord
  2
DASHED
 70
     0
  3
Dashed __ __ __ __ __ __ __ __ __ __ __ __ __ _
 72
    65
 73
     2
 40
1.524
 49
1.27
 74
     0
 49
-0.254
 74
     0
  0
LTYPE
  5
33
330
2
100
AcDbSymbolTableRecord
100
AcDbLinetypeTableRecord
  2
DASHEDX2
 70
     0
  3
Dashed (2x) ____  ____  ____  ____  ____  ____
 72
    65
 73
     2
 40
3.048
 49
2.54
 74
     0
 49
-0.508
 74
     0
  0
LTYPE
  5
34
330
2
100
AcDbSymbolTableRecord
100
AcDbLinetypeTableRecord
  2
DASHED2
 70
     0
  3
Dashed (.5x) _ _ _ _ _ _ _ _ _ _ _ _ _ _
 72
    65
 73
     2
 40
0.762
 49
0.635
 74
     0
 49
-0.127
 74
     0
  0
LTYPE
  5
35
330
2
100
AcDbSymbolTableRecord
100
AcDbLinetypeTableRecord
  2
PHANTOM
 70
     0
  3
Phantom ______  __  __  ______  __  __  ______
 72
    65
 73
     6
 40
6.349999999999999
 49
3.174999999999999
 74
     0
 49
-0.635
 74
     0
 49
0.635
 74
     0
 49
-0.635
 74
     0
 49
0.635
 74
     0
 49
-0.635
 74
     0
  0
LTYPE
  5
36
330
2
100
AcDbSymbolTableRecord
100
AcDbLinetypeTableRecord
  2
PHANTOMX2
 70
     0
  3
Phantom (2x)____________    ____    ____    ____________
 72
    65
 73
     6
 40
10.795
 49
6.349999999999999
 74
     0
 49
-0.635
 74
     0
 49
1.27
 74
     0
 49
-0.635
 74
     0
 49
1.27
 74
     0
 49
-0.635
 74
     0
  0
LTYPE
  5
37
330
2
100
AcDbSymbolTableRecord
100
AcDbLinetypeTableRecord
  2
PHANTOM2
 70
     0
  3
Phantom (.5x) ___ _ _ ___ _ _ ___ _ _ ___ _ _ ___
 72
    65
 73
     6
 40
3.174999999999999
 49
1.586999999999999
 74
     0
 49
-0.318
 74
     0
 49
0.318
 74
     0
 49
-0.318
 74
     0
 49
0.318
 74
     0
 49
-0.318
 74
     0
  0
LTYPE
  5
38
330
2
100
AcDbSymbolTableRecord
100
AcDbLinetypeTableRecord
  2
DASHDOT
 70
     0
  3
Dash dot __ . __ . __ . __ . __ . __ . __ . __
 72
    65
 73
     4
 40
3.556
 49
2.54
 74
     0
 49
-0.508
 74
     0
 49
0.0
 74
     0
 49
-0.508
 74
     0
  0
LTYPE
  5
39
330
2
100
AcDbSymbolTableRecord
100
AcDbLinetypeTableRecord
  2
DASHDOTX2
 70
     0
  3
Dash dot (2x) ____  .  ____  .  ____  .  ____
 72
    65
 73
     4
 40
6.096
 49
5.08
 74
     0
 49
-0.508
 74
     0
 49
0.0
 74
     0
 49
-0.508
 74
     0
  0
LTYPE
  5
3A
330
2
100
AcDbSymbolTableRecord
100
AcDbLinetypeTableRecord
  2
DASHDOT2
 70
     0
  3
Dash dot (.5x) _ . _ . _ . _ . _ . _ . _ . _
 72
    65
 73
     4
 40
1.778
 49
1.27
 74
     0
 49
-0.254
 74
     0
 49
0.0
 74
     0
 49
-0.254
 74
     0
  0
LTYPE
  5
3B
330
2
100
AcDbSymbolTableRecord
100
AcDbLinetypeTableRecord
  2
DOT
 70
     0
  3
Dot .  .  .  .  .  .  .  .  .  .  .  .  .  .  .  .
 72
    65
 73
     2
 40
0.508
 49
0.0
 74
     0
 49
-0.508
 74
     0
  0
LTYPE
  5
3C
330
2
100
AcDbSymbolTableRecord
100
AcDbLinetypeTableRecord
  2
DOTX2
 70
     0
  3
Dot (2x) .    .    .    .    .    .    .    . 
 72
    65
 73
     2
 40
1.016
 49
0.0
 74
     0
 49
-1.016
 74
     0
  0
LTYPE
  5
3D
330
2
100
AcDbSymbolTableRecord
100
AcDbLinetypeTableRecord
  2
DOT2
 70
     0
  3
Dot (.5) . . . . . . . . . . . . . . . . . . . 
 72
    65
 73
     2
 40
0.254
 49
0.0
 74
     0
 49
-0.254
 74
     0
  0
LTYPE
  5
3E
330
2
100
AcDbSymbolTableRecord
100
AcDbLinetypeTableRecord
  2
DIVIDE
 70
     0
  3
Divide __ . . __ . . __ . . __ . . __ . . __
 72
    65
 73
     6
 40
4.064
 49
2.54
 74
     0
 49
-0.508
 74
     0
 49
0.0
 74
     0
 49
-0.508
 74
     0
 49
0.0
 74
     0
 49
-0.508
 74
     0
  0
LTYPE
  5
3F
330
2
100
AcDbSymbolTableRecord
100
AcDbLinetypeTableRecord
  2
DIVIDEX2
 70
     0
  3
Divide (2x) ____  . .  ____  . .  ____  . .  ____
 72
    65
 73
     6
 40
6.604
 49
5.08
 74
     0
 49
-0.508
 74
     0
 49
0.0
 74
     0
 49
-0.508
 74
     0
 49
0.0
 74
     0
 49
-0.508
 74
     0
  0
LTYPE
  5
40
330
2
100
AcDbSymbolTableRecord
100
AcDbLinetypeTableRecord
  2
DIVIDE2
 70
     0
  3
Divide(.5x) _ . _ . _ . _ . _ . _ . _ . _
 72
    65
 73
     6
 40
2.032
 49
1.27
 74
     0
 49
-0.254
 74
     0
 49
0.0
 74
     0
 49
-0.254
 74
     0
 49
0.0
 74
     0
 49
-0.254
 74
     0
  0
ENDTAB
  0
TABLE
  2
LAYER
  5
1
102
{ACAD_XDICTIONARY
360
8A1
102
}
330
0
100
AcDbSymbolTable
 70
    45
  0
LAYER
  5
27
330
1
100
AcDbSymbolTableRecord
100
AcDbLayerTableRecord
  2
0
 70
     0
 62
     7
  6
Continuous
370
    -3
390
13
347
21
348
0
  0
LAYER
  5
28
330
1
100
AcDbSymbolTableRecord
100
AcDbLayerTableRecord
  2
Defpoints
 70
     0
 62
     7
  6
Continuous
290
     0
370
    -3
390
13
347
21
348
0
  0
LAYER
  5
8B
330
1
100
AcDbSymbolTableRecord
100
AcDbLayerTableRecord
  2
PAFTA
 70
     0
 62
     7
  6
Continuous
370
    70
390
13
347
21
348
0
  0
LAYER
  5
8C
330
1
100
AcDbSymbolTableRecord
100
AcDbLayerTableRecord
  2
ANTET
 70
     0
 62
     7
  6
Continuous
370
    35
390
13
347
21
348
0
  0
LAYER
  5
8D
330
1
100
AcDbSymbolTableRecord
100
AcDbLayerTableRecord
  2
ANTET-INCE
 70
     0
 62
     8
  6
Continuous
370
    18
390
13
347
21
348
0
  0
LAYER
  5
8E
330
1
100
AcDbSymbolTableRecord
100
AcDbLayerTableRecord
  2
ANTET-LOGO
 70
     0
 62
     1
  6
Continuous
370
    50
390
13
347
21
348
0
  0
LAYER
  5
8F
330
1
100
AcDbSymbolTableRecord
100
AcDbLayerTableRecord
  2
YOL
 70
     0
 62
     8
  6
DASHED
370
    25
390
13
347
21
348
0
  0
LAYER
  5
90
330
1
100
AcDbSymbolTableRecord
100
AcDbLayerTableRecord
  2
BINA
 70
     0
 62
     7
  6
Continuous
370
    50
390
13
347
21
348
0
  0
LAYER
  5
91
330
1
100
AcDbSymbolTableRecord
100
AcDbLayerTableRecord
  2
BINA-TARAMA
 70
     0
 62
     8
  6
Continuous
370
     9
390
13
347
21
348
0
  0
LAYER
  5
92
330
1
100
AcDbSymbolTableRecord
100
AcDbLayerTableRecord
  2
KANOPI
 70
     0
 62
     4
  6
DASHDOT
370
    25
390
13
347
21
348
0
  0
LAYER
  5
93
330
1
100
AcDbSymbolTableRecord
100
AcDbLayerTableRecord
  2
KOLON
 70
     0
 62
     7
  6
Continuous
370
    35
390
13
347
21
348
0
  0
LAYER
  5
94
330
1
100
AcDbSymbolTableRecord
100
AcDbLayerTableRecord
  2
ADA
 70
     0
 62
     3
  6
Continuous
370
    35
390
13
347
21
348
0
  0
LAYER
  5
95
330
1
100
AcDbSymbolTableRecord
100
AcDbLayerTableRecord
  2
ADA-TARAMA
 70
     0
 62
     8
  6
Continuous
370
     9
390
13
347
21
348
0
  0
LAYER
  5
96
330
1
100
AcDbSymbolTableRecord
100
AcDbLayerTableRecord
  2
DISPENSER
 70
     0
 62
     2
  6
Continuous
370
    35
390
13
347
21
348
0
  0
LAYER
  5
97
330
1
100
AcDbSymbolTableRecord
100
AcDbLayerTableRecord
  2
LPG-SAHA
 70
     0
 62
     1
  6
Continuous
370
    35
390
13
347
21
348
0
  0
LAYER
  5
98
330
1
100
AcDbSymbolTableRecord
100
AcDbLayerTableRecord
  2
CIT
 70
     0
 62
     1
  6
Continuous
370
    25
390
13
347
21
348
0
  0
LAYER
  5
99
330
1
100
AcDbSymbolTableRecord
100
AcDbLayerTableRecord
  2
SAHA-TARAMA
 70
     0
 62
     9
  6
Continuous
370
     9
390
13
347
21
348
0
  0
LAYER
  5
9A
330
1
100
AcDbSymbolTableRecord
100
AcDbLayerTableRecord
  2
BARIYER
 70
     0
 62
     2
  6
Continuous
370
    25
390
13
347
21
348
0
  0
LAYER
  5
9B
330
1
100
AcDbSymbolTableRecord
100
AcDbLayerTableRecord
  2
YANGIN
 70
     0
 62
     1
  6
Continuous
370
    25
390
13
347
21
348
0
  0
LAYER
  5
9C
330
1
100
AcDbSymbolTableRecord
100
AcDbLayerTableRecord
  2
LPG-TANK
 70
     0
 62
     1
  6
DASHED2
370
    35
390
13
347
21
348
0
  0
LAYER
  5
9D
330
1
100
AcDbSymbolTableRecord
100
AcDbLayerTableRecord
  2
EKSEN
 70
     0
 62
     8
  6
CENTER2
370
    13
390
13
347
21
348
0
  0
LAYER
  5
9E
330
1
100
AcDbSymbolTableRecord
100
AcDbLayerTableRecord
  2
GIZLI
 70
     0
 62
     8
  6
DASHED2
370
    13
390
13
347
21
348
0
  0
LAYER
  5
9F
330
1
100
AcDbSymbolTableRecord
100
AcDbLayerTableRecord
  2
LPG-HAT
 70
     0
 62
     6
  6
Continuous
370
    50
390
13
347
21
348
0
  0
LAYER
  5
A0
330
1
100
AcDbSymbolTableRecord
100
AcDbLayerTableRecord
  2
KK-ANOT
 70
     0
 62
    30
  6
Continuous
370
    35
390
13
347
21
348
0
  0
LAYER
  5
A1
330
1
100
AcDbSymbolTableRecord
100
AcDbLayerTableRecord
  2
KK-KABLO
 70
     0
 62
     5
  6
DASHED2
370
    25
390
13
347
21
348
0
  0
LAYER
  5
A2
330
1
100
AcDbSymbolTableRecord
100
AcDbLayerTableRecord
  2
KK-OLCUM
 70
     0
 62
     2
  6
Continuous
370
    35
390
13
347
21
348
0
  0
LAYER
  5
A3
330
1
100
AcDbSymbolTableRecord
100
AcDbLayerTableRecord
  2
KK-IZOLASYON
 70
     0
 62
   140
  6
Continuous
370
    35
390
13
347
21
348
0
  0
LAYER
  5
A4
330
1
100
AcDbSymbolTableRecord
100
AcDbLayerTableRecord
  2
KESIT-HATTI
 70
     0
 62
     1
  6
DASHDOT
370
    50
390
13
347
21
348
0
  0
LAYER
  5
A5
330
1
100
AcDbSymbolTableRecord
100
AcDbLayerTableRecord
  2
OLCU
 70
     0
 62
     8
  6
Continuous
370
    13
390
13
347
21
348
0
  0
LAYER
  5
A6
330
1
100
AcDbSymbolTableRecord
100
AcDbLayerTableRecord
  2
YAZI
 70
     0
 62
     7
  6
Continuous
370
    18
390
13
347
21
348
0
  0
LAYER
  5
A7
330
1
100
AcDbSymbolTableRecord
100
AcDbLayerTableRecord
  2
BASLIK
 70
     0
 62
     7
  6
Continuous
370
    35
390
13
347
21
348
0
  0
LAYER
  5
A8
330
1
100
AcDbSymbolTableRecord
100
AcDbLayerTableRecord
  2
BALON
 70
     0
 62
     7
  6
Continuous
370
    18
390
13
347
21
348
0
  0
LAYER
  5
A9
330
1
100
AcDbSymbolTableRecord
100
AcDbLayerTableRecord
  2
KESIT
 70
     0
 62
     7
  6
Continuous
370
    50
390
13
347
21
348
0
  0
LAYER
  5
AA
330
1
100
AcDbSymbolTableRecord
100
AcDbLayerTableRecord
  2
KESIT-INCE
 70
     0
 62
     8
  6
Continuous
370
    18
390
13
347
21
348
0
  0
LAYER
  5
AB
330
1
100
AcDbSymbolTableRecord
100
AcDbLayerTableRecord
  2
KESIT-TARAMA
 70
     0
 62
     8
  6
Continuous
370
     9
390
13
347
21
348
0
  0
LAYER
  5
AC
330
1
100
AcDbSymbolTableRecord
100
AcDbLayerTableRecord
  2
DETAY
 70
     0
 62
     7
  6
Continuous
370
    35
390
13
347
21
348
0
  0
LAYER
  5
AD
330
1
100
AcDbSymbolTableRecord
100
AcDbLayerTableRecord
  2
DETAY-INCE
 70
     0
 62
     8
  6
Continuous
370
    18
390
13
347
21
348
0
  0
LAYER
  5
AE
330
1
100
AcDbSymbolTableRecord
100
AcDbLayerTableRecord
  2
DETAY-TARAMA
 70
     0
 62
     8
  6
Continuous
370
     9
390
13
347
21
348
0
  0
LAYER
  5
AF
330
1
100
AcDbSymbolTableRecord
100
AcDbLayerTableRecord
  2
PERSPEKTIF
 70
     0
 62
     7
  6
Continuous
370
    35
390
13
347
21
348
0
  0
LAYER
  5
B0
330
1
100
AcDbSymbolTableRecord
100
AcDbLayerTableRecord
  2
PERSPEKTIF-INCE
 70
     0
 62
     8
  6
Continuous
370
    13
390
13
347
21
348
0
  0
LAYER
  5
B1
330
1
100
AcDbSymbolTableRecord
100
AcDbLayerTableRecord
  2
IZO
 70
     0
 62
     7
  6
Continuous
370
    25
390
13
347
21
348
0
  0
LAYER
  5
B2
330
1
100
AcDbSymbolTableRecord
100
AcDbLayerTableRecord
  2
IZO-HAT
 70
     0
 62
     6
  6
Continuous
370
    50
390
13
347
21
348
0
  0
LAYER
  5
B3
330
1
100
AcDbSymbolTableRecord
100
AcDbLayerTableRecord
  2
IZO-VANA
 70
     0
 62
     3
  6
Continuous
370
    25
390
13
347
21
348
0
  0
LAYER
  5
B4
330
1
100
AcDbSymbolTableRecord
100
AcDbLayerTableRecord
  2
TABLO
 70
     0
 62
     7
  6
Continuous
370
    25
390
13
347
21
348
0
  0
LAYER
  5
B5
330
1
100
AcDbSymbolTableRecord
100
AcDbLayerTableRecord
  2
TABLO-INCE
 70
     0
 62
     8
  6
Continuous
370
    13
390
13
347
21
348
0
  0
ENDTAB
  0
TABLE
  2
STYLE
  5
5
330
0
100
AcDbSymbolTable
 70
    27
  0
STYLE
  5
29
330
5
100
AcDbSymbolTableRecord
100
AcDbTextStyleTableRecord
  2
Standard
 70
     0
 40
0.0
 41
1.0
 50
0.0
 71
     0
 42
2.5
  3
txt
  4

  0
STYLE
  5
41
330
5
100
AcDbSymbolTableRecord
100
AcDbTextStyleTableRecord
  2
OpenSans-Light
 70
     0
 40
0.0
 41
1.0
 50
0.0
 71
     0
 42
2.5
  3
OpenSans-Light.ttf
  4

  0
STYLE
  5
42
330
5
100
AcDbSymbolTableRecord
100
AcDbTextStyleTableRecord
  2
OpenSans-Light-Italic
 70
     0
 40
0.0
 41
1.0
 50
0.0
 71
     0
 42
2.5
  3
OpenSans-LightItalic.ttf
  4

  0
STYLE
  5
43
330
5
100
AcDbSymbolTableRecord
100
AcDbTextStyleTableRecord
  2
OpenSans
 70
     0
 40
0.0
 41
1.0
 50
0.0
 71
     0
 42
2.5
  3
OpenSans-Regular.ttf
  4

  0
STYLE
  5
44
330
5
100
AcDbSymbolTableRecord
100
AcDbTextStyleTableRecord
  2
OpenSans-Italic
 70
     0
 40
0.0
 41
1.0
 50
0.0
 71
     0
 42
2.5
  3
OpenSans-Italic.ttf
  4

  0
STYLE
  5
45
330
5
100
AcDbSymbolTableRecord
100
AcDbTextStyleTableRecord
  2
OpenSans-SemiBold
 70
     0
 40
0.0
 41
1.0
 50
0.0
 71
     0
 42
2.5
  3
OpenSans-SemiBold.ttf
  4

  0
STYLE
  5
46
330
5
100
AcDbSymbolTableRecord
100
AcDbTextStyleTableRecord
  2
OpenSans-SemiBoldItalic
 70
     0
 40
0.0
 41
1.0
 50
0.0
 71
     0
 42
2.5
  3
OpenSans-SemiBoldItalic.ttf
  4

  0
STYLE
  5
47
330
5
100
AcDbSymbolTableRecord
100
AcDbTextStyleTableRecord
  2
OpenSans-Bold
 70
     0
 40
0.0
 41
1.0
 50
0.0
 71
     0
 42
2.5
  3
OpenSans-Bold.ttf
  4

  0
STYLE
  5
48
330
5
100
AcDbSymbolTableRecord
100
AcDbTextStyleTableRecord
  2
OpenSans-BoldItalic
 70
     0
 40
0.0
 41
1.0
 50
0.0
 71
     0
 42
2.5
  3
OpenSans-BoldItalic.ttf
  4

  0
STYLE
  5
49
330
5
100
AcDbSymbolTableRecord
100
AcDbTextStyleTableRecord
  2
OpenSans-ExtraBold
 70
     0
 40
0.0
 41
1.0
 50
0.0
 71
     0
 42
2.5
  3
OpenSans-ExtraBold.ttf
  4

  0
STYLE
  5
4A
330
5
100
AcDbSymbolTableRecord
100
AcDbTextStyleTableRecord
  2
OpenSans-ExtraBoldItalic
 70
     0
 40
0.0
 41
1.0
 50
0.0
 71
     0
 42
2.5
  3
OpenSans-ExtraBoldItalic.ttf
  4

  0
STYLE
  5
4B
330
5
100
AcDbSymbolTableRecord
100
AcDbTextStyleTableRecord
  2
OpenSansCondensed-Bold
 70
     0
 40
0.0
 41
1.0
 50
0.0
 71
     0
 42
2.5
  3
OpenSansCondensed-Bold.ttf
  4

  0
STYLE
  5
4C
330
5
100
AcDbSymbolTableRecord
100
AcDbTextStyleTableRecord
  2
OpenSansCondensed-Light
 70
     0
 40
0.0
 41
1.0
 50
0.0
 71
     0
 42
2.5
  3
OpenSansCondensed-Light.ttf
  4

  0
STYLE
  5
4D
330
5
100
AcDbSymbolTableRecord
100
AcDbTextStyleTableRecord
  2
OpenSansCondensed-Italic
 70
     0
 40
0.0
 41
1.0
 50
0.0
 71
     0
 42
2.5
  3
OpenSansCondensed-LightItalic.ttf
  4

  0
STYLE
  5
4E
330
5
100
AcDbSymbolTableRecord
100
AcDbTextStyleTableRecord
  2
LiberationSans
 70
     0
 40
0.0
 41
1.0
 50
0.0
 71
     0
 42
2.5
  3
LiberationSans-Regular.ttf
  4

1001
ACAD
1000
Liberation Sans
1071
       34
  0
STYLE
  5
4F
330
5
100
AcDbSymbolTableRecord
100
AcDbTextStyleTableRecord
  2
LiberationSans-Bold
 70
     0
 40
0.0
 41
1.0
 50
0.0
 71
     0
 42
2.5
  3
LiberationSans-Bold.ttf
  4

1001
ACAD
1000
Liberation Sans
1071
 33554466
  0
STYLE
  5
50
330
5
100
AcDbSymbolTableRecord
100
AcDbTextStyleTableRecord
  2
LiberationSans-BoldItalic
 70
     0
 40
0.0
 41
1.0
 50
0.0
 71
     0
 42
2.5
  3
LiberationSans-BoldItalic.ttf
  4

1001
ACAD
1000
Liberation Sans
1071
 50331682
  0
STYLE
  5
51
330
5
100
AcDbSymbolTableRecord
100
AcDbTextStyleTableRecord
  2
LiberationSans-Italic
 70
     0
 40
0.0
 41
1.0
 50
0.0
 71
     0
 42
2.5
  3
LiberationSans-Italic.ttf
  4

1001
ACAD
1000
Liberation Sans
1071
 16777250
  0
STYLE
  5
52
330
5
100
AcDbSymbolTableRecord
100
AcDbTextStyleTableRecord
  2
LiberationSerif
 70
     0
 40
0.0
 41
1.0
 50
0.0
 71
     0
 42
2.5
  3
LiberationSerif-Regular.ttf
  4

  0
STYLE
  5
53
330
5
100
AcDbSymbolTableRecord
100
AcDbTextStyleTableRecord
  2
LiberationSerif-Bold
 70
     0
 40
0.0
 41
1.0
 50
0.0
 71
     0
 42
2.5
  3
LiberationSerif-Bold.ttf
  4

  0
STYLE
  5
54
330
5
100
AcDbSymbolTableRecord
100
AcDbTextStyleTableRecord
  2
LiberationSerif-BoldItalic
 70
     0
 40
0.0
 41
1.0
 50
0.0
 71
     0
 42
2.5
  3
LiberationSerif-BoldItalic.ttf
  4

  0
STYLE
  5
55
330
5
100
AcDbSymbolTableRecord
100
AcDbTextStyleTableRecord
  2
LiberationSerif-Italic
 70
     0
 40
0.0
 41
1.0
 50
0.0
 71
     0
 42
2.5
  3
LiberationSerif-Italic.ttf
  4

  0
STYLE
  5
56
330
5
100
AcDbSymbolTableRecord
100
AcDbTextStyleTableRecord
  2
LiberationMono
 70
     0
 40
0.0
 41
1.0
 50
0.0
 71
     0
 42
2.5
  3
LiberationMono-Regular.ttf
  4

  0
STYLE
  5
57
330
5
100
AcDbSymbolTableRecord
100
AcDbTextStyleTableRecord
  2
LiberationMono-Bold
 70
     0
 40
0.0
 41
1.0
 50
0.0
 71
     0
 42
2.5
  3
LiberationMono-Bold.ttf
  4

  0
STYLE
  5
58
330
5
100
AcDbSymbolTableRecord
100
AcDbTextStyleTableRecord
  2
LiberationMono-BoldItalic
 70
     0
 40
0.0
 41
1.0
 50
0.0
 71
     0
 42
2.5
  3
LiberationMono-BoldItalic.ttf
  4

  0
STYLE
  5
59
330
5
100
AcDbSymbolTableRecord
100
AcDbTextStyleTableRecord
  2
LiberationMono-Italic
 70
     0
 40
0.0
 41
1.0
 50
0.0
 71
     0
 42
2.5
  3
LiberationMono-Italic.ttf
  4

  0
STYLE
  5
8A
330
5
100
AcDbSymbolTableRecord
100
AcDbTextStyleTableRecord
  2
ARIAL
 70
     0
 40
0.0
 41
1.0
 50
0.0
 71
     0
 42
2.5
  3
arial.ttf
  4

1001
ACAD
1000
Arial
1071
       34
  0
ENDTAB
  0
TABLE
  2
VIEW
  5
7
330
0
100
AcDbSymbolTable
 70
     4
  0
ENDTAB
  0
TABLE
  2
UCS
  5
6
330
0
100
AcDbSymbolTable
 70
     0
  0
ENDTAB
  0
TABLE
  2
APPID
  5
3
330
0
100
AcDbSymbolTable
 70
     4
  0
APPID
  5
2A
330
3
100
AcDbSymbolTableRecord
100
AcDbRegAppTableRecord
  2
ACAD
 70
     0
  0
APPID
  5
779
330
3
100
AcDbSymbolTableRecord
100
AcDbRegAppTableRecord
  2
HATCHBACKGROUNDCOLOR
 70
     0
  0
APPID
  5
77A
330
3
100
AcDbSymbolTableRecord
100
AcDbRegAppTableRecord
  2
SMA
 70
     0
  0
APPID
  5
8AD
330
3
100
AcDbSymbolTableRecord
100
AcDbRegAppTableRecord
  2
ACAD_NAV_VCDISPLAY
 70
     0
  0
ENDTAB
  0
TABLE
  2
DIMSTYLE
  5
4
330
0
100
AcDbSymbolTable
 70
    15
100
AcDbDimStyleTable
 71
     1
340
B6
  0
DIMSTYLE
105
2B
330
4
100
AcDbSymbolTableRecord
100
AcDbDimStyleTableRecord
  2
Standard
 70
     0
 41
2.5
 42
0.625
 43
3.75
 44
1.25
 49
2.5
 73
     0
 74
     0
 77
     1
 78
     8
 79
     3
140
2.5
141
2.5
143
0.03937007874
147
0.625
171
     3
172
     1
179
     2
271
     2
272
     2
274
     3
278
    44
283
     0
284
     8
  0
DIMSTYLE
105
7C
330
4
100
AcDbSymbolTableRecord
100
AcDbDimStyleTableRecord
  2
EZ_M_100_H25_CM
 70
     0
 41
0.25
 42
0.125
 43
3.75
 44
0.375
 49
2.5
 73
     0
 74
     0
 77
     1
 78
    12
 79
     3
140
0.25
141
2.5
142
0.125
143
0.03937007874
144
100.0
146
0.5
147
0.1
171
     3
172
     1
179
     2
271
     2
272
     2
274
     3
279
     2
283
     0
284
     8
288
     1
340
4C
  0
DIMSTYLE
105
7D
330
4
100
AcDbSymbolTableRecord
100
AcDbDimStyleTableRecord
  2
EZ_M_50_H25_CM
 70
     0
 41
0.125
 43
3.75
 44
0.1875
 49
2.5
 73
     0
 74
     0
 77
     1
 78
    12
 79
     3
140
0.125
141
2.5
142
0.0625
143
0.03937007874
144
100.0
146
0.5
147
0.05
171
     3
172
     1
179
     2
271
     2
272
     2
274
     3
279
     2
283
     0
284
     8
288
     1
340
4C
  0
DIMSTYLE
105
7E
330
4
100
AcDbSymbolTableRecord
100
AcDbDimStyleTableRecord
  2
EZ_M_25_H25_CM
 70
     0
 41
0.0625
 42
0.03125
 43
3.75
 44
0.09375
 49
2.5
 73
     0
 74
     0
 77
     1
 78
    12
 79
     3
140
0.0625
141
2.5
142
0.03125
143
0.03937007874
144
100.0
146
0.5
147
0.025
171
     3
172
     1
179
     2
271
     2
272
     2
274
     3
279
     2
283
     0
284
     8
288
     1
340
4C
  0
DIMSTYLE
105
7F
330
4
100
AcDbSymbolTableRecord
100
AcDbDimStyleTableRecord
  2
EZ_M_20_H25_CM
 70
     0
 41
0.05
 42
0.025
 43
3.75
 44
0.075
 49
2.5
 73
     0
 74
     0
 77
     1
 78
    12
 79
     3
140
0.05
141
2.5
142
0.025
143
0.03937007874
144
100.0
146
0.5
147
0.02
171
     3
172
     1
179
     2
271
     2
272
     2
274
     3
279
     2
283
     0
284
     8
288
     1
340
4C
  0
DIMSTYLE
105
80
330
4
100
AcDbSymbolTableRecord
100
AcDbDimStyleTableRecord
  2
EZ_M_10_H25_CM
 70
     0
 41
0.025
 42
0.0125
 43
3.75
 44
0.0375
 49
2.5
 73
     0
 74
     0
 77
     1
 78
    12
 79
     3
140
0.025
141
2.5
142
0.0125
143
0.03937007874
144
100.0
146
0.5
147
0.01
171
     3
172
     1
179
     2
271
     2
272
     2
274
     3
279
     2
283
     0
284
     8
288
     1
340
4C
  0
DIMSTYLE
105
81
330
4
100
AcDbSymbolTableRecord
100
AcDbDimStyleTableRecord
  2
EZ_M_5_H25_CM
 70
     0
 41
0.0125
 42
0.00625
 43
3.75
 44
0.01875
 49
2.5
 73
     0
 74
     0
 77
     1
 78
    12
 79
     3
140
0.0125
141
2.5
142
0.00625
143
0.03937007874
144
100.0
146
0.5
147
0.005
171
     3
172
     1
179
     2
271
     2
272
     2
274
     3
279
     2
283
     0
284
     8
288
     1
340
4C
  0
DIMSTYLE
105
82
330
4
100
AcDbSymbolTableRecord
100
AcDbDimStyleTableRecord
  2
EZ_M_1_H25_CM
 70
     0
 41
0.0025
 42
0.00125
 43
3.75
 44
0.00375
 49
2.5
 73
     0
 74
     0
 77
     1
 78
    12
 79
     3
140
0.0025
141
2.5
142
0.00125
143
0.03937007874
144
100.0
146
0.5
147
0.001
171
     3
172
     1
179
     2
271
     2
272
     2
274
     3
279
     2
283
     0
284
     8
288
     1
340
4C
  0
DIMSTYLE
105
83
330
4
100
AcDbSymbolTableRecord
100
AcDbDimStyleTableRecord
  2
EZ_RADIUS
 70
     0
 41
0.25
 42
0.125
 43
3.75
 44
0.375
 49
2.5
 73
     0
 74
     0
 77
     1
 78
    12
 79
     3
140
0.25
141
0.0
143
0.03937007874
144
100.0
146
0.5
147
0.1
171
     3
179
     2
271
     2
272
     2
274
     3
279
     1
283
     0
284
     8
288
     1
340
4C
342
84
  0
DIMSTYLE
105
88
330
4
100
AcDbSymbolTableRecord
100
AcDbDimStyleTableRecord
  2
EZ_RADIUS_INSIDE
 70
     0
 41
0.25
 42
0.125
 43
3.75
 44
0.375
 49
2.5
 73
     0
 74
     0
 78
    12
 79
     3
140
0.25
141
0.0
143
0.03937007874
144
100.0
146
0.5
147
0.1
171
     3
174
     1
179
     2
271
     2
272
     2
274
     3
283
     0
284
     8
288
     1
289
     0
340
4C
342
84
  0
DIMSTYLE
105
89
330
4
100
AcDbSymbolTableRecord
100
AcDbDimStyleTableRecord
  2
EZ_CURVED
 70
     0
 41
0.25
 42
0.125
 43
3.75
 44
0.375
 49
2.5
 73
     0
 74
     0
 77
     1
 78
    12
 79
     2
 90
        2
140
0.25
141
2.5
143
0.03937007874
144
100.0
146
0.5
147
0.1
171
     3
172
     1
179
     2
271
     2
272
     2
274
     3
279
     2
283
     0
284
     8
288
     1
340
4C
  0
DIMSTYLE
105
B6
102
{ACAD_REACTORS
330
12E
330
13D
330
14C
330
1E1
330
1F0
330
1FF
102
}
330
4
100
AcDbSymbolTableRecord
100
AcDbDimStyleTableRecord
  2
KK50
 70
     0
 41
0.07
 42
0.05
 43
3.75
 44
0.06
 49
2.5
 73
     0
 74
     0
 77
     1
 78
     8
 79
     3
140
0.1
141
2.5
143
0.03937007874
144
100.0
147
0.03
171
     3
172
     1
176
     8
177
     8
178
     7
179
     2
271
     0
272
     2
274
     3
278
    44
283
     0
284
     8
340
8A
342
74
  0
DIMSTYLE
105
B7
102
{ACAD_REACTORS
330
4D1
330
4E0
330
4EF
330
4FE
330
50D
330
51C
102
}
330
4
100
AcDbSymbolTableRecord
100
AcDbDimStyleTableRecord
  2
KK25
 70
     0
 41
0.07
 42
0.05
 43
3.75
 44
0.06
 49
2.5
 73
     0
 74
     0
 77
     1
 78
     8
 79
     3
140
0.1
141
2.5
143
0.03937007874
144
50.0
147
0.03
171
     3
172
     1
176
     8
177
     8
178
     7
179
     2
271
     0
272
     2
274
     3
278
    44
283
     0
284
     8
340
8A
342
74
  0
DIMSTYLE
105
B8
102
{ACAD_REACTORS
330
691
330
6A0
102
}
330
4
100
AcDbSymbolTableRecord
100
AcDbDimStyleTableRecord
  2
KK10
 70
     0
 41
0.07
 42
0.05
 43
3.75
 44
0.06
 49
2.5
 73
     0
 74
     0
 77
     1
 78
     8
 79
     3
140
0.1
141
2.5
143
0.03937007874
144
200.0
147
0.03
171
     3
172
     1
176
     8
177
     8
178
     7
179
     2
271
     0
272
     2
274
     3
278
    44
283
     0
284
     8
340
8A
342
74
  0
DIMSTYLE
105
B9
102
{ACAD_REACTORS
330
559
330
568
330
577
330
58E
330
59D
330
5AC
102
}
330
4
100
AcDbSymbolTableRecord
100
AcDbDimStyleTableRecord
  2
KK5
 70
     0
 41
0.07
 42
0.05
 43
3.75
 44
0.06
 49
2.5
 73
     0
 74
     0
 77
     1
 78
     8
 79
     3
140
0.1
141
2.5
143
0.03937007874
144
100.0
147
0.03
171
     3
172
     1
176
     8
177
     8
178
     7
179
     2
271
     0
272
     2
274
     3
278
    44
283
     0
284
     8
340
8A
342
74
  0
ENDTAB
  0
TABLE
  2
BLOCK_RECORD
  5
9
330
0
100
AcDbSymbolTable
 70
    25
  0
BLOCK_RECORD
  5
17
330
9
100
AcDbSymbolTableRecord
100
AcDbBlockTableRecord
  2
*Model_Space
340
1A
 70
     0
280
     1
281
     0
  0
BLOCK_RECORD
  5
1B
330
9
100
AcDbSymbolTableRecord
100
AcDbBlockTableRecord
  2
*Paper_Space
340
1E
 70
     0
280
     1
281
     0
  0
BLOCK_RECORD
  5
74
330
9
100
AcDbSymbolTableRecord
100
AcDbBlockTableRecord
  2
_ARCHTICK
340
0
102
{BLKREFS
331
7EE
331
7EF
331
7F7
331
7F8
331
800
331
801
331
809
331
80A
331
812
331
813
331
81B
331
81C
331
835
331
836
331
83E
331
83F
331
847
331
848
331
850
331
851
331
859
331
85A
331
862
331
863
331
86B
331
86C
331
874
331
875
331
87D
331
87E
331
897
331
898
331
55F
331
56E
331
57D
331
57F
331
5A3
331
5A5
331
5B2
331
5B4
331
561
331
570
331
594
331
596
102
}
 70
     0
280
     1
281
     0
  0
BLOCK_RECORD
  5
78
330
9
100
AcDbSymbolTableRecord
100
AcDbBlockTableRecord
  2
_CLOSEDFILLED
340
0
 70
     0
280
     1
281
     0
  0
BLOCK_RECORD
  5
84
330
9
100
AcDbSymbolTableRecord
100
AcDbBlockTableRecord
  2
_CLOSEDBLANK
340
0
 70
     0
280
     1
281
     0
  0
BLOCK_RECORD
  5
12F
330
9
100
AcDbSymbolTableRecord
100
AcDbBlockTableRecord
  2
*D3
340
0
 70
     0
280
     1
281
     0
  0
BLOCK_RECORD
  5
13E
330
9
100
AcDbSymbolTableRecord
100
AcDbBlockTableRecord
  2
*D4
340
0
 70
     0
280
     1
281
     0
  0
BLOCK_RECORD
  5
14D
330
9
100
AcDbSymbolTableRecord
100
AcDbBlockTableRecord
  2
*D5
340
0
 70
     0
280
     1
281
     0
  0
BLOCK_RECORD
  5
1E2
330
9
100
AcDbSymbolTableRecord
100
AcDbBlockTableRecord
  2
*D6
340
0
 70
     0
280
     1
281
     0
  0
BLOCK_RECORD
  5
1F1
330
9
100
AcDbSymbolTableRecord
100
AcDbBlockTableRecord
  2
*D7
340
0
 70
     0
280
     1
281
     0
  0
BLOCK_RECORD
  5
200
330
9
100
AcDbSymbolTableRecord
100
AcDbBlockTableRecord
  2
*D8
340
0
 70
     0
280
     1
281
     0
  0
BLOCK_RECORD
  5
4D2
330
9
100
AcDbSymbolTableRecord
100
AcDbBlockTableRecord
  2
*D9
340
0
 70
     0
280
     1
281
     0
  0
BLOCK_RECORD
  5
4E1
330
9
100
AcDbSymbolTableRecord
100
AcDbBlockTableRecord
  2
*D10
340
0
 70
     0
280
     1
281
     0
  0
BLOCK_RECORD
  5
4F0
330
9
100
AcDbSymbolTableRecord
100
AcDbBlockTableRecord
  2
*D11
340
0
 70
     0
280
     1
281
     0
  0
BLOCK_RECORD
  5
4FF
330
9
100
AcDbSymbolTableRecord
100
AcDbBlockTableRecord
  2
*D12
340
0
 70
     0
280
     1
281
     0
  0
BLOCK_RECORD
  5
50E
330
9
100
AcDbSymbolTableRecord
100
AcDbBlockTableRecord
  2
*D13
340
0
 70
     0
280
     1
281
     0
  0
BLOCK_RECORD
  5
51D
330
9
100
AcDbSymbolTableRecord
100
AcDbBlockTableRecord
  2
*D14
340
0
 70
     0
280
     1
281
     0
  0
BLOCK_RECORD
  5
55A
330
9
100
AcDbSymbolTableRecord
100
AcDbBlockTableRecord
  2
*D15
340
0
 70
     0
280
     1
281
     0
  0
BLOCK_RECORD
  5
569
330
9
100
AcDbSymbolTableRecord
100
AcDbBlockTableRecord
  2
*D16
340
0
 70
     0
280
     1
281
     0
  0
BLOCK_RECORD
  5
578
330
9
100
AcDbSymbolTableRecord
100
AcDbBlockTableRecord
  2
*D17
340
0
 70
     0
280
     1
281
     0
  0
BLOCK_RECORD
  5
58F
330
9
100
AcDbSymbolTableRecord
100
AcDbBlockTableRecord
  2
*D18
340
0
 70
     0
280
     1
281
     0
  0
BLOCK_RECORD
  5
59E
330
9
100
AcDbSymbolTableRecord
100
AcDbBlockTableRecord
  2
*D19
340
0
 70
     0
280
     1
281
     0
  0
BLOCK_RECORD
  5
5AD
330
9
100
AcDbSymbolTableRecord
100
AcDbBlockTableRecord
  2
*D20
340
0
 70
     0
280
     1
281
     0
  0
BLOCK_RECORD
  5
692
330
9
100
AcDbSymbolTableRecord
100
AcDbBlockTableRecord
  2
*D21
340
0
 70
     0
280
     1
281
     0
  0
BLOCK_RECORD
  5
6A1
330
9
100
AcDbSymbolTableRecord
100
AcDbBlockTableRecord
  2
*D22
340
0
 70
     0
280
     1
281
     0
  0
BLOCK_RECORD
  5
822
330
9
100
AcDbSymbolTableRecord
100
AcDbBlockTableRecord
  2
*D23
340
0
 70
     0
280
     1
281
     0
  0
BLOCK_RECORD
  5
884
330
9
100
AcDbSymbolTableRecord
100
AcDbBlockTableRecord
  2
*D24
340
0
 70
     0
280
     1
281
     0
  0
ENDTAB
  0
ENDSEC
  0
SECTION
  2
BLOCKS
  0
BLOCK
  5
18
330
17
100
AcDbEntity
  8
0
100
AcDbBlockBegin
  2
*Model_Space
 70
     0
 10
0.0
 20
0.0
 30
0.0
  3
*Model_Space
  1

  0
ENDBLK
  5
19
330
17
100
AcDbEntity
  8
0
100
AcDbBlockEnd
  0
BLOCK
  5
1C
330
1B
100
AcDbEntity
 67
     1
  8
0
100
AcDbBlockBegin
  2
*Paper_Space
 70
     0
 10
0.0
 20
0.0
 30
0.0
  3
*Paper_Space
  1

  0
ENDBLK
  5
1D
330
1B
100
AcDbEntity
 67
     1
  8
0
100
AcDbBlockEnd
  0
BLOCK
  5
75
330
74
100
AcDbEntity
  8
0
100
AcDbBlockBegin
  2
_ARCHTICK
 70
     0
 10
0.0
 20
0.0
 30
0.0
  3
_ARCHTICK
  1

  0
LWPOLYLINE
  5
77
330
74
100
AcDbEntity
  8
0
  6
ByBlock
 62
     0
100
AcDbPolyline
 90
        2
 70
     0
 43
0.15
 10
-0.5
 20
-0.5
 10
0.5
 20
0.5
  0
ENDBLK
  5
76
330
74
100
AcDbEntity
  8
0
100
AcDbBlockEnd
  0
BLOCK
  5
79
330
78
100
AcDbEntity
  8
0
100
AcDbBlockBegin
  2
_CLOSEDFILLED
 70
     0
 10
0.0
 20
0.0
 30
0.0
  3
_CLOSEDFILLED
  1

  0
SOLID
  5
7B
330
78
100
AcDbEntity
  8
0
  6
ByBlock
 62
     0
100
AcDbTrace
 10
-1.0
 20
0.1643989837240253
 30
0.0
 11
0.0
 21
0.0
 31
0.0
 12
-1.0
 22
-0.1643989837240253
 32
0.0
 13
-1.0
 23
-0.1643989837240253
 33
0.0
  0
ENDBLK
  5
7A
330
78
100
AcDbEntity
  8
0
100
AcDbBlockEnd
  0
BLOCK
  5
85
330
84
100
AcDbEntity
  8
0
100
AcDbBlockBegin
  2
_CLOSEDBLANK
 70
     0
 10
0.0
 20
0.0
 30
0.0
  3
_CLOSEDBLANK
  1

  0
LWPOLYLINE
  5
87
330
84
100
AcDbEntity
  8
0
  6
ByBlock
 62
     0
100
AcDbPolyline
 90
        3
 70
     1
 43
0.0
 10
-1.0
 20
0.1643989837240253
 10
0.0
 20
0.0
 10
-1.0
 20
-0.1643989837240253
  0
ENDBLK
  5
86
330
84
100
AcDbEntity
  8
0
100
AcDbBlockEnd
  0
BLOCK
  5
130
330
12F
100
AcDbEntity
  8
0
100
AcDbBlockBegin
  2
*D3
 70
     1
 10
0.0
 20
0.0
 30
0.0
  3
*D3
  1

  0
LINE
  5
83B
330
12F
100
AcDbEntity
  8
OLCU
 62
     8
440
 16777216
370
    -2
100
AcDbLine
 10
5.599999999999998
 20
22.65403618586628
 30
0.0
 11
5.599999999999998
 21
23.21403618586628
 31
0.0
  0
LINE
  5
83C
330
12F
100
AcDbEntity
  8
OLCU
 62
     8
440
 16777216
370
    -2
100
AcDbLine
 10
11.6
 20
22.65403618586628
 30
0.0
 11
11.6
 21
23.21403618586628
 31
0.0
  0
LINE
  5
83D
330
12F
100
AcDbEntity
  8
OLCU
 62
     8
440
 16777216
370
    -2
100
AcDbLine
 10
5.599999999999998
 20
23.15403618586628
 30
0.0
 11
11.6
 21
23.15403618586628
 31
0.0
  0
INSERT
  5
83E
330
12F
100
AcDbEntity
  8
OLCU
 62
     8
440
 16777216
370
    -2
100
AcDbBlockReference
  2
_ARCHTICK
 10
5.599999999999998
 20
23.15403618586628
 30
0.0
 41
0.07
 42
0.07
 43
0.07
 50
180.0
  0
INSERT
  5
83F
330
12F
100
AcDbEntity
  8
OLCU
 62
     8
440
 16777216
370
    -2
100
AcDbBlockReference
  2
_ARCHTICK
 10
11.6
 20
23.15403618586628
 30
0.0
 41
0.07
 42
0.07
 43
0.07
  0
MTEXT
  5
840
330
12F
100
AcDbEntity
  8
OLCU
 62
     7
440
 16777216
100
AcDbMText
 10
8.599999999999999
 20
23.23509348463845
 30
0.0
 40
0.1
 41
0.0
 46
0.0
 71
     5
 72
     1
  1
600
  7
ARIAL
 73
     1
 44
1.0
  0
POINT
  5
841
330
12F
100
AcDbEntity
  8
Defpoints
 62
     0
440
 16777216
100
AcDbPoint
 10
5.599999999999998
 20
22.60403618586628
 30
0.0
  0
POINT
  5
842
330
12F
100
AcDbEntity
  8
Defpoints
 62
     0
440
 16777216
100
AcDbPoint
 10
11.6
 20
22.60403618586628
 30
0.0
  0
POINT
  5
843
330
12F
100
AcDbEntity
  8
Defpoints
 62
     0
440
 16777216
100
AcDbPoint
 10
11.6
 20
23.15403618586628
 30
0.0
  0
ENDBLK
  5
131
330
12F
100
AcDbEntity
  8
0
100
AcDbBlockEnd
  0
BLOCK
  5
13F
330
13E
100
AcDbEntity
  8
0
100
AcDbBlockBegin
  2
*D4
 70
     1
 10
0.0
 20
0.0
 30
0.0
  3
*D4
  1

  0
LINE
  5
844
330
13E
100
AcDbEntity
  8
OLCU
 62
     8
440
 16777216
370
    -2
100
AcDbLine
 10
5.55
 20
21.10403618586629
 30
0.0
 11
5.089999999999999
 21
21.10403618586629
 31
0.0
  0
LINE
  5
845
330
13E
100
AcDbEntity
  8
OLCU
 62
     8
440
 16777216
370
    -2
100
AcDbLine
 10
5.55
 20
22.60403618586629
 30
0.0
 11
5.089999999999998
 21
22.60403618586629
 31
0.0
  0
LINE
  5
846
330
13E
100
AcDbEntity
  8
OLCU
 62
     8
440
 16777216
370
    -2
100
AcDbLine
 10
5.15
 20
21.10403618586629
 30
0.0
 11
5.149999999999999
 21
22.60403618586629
 31
0.0
  0
INSERT
  5
847
330
13E
100
AcDbEntity
  8
OLCU
 62
     8
440
 16777216
370
    -2
100
AcDbBlockReference
  2
_ARCHTICK
 10
5.15
 20
21.10403618586629
 30
0.0
 41
0.07
 42
0.07
 43
0.07
 50
270.0
  0
INSERT
  5
848
330
13E
100
AcDbEntity
  8
OLCU
 62
     8
440
 16777216
370
    -2
100
AcDbBlockReference
  2
_ARCHTICK
 10
5.149999999999999
 20
22.60403618586629
 30
0.0
 41
0.07
 42
0.07
 43
0.07
 50
90.0
  0
MTEXT
  5
849
330
13E
100
AcDbEntity
  8
OLCU
 62
     7
440
 16777216
100
AcDbMText
 10
5.068942701227836
 20
21.85403618586629
 30
0.0
 40
0.1
 41
0.0
 46
0.0
 71
     5
 72
     1
  1
150
  7
ARIAL
 11
0.0000000000000001
 21
1.0
 31
0.0
 73
     1
 44
1.0
  0
POINT
  5
84A
330
13E
100
AcDbEntity
  8
Defpoints
 62
     0
440
 16777216
100
AcDbPoint
 10
5.6
 20
21.10403618586629
 30
0.0
  0
POINT
  5
84B
330
13E
100
AcDbEntity
  8
Defpoints
 62
     0
440
 16777216
100
AcDbPoint
 10
5.6
 20
22.60403618586629
 30
0.0
  0
POINT
  5
84C
330
13E
100
AcDbEntity
  8
Defpoints
 62
     0
440
 16777216
100
AcDbPoint
 10
5.149999999999999
 20
22.60403618586629
 30
0.0
  0
ENDBLK
  5
140
330
13E
100
AcDbEntity
  8
0
100
AcDbBlockEnd
  0
BLOCK
  5
14E
330
14D
100
AcDbEntity
  8
0
100
AcDbBlockBegin
  2
*D5
 70
     1
 10
0.0
 20
0.0
 30
0.0
  3
*D5
  1

  0
LINE
  5
84D
330
14D
100
AcDbEntity
  8
OLCU
 62
     8
440
 16777216
370
    -2
100
AcDbLine
 10
3.550000000000002
 20
9.314036185866283
 30
0.0
 11
2.940000000000001
 21
9.314036185866283
 31
0.0
  0
LINE
  5
84E
330
14D
100
AcDbEntity
  8
OLCU
 62
     8
440
 16777216
370
    -2
100
AcDbLine
 10
3.550000000000002
 20
25.8540361858663
 30
0.0
 11
2.939999999999997
 21
25.8540361858663
 31
0.0
  0
LINE
  5
84F
330
14D
100
AcDbEntity
  8
OLCU
 62
     8
440
 16777216
370
    -2
100
AcDbLine
 10
3.000000000000001
 20
9.314036185866283
 30
0.0
 11
2.999999999999998
 21
25.8540361858663
 31
0.0
  0
INSERT
  5
850
330
14D
100
AcDbEntity
  8
OLCU
 62
     8
440
 16777216
370
    -2
100
AcDbBlockReference
  2
_ARCHTICK
 10
3.000000000000001
 20
9.314036185866283
 30
0.0
 41
0.07
 42
0.07
 43
0.07
 50
270.0
  0
INSERT
  5
851
330
14D
100
AcDbEntity
  8
OLCU
 62
     8
440
 16777216
370
    -2
100
AcDbBlockReference
  2
_ARCHTICK
 10
2.999999999999998
 20
25.8540361858663
 30
0.0
 41
0.07
 42
0.07
 43
0.07
 50
90.0
  0
MTEXT
  5
852
330
14D
100
AcDbEntity
  8
OLCU
 62
     7
440
 16777216
100
AcDbMText
 10
2.918942701227834
 20
17.58403618586628
 30
0.0
 40
0.1
 41
0.0
 46
0.0
 71
     5
 72
     1
  1
1654
  7
ARIAL
 11
0.0000000000000001
 21
1.0
 31
0.0
 73
     1
 44
1.0
  0
POINT
  5
853
330
14D
100
AcDbEntity
  8
Defpoints
 62
     0
440
 16777216
100
AcDbPoint
 10
3.600000000000001
 20
9.314036185866283
 30
0.0
  0
POINT
  5
854
330
14D
100
AcDbEntity
  8
Defpoints
 62
     0
440
 16777216
100
AcDbPoint
 10
3.600000000000001
 20
25.8540361858663
 30
0.0
  0
POINT
  5
855
330
14D
100
AcDbEntity
  8
Defpoints
 62
     0
440
 16777216
100
AcDbPoint
 10
2.999999999999998
 20
25.8540361858663
 30
0.0
  0
ENDBLK
  5
14F
330
14D
100
AcDbEntity
  8
0
100
AcDbBlockEnd
  0
BLOCK
  5
1E3
330
1E2
100
AcDbEntity
  8
0
100
AcDbBlockBegin
  2
*D6
 70
     1
 10
0.0
 20
0.0
 30
0.0
  3
*D6
  1

  0
LINE
  5
856
330
1E2
100
AcDbEntity
  8
OLCU
 62
     8
440
 16777216
370
    -2
100
AcDbLine
 10
26.3
 20
8.46403618586628
 30
0.0
 11
26.3
 21
9.424036185866279
 31
0.0
  0
LINE
  5
857
330
1E2
100
AcDbEntity
  8
OLCU
 62
     8
440
 16777216
370
    -2
100
AcDbLine
 10
32.3
 20
8.46403618586628
 30
0.0
 11
32.3
 21
9.424036185866279
 31
0.0
  0
LINE
  5
858
330
1E2
100
AcDbEntity
  8
OLCU
 62
     8
440
 16777216
370
    -2
100
AcDbLine
 10
26.3
 20
9.364036185866279
 30
0.0
 11
32.3
 21
9.364036185866279
 31
0.0
  0
INSERT
  5
859
330
1E2
100
AcDbEntity
  8
OLCU
 62
     8
440
 16777216
370
    -2
100
AcDbBlockReference
  2
_ARCHTICK
 10
26.3
 20
9.364036185866279
 30
0.0
 41
0.07
 42
0.07
 43
0.07
 50
180.0
  0
INSERT
  5
85A
330
1E2
100
AcDbEntity
  8
OLCU
 62
     8
440
 16777216
370
    -2
100
AcDbBlockReference
  2
_ARCHTICK
 10
32.3
 20
9.364036185866279
 30
0.0
 41
0.07
 42
0.07
 43
0.07
  0
MTEXT
  5
85B
330
1E2
100
AcDbEntity
  8
OLCU
 62
     7
440
 16777216
100
AcDbMText
 10
29.3
 20
9.445093484638448
 30
0.0
 40
0.1
 41
0.0
 46
0.0
 71
     5
 72
     1
  1
600
  7
ARIAL
 73
     1
 44
1.0
  0
POINT
  5
85C
330
1E2
100
AcDbEntity
  8
Defpoints
 62
     0
440
 16777216
100
AcDbPoint
 10
26.3
 20
8.414036185866279
 30
0.0
  0
POINT
  5
85D
330
1E2
100
AcDbEntity
  8
Defpoints
 62
     0
440
 16777216
100
AcDbPoint
 10
32.3
 20
8.414036185866279
 30
0.0
  0
POINT
  5
85E
330
1E2
100
AcDbEntity
  8
Defpoints
 62
     0
440
 16777216
100
AcDbPoint
 10
32.3
 20
9.364036185866279
 30
0.0
  0
ENDBLK
  5
1E4
330
1E2
100
AcDbEntity
  8
0
100
AcDbBlockEnd
  0
BLOCK
  5
1F2
330
1F1
100
AcDbEntity
  8
0
100
AcDbBlockBegin
  2
*D7
 70
     1
 10
0.0
 20
0.0
 30
0.0
  3
*D7
  1

  0
LINE
  5
85F
330
1F1
100
AcDbEntity
  8
OLCU
 62
     8
440
 16777216
370
    -2
100
AcDbLine
 10
32.35000000000001
 20
3.565508048442424
 30
0.0
 11
33.31000000000002
 21
3.565508048442425
 31
0.0
  0
LINE
  5
860
330
1F1
100
AcDbEntity
  8
OLCU
 62
     8
440
 16777216
370
    -2
100
AcDbLine
 10
32.35000000000001
 20
8.414036185866283
 30
0.0
 11
33.31000000000002
 21
8.414036185866283
 31
0.0
  0
LINE
  5
861
330
1F1
100
AcDbEntity
  8
OLCU
 62
     8
440
 16777216
370
    -2
100
AcDbLine
 10
33.25000000000001
 20
3.565508048442425
 30
0.0
 11
33.25000000000001
 21
8.414036185866283
 31
0.0
  0
INSERT
  5
862
330
1F1
100
AcDbEntity
  8
OLCU
 62
     8
440
 16777216
370
    -2
100
AcDbBlockReference
  2
_ARCHTICK
 10
33.25000000000001
 20
3.565508048442425
 30
0.0
 41
0.07
 42
0.07
 43
0.07
 50
270.0
  0
INSERT
  5
863
330
1F1
100
AcDbEntity
  8
OLCU
 62
     8
440
 16777216
370
    -2
100
AcDbBlockReference
  2
_ARCHTICK
 10
33.25000000000001
 20
8.414036185866283
 30
0.0
 41
0.07
 42
0.07
 43
0.07
 50
90.0
  0
MTEXT
  5
864
330
1F1
100
AcDbEntity
  8
OLCU
 62
     7
440
 16777216
100
AcDbMText
 10
33.16894270122784
 20
5.989772117154343
 30
0.0
 40
0.1
 41
0.0
 46
0.0
 71
     5
 72
     1
  1
485
  7
ARIAL
 11
0.0000000000000001
 21
1.0
 31
0.0
 73
     1
 44
1.0
  0
POINT
  5
865
330
1F1
100
AcDbEntity
  8
Defpoints
 62
     0
440
 16777216
100
AcDbPoint
 10
32.30000000000001
 20
3.565508048442424
 30
0.0
  0
POINT
  5
866
330
1F1
100
AcDbEntity
  8
Defpoints
 62
     0
440
 16777216
100
AcDbPoint
 10
32.30000000000001
 20
8.414036185866283
 30
0.0
  0
POINT
  5
867
330
1F1
100
AcDbEntity
  8
Defpoints
 62
     0
440
 16777216
100
AcDbPoint
 10
33.25000000000001
 20
8.414036185866283
 30
0.0
  0
ENDBLK
  5
1F3
330
1F1
100
AcDbEntity
  8
0
100
AcDbBlockEnd
  0
BLOCK
  5
201
330
200
100
AcDbEntity
  8
0
100
AcDbBlockBegin
  2
*D8
 70
     1
 10
0.0
 20
0.0
 30
0.0
  3
*D8
  1

  0
LINE
  5
868
330
200
100
AcDbEntity
  8
OLCU
 62
     8
440
 16777216
370
    -2
100
AcDbLine
 10
20.41493320013499
 20
11.85737595433622
 30
0.0
 11
20.66925184151192
 21
12.29944159272965
 31
0.0
  0
LINE
  5
869
330
200
100
AcDbEntity
  8
OLCU
 62
     8
440
 16777216
370
    -2
100
AcDbLine
 10
26.32493320013499
 20
8.457375954336225
 30
0.0
 11
26.57925184151193
 21
8.899441592729651
 31
0.0
  0
LINE
  5
86A
330
200
100
AcDbEntity
  8
OLCU
 62
     8
440
 16777216
370
    -2
100
AcDbLine
 10
20.63933200134993
 20
12.24743387056572
 30
0.0
 11
26.54933200134993
 21
8.847433870565719
 31
0.0
  0
INSERT
  5
86B
330
200
100
AcDbEntity
  8
OLCU
 62
     8
440
 16777216
370
    -2
100
AcDbBlockReference
  2
_ARCHTICK
 10
20.63933200134993
 20
12.24743387056572
 30
0.0
 41
0.07
 42
0.07
 43
0.07
 50
150.0883495774702
  0
INSERT
  5
86C
330
200
100
AcDbEntity
  8
OLCU
 62
     8
440
 16777216
370
    -2
100
AcDbBlockReference
  2
_ARCHTICK
 10
26.54933200134993
 20
8.847433870565719
 30
0.0
 41
0.07
 42
0.07
 43
0.07
 50
330.0883495774702
  0
MTEXT
  5
86D
330
200
100
AcDbEntity
  8
OLCU
 62
     7
440
 16777216
100
AcDbMText
 10
23.6347523584037
 20
10.61769396179742
 30
0.0
 40
0.1
 41
0.0
 46
0.0
 71
     5
 72
     1
  1
682
  7
ARIAL
 11
0.8667953693988842
 21
-0.498664002699866
 31
0.0
 73
     1
 44
1.0
  0
POINT
  5
86E
330
200
100
AcDbEntity
  8
Defpoints
 62
     0
440
 16777216
100
AcDbPoint
 10
20.39
 20
11.81403618586628
 30
0.0
  0
POINT
  5
86F
330
200
100
AcDbEntity
  8
Defpoints
 62
     0
440
 16777216
100
AcDbPoint
 10
26.3
 20
8.414036185866279
 30
0.0
  0
POINT
  5
870
330
200
100
AcDbEntity
  8
Defpoints
 62
     0
440
 16777216
100
AcDbPoint
 10
26.54933200134993
 20
8.847433870565719
 30
0.0
  0
ENDBLK
  5
202
330
200
100
AcDbEntity
  8
0
100
AcDbBlockEnd
  0
BLOCK
  5
4D3
330
4D2
100
AcDbEntity
  8
0
100
AcDbBlockBegin
  2
*D9
 70
     1
 10
0.0
 20
0.0
 30
0.0
  3
*D9
  1

  0
LINE
  5
7EB
330
4D2
100
AcDbEntity
  8
OLCU
 62
     8
440
 16777216
370
    -2
100
AcDbLine
 10
67.95000000000003
 20
16.52826875469455
 30
0.0
 11
67.96010000000006
 21
16.52826875469455
 31
0.0
  0
LINE
  5
7EC
330
4D2
100
AcDbEntity
  8
OLCU
 62
     8
440
 16777216
370
    -2
100
AcDbLine
 10
67.95000000000003
 20
14.92826875469455
 30
0.0
 11
67.96010000000006
 21
14.92826875469455
 31
0.0
  0
LINE
  5
7ED
330
4D2
100
AcDbEntity
  8
OLCU
 62
     8
440
 16777216
370
    -2
100
AcDbLine
 10
67.90010000000006
 20
16.52826875469455
 30
0.0
 11
67.90010000000006
 21
14.92826875469455
 31
0.0
  0
INSERT
  5
7EE
330
4D2
100
AcDbEntity
  8
OLCU
 62
     8
440
 16777216
370
    -2
100
AcDbBlockReference
  2
_ARCHTICK
 10
67.90010000000006
 20
16.52826875469455
 30
0.0
 41
0.07
 42
0.07
 43
0.07
 50
90.0
  0
INSERT
  5
7EF
330
4D2
100
AcDbEntity
  8
OLCU
 62
     8
440
 16777216
370
    -2
100
AcDbBlockReference
  2
_ARCHTICK
 10
67.90010000000006
 20
14.92826875469455
 30
0.0
 41
0.07
 42
0.07
 43
0.07
 50
270.0
  0
MTEXT
  5
7F0
330
4D2
100
AcDbEntity
  8
OLCU
 62
     7
440
 16777216
100
AcDbMText
 10
67.81904270122788
 20
15.72826875469453
 30
0.0
 40
0.1
 41
0.0
 46
0.0
 71
     5
 72
     1
  1
80
  7
ARIAL
 11
0.0000000000000001
 21
1.0
 31
0.0
 73
     1
 44
1.0
  0
POINT
  5
7F1
330
4D2
100
AcDbEntity
  8
Defpoints
 62
     0
440
 16777216
100
AcDbPoint
 10
67.90000000000003
 20
16.52826875469455
 30
0.0
  0
POINT
  5
7F2
330
4D2
100
AcDbEntity
  8
Defpoints
 62
     0
440
 16777216
100
AcDbPoint
 10
67.90000000000003
 20
14.92826875469455
 30
0.0
  0
POINT
  5
7F3
330
4D2
100
AcDbEntity
  8
Defpoints
 62
     0
440
 16777216
100
AcDbPoint
 10
67.90010000000006
 20
14.92826875469455
 30
0.0
  0
ENDBLK
  5
4D4
330
4D2
100
AcDbEntity
  8
0
100
AcDbBlockEnd
  0
BLOCK
  5
4E2
330
4E1
100
AcDbEntity
  8
0
100
AcDbBlockBegin
  2
*D10
 70
     1
 10
0.0
 20
0.0
 30
0.0
  3
*D10
  1

  0
LINE
  5
7F4
330
4E1
100
AcDbEntity
  8
OLCU
 62
     8
440
 16777216
370
    -2
100
AcDbLine
 10
66.55000000000002
 20
14.92826875469455
 30
0.0
 11
66.56010000000006
 21
14.92826875469455
 31
0.0
  0
LINE
  5
7F5
330
4E1
100
AcDbEntity
  8
OLCU
 62
     8
440
 16777216
370
    -2
100
AcDbLine
 10
66.55000000000002
 20
11.72826875469454
 30
0.0
 11
66.56010000000006
 21
11.72826875469454
 31
0.0
  0
LINE
  5
7F6
330
4E1
100
AcDbEntity
  8
OLCU
 62
     8
440
 16777216
370
    -2
100
AcDbLine
 10
66.50010000000006
 20
14.92826875469455
 30
0.0
 11
66.50010000000006
 21
11.72826875469454
 31
0.0
  0
INSERT
  5
7F7
330
4E1
100
AcDbEntity
  8
OLCU
 62
     8
440
 16777216
370
    -2
100
AcDbBlockReference
  2
_ARCHTICK
 10
66.50010000000006
 20
14.92826875469455
 30
0.0
 41
0.07
 42
0.07
 43
0.07
 50
90.0
  0
INSERT
  5
7F8
330
4E1
100
AcDbEntity
  8
OLCU
 62
     8
440
 16777216
370
    -2
100
AcDbBlockReference
  2
_ARCHTICK
 10
66.50010000000006
 20
11.72826875469454
 30
0.0
 41
0.07
 42
0.07
 43
0.07
 50
270.0
  0
MTEXT
  5
7F9
330
4E1
100
AcDbEntity
  8
OLCU
 62
     7
440
 16777216
100
AcDbMText
 10
66.41904270122788
 20
13.32826875469453
 30
0.0
 40
0.1
 41
0.0
 46
0.0
 71
     5
 72
     1
  1
160
  7
ARIAL
 11
0.0000000000000001
 21
1.0
 31
0.0
 73
     1
 44
1.0
  0
POINT
  5
7FA
330
4E1
100
AcDbEntity
  8
Defpoints
 62
     0
440
 16777216
100
AcDbPoint
 10
66.50000000000003
 20
14.92826875469455
 30
0.0
  0
POINT
  5
7FB
330
4E1
100
AcDbEntity
  8
Defpoints
 62
     0
440
 16777216
100
AcDbPoint
 10
66.50000000000003
 20
11.72826875469454
 30
0.0
  0
POINT
  5
7FC
330
4E1
100
AcDbEntity
  8
Defpoints
 62
     0
440
 16777216
100
AcDbPoint
 10
66.50010000000006
 20
11.72826875469454
 30
0.0
  0
ENDBLK
  5
4E3
330
4E1
100
AcDbEntity
  8
0
100
AcDbBlockEnd
  0
BLOCK
  5
4F1
330
4F0
100
AcDbEntity
  8
0
100
AcDbBlockBegin
  2
*D11
 70
     1
 10
0.0
 20
0.0
 30
0.0
  3
*D11
  1

  0
LINE
  5
7FD
330
4F0
100
AcDbEntity
  8
OLCU
 62
     8
440
 16777216
370
    -2
100
AcDbLine
 10
67.15000000000003
 20
11.72826875469454
 30
0.0
 11
66.89000000000006
 21
11.72826875469454
 31
0.0
  0
LINE
  5
7FE
330
4F0
100
AcDbEntity
  8
OLCU
 62
     8
440
 16777216
370
    -2
100
AcDbLine
 10
67.15000000000003
 20
11.12826875469455
 30
0.0
 11
66.89000000000006
 21
11.12826875469455
 31
0.0
  0
LINE
  5
7FF
330
4F0
100
AcDbEntity
  8
OLCU
 62
     8
440
 16777216
370
    -2
100
AcDbLine
 10
66.95000000000006
 20
11.72826875469454
 30
0.0
 11
66.95000000000006
 21
11.12826875469455
 31
0.0
  0
INSERT
  5
800
330
4F0
100
AcDbEntity
  8
OLCU
 62
     8
440
 16777216
370
    -2
100
AcDbBlockReference
  2
_ARCHTICK
 10
66.95000000000006
 20
11.72826875469454
 30
0.0
 41
0.07
 42
0.07
 43
0.07
 50
90.0
  0
INSERT
  5
801
330
4F0
100
AcDbEntity
  8
OLCU
 62
     8
440
 16777216
370
    -2
100
AcDbBlockReference
  2
_ARCHTICK
 10
66.95000000000006
 20
11.12826875469455
 30
0.0
 41
0.07
 42
0.07
 43
0.07
 50
270.0
  0
MTEXT
  5
802
330
4F0
100
AcDbEntity
  8
OLCU
 62
     7
440
 16777216
100
AcDbMText
 10
66.86890859481588
 20
11.42826875469453
 30
0.0
 40
0.1
 41
0.0
 46
0.0
 71
     5
 72
     1
  1
30
  7
ARIAL
 11
0.0000000000000001
 21
1.0
 31
0.0
 73
     1
 44
1.0
  0
POINT
  5
803
330
4F0
100
AcDbEntity
  8
Defpoints
 62
     0
440
 16777216
100
AcDbPoint
 10
67.20000000000003
 20
11.72826875469454
 30
0.0
  0
POINT
  5
804
330
4F0
100
AcDbEntity
  8
Defpoints
 62
     0
440
 16777216
100
AcDbPoint
 10
67.20000000000003
 20
11.12826875469455
 30
0.0
  0
POINT
  5
805
330
4F0
100
AcDbEntity
  8
Defpoints
 62
     0
440
 16777216
100
AcDbPoint
 10
66.95000000000006
 20
11.12826875469455
 30
0.0
  0
ENDBLK
  5
4F2
330
4F0
100
AcDbEntity
  8
0
100
AcDbBlockEnd
  0
BLOCK
  5
500
330
4FF
100
AcDbEntity
  8
0
100
AcDbBlockBegin
  2
*D12
 70
     1
 10
0.0
 20
0.0
 30
0.0
  3
*D12
  1

  0
LINE
  5
806
330
4FF
100
AcDbEntity
  8
OLCU
 62
     8
440
 16777216
370
    -2
100
AcDbLine
 10
68.79999999999999
 20
13.27826875469454
 30
0.0
 11
68.79999999999999
 21
12.16826875469454
 31
0.0
  0
LINE
  5
807
330
4FF
100
AcDbEntity
  8
OLCU
 62
     8
440
 16777216
370
    -2
100
AcDbLine
 10
70.4
 20
13.27826875469454
 30
0.0
 11
70.4
 21
12.16826875469454
 31
0.0
  0
LINE
  5
808
330
4FF
100
AcDbEntity
  8
OLCU
 62
     8
440
 16777216
370
    -2
100
AcDbLine
 10
68.79999999999999
 20
12.22826875469454
 30
0.0
 11
70.4
 21
12.22826875469454
 31
0.0
  0
INSERT
  5
809
330
4FF
100
AcDbEntity
  8
OLCU
 62
     8
440
 16777216
370
    -2
100
AcDbBlockReference
  2
_ARCHTICK
 10
68.79999999999999
 20
12.22826875469454
 30
0.0
 41
0.07
 42
0.07
 43
0.07
 50
180.0
  0
INSERT
  5
80A
330
4FF
100
AcDbEntity
  8
OLCU
 62
     8
440
 16777216
370
    -2
100
AcDbBlockReference
  2
_ARCHTICK
 10
70.4
 20
12.22826875469454
 30
0.0
 41
0.07
 42
0.07
 43
0.07
  0
MTEXT
  5
80B
330
4FF
100
AcDbEntity
  8
OLCU
 62
     7
440
 16777216
100
AcDbMText
 10
69.59999999999999
 20
12.30932605346671
 30
0.0
 40
0.1
 41
0.0
 46
0.0
 71
     5
 72
     1
  1
80
  7
ARIAL
 73
     1
 44
1.0
  0
POINT
  5
80C
330
4FF
100
AcDbEntity
  8
Defpoints
 62
     0
440
 16777216
100
AcDbPoint
 10
68.79999999999999
 20
13.32826875469454
 30
0.0
  0
POINT
  5
80D
330
4FF
100
AcDbEntity
  8
Defpoints
 62
     0
440
 16777216
100
AcDbPoint
 10
70.4
 20
13.32826875469454
 30
0.0
  0
POINT
  5
80E
330
4FF
100
AcDbEntity
  8
Defpoints
 62
     0
440
 16777216
100
AcDbPoint
 10
70.4
 20
12.22826875469454
 30
0.0
  0
ENDBLK
  5
501
330
4FF
100
AcDbEntity
  8
0
100
AcDbBlockEnd
  0
BLOCK
  5
50F
330
50E
100
AcDbEntity
  8
0
100
AcDbBlockBegin
  2
*D13
 70
     1
 10
0.0
 20
0.0
 30
0.0
  3
*D13
  1

  0
LINE
  5
80F
330
50E
100
AcDbEntity
  8
OLCU
 62
     8
440
 16777216
370
    -2
100
AcDbLine
 10
70.49000000000003
 20
13.82826875469455
 30
0.0
 11
70.13000000000007
 21
13.82826875469455
 31
0.0
  0
LINE
  5
810
330
50E
100
AcDbEntity
  8
OLCU
 62
     8
440
 16777216
370
    -2
100
AcDbLine
 10
70.49000000000003
 20
12.82826875469455
 30
0.0
 11
70.13000000000007
 21
12.82826875469455
 31
0.0
  0
LINE
  5
811
330
50E
100
AcDbEntity
  8
OLCU
 62
     8
440
 16777216
370
    -2
100
AcDbLine
 10
70.19000000000007
 20
13.82826875469455
 30
0.0
 11
70.19000000000007
 21
12.82826875469455
 31
0.0
  0
INSERT
  5
812
330
50E
100
AcDbEntity
  8
OLCU
 62
     8
440
 16777216
370
    -2
100
AcDbBlockReference
  2
_ARCHTICK
 10
70.19000000000007
 20
13.82826875469455
 30
0.0
 41
0.07
 42
0.07
 43
0.07
 50
90.0
  0
INSERT
  5
813
330
50E
100
AcDbEntity
  8
OLCU
 62
     8
440
 16777216
370
    -2
100
AcDbBlockReference
  2
_ARCHTICK
 10
70.19000000000007
 20
12.82826875469455
 30
0.0
 41
0.07
 42
0.07
 43
0.07
 50
270.0
  0
MTEXT
  5
814
330
50E
100
AcDbEntity
  8
OLCU
 62
     7
440
 16777216
100
AcDbMText
 10
70.10894270122789
 20
13.32826875469453
 30
0.0
 40
0.1
 41
0.0
 46
0.0
 71
     5
 72
     1
  1
50
  7
ARIAL
 11
0.0000000000000001
 21
1.0
 31
0.0
 73
     1
 44
1.0
  0
POINT
  5
815
330
50E
100
AcDbEntity
  8
Defpoints
 62
     0
440
 16777216
100
AcDbPoint
 10
70.54000000000003
 20
13.82826875469455
 30
0.0
  0
POINT
  5
816
330
50E
100
AcDbEntity
  8
Defpoints
 62
     0
440
 16777216
100
AcDbPoint
 10
70.54000000000003
 20
12.82826875469455
 30
0.0
  0
POINT
  5
817
330
50E
100
AcDbEntity
  8
Defpoints
 62
     0
440
 16777216
100
AcDbPoint
 10
70.19000000000007
 20
12.82826875469455
 30
0.0
  0
ENDBLK
  5
510
330
50E
100
AcDbEntity
  8
0
100
AcDbBlockEnd
  0
BLOCK
  5
51E
330
51D
100
AcDbEntity
  8
0
100
AcDbBlockBegin
  2
*D14
 70
     1
 10
0.0
 20
0.0
 30
0.0
  3
*D14
  1

  0
LINE
  5
818
330
51D
100
AcDbEntity
  8
OLCU
 62
     8
440
 16777216
370
    -2
100
AcDbLine
 10
62.05000000000002
 20
16.52826875469455
 30
0.0
 11
62.61000000000005
 21
16.52826875469455
 31
0.0
  0
LINE
  5
819
330
51D
100
AcDbEntity
  8
OLCU
 62
     8
440
 16777216
370
    -2
100
AcDbLine
 10
62.05000000000002
 20
15.42826875469455
 30
0.0
 11
62.61000000000006
 21
15.42826875469455
 31
0.0
  0
LINE
  5
81A
330
51D
100
AcDbEntity
  8
OLCU
 62
     8
440
 16777216
370
    -2
100
AcDbLine
 10
62.55000000000005
 20
16.52826875469455
 30
0.0
 11
62.55000000000006
 21
15.42826875469455
 31
0.0
  0
INSERT
  5
81B
330
51D
100
AcDbEntity
  8
OLCU
 62
     8
440
 16777216
370
    -2
100
AcDbBlockReference
  2
_ARCHTICK
 10
62.55000000000005
 20
16.52826875469455
 30
0.0
 41
0.07
 42
0.07
 43
0.07
 50
90.0
  0
INSERT
  5
81C
330
51D
100
AcDbEntity
  8
OLCU
 62
     8
440
 16777216
370
    -2
100
AcDbBlockReference
  2
_ARCHTICK
 10
62.55000000000006
 20
15.42826875469455
 30
0.0
 41
0.07
 42
0.07
 43
0.07
 50
270.0
  0
MTEXT
  5
81D
330
51D
100
AcDbEntity
  8
OLCU
 62
     7
440
 16777216
100
AcDbMText
 10
62.4691473396999
 20
15.97826875469453
 30
0.0
 40
0.1
 41
0.0
 46
0.0
 71
     5
 72
     1
  1
55
  7
ARIAL
 11
0.0000000000000001
 21
1.0
 31
0.0
 73
     1
 44
1.0
  0
POINT
  5
81E
330
51D
100
AcDbEntity
  8
Defpoints
 62
     0
440
 16777216
100
AcDbPoint
 10
62.00000000000002
 20
16.52826875469455
 30
0.0
  0
POINT
  5
81F
330
51D
100
AcDbEntity
  8
Defpoints
 62
     0
440
 16777216
100
AcDbPoint
 10
62.00000000000002
 20
15.42826875469455
 30
0.0
  0
POINT
  5
820
330
51D
100
AcDbEntity
  8
Defpoints
 62
     0
440
 16777216
100
AcDbPoint
 10
62.55000000000006
 20
15.42826875469455
 30
0.0
  0
ENDBLK
  5
51F
330
51D
100
AcDbEntity
  8
0
100
AcDbBlockEnd
  0
BLOCK
  5
55B
330
55A
100
AcDbEntity
  8
0
100
AcDbBlockBegin
  2
*D15
 70
     1
 10
0.0
 20
0.0
 30
0.0
  3
*D15
  1

  0
LINE
  5
55D
330
55A
100
AcDbEntity
  8
0
 62
     8
440
 16777216
100
AcDbLine
 10
60.54999999999999
 20
1.199999999999999
 30
0.0
 11
60.08999999999999
 21
1.199999999999999
 31
0.0
  0
LINE
  5
55E
330
55A
100
AcDbEntity
  8
0
 62
     8
440
 16777216
100
AcDbLine
 10
60.54999999999999
 20
6.2
 30
0.0
 11
60.08999999999999
 21
6.2
 31
0.0
  0
INSERT
  5
55F
330
55A
100
AcDbEntity
  8
OLCU
 62
     8
440
 16777216
100
AcDbBlockReference
  2
_ARCHTICK
 10
60.14999999999999
 20
1.199999999999999
 30
0.0
 41
0.07
 42
0.07
 50
270.0
  0
INSERT
  5
561
330
55A
100
AcDbEntity
  8
OLCU
 62
     8
440
 16777216
100
AcDbBlockReference
  2
_ARCHTICK
 10
60.14999999999999
 20
6.2
 30
0.0
 41
0.07
 42
0.07
 50
90.0
  0
LINE
  5
563
330
55A
100
AcDbEntity
  8
0
 62
     8
440
 16777216
100
AcDbLine
 10
60.14999999999999
 20
1.199999999999999
 30
0.0
 11
60.14999999999999
 21
6.2
 31
0.0
  0
MTEXT
  5
564
330
55A
100
AcDbEntity
  8
OLCU
 62
     7
440
 16777216
100
AcDbMText
 10
60.06999999999999
 20
3.7
 30
0.0
 40
0.1
 41
0.0
 46
0.0
 71
     5
 72
     5
  1
500
  7
ARIAL
 11
0.0000000000000001
 21
1.0
 31
0.0
 73
     1
 44
1.0
  0
POINT
  5
565
330
55A
100
AcDbEntity
  8
Defpoints
440
 16777216
100
AcDbPoint
 10
60.14999999999999
 20
1.199999999999999
 30
0.0
  0
POINT
  5
566
330
55A
100
AcDbEntity
  8
Defpoints
440
 16777216
100
AcDbPoint
 10
60.6
 20
1.199999999999999
 30
0.0
  0
POINT
  5
567
330
55A
100
AcDbEntity
  8
Defpoints
440
 16777216
100
AcDbPoint
 10
60.6
 20
6.2
 30
0.0
  0
ENDBLK
  5
55C
330
55A
100
AcDbEntity
  8
0
100
AcDbBlockEnd
  0
BLOCK
  5
56A
330
569
100
AcDbEntity
  8
0
100
AcDbBlockBegin
  2
*D16
 70
     1
 10
0.0
 20
0.0
 30
0.0
  3
*D16
  1

  0
LINE
  5
56C
330
569
100
AcDbEntity
  8
0
 62
     8
440
 16777216
100
AcDbLine
 10
60.6
 20
1.149999999999999
 30
0.0
 11
60.6
 21
0.7400000000000001
 31
0.0
  0
LINE
  5
56D
330
569
100
AcDbEntity
  8
0
 62
     8
440
 16777216
100
AcDbLine
 10
62.0
 20
1.149999999999999
 30
0.0
 11
62.0
 21
0.7400000000000001
 31
0.0
  0
INSERT
  5
56E
330
569
100
AcDbEntity
  8
OLCU
 62
     8
440
 16777216
100
AcDbBlockReference
  2
_ARCHTICK
 10
60.6
 20
0.8
 30
0.0
 41
0.07
 42
0.07
 50
180.0
  0
INSERT
  5
570
330
569
100
AcDbEntity
  8
OLCU
 62
     8
440
 16777216
100
AcDbBlockReference
  2
_ARCHTICK
 10
62.0
 20
0.8
 30
0.0
 41
0.07
 42
0.07
  0
LINE
  5
572
330
569
100
AcDbEntity
  8
0
 62
     8
440
 16777216
100
AcDbLine
 10
60.6
 20
0.8
 30
0.0
 11
62.0
 21
0.8
 31
0.0
  0
MTEXT
  5
573
330
569
100
AcDbEntity
  8
OLCU
 62
     7
440
 16777216
100
AcDbMText
 10
61.29999999999999
 20
0.8799999999999998
 30
0.0
 40
0.1
 41
0.0
 46
0.0
 71
     5
 72
     5
  1
140
  7
ARIAL
 73
     1
 44
1.0
  0
POINT
  5
574
330
569
100
AcDbEntity
  8
Defpoints
440
 16777216
100
AcDbPoint
 10
60.6
 20
0.8
 30
0.0
  0
POINT
  5
575
330
569
100
AcDbEntity
  8
Defpoints
440
 16777216
100
AcDbPoint
 10
60.6
 20
1.199999999999999
 30
0.0
  0
POINT
  5
576
330
569
100
AcDbEntity
  8
Defpoints
440
 16777216
100
AcDbPoint
 10
62.0
 20
1.199999999999999
 30
0.0
  0
ENDBLK
  5
56B
330
569
100
AcDbEntity
  8
0
100
AcDbBlockEnd
  0
BLOCK
  5
579
330
578
100
AcDbEntity
  8
0
100
AcDbBlockBegin
  2
*D17
 70
     1
 10
0.0
 20
0.0
 30
0.0
  3
*D17
  1

  0
LINE
  5
57B
330
578
100
AcDbEntity
  8
0
 62
     8
440
 16777216
100
AcDbLine
 10
61.73
 20
1.919999999999999
 30
0.0
 11
62.40999999999999
 21
1.919999999999999
 31
0.0
  0
LINE
  5
57C
330
578
100
AcDbEntity
  8
0
 62
     8
440
 16777216
100
AcDbLine
 10
61.73
 20
5.48
 30
0.0
 11
62.40999999999999
 21
5.48
 31
0.0
  0
INSERT
  5
57D
330
578
100
AcDbEntity
  8
OLCU
 62
     8
440
 16777216
100
AcDbBlockReference
  2
_ARCHTICK
 10
62.35
 20
1.919999999999999
 30
0.0
 41
0.07
 42
0.07
 50
270.0
  0
INSERT
  5
57F
330
578
100
AcDbEntity
  8
OLCU
 62
     8
440
 16777216
100
AcDbBlockReference
  2
_ARCHTICK
 10
62.35
 20
5.48
 30
0.0
 41
0.07
 42
0.07
 50
90.0
  0
LINE
  5
581
330
578
100
AcDbEntity
  8
0
 62
     8
440
 16777216
100
AcDbLine
 10
62.35
 20
1.919999999999999
 30
0.0
 11
62.35
 21
5.48
 31
0.0
  0
MTEXT
  5
582
330
578
100
AcDbEntity
  8
OLCU
 62
     7
440
 16777216
100
AcDbMText
 10
62.27
 20
3.7
 30
0.0
 40
0.1
 41
0.0
 46
0.0
 71
     5
 72
     5
  1
356
  7
ARIAL
 11
0.0000000000000001
 21
1.0
 31
0.0
 73
     1
 44
1.0
  0
POINT
  5
583
330
578
100
AcDbEntity
  8
Defpoints
440
 16777216
100
AcDbPoint
 10
62.35
 20
1.919999999999999
 30
0.0
  0
POINT
  5
584
330
578
100
AcDbEntity
  8
Defpoints
440
 16777216
100
AcDbPoint
 10
61.68
 20
1.919999999999999
 30
0.0
  0
POINT
  5
585
330
578
100
AcDbEntity
  8
Defpoints
440
 16777216
100
AcDbPoint
 10
61.68
 20
5.48
 30
0.0
  0
ENDBLK
  5
57A
330
578
100
AcDbEntity
  8
0
100
AcDbBlockEnd
  0
BLOCK
  5
590
330
58F
100
AcDbEntity
  8
0
100
AcDbBlockBegin
  2
*D18
 70
     1
 10
0.0
 20
0.0
 30
0.0
  3
*D18
  1

  0
LINE
  5
592
330
58F
100
AcDbEntity
  8
0
 62
     8
440
 16777216
100
AcDbLine
 10
64.85000000000001
 20
1.199999999999999
 30
0.0
 11
64.39
 21
1.199999999999999
 31
0.0
  0
LINE
  5
593
330
58F
100
AcDbEntity
  8
0
 62
     8
440
 16777216
100
AcDbLine
 10
64.85000000000001
 20
4.7
 30
0.0
 11
64.39
 21
4.7
 31
0.0
  0
INSERT
  5
594
330
58F
100
AcDbEntity
  8
OLCU
 62
     8
440
 16777216
100
AcDbBlockReference
  2
_ARCHTICK
 10
64.45
 20
1.199999999999999
 30
0.0
 41
0.07
 42
0.07
 50
270.0
  0
INSERT
  5
596
330
58F
100
AcDbEntity
  8
OLCU
 62
     8
440
 16777216
100
AcDbBlockReference
  2
_ARCHTICK
 10
64.45
 20
4.7
 30
0.0
 41
0.07
 42
0.07
 50
90.0
  0
LINE
  5
598
330
58F
100
AcDbEntity
  8
0
 62
     8
440
 16777216
100
AcDbLine
 10
64.45
 20
1.199999999999999
 30
0.0
 11
64.45
 21
4.7
 31
0.0
  0
MTEXT
  5
599
330
58F
100
AcDbEntity
  8
OLCU
 62
     7
440
 16777216
100
AcDbMText
 10
64.37000000000001
 20
2.95
 30
0.0
 40
0.1
 41
0.0
 46
0.0
 71
     5
 72
     5
  1
350
  7
ARIAL
 11
0.0000000000000001
 21
1.0
 31
0.0
 73
     1
 44
1.0
  0
POINT
  5
59A
330
58F
100
AcDbEntity
  8
Defpoints
440
 16777216
100
AcDbPoint
 10
64.45
 20
1.199999999999999
 30
0.0
  0
POINT
  5
59B
330
58F
100
AcDbEntity
  8
Defpoints
440
 16777216
100
AcDbPoint
 10
64.90000000000001
 20
1.199999999999999
 30
0.0
  0
POINT
  5
59C
330
58F
100
AcDbEntity
  8
Defpoints
440
 16777216
100
AcDbPoint
 10
64.90000000000001
 20
4.7
 30
0.0
  0
ENDBLK
  5
591
330
58F
100
AcDbEntity
  8
0
100
AcDbBlockEnd
  0
BLOCK
  5
59F
330
59E
100
AcDbEntity
  8
0
100
AcDbBlockBegin
  2
*D19
 70
     1
 10
0.0
 20
0.0
 30
0.0
  3
*D19
  1

  0
LINE
  5
5A1
330
59E
100
AcDbEntity
  8
0
 62
     8
440
 16777216
100
AcDbLine
 10
64.90000000000001
 20
1.149999999999999
 30
0.0
 11
64.90000000000001
 21
0.7400000000000001
 31
0.0
  0
LINE
  5
5A2
330
59E
100
AcDbEntity
  8
0
 62
     8
440
 16777216
100
AcDbLine
 10
65.9
 20
1.149999999999999
 30
0.0
 11
65.9
 21
0.7400000000000001
 31
0.0
  0
INSERT
  5
5A3
330
59E
100
AcDbEntity
  8
OLCU
 62
     8
440
 16777216
100
AcDbBlockReference
  2
_ARCHTICK
 10
64.90000000000001
 20
0.8
 30
0.0
 41
0.07
 42
0.07
 50
180.0
  0
INSERT
  5
5A5
330
59E
100
AcDbEntity
  8
OLCU
 62
     8
440
 16777216
100
AcDbBlockReference
  2
_ARCHTICK
 10
65.9
 20
0.8
 30
0.0
 41
0.07
 42
0.07
  0
LINE
  5
5A7
330
59E
100
AcDbEntity
  8
0
 62
     8
440
 16777216
100
AcDbLine
 10
64.90000000000001
 20
0.8
 30
0.0
 11
65.9
 21
0.8
 31
0.0
  0
MTEXT
  5
5A8
330
59E
100
AcDbEntity
  8
OLCU
 62
     7
440
 16777216
100
AcDbMText
 10
65.4
 20
0.8799999999999998
 30
0.0
 40
0.1
 41
0.0
 46
0.0
 71
     5
 72
     5
  1
100
  7
ARIAL
 73
     1
 44
1.0
  0
POINT
  5
5A9
330
59E
100
AcDbEntity
  8
Defpoints
440
 16777216
100
AcDbPoint
 10
64.90000000000001
 20
0.8
 30
0.0
  0
POINT
  5
5AA
330
59E
100
AcDbEntity
  8
Defpoints
440
 16777216
100
AcDbPoint
 10
64.90000000000001
 20
1.199999999999999
 30
0.0
  0
POINT
  5
5AB
330
59E
100
AcDbEntity
  8
Defpoints
440
 16777216
100
AcDbPoint
 10
65.9
 20
1.199999999999999
 30
0.0
  0
ENDBLK
  5
5A0
330
59E
100
AcDbEntity
  8
0
100
AcDbBlockEnd
  0
BLOCK
  5
5AE
330
5AD
100
AcDbEntity
  8
0
100
AcDbBlockBegin
  2
*D20
 70
     1
 10
0.0
 20
0.0
 30
0.0
  3
*D20
  1

  0
LINE
  5
5B0
330
5AD
100
AcDbEntity
  8
0
 62
     8
440
 16777216
100
AcDbLine
 10
65.705
 20
1.804999999999999
 30
0.0
 11
66.31
 21
1.804999999999999
 31
0.0
  0
LINE
  5
5B1
330
5AD
100
AcDbEntity
  8
0
 62
     8
440
 16777216
100
AcDbLine
 10
65.705
 20
4.094999999999999
 30
0.0
 11
66.31
 21
4.094999999999999
 31
0.0
  0
INSERT
  5
5B2
330
5AD
100
AcDbEntity
  8
OLCU
 62
     8
440
 16777216
100
AcDbBlockReference
  2
_ARCHTICK
 10
66.25
 20
1.804999999999999
 30
0.0
 41
0.07
 42
0.07
 50
270.0
  0
INSERT
  5
5B4
330
5AD
100
AcDbEntity
  8
OLCU
 62
     8
440
 16777216
100
AcDbBlockReference
  2
_ARCHTICK
 10
66.25
 20
4.094999999999999
 30
0.0
 41
0.07
 42
0.07
 50
90.0
  0
LINE
  5
5B6
330
5AD
100
AcDbEntity
  8
0
 62
     8
440
 16777216
100
AcDbLine
 10
66.25
 20
1.804999999999999
 30
0.0
 11
66.25
 21
4.094999999999999
 31
0.0
  0
MTEXT
  5
5B7
330
5AD
100
AcDbEntity
  8
OLCU
 62
     7
440
 16777216
100
AcDbMText
 10
66.17
 20
2.95
 30
0.0
 40
0.1
 41
0.0
 46
0.0
 71
     5
 72
     5
  1
229
  7
ARIAL
 11
0.0000000000000001
 21
1.0
 31
0.0
 73
     1
 44
1.0
  0
POINT
  5
5B8
330
5AD
100
AcDbEntity
  8
Defpoints
440
 16777216
100
AcDbPoint
 10
66.25
 20
1.804999999999999
 30
0.0
  0
POINT
  5
5B9
330
5AD
100
AcDbEntity
  8
Defpoints
440
 16777216
100
AcDbPoint
 10
65.655
 20
1.804999999999999
 30
0.0
  0
POINT
  5
5BA
330
5AD
100
AcDbEntity
  8
Defpoints
440
 16777216
100
AcDbPoint
 10
65.655
 20
4.094999999999999
 30
0.0
  0
ENDBLK
  5
5AF
330
5AD
100
AcDbEntity
  8
0
100
AcDbBlockEnd
  0
BLOCK
  5
693
330
692
100
AcDbEntity
  8
0
100
AcDbBlockBegin
  2
*D21
 70
     1
 10
0.0
 20
0.0
 30
0.0
  3
*D21
  1

  0
LINE
  5
871
330
692
100
AcDbEntity
  8
OLCU
 62
     8
440
 16777216
370
    -2
100
AcDbLine
 10
89.57000000000004
 20
18.11547547235651
 30
0.0
 11
89.26000000000007
 21
18.11547547235651
 31
0.0
  0
LINE
  5
872
330
692
100
AcDbEntity
  8
OLCU
 62
     8
440
 16777216
370
    -2
100
AcDbLine
 10
89.57000000000004
 20
19.61547547235651
 30
0.0
 11
89.26000000000007
 21
19.61547547235651
 31
0.0
  0
LINE
  5
873
330
692
100
AcDbEntity
  8
OLCU
 62
     8
440
 16777216
370
    -2
100
AcDbLine
 10
89.32000000000007
 20
18.11547547235651
 30
0.0
 11
89.32000000000007
 21
19.61547547235651
 31
0.0
  0
INSERT
  5
874
330
692
100
AcDbEntity
  8
OLCU
 62
     8
440
 16777216
370
    -2
100
AcDbBlockReference
  2
_ARCHTICK
 10
89.32000000000007
 20
18.11547547235651
 30
0.0
 41
0.07
 42
0.07
 43
0.07
 50
270.0
  0
INSERT
  5
875
330
692
100
AcDbEntity
  8
OLCU
 62
     8
440
 16777216
370
    -2
100
AcDbBlockReference
  2
_ARCHTICK
 10
89.32000000000007
 20
19.61547547235651
 30
0.0
 41
0.07
 42
0.07
 43
0.07
 50
90.0
  0
MTEXT
  5
876
330
692
100
AcDbEntity
  8
OLCU
 62
     7
440
 16777216
100
AcDbMText
 10
89.23890859481589
 20
18.86547547235647
 30
0.0
 40
0.1
 41
0.0
 46
0.0
 71
     5
 72
     1
  1
300
  7
ARIAL
 11
0.0000000000000001
 21
1.0
 31
0.0
 73
     1
 44
1.0
  0
POINT
  5
877
330
692
100
AcDbEntity
  8
Defpoints
 62
     0
440
 16777216
100
AcDbPoint
 10
89.62000000000003
 20
18.11547547235651
 30
0.0
  0
POINT
  5
878
330
692
100
AcDbEntity
  8
Defpoints
 62
     0
440
 16777216
100
AcDbPoint
 10
89.62000000000003
 20
19.61547547235651
 30
0.0
  0
POINT
  5
879
330
692
100
AcDbEntity
  8
Defpoints
 62
     0
440
 16777216
100
AcDbPoint
 10
89.32000000000007
 20
19.61547547235651
 30
0.0
  0
ENDBLK
  5
694
330
692
100
AcDbEntity
  8
0
100
AcDbBlockEnd
  0
BLOCK
  5
6A2
330
6A1
100
AcDbEntity
  8
0
100
AcDbBlockBegin
  2
*D22
 70
     1
 10
0.0
 20
0.0
 30
0.0
  3
*D22
  1

  0
LINE
  5
87A
330
6A1
100
AcDbEntity
  8
OLCU
 62
     8
440
 16777216
370
    -2
100
AcDbLine
 10
89.62000000000001
 20
18.0654754723565
 30
0.0
 11
89.62000000000001
 21
17.7554754723565
 31
0.0
  0
LINE
  5
87B
330
6A1
100
AcDbEntity
  8
OLCU
 62
     8
440
 16777216
370
    -2
100
AcDbLine
 10
90.38
 20
18.0654754723565
 30
0.0
 11
90.38
 21
17.7554754723565
 31
0.0
  0
LINE
  5
87C
330
6A1
100
AcDbEntity
  8
OLCU
 62
     8
440
 16777216
370
    -2
100
AcDbLine
 10
89.62000000000001
 20
17.8154754723565
 30
0.0
 11
90.38
 21
17.8154754723565
 31
0.0
  0
INSERT
  5
87D
330
6A1
100
AcDbEntity
  8
OLCU
 62
     8
440
 16777216
370
    -2
100
AcDbBlockReference
  2
_ARCHTICK
 10
89.62000000000001
 20
17.8154754723565
 30
0.0
 41
0.07
 42
0.07
 43
0.07
 50
180.0
  0
INSERT
  5
87E
330
6A1
100
AcDbEntity
  8
OLCU
 62
     8
440
 16777216
370
    -2
100
AcDbBlockReference
  2
_ARCHTICK
 10
90.38
 20
17.8154754723565
 30
0.0
 41
0.07
 42
0.07
 43
0.07
  0
MTEXT
  5
87F
330
6A1
100
AcDbEntity
  8
OLCU
 62
     7
440
 16777216
100
AcDbMText
 10
90.0
 20
17.89653277112867
 30
0.0
 40
0.1
 41
0.0
 46
0.0
 71
     5
 72
     1
  1
152
  7
ARIAL
 73
     1
 44
1.0
  0
POINT
  5
880
330
6A1
100
AcDbEntity
  8
Defpoints
 62
     0
440
 16777216
100
AcDbPoint
 10
89.62000000000001
 20
18.1154754723565
 30
0.0
  0
POINT
  5
881
330
6A1
100
AcDbEntity
  8
Defpoints
 62
     0
440
 16777216
100
AcDbPoint
 10
90.38
 20
18.1154754723565
 30
0.0
  0
POINT
  5
882
330
6A1
100
AcDbEntity
  8
Defpoints
 62
     0
440
 16777216
100
AcDbPoint
 10
90.38
 20
17.8154754723565
 30
0.0
  0
ENDBLK
  5
6A3
330
6A1
100
AcDbEntity
  8
0
100
AcDbBlockEnd
  0
BLOCK
  5
823
330
822
100
AcDbEntity
  8
0
100
AcDbBlockBegin
  2
*D23
 70
     1
 10
0.0
 20
0.0
 30
0.0
  3
*D23
  1

  0
LINE
  5
830
330
822
100
AcDbEntity
  8
0
 62
     0
440
 16777216
370
    -2
100
AcDbLine
 10
97.72500000000006
 20
32.82912078381452
 30
0.0
 11
105.0991631931184
 21
32.82912078381452
 31
0.0
  0
LINE
  5
831
330
822
100
AcDbEntity
  8
0
 62
     0
440
 16777216
370
    -2
100
AcDbLine
 10
97.72500000000006
 20
-0.7100000000000002
 30
0.0
 11
105.0991631931184
 21
-0.709999999999999
 31
0.0
  0
LINE
  5
832
330
822
100
AcDbEntity
  8
0
 62
     0
440
 16777216
370
    -2
100
AcDbLine
 10
104.7241631931184
 20
32.82912078381452
 30
0.0
 11
104.7241631931184
 21
1.04311367167937
 31
0.0
  0
LINE
  5
833
330
822
100
AcDbEntity
  8
0
 62
     0
440
 16777216
370
    -2
100
AcDbLine
 10
104.7241631931184
 20
-0.7099999999999991
 30
0.0
 11
104.7241631931184
 21
-0.5259339473682483
 31
0.0
  0
MTEXT
  5
834
330
822
100
AcDbEntity
  8
0
 62
     0
440
 16777216
100
AcDbMText
 10
104.7241631931183
 20
0.2585898621555316
 30
0.0
 40
0.25
 41
0.0
 46
0.0
 71
     5
 72
     1
  1
3353.91
  7
OpenSansCondensed-Light
 11
0.0000000000000001
 21
1.0
 31
0.0
 73
     1
 44
1.0
  0
INSERT
  5
835
330
822
100
AcDbEntity
  8
0
 62
     0
440
 16777216
370
    -2
100
AcDbBlockReference
  2
_ARCHTICK
 10
104.7241631931184
 20
32.82912078381452
 30
0.0
 41
0.175
 42
0.175
 43
0.175
 50
90.0
  0
INSERT
  5
836
330
822
100
AcDbEntity
  8
0
 62
     0
440
 16777216
370
    -2
100
AcDbBlockReference
  2
_ARCHTICK
 10
104.7241631931184
 20
-0.7099999999999991
 30
0.0
 41
0.175
 42
0.175
 43
0.175
 50
270.0
  0
POINT
  5
837
330
822
100
AcDbEntity
  8
Defpoints
 62
     0
440
 16777216
100
AcDbPoint
 10
97.60000000000005
 20
32.82912078381452
 30
0.0
  0
POINT
  5
838
330
822
100
AcDbEntity
  8
Defpoints
 62
     0
440
 16777216
100
AcDbPoint
 10
97.60000000000005
 20
-0.7100000000000002
 30
0.0
  0
POINT
  5
839
330
822
100
AcDbEntity
  8
Defpoints
 62
     0
440
 16777216
100
AcDbPoint
 10
104.7241631931184
 20
-0.7099999999999991
 30
0.0
  0
ENDBLK
  5
824
330
822
100
AcDbEntity
  8
0
100
AcDbBlockEnd
  0
BLOCK
  5
885
330
884
100
AcDbEntity
  8
0
100
AcDbBlockBegin
  2
*D24
 70
     1
 10
0.0
 20
0.0
 30
0.0
  3
*D24
  1

  0
LINE
  5
892
330
884
100
AcDbEntity
  8
0
 62
     0
440
 16777216
370
    -2
100
AcDbLine
 10
-12.38500000000001
 20
30.39074132991101
 30
0.0
 11
-25.42130353131601
 21
30.39074132991101
 31
0.0
  0
LINE
  5
893
330
884
100
AcDbEntity
  8
0
 62
     0
440
 16777216
370
    -2
100
AcDbLine
 10
-12.38500000000001
 20
-0.7100000000000002
 30
0.0
 11
-25.421303531316
 21
-0.7100000000000023
 31
0.0
  0
LINE
  5
894
330
884
100
AcDbEntity
  8
0
 62
     0
440
 16777216
370
    -2
100
AcDbLine
 10
-25.04630353131601
 20
30.39074132991101
 30
0.0
 11
-25.046303531316
 21
2.074452208238326
 31
0.0
  0
LINE
  5
895
330
884
100
AcDbEntity
  8
0
 62
     0
440
 16777216
370
    -2
100
AcDbLine
 10
-25.046303531316
 20
-0.7100000000000022
 30
0.0
 11
-25.046303531316
 21
0.4934998272859455
 31
0.0
  0
MTEXT
  5
896
330
884
100
AcDbEntity
  8
0
 62
     0
440
 16777216
100
AcDbMText
 10
-25.04630353131597
 20
1.283976017762142
 30
0.0
 40
0.25
 41
0.0
 46
0.0
 71
     5
 72
     1
  1
3110.07
  7
OpenSansCondensed-Light
 11
0.0000000000000001
 21
1.0
 31
0.0
 73
     1
 44
1.0
  0
INSERT
  5
897
330
884
100
AcDbEntity
  8
0
 62
     0
440
 16777216
370
    -2
100
AcDbBlockReference
  2
_ARCHTICK
 10
-25.04630353131601
 20
30.39074132991101
 30
0.0
 41
0.175
 42
0.175
 43
0.175
 50
90.0
  0
INSERT
  5
898
330
884
100
AcDbEntity
  8
0
 62
     0
440
 16777216
370
    -2
100
AcDbBlockReference
  2
_ARCHTICK
 10
-25.046303531316
 20
-0.7100000000000022
 30
0.0
 41
0.175
 42
0.175
 43
0.175
 50
270.0
  0
POINT
  5
899
330
884
100
AcDbEntity
  8
Defpoints
 62
     0
440
 16777216
100
AcDbPoint
 10
-12.26000000000001
 20
30.39074132991101
 30
0.0
  0
POINT
  5
89A
330
884
100
AcDbEntity
  8
Defpoints
 62
     0
440
 16777216
100
AcDbPoint
 10
-12.26000000000001
 20
-0.7100000000000002
 30
0.0
  0
POINT
  5
89B
330
884
100
AcDbEntity
  8
Defpoints
 62
     0
440
 16777216
100
AcDbPoint
 10
-25.046303531316
 20
-0.7100000000000022
 30
0.0
  0
ENDBLK
  5
886
330
884
100
AcDbEntity
  8
0
100
AcDbBlockEnd
  0
ENDSEC
  0
SECTION
  2
ENTITIES
  0
LWPOLYLINE
  5
BB
330
17
100
AcDbEntity
  8
YOL
100
AcDbPolyline
 90
        3
 70
     0
 43
0.0
 10
33.2
 20
29.21403618586628
 10
35.8
 20
22.41403618586628
 10
37.7
 20
17.81403618586628
  0
LWPOLYLINE
  5
BC
330
17
100
AcDbEntity
  8
YOL
100
AcDbPolyline
 90
        4
 70
     0
 43
0.0
 10
32.25138859624481
 20
30.390741329911
 10
34.0
 20
26.81403618586628
 10
36.0
 20
21.61403618586628
 10
37.4
 20
18.01403618586628
  0
LWPOLYLINE
  5
BD
330
17
100
AcDbEntity
  8
YOL
100
AcDbPolyline
 90
        3
 70
     0
 43
0.0
 10
37.76
 20
17.51403618586628
 10
37.7
 20
8.414036185866279
 10
37.56421894862783
 20
-0.6057050838562965
  0
LWPOLYLINE
  5
BF
330
17
100
AcDbEntity
  8
YOL
100
AcDbPolyline
 90
        2
 70
     0
 43
0.0
 10
37.37518441311737
 20
-0.7100000000000013
 10
37.56421894862783
 20
-0.6057050838562958
  0
LWPOLYLINE
  5
C0
330
17
100
AcDbEntity
  8
BINA
100
AcDbPolyline
 90
        6
 70
     1
 43
0.0
 10
7.837052565342855
 20
25.62006767433126
 10
22.43705256534286
 20
26.68006767433126
 10
22.43705256534286
 20
29.18006767433126
 10
21.53705256534285
 20
29.84006767433126
 10
16.13705256534285
 20
29.28006767433126
 10
11.83705256534285
 20
27.78006767433126
  0
HATCH
  5
C1
330
17
100
AcDbEntity
  8
BINA-TARAMA
100
AcDbHatch
 10
0.0
 20
0.0
 30
0.0
210
0.0
220
0.0
230
1.0
  2
ANSI31
 70
     0
 71
     0
 91
        1
 92
        3
 72
     0
 73
     1
 93
        6
 10
7.837052565342855
 20
25.62006767433126
 10
22.43705256534286
 20
26.68006767433126
 10
22.43705256534286
 20
29.18006767433126
 10
21.53705256534285
 20
29.84006767433126
 10
16.13705256534285
 20
29.28006767433126
 10
11.83705256534285
 20
27.78006767433126
 97
        0
 75
     1
 76
     1
 52
0.0
 41
0.05
 77
     0
 78
     1
 53
45.0
 43
0.0
 44
-2.58596381413372
 45
-0.1122532015
 46
0.1122532015
 79
     0
 98
        0
  0
LWPOLYLINE
  5
C2
330
17
100
AcDbEntity
  8
BINA
100
AcDbPolyline
 90
        4
 70
     1
 43
0.0
 10
17.63344481605351
 20
0.2033531202037011
 10
3.882160620695685
 20
0.2033531202037011
 10
3.882160620695685
 20
6.100001052115201
 10
17.63344481605351
 20
6.100001052115201
  0
LWPOLYLINE
  5
C3
330
17
100
AcDbEntity
  8
BINA
100
AcDbPolyline
 90
        2
 70
     0
 43
0.0
 10
13.23117500776607
 20
0.2033531202037011
 10
13.23117500776607
 20
6.100001052115201
  0
HATCH
  5
C4
330
17
100
AcDbEntity
  8
BINA-TARAMA
100
AcDbHatch
 10
0.0
 20
0.0
 30
0.0
210
0.0
220
0.0
230
1.0
  2
ANSI31
 70
     0
 71
     0
 91
        1
 92
        3
 72
     0
 73
     1
 93
        4
 10
17.63344481605351
 20
0.2033531202037011
 10
3.882160620695685
 20
0.2033531202037011
 10
3.882160620695685
 20
6.100001052115201
 10
17.63344481605351
 20
6.100001052115201
 97
        0
 75
     1
 76
     1
 52
0.0
 41
0.05
 77
     0
 78
     1
 53
45.0
 43
0.0
 44
-2.58596381413372
 45
-0.1122532015
 46
0.1122532015
 79
     0
 98
        0
  0
LWPOLYLINE
  5
C5
330
17
100
AcDbEntity
  8
BINA
100
AcDbPolyline
 90
        4
 70
     0
 43
0.0
 10
17.8
 20
3.514036185866278
 10
23.3
 20
4.11403618586628
 10
23.6
 20
1.314036185866279
 10
17.6
 20
1.01403618586628
  0
LWPOLYLINE
  5
C6
330
17
100
AcDbEntity
  8
BINA
100
AcDbPolyline
 90
        2
 70
     0
 43
0.0
 10
17.8
 20
3.514036185866278
 10
17.63344481605351
 20
1.015708426668954
  0
LWPOLYLINE
  5
C7
330
17
100
AcDbEntity
  8
YAZI
100
AcDbPolyline
 90
        4
 70
     1
 43
0.0
 10
8.169517814230879
 20
3.001677086159451
 10
8.943817814230877
 20
3.001677086159451
 10
8.943817814230877
 20
3.301677086159452
 10
8.169517814230879
 20
3.301677086159452
  0
TEXT
  5
C8
330
17
100
AcDbEntity
  8
YAZI
100
AcDbText
 10
8.185561061161301
 20
3.087927086159452
 30
0.0
 40
0.1275
  1
MARKET
  7
ARIAL
 72
     1
 11
8.556667814230879
 21
3.151677086159452
 31
0.0
100
AcDbText
 73
     2
  0
LWPOLYLINE
  5
C9
330
17
100
AcDbEntity
  8
YAZI
100
AcDbPolyline
 90
        4
 70
     1
 43
0.0
 10
15.12420991190979
 20
3.001677086159451
 10
15.74040991190979
 20
3.001677086159451
 10
15.74040991190979
 20
3.301677086159452
 10
15.12420991190979
 20
3.301677086159452
  0
TEXT
  5
CA
330
17
100
AcDbEntity
  8
YAZI
100
AcDbText
 10
15.17991905242821
 20
3.087927086159452
 30
0.0
 40
0.1275
  1
DEPO
  7
ARIAL
 72
     1
 11
15.43230991190979
 21
3.151677086159452
 31
0.0
100
AcDbText
 73
     2
  0
LWPOLYLINE
  5
CB
330
17
100
AcDbEntity
  8
BINA
100
AcDbPolyline
 90
        4
 70
     1
 43
0.0
 10
-10.96961470225233
 20
1.974402695870138
 10
-2.740556631615617
 20
1.974402695870138
 10
-2.740556631615617
 20
6.651858572523908
 10
-10.96961470225233
 20
6.651858572523908
  0
LWPOLYLINE
  5
CC
330
17
100
AcDbEntity
  8
BINA-TARAMA
100
AcDbPolyline
 90
        4
 70
     1
 43
0.0
 10
-10.96961470225233
 20
1.824402695870138
 10
-2.590556631615618
 20
1.824402695870138
 10
-2.590556631615618
 20
6.801858572523908
 10
-11.11961470225233
 20
6.801858572523908
  0
CIRCLE
  5
CD
330
17
100
AcDbEntity
  8
BINA
100
AcDbCircle
 10
-9.877222127193817
 20
5.212627588969096
 30
0.0
 40
0.5657604362592418
  0
CIRCLE
  5
CE
330
17
100
AcDbEntity
  8
BINA-TARAMA
100
AcDbCircle
 10
-9.877222127193817
 20
5.212627588969096
 30
0.0
 40
0.4657604362592418
  0
LWPOLYLINE
  5
CF
330
17
100
AcDbEntity
  8
EKSEN
100
AcDbPolyline
 90
        2
 70
     0
 43
0.0
 10
-10.32298256345306
 20
5.212627588969096
 10
-9.431461690934575
 20
5.212627588969096
  0
LWPOLYLINE
  5
D0
330
17
100
AcDbEntity
  8
EKSEN
100
AcDbPolyline
 90
        2
 70
     0
 43
0.0
 10
-9.877222127193817
 20
4.766867152709854
 10
-9.877222127193817
 20
5.658388025228338
  0
CIRCLE
  5
D1
330
17
100
AcDbEntity
  8
BINA
100
AcDbCircle
 10
-8.436252806084667
 20
5.212627588969096
 30
0.0
 40
0.5657604362592418
  0
CIRCLE
  5
D2
330
17
100
AcDbEntity
  8
BINA-TARAMA
100
AcDbCircle
 10
-8.436252806084667
 20
5.212627588969096
 30
0.0
 40
0.4657604362592418
  0
LWPOLYLINE
  5
D3
330
17
100
AcDbEntity
  8
EKSEN
100
AcDbPolyline
 90
        2
 70
     0
 43
0.0
 10
-8.882013242343909
 20
5.212627588969096
 10
-7.990492369825425
 20
5.212627588969096
  0
LWPOLYLINE
  5
D4
330
17
100
AcDbEntity
  8
EKSEN
100
AcDbPolyline
 90
        2
 70
     0
 43
0.0
 10
-8.436252806084667
 20
4.766867152709854
 10
-8.436252806084667
 20
5.658388025228338
  0
CIRCLE
  5
D5
330
17
100
AcDbEntity
  8
BINA
100
AcDbCircle
 10
-7.132516311764447
 20
5.212627588969096
 30
0.0
 40
0.5657604362592418
  0
CIRCLE
  5
D6
330
17
100
AcDbEntity
  8
BINA-TARAMA
100
AcDbCircle
 10
-7.132516311764447
 20
5.212627588969096
 30
0.0
 40
0.4657604362592418
  0
LWPOLYLINE
  5
D7
330
17
100
AcDbEntity
  8
EKSEN
100
AcDbPolyline
 90
        2
 70
     0
 43
0.0
 10
-7.578276748023689
 20
5.212627588969096
 10
-6.686755875505205
 20
5.212627588969096
  0
LWPOLYLINE
  5
D8
330
17
100
AcDbEntity
  8
EKSEN
100
AcDbPolyline
 90
        2
 70
     0
 43
0.0
 10
-7.132516311764447
 20
4.766867152709854
 10
-7.132516311764447
 20
5.658388025228338
  0
CIRCLE
  5
D9
330
17
100
AcDbEntity
  8
BINA
100
AcDbCircle
 10
-5.772633888948803
 20
5.212627588969096
 30
0.0
 40
0.5657604362592418
  0
CIRCLE
  5
DA
330
17
100
AcDbEntity
  8
BINA-TARAMA
100
AcDbCircle
 10
-5.772633888948803
 20
5.212627588969096
 30
0.0
 40
0.4657604362592418
  0
LWPOLYLINE
  5
DB
330
17
100
AcDbEntity
  8
EKSEN
100
AcDbPolyline
 90
        2
 70
     0
 43
0.0
 10
-6.218394325208045
 20
5.212627588969096
 10
-5.326873452689561
 20
5.212627588969096
  0
LWPOLYLINE
  5
DC
330
17
100
AcDbEntity
  8
EKSEN
100
AcDbPolyline
 90
        2
 70
     0
 43
0.0
 10
-5.772633888948803
 20
4.766867152709854
 10
-5.772633888948803
 20
5.658388025228338
  0
TEXT
  5
DD
330
17
100
AcDbEntity
  8
YAZI
100
AcDbText
 10
-7.899220216729335
 20
2.810652695870138
 30
0.0
 40
0.1275
  1
AKARYAKIT TANK ALANI
  7
ARIAL
 72
     1
 11
-6.855085666933973
 21
2.874402695870138
 31
0.0
100
AcDbText
 73
     2
  0
LWPOLYLINE
  5
DE
330
17
100
AcDbEntity
  8
BINA
100
AcDbPolyline
 90
        4
 70
     1
 43
0.0
 10
34.3
 20
9.71403618586628
 10
36.4
 20
9.71403618586628
 10
36.4
 20
14.91403618586628
 10
34.3
 20
14.91403618586628
  0
LWPOLYLINE
  5
DF
330
17
100
AcDbEntity
  8
BINA
100
AcDbPolyline
 90
        2
 70
     0
 43
0.0
 10
34.3
 20
14.01403618586628
 10
36.4
 20
14.01403618586628
  0
TEXT
  5
E0
330
17
100
AcDbEntity
  8
YAZI
100
AcDbText
 10
35.41374999999999
 20
11.30532370291948
 30
0.0
 40
0.1275
  1
ARAÇ YIKAMA
 50
90.0
  7
ARIAL
 72
     1
 11
35.34999999999999
 21
11.91403618586628
 31
0.0
100
AcDbText
 73
     2
  0
LWPOLYLINE
  5
E1
330
17
100
AcDbEntity
  8
KANOPI
100
AcDbPolyline
 90
        4
 70
     1
 43
0.0
 10
3.6
 20
9.31403618586628
 10
25.44
 20
9.31403618586628
 10
25.44
 20
25.85403618586628
 10
3.6
 20
25.85403618586628
  0
TEXT
  5
E2
330
17
100
AcDbEntity
  8
YAZI
 62
     4
100
AcDbText
 10
3.85
 20
25.49903618586628
 30
0.0
 40
0.11
  1
KANOPİ İZDÜŞÜMÜ
  7
ARIAL
 11
3.85
 21
25.55403618586628
 31
0.0
100
AcDbText
 73
     2
  0
LWPOLYLINE
  5
E3
330
17
100
AcDbEntity
  8
ADA
100
AcDbPolyline
 90
        4
 70
     1
 43
0.0
 10
6.349999999999998
 20
21.10403618586628
 10
10.85
 20
21.10403618586628
 42
1.0
 10
10.85
 20
22.60403618586628
 10
6.349999999999998
 20
22.60403618586628
 42
1.0
  0
LWPOLYLINE
  5
E4
330
17
100
AcDbEntity
  8
ADA
100
AcDbPolyline
 90
        4
 70
     1
 43
0.0
 10
6.349999999999998
 20
21.20403618586629
 10
10.85
 20
21.20403618586629
 42
1.0
 10
10.85
 20
22.50403618586628
 10
6.349999999999998
 20
22.50403618586628
 42
1.0
  0
HATCH
  5
E5
330
17
100
AcDbEntity
  8
ADA-TARAMA
100
AcDbHatch
 10
0.0
 20
0.0
 30
0.0
210
0.0
220
0.0
230
1.0
  2
ANSI37
 70
     0
 71
     0
 91
        1
 92
        3
 72
     1
 73
     1
 93
        4
 10
6.349999999999998
 20
21.20403618586629
 42
0.0
 10
10.85
 20
21.20403618586629
 42
1.0
 10
10.85
 20
22.50403618586628
 42
0.0
 10
6.349999999999998
 20
22.50403618586628
 42
1.0
 97
        0
 75
     1
 76
     1
 52
0.0
 41
0.06
 77
     0
 78
     2
 53
45.0
 43
0.0
 44
-2.58596381413372
 45
-0.1347038418
 46
0.1347038418
 79
     0
 53
135.0
 43
0.0
 44
-2.58596381413372
 45
-0.1347038418
 46
-0.1347038418
 79
     0
 98
        0
  0
LWPOLYLINE
  5
E6
330
17
100
AcDbEntity
  8
DISPENSER
100
AcDbPolyline
 90
        4
 70
     1
 43
0.0
 10
6.45
 20
21.55403618586628
 10
7.549999999999999
 20
21.55403618586628
 10
7.549999999999999
 20
22.15403618586628
 10
6.45
 20
22.15403618586628
  0
LWPOLYLINE
  5
E7
330
17
100
AcDbEntity
  8
DISPENSER
100
AcDbPolyline
 90
        4
 70
     1
 43
0.0
 10
6.549999999999999
 20
21.65403618586628
 10
7.45
 20
21.65403618586628
 10
7.45
 20
22.05403618586628
 10
6.549999999999999
 20
22.05403618586628
  0
TEXT
  5
E8
330
17
100
AcDbEntity
  8
YAZI
100
AcDbText
 10
6.608049113233287
 20
21.80403618586628
 30
0.0
 40
0.1
  1
AKARYAKIT
  7
ARIAL
 72
     1
 11
7.0
 21
21.85403618586628
 31
0.0
100
AcDbText
 73
     2
  0
LWPOLYLINE
  5
E9
330
17
100
AcDbEntity
  8
DISPENSER
100
AcDbPolyline
 90
        4
 70
     1
 43
0.0
 10
9.65
 20
21.55403618586628
 10
10.75
 20
21.55403618586628
 10
10.75
 20
22.15403618586628
 10
9.65
 20
22.15403618586628
  0
LWPOLYLINE
  5
EA
330
17
100
AcDbEntity
  8
DISPENSER
100
AcDbPolyline
 90
        4
 70
     1
 43
0.0
 10
9.75
 20
21.65403618586628
 10
10.65
 20
21.65403618586628
 10
10.65
 20
22.05403618586628
 10
9.75
 20
22.05403618586628
  0
TEXT
  5
EB
330
17
100
AcDbEntity
  8
YAZI
100
AcDbText
 10
9.808049113233286
 20
21.80403618586628
 30
0.0
 40
0.1
  1
AKARYAKIT
  7
ARIAL
 72
     1
 11
10.2
 21
21.85403618586628
 31
0.0
100
AcDbText
 73
     2
  0
CIRCLE
  5
EC
330
17
100
AcDbEntity
  8
BARIYER
100
AcDbCircle
 10
5.949999999999997
 20
21.47403618586628
 30
0.0
 40
0.09
  0
HATCH
  5
ED
330
17
100
AcDbEntity
  8
BARIYER
100
AcDbHatch
 10
0.0
 20
0.0
 30
0.0
210
0.0
220
0.0
230
1.0
  2
SOLID
 70
     1
 71
     0
 91
        1
 92
        1
 93
        1
 72
     2
 10
5.949999999999997
 20
21.47403618586628
 40
0.09
 50
0.0
 51
360.0
 73
     1
 97
        0
 75
     1
 76
     1
 98
        0
450
        0
451
        0
460
0.0
461
0.0
452
        0
462
0.0
453
        0
470

  0
CIRCLE
  5
EE
330
17
100
AcDbEntity
  8
BARIYER
100
AcDbCircle
 10
5.949999999999997
 20
22.23403618586628
 30
0.0
 40
0.09
  0
HATCH
  5
EF
330
17
100
AcDbEntity
  8
BARIYER
100
AcDbHatch
 10
0.0
 20
0.0
 30
0.0
210
0.0
220
0.0
230
1.0
  2
SOLID
 70
     1
 71
     0
 91
        1
 92
        1
 93
        1
 72
     2
 10
5.949999999999997
 20
22.23403618586628
 40
0.09
 50
0.0
 51
360.0
 73
     1
 97
        0
 75
     1
 76
     1
 98
        0
450
        0
451
        0
460
0.0
461
0.0
452
        0
462
0.0
453
        0
470

  0
CIRCLE
  5
F0
330
17
100
AcDbEntity
  8
BARIYER
100
AcDbCircle
 10
11.25
 20
21.47403618586628
 30
0.0
 40
0.09
  0
HATCH
  5
F1
330
17
100
AcDbEntity
  8
BARIYER
100
AcDbHatch
 10
0.0
 20
0.0
 30
0.0
210
0.0
220
0.0
230
1.0
  2
SOLID
 70
     1
 71
     0
 91
        1
 92
        1
 93
        1
 72
     2
 10
11.25
 20
21.47403618586628
 40
0.09
 50
0.0
 51
360.0
 73
     1
 97
        0
 75
     1
 76
     1
 98
        0
450
        0
451
        0
460
0.0
461
0.0
452
        0
462
0.0
453
        0
470

  0
CIRCLE
  5
F2
330
17
100
AcDbEntity
  8
BARIYER
100
AcDbCircle
 10
11.25
 20
22.23403618586628
 30
0.0
 40
0.09
  0
HATCH
  5
F3
330
17
100
AcDbEntity
  8
BARIYER
100
AcDbHatch
 10
0.0
 20
0.0
 30
0.0
210
0.0
220
0.0
230
1.0
  2
SOLID
 70
     1
 71
     0
 91
        1
 92
        1
 93
        1
 72
     2
 10
11.25
 20
22.23403618586628
 40
0.09
 50
0.0
 51
360.0
 73
     1
 97
        0
 75
     1
 76
     1
 98
        0
450
        0
451
        0
460
0.0
461
0.0
452
        0
462
0.0
453
        0
470

  0
TEXT
  5
F4
330
17
100
AcDbEntity
  8
YAZI
100
AcDbText
 10
7.729155866302864
 20
22.86178175203272
 30
0.0
 40
0.1275
  1
ADA-1  (AKARYAKIT)
  7
ARIAL
 72
     1
 11
8.599999999999999
 21
22.82403618586628
 31
0.0
100
AcDbText
 73
     1
  0
LWPOLYLINE
  5
F5
330
17
100
AcDbEntity
  8
ADA
100
AcDbPolyline
 90
        4
 70
     1
 43
0.0
 10
18.19
 20
20.66403618586628
 10
22.69
 20
20.66403618586628
 42
1.0
 10
22.69
 20
22.16403618586628
 10
18.19
 20
22.16403618586628
 42
1.0
  0
LWPOLYLINE
  5
F6
330
17
100
AcDbEntity
  8
ADA
100
AcDbPolyline
 90
        4
 70
     1
 43
0.0
 10
18.19
 20
20.76403618586628
 10
22.69
 20
20.76403618586628
 42
1.0
 10
22.69
 20
22.06403618586628
 10
18.19
 20
22.06403618586628
 42
1.0
  0
HATCH
  5
F7
330
17
100
AcDbEntity
  8
ADA-TARAMA
100
AcDbHatch
 10
0.0
 20
0.0
 30
0.0
210
0.0
220
0.0
230
1.0
  2
ANSI37
 70
     0
 71
     0
 91
        1
 92
        3
 72
     1
 73
     1
 93
        4
 10
18.19
 20
20.76403618586628
 42
0.0
 10
22.69
 20
20.76403618586628
 42
1.0
 10
22.69
 20
22.06403618586628
 42
0.0
 10
18.19
 20
22.06403618586628
 42
1.0
 97
        0
 75
     1
 76
     1
 52
0.0
 41
0.06
 77
     0
 78
     2
 53
45.0
 43
0.0
 44
-2.58596381413372
 45
-0.1347038418
 46
0.1347038418
 79
     0
 53
135.0
 43
0.0
 44
-2.58596381413372
 45
-0.1347038418
 46
-0.1347038418
 79
     0
 98
        0
  0
LWPOLYLINE
  5
F8
330
17
100
AcDbEntity
  8
DISPENSER
100
AcDbPolyline
 90
        4
 70
     1
 43
0.0
 10
18.29
 20
21.11403618586628
 10
19.39
 20
21.11403618586628
 10
19.39
 20
21.71403618586628
 10
18.29
 20
21.71403618586628
  0
LWPOLYLINE
  5
F9
330
17
100
AcDbEntity
  8
DISPENSER
100
AcDbPolyline
 90
        4
 70
     1
 43
0.0
 10
18.39
 20
21.21403618586628
 10
19.29
 20
21.21403618586628
 10
19.29
 20
21.61403618586628
 10
18.39
 20
21.61403618586628
  0
TEXT
  5
FA
330
17
100
AcDbEntity
  8
YAZI
100
AcDbText
 10
18.44804911323329
 20
21.36403618586628
 30
0.0
 40
0.1
  1
AKARYAKIT
  7
ARIAL
 72
     1
 11
18.84
 21
21.41403618586628
 31
0.0
100
AcDbText
 73
     2
  0
LWPOLYLINE
  5
FB
330
17
100
AcDbEntity
  8
DISPENSER
100
AcDbPolyline
 90
        4
 70
     1
 43
0.0
 10
21.49
 20
21.11403618586628
 10
22.59
 20
21.11403618586628
 10
22.59
 20
21.71403618586628
 10
21.49
 20
21.71403618586628
  0
LWPOLYLINE
  5
FC
330
17
100
AcDbEntity
  8
DISPENSER
100
AcDbPolyline
 90
        4
 70
     1
 43
0.0
 10
21.59
 20
21.21403618586628
 10
22.49
 20
21.21403618586628
 10
22.49
 20
21.61403618586628
 10
21.59
 20
21.61403618586628
  0
TEXT
  5
FD
330
17
100
AcDbEntity
  8
YAZI
100
AcDbText
 10
21.64804911323329
 20
21.36403618586628
 30
0.0
 40
0.1
  1
AKARYAKIT
  7
ARIAL
 72
     1
 11
22.04000000000001
 21
21.41403618586628
 31
0.0
100
AcDbText
 73
     2
  0
CIRCLE
  5
FE
330
17
100
AcDbEntity
  8
BARIYER
100
AcDbCircle
 10
17.79
 20
21.03403618586628
 30
0.0
 40
0.09
  0
HATCH
  5
FF
330
17
100
AcDbEntity
  8
BARIYER
100
AcDbHatch
 10
0.0
 20
0.0
 30
0.0
210
0.0
220
0.0
230
1.0
  2
SOLID
 70
     1
 71
     0
 91
        1
 92
        1
 93
        1
 72
     2
 10
17.79
 20
21.03403618586628
 40
0.09
 50
0.0
 51
360.0
 73
     1
 97
        0
 75
     1
 76
     1
 98
        0
450
        0
451
        0
460
0.0
461
0.0
452
        0
462
0.0
453
        0
470

  0
CIRCLE
  5
100
330
17
100
AcDbEntity
  8
BARIYER
100
AcDbCircle
 10
17.79
 20
21.79403618586628
 30
0.0
 40
0.09
  0
HATCH
  5
101
330
17
100
AcDbEntity
  8
BARIYER
100
AcDbHatch
 10
0.0
 20
0.0
 30
0.0
210
0.0
220
0.0
230
1.0
  2
SOLID
 70
     1
 71
     0
 91
        1
 92
        1
 93
        1
 72
     2
 10
17.79
 20
21.79403618586628
 40
0.09
 50
0.0
 51
360.0
 73
     1
 97
        0
 75
     1
 76
     1
 98
        0
450
        0
451
        0
460
0.0
461
0.0
452
        0
462
0.0
453
        0
470

  0
CIRCLE
  5
102
330
17
100
AcDbEntity
  8
BARIYER
100
AcDbCircle
 10
23.09
 20
21.03403618586628
 30
0.0
 40
0.09
  0
HATCH
  5
103
330
17
100
AcDbEntity
  8
BARIYER
100
AcDbHatch
 10
0.0
 20
0.0
 30
0.0
210
0.0
220
0.0
230
1.0
  2
SOLID
 70
     1
 71
     0
 91
        1
 92
        1
 93
        1
 72
     2
 10
23.09
 20
21.03403618586628
 40
0.09
 50
0.0
 51
360.0
 73
     1
 97
        0
 75
     1
 76
     1
 98
        0
450
        0
451
        0
460
0.0
461
0.0
452
        0
462
0.0
453
        0
470

  0
CIRCLE
  5
104
330
17
100
AcDbEntity
  8
BARIYER
100
AcDbCircle
 10
23.09
 20
21.79403618586628
 30
0.0
 40
0.09
  0
HATCH
  5
105
330
17
100
AcDbEntity
  8
BARIYER
100
AcDbHatch
 10
0.0
 20
0.0
 30
0.0
210
0.0
220
0.0
230
1.0
  2
SOLID
 70
     1
 71
     0
 91
        1
 92
        1
 93
        1
 72
     2
 10
23.09
 20
21.79403618586628
 40
0.09
 50
0.0
 51
360.0
 73
     1
 97
        0
 75
     1
 76
     1
 98
        0
450
        0
451
        0
460
0.0
461
0.0
452
        0
462
0.0
453
        0
470

  0
TEXT
  5
106
330
17
100
AcDbEntity
  8
YAZI
100
AcDbText
 10
19.56915586630286
 20
22.42178175203272
 30
0.0
 40
0.1275
  1
ADA-2  (AKARYAKIT)
  7
ARIAL
 72
     1
 11
20.44
 21
22.38403618586628
 31
0.0
100
AcDbText
 73
     1
  0
LWPOLYLINE
  5
107
330
17
100
AcDbEntity
  8
ADA
100
AcDbPolyline
 90
        4
 70
     1
 43
0.0
 10
7.49
 20
11.22403618586628
 10
11.99
 20
11.22403618586628
 42
1.0
 10
11.99
 20
12.72403618586628
 10
7.49
 20
12.72403618586628
 42
1.0
  0
LWPOLYLINE
  5
108
330
17
100
AcDbEntity
  8
ADA
100
AcDbPolyline
 90
        4
 70
     1
 43
0.0
 10
7.49
 20
11.32403618586628
 10
11.99
 20
11.32403618586628
 42
1.0
 10
11.99
 20
12.62403618586628
 10
7.49
 20
12.62403618586628
 42
1.0
  0
HATCH
  5
109
330
17
100
AcDbEntity
  8
ADA-TARAMA
100
AcDbHatch
 10
0.0
 20
0.0
 30
0.0
210
0.0
220
0.0
230
1.0
  2
ANSI37
 70
     0
 71
     0
 91
        1
 92
        3
 72
     1
 73
     1
 93
        4
 10
7.49
 20
11.32403618586628
 42
0.0
 10
11.99
 20
11.32403618586628
 42
1.0
 10
11.99
 20
12.62403618586628
 42
0.0
 10
7.49
 20
12.62403618586628
 42
1.0
 97
        0
 75
     1
 76
     1
 52
0.0
 41
0.06
 77
     0
 78
     2
 53
45.0
 43
0.0
 44
-2.58596381413372
 45
-0.1347038418
 46
0.1347038418
 79
     0
 53
135.0
 43
0.0
 44
-2.58596381413372
 45
-0.1347038418
 46
-0.1347038418
 79
     0
 98
        0
  0
LWPOLYLINE
  5
10A
330
17
100
AcDbEntity
  8
DISPENSER
100
AcDbPolyline
 90
        4
 70
     1
 43
0.0
 10
7.590000000000001
 20
11.67403618586628
 10
8.690000000000001
 20
11.67403618586628
 10
8.690000000000001
 20
12.27403618586628
 10
7.590000000000001
 20
12.27403618586628
  0
LWPOLYLINE
  5
10B
330
17
100
AcDbEntity
  8
DISPENSER
100
AcDbPolyline
 90
        4
 70
     1
 43
0.0
 10
7.69
 20
11.77403618586628
 10
8.589999999999999
 20
11.77403618586628
 10
8.589999999999999
 20
12.17403618586628
 10
7.69
 20
12.17403618586628
  0
TEXT
  5
10C
330
17
100
AcDbEntity
  8
YAZI
100
AcDbText
 10
7.748049113233288
 20
11.92403618586628
 30
0.0
 40
0.1
  1
AKARYAKIT
  7
ARIAL
 72
     1
 11
8.14
 21
11.97403618586628
 31
0.0
100
AcDbText
 73
     2
  0
LWPOLYLINE
  5
10D
330
17
100
AcDbEntity
  8
DISPENSER
100
AcDbPolyline
 90
        4
 70
     1
 43
0.0
 10
10.79
 20
11.67403618586628
 10
11.89
 20
11.67403618586628
 10
11.89
 20
12.27403618586628
 10
10.79
 20
12.27403618586628
  0
LWPOLYLINE
  5
10E
330
17
100
AcDbEntity
  8
DISPENSER
100
AcDbPolyline
 90
        4
 70
     1
 43
0.0
 10
10.89
 20
11.77403618586628
 10
11.79
 20
11.77403618586628
 10
11.79
 20
12.17403618586628
 10
10.89
 20
12.17403618586628
  0
TEXT
  5
10F
330
17
100
AcDbEntity
  8
YAZI
100
AcDbText
 10
10.94804911323328
 20
11.92403618586628
 30
0.0
 40
0.1
  1
AKARYAKIT
  7
ARIAL
 72
     1
 11
11.34
 21
11.97403618586628
 31
0.0
100
AcDbText
 73
     2
  0
CIRCLE
  5
110
330
17
100
AcDbEntity
  8
BARIYER
100
AcDbCircle
 10
7.089999999999999
 20
11.59403618586628
 30
0.0
 40
0.09
  0
HATCH
  5
111
330
17
100
AcDbEntity
  8
BARIYER
100
AcDbHatch
 10
0.0
 20
0.0
 30
0.0
210
0.0
220
0.0
230
1.0
  2
SOLID
 70
     1
 71
     0
 91
        1
 92
        1
 93
        1
 72
     2
 10
7.089999999999999
 20
11.59403618586628
 40
0.09
 50
0.0
 51
360.0
 73
     1
 97
        0
 75
     1
 76
     1
 98
        0
450
        0
451
        0
460
0.0
461
0.0
452
        0
462
0.0
453
        0
470

  0
CIRCLE
  5
112
330
17
100
AcDbEntity
  8
BARIYER
100
AcDbCircle
 10
7.089999999999999
 20
12.35403618586628
 30
0.0
 40
0.09
  0
HATCH
  5
113
330
17
100
AcDbEntity
  8
BARIYER
100
AcDbHatch
 10
0.0
 20
0.0
 30
0.0
210
0.0
220
0.0
230
1.0
  2
SOLID
 70
     1
 71
     0
 91
        1
 92
        1
 93
        1
 72
     2
 10
7.089999999999999
 20
12.35403618586628
 40
0.09
 50
0.0
 51
360.0
 73
     1
 97
        0
 75
     1
 76
     1
 98
        0
450
        0
451
        0
460
0.0
461
0.0
452
        0
462
0.0
453
        0
470

  0
CIRCLE
  5
114
330
17
100
AcDbEntity
  8
BARIYER
100
AcDbCircle
 10
12.39
 20
11.59403618586628
 30
0.0
 40
0.09
  0
HATCH
  5
115
330
17
100
AcDbEntity
  8
BARIYER
100
AcDbHatch
 10
0.0
 20
0.0
 30
0.0
210
0.0
220
0.0
230
1.0
  2
SOLID
 70
     1
 71
     0
 91
        1
 92
        1
 93
        1
 72
     2
 10
12.39
 20
11.59403618586628
 40
0.09
 50
0.0
 51
360.0
 73
     1
 97
        0
 75
     1
 76
     1
 98
        0
450
        0
451
        0
460
0.0
461
0.0
452
        0
462
0.0
453
        0
470

  0
CIRCLE
  5
116
330
17
100
AcDbEntity
  8
BARIYER
100
AcDbCircle
 10
12.39
 20
12.35403618586628
 30
0.0
 40
0.09
  0
HATCH
  5
117
330
17
100
AcDbEntity
  8
BARIYER
100
AcDbHatch
 10
0.0
 20
0.0
 30
0.0
210
0.0
220
0.0
230
1.0
  2
SOLID
 70
     1
 71
     0
 91
        1
 92
        1
 93
        1
 72
     2
 10
12.39
 20
12.35403618586628
 40
0.09
 50
0.0
 51
360.0
 73
     1
 97
        0
 75
     1
 76
     1
 98
        0
450
        0
451
        0
460
0.0
461
0.0
452
        0
462
0.0
453
        0
470

  0
TEXT
  5
118
330
17
100
AcDbEntity
  8
YAZI
100
AcDbText
 10
8.869155866302865
 20
12.98178175203272
 30
0.0
 40
0.1275
  1
ADA-3  (AKARYAKIT)
  7
ARIAL
 72
     1
 11
9.74
 21
12.94403618586628
 31
0.0
100
AcDbText
 73
     1
  0
LWPOLYLINE
  5
119
330
17
100
AcDbEntity
  8
ADA
100
AcDbPolyline
 90
        4
 70
     1
 43
0.0
 10
17.59
 20
11.06403618586628
 10
22.09
 20
11.06403618586628
 42
1.0
 10
22.09
 20
12.56403618586628
 10
17.59
 20
12.56403618586628
 42
1.0
  0
LWPOLYLINE
  5
11A
330
17
100
AcDbEntity
  8
ADA
100
AcDbPolyline
 90
        4
 70
     1
 43
0.0
 10
17.59
 20
11.16403618586628
 10
22.09
 20
11.16403618586628
 42
1.0
 10
22.09
 20
12.46403618586628
 10
17.59
 20
12.46403618586628
 42
1.0
  0
HATCH
  5
11B
330
17
100
AcDbEntity
  8
ADA-TARAMA
100
AcDbHatch
 10
0.0
 20
0.0
 30
0.0
210
0.0
220
0.0
230
1.0
  2
ANSI37
 70
     0
 71
     0
 91
        1
 92
        3
 72
     1
 73
     1
 93
        4
 10
17.59
 20
11.16403618586628
 42
0.0
 10
22.09
 20
11.16403618586628
 42
1.0
 10
22.09
 20
12.46403618586628
 42
0.0
 10
17.59
 20
12.46403618586628
 42
1.0
 97
        0
 75
     1
 76
     1
 52
0.0
 41
0.06
 77
     0
 78
     2
 53
45.0
 43
0.0
 44
-2.58596381413372
 45
-0.1347038418
 46
0.1347038418
 79
     0
 53
135.0
 43
0.0
 44
-2.58596381413372
 45
-0.1347038418
 46
-0.1347038418
 79
     0
 98
        0
  0
LWPOLYLINE
  5
11C
330
17
100
AcDbEntity
  8
DISPENSER
100
AcDbPolyline
 90
        4
 70
     1
 43
0.0
 10
19.29
 20
11.51403618586628
 10
20.39
 20
11.51403618586628
 10
20.39
 20
12.11403618586628
 10
19.29
 20
12.11403618586628
  0
LWPOLYLINE
  5
11D
330
17
100
AcDbEntity
  8
DISPENSER
100
AcDbPolyline
 90
        4
 70
     1
 43
0.0
 10
19.39
 20
11.61403618586628
 10
20.29
 20
11.61403618586628
 10
20.29
 20
12.01403618586628
 10
19.39
 20
12.01403618586628
  0
TEXT
  5
11E
330
17
100
AcDbEntity
  8
YAZI
100
AcDbText
 10
19.70023192360164
 20
11.76403618586628
 30
0.0
 40
0.1
  1
LPG
  7
ARIAL
 72
     1
 11
19.84
 21
11.81403618586628
 31
0.0
100
AcDbText
 73
     2
  0
CIRCLE
  5
11F
330
17
100
AcDbEntity
  8
BARIYER
100
AcDbCircle
 10
17.19
 20
11.43403618586628
 30
0.0
 40
0.09
  0
HATCH
  5
120
330
17
100
AcDbEntity
  8
BARIYER
100
AcDbHatch
 10
0.0
 20
0.0
 30
0.0
210
0.0
220
0.0
230
1.0
  2
SOLID
 70
     1
 71
     0
 91
        1
 92
        1
 93
        1
 72
     2
 10
17.19
 20
11.43403618586628
 40
0.09
 50
0.0
 51
360.0
 73
     1
 97
        0
 75
     1
 76
     1
 98
        0
450
        0
451
        0
460
0.0
461
0.0
452
        0
462
0.0
453
        0
470

  0
CIRCLE
  5
121
330
17
100
AcDbEntity
  8
BARIYER
100
AcDbCircle
 10
17.19
 20
12.19403618586628
 30
0.0
 40
0.09
  0
HATCH
  5
122
330
17
100
AcDbEntity
  8
BARIYER
100
AcDbHatch
 10
0.0
 20
0.0
 30
0.0
210
0.0
220
0.0
230
1.0
  2
SOLID
 70
     1
 71
     0
 91
        1
 92
        1
 93
        1
 72
     2
 10
17.19
 20
12.19403618586628
 40
0.09
 50
0.0
 51
360.0
 73
     1
 97
        0
 75
     1
 76
     1
 98
        0
450
        0
451
        0
460
0.0
461
0.0
452
        0
462
0.0
453
        0
470

  0
CIRCLE
  5
123
330
17
100
AcDbEntity
  8
BARIYER
100
AcDbCircle
 10
22.49
 20
11.43403618586628
 30
0.0
 40
0.09
  0
HATCH
  5
124
330
17
100
AcDbEntity
  8
BARIYER
100
AcDbHatch
 10
0.0
 20
0.0
 30
0.0
210
0.0
220
0.0
230
1.0
  2
SOLID
 70
     1
 71
     0
 91
        1
 92
        1
 93
        1
 72
     2
 10
22.49
 20
11.43403618586628
 40
0.09
 50
0.0
 51
360.0
 73
     1
 97
        0
 75
     1
 76
     1
 98
        0
450
        0
451
        0
460
0.0
461
0.0
452
        0
462
0.0
453
        0
470

  0
CIRCLE
  5
125
330
17
100
AcDbEntity
  8
BARIYER
100
AcDbCircle
 10
22.49
 20
12.19403618586628
 30
0.0
 40
0.09
  0
HATCH
  5
126
330
17
100
AcDbEntity
  8
BARIYER
100
AcDbHatch
 10
0.0
 20
0.0
 30
0.0
210
0.0
220
0.0
230
1.0
  2
SOLID
 70
     1
 71
     0
 91
        1
 92
        1
 93
        1
 72
     2
 10
22.49
 20
12.19403618586628
 40
0.09
 50
0.0
 51
360.0
 73
     1
 97
        0
 75
     1
 76
     1
 98
        0
450
        0
451
        0
460
0.0
461
0.0
452
        0
462
0.0
453
        0
470

  0
TEXT
  5
127
330
17
100
AcDbEntity
  8
YAZI
100
AcDbText
 10
18.72663625511596
 20
12.82178175203272
 30
0.0
 40
0.1275
  1
ADA-4  (LPG DİSPENSERİ)
  7
ARIAL
 72
     1
 11
19.84
 21
12.78403618586628
 31
0.0
100
AcDbText
 73
     1
  0
LWPOLYLINE
  5
128
330
17
100
AcDbEntity
  8
KOLON
100
AcDbPolyline
 90
        4
 70
     1
 43
0.0
 10
8.919999999999999
 20
16.66403618586628
 10
9.419999999999999
 20
16.66403618586628
 10
9.419999999999999
 20
17.16403618586628
 10
8.919999999999999
 20
17.16403618586628
  0
HATCH
  5
129
330
17
100
AcDbEntity
  8
KOLON
100
AcDbHatch
 10
0.0
 20
0.0
 30
0.0
210
0.0
220
0.0
230
1.0
  2
ANSI31
 70
     0
 71
     0
 91
        1
 92
        3
 72
     0
 73
     1
 93
        4
 10
8.919999999999999
 20
16.66403618586628
 10
9.419999999999999
 20
16.66403618586628
 10
9.419999999999999
 20
17.16403618586628
 10
8.919999999999999
 20
17.16403618586628
 97
        0
 75
     1
 76
     1
 52
0.0
 41
0.03
 77
     0
 78
     1
 53
45.0
 43
0.0
 44
-2.58596381413372
 45
-0.0673519209
 46
0.0673519209
 79
     0
 98
        0
  0
TEXT
  5
12A
330
17
100
AcDbEntity
  8
YAZI
 62
     8
100
AcDbText
 10
9.519999999999999
 20
16.86403618586628
 30
0.0
 40
0.1
  1
KANOPİ KOLONU
  7
ARIAL
 11
9.519999999999999
 21
16.91403618586628
 31
0.0
100
AcDbText
 73
     2
  0
LWPOLYLINE
  5
12B
330
17
100
AcDbEntity
  8
KOLON
100
AcDbPolyline
 90
        4
 70
     1
 43
0.0
 10
19.89
 20
16.36403618586628
 10
20.39
 20
16.36403618586628
 10
20.39
 20
16.86403618586628
 10
19.89
 20
16.86403618586628
  0
HATCH
  5
12C
330
17
100
AcDbEntity
  8
KOLON
100
AcDbHatch
 10
0.0
 20
0.0
 30
0.0
210
0.0
220
0.0
230
1.0
  2
ANSI31
 70
     0
 71
     0
 91
        1
 92
        3
 72
     0
 73
     1
 93
        4
 10
19.89
 20
16.36403618586628
 10
20.39
 20
16.36403618586628
 10
20.39
 20
16.86403618586628
 10
19.89
 20
16.86403618586628
 97
        0
 75
     1
 76
     1
 52
0.0
 41
0.03
 77
     0
 78
     1
 53
45.0
 43
0.0
 44
-2.58596381413372
 45
-0.0673519209
 46
0.0673519209
 79
     0
 98
        0
  0
TEXT
  5
12D
330
17
100
AcDbEntity
  8
YAZI
 62
     8
100
AcDbText
 10
20.49
 20
16.56403618586628
 30
0.0
 40
0.1
  1
KANOPİ KOLONU
  7
ARIAL
 11
20.49
 21
16.61403618586628
 31
0.0
100
AcDbText
 73
     2
  0
DIMENSION
  5
12E
330
17
100
AcDbEntity
  8
OLCU
100
AcDbDimension
280
     0
  2
*D3
 10
11.6
 20
23.15403618586628
 30
0.0
 11
8.599999999999999
 21
23.23509348463845
 31
0.0
 70
    32
  1
<>
 71
     5
 42
600.0
 73
     0
 74
     0
 75
     0
  3
KK50
100
AcDbAlignedDimension
 13
5.599999999999998
 23
22.60403618586628
 33
0.0
 14
11.6
 24
22.60403618586628
 34
0.0
100
AcDbRotatedDimension
  0
DIMENSION
  5
13D
330
17
100
AcDbEntity
  8
OLCU
100
AcDbDimension
280
     0
  2
*D4
 10
5.149999999999999
 20
22.60403618586629
 30
0.0
 11
5.068942701227836
 21
21.85403618586629
 31
0.0
 70
    32
  1
<>
 71
     5
 42
150.0
 73
     0
 74
     0
 75
     0
  3
KK50
100
AcDbAlignedDimension
 13
5.599999999999998
 23
21.10403618586628
 33
0.0
 14
5.599999999999998
 24
22.60403618586628
 34
0.0
 50
90.0
100
AcDbRotatedDimension
  0
DIMENSION
  5
14C
330
17
100
AcDbEntity
  8
OLCU
100
AcDbDimension
280
     0
  2
*D5
 10
2.999999999999998
 20
25.8540361858663
 30
0.0
 11
2.918942701227834
 21
17.58403618586628
 31
0.0
 70
    32
  1
<>
 71
     5
 42
1654.0
 73
     0
 74
     0
 75
     0
  3
KK50
100
AcDbAlignedDimension
 13
3.6
 23
9.31403618586628
 33
0.0
 14
3.6
 24
25.85403618586628
 34
0.0
 50
90.0
100
AcDbRotatedDimension
  0
LWPOLYLINE
  5
15B
330
17
100
AcDbEntity
  8
CIT
100
AcDbPolyline
 90
        5
 70
     1
 43
0.0
 10
26.3
 20
8.414036185866279
 10
32.3
 20
8.414036185866279
 10
32.3
 20
4.414036185866279
 10
31.45147186257615
 20
3.565508048442422
 10
26.3
 20
3.565508048442422
  0
LWPOLYLINE
  5
15C
330
17
100
AcDbEntity
  8
LPG-SAHA
100
AcDbPolyline
 90
        5
 70
     1
 43
0.0
 10
26.45
 20
8.264036185866279
 10
32.15
 20
8.264036185866279
 10
32.15
 20
4.414036185866279
 10
31.45147186257615
 20
3.715508048442422
 10
26.45
 20
3.715508048442422
  0
HATCH
  5
15D
330
17
100
AcDbEntity
  8
SAHA-TARAMA
100
AcDbHatch
 10
0.0
 20
0.0
 30
0.0
210
0.0
220
0.0
230
1.0
  2
GRAVEL
 70
     0
 71
     0
 91
        1
 92
        3
 72
     0
 73
     1
 93
        5
 10
26.45
 20
8.264036185866279
 10
32.15
 20
8.264036185866279
 10
32.15
 20
4.414036185866279
 10
31.45147186257615
 20
3.715508048442422
 10
26.45
 20
3.715508048442422
 97
        0
 75
     1
 76
     1
 52
0.0
 41
0.012
 77
     0
 78
    41
 53
228.0127875
 43
0.219456
 44
-2.281163814133719
 45
-2.4384000002
 46
-2.7431999998
 79
     2
 49
0.0410065728
 49
-4.0596580367
 53
184.969741
 43
0.192024
 44
-2.31164381413372
 45
3.6575999986
 46
0.3048000173999999
 79
     2
 49
0.0703685664
 49
-6.9664858672
 53
132.5104471
 43
0.12192
 44
-2.317739814133719
 45
3.0480000013
 46
-3.3527999988
 79
     2
 49
0.0496177824
 49
-4.912166735299999
 53
267.273689
 43
0.003048
 44
-2.39393981413372
 45
0.3048000006
 46
6.096
 79
     2
 49
0.0640805424
 49
-6.343972491099998
 53
292.83365418
 43
0.0
 44
-2.457947814133719
 45
-1.524000000099999
 46
3.657599999899999
 79
     2
 49
0.062836044
 49
-6.220776929399999
 53
357.273689
 43
0.024384
 44
-2.515859814133719
 45
-6.096
 46
0.3048000006
 79
     2
 49
0.0640805424
 49
-6.343972491099998
 53
37.69424047
 43
0.088392
 44
-2.51890781413372
 45
-3.9623999998
 46
-3.048000000199999
 79
     2
 49
0.0847432392
 49
-8.3895738377
 53
72.25532837
 43
0.155448
 44
-2.467091814133719
 45
2.133600000599999
 46
6.7055999998
 79
     2
 49
0.0800063424
 49
-7.920630792199999
 53
121.42956562
 43
0.179832
 44
-2.390891814133719
 45
-2.4384000003
 46
3.9623999998
 79
     2
 49
0.06429756
 49
-6.365465483799999
 53
175.2363583
 43
0.146304
 44
-2.33602781413372
 45
3.352799999999999
 46
-0.3048000005
 79
     2
 49
0.0734055936
 49
-3.596872433999999
 53
222.3974378
 43
0.073152
 44
-2.329931814133719
 45
-3.657599999899999
 46
-3.352800000099999
 79
     2
 49
0.0949293504
 49
-9.398012701499997
 53
138.81407483
 43
0.3048
 44
-2.39698781413372
 45
-2.133599999899999
 46
1.8288000001
 79
     2
 49
0.0324005448
 49
-3.2076678989
 53
171.4692344
 43
0.280416
 44
-2.375651814133719
 45
3.962400000099999
 46
-0.6095999993
 79
     2
 49
0.0616418376
 49
-6.1025566796
 53
225.0
 43
0.219456
 44
-2.366507814133719
 45
0.0
 46
-0.3048
 79
     2
 49
0.0431051208
 49
-0.387947173
 53
203.19859051
 43
0.19812
 44
-2.329931814133719
 45
1.524
 46
0.6095999999
 79
     2
 49
0.0232129584
 49
-2.298074684299999
 53
291.80140949
 43
0.176784
 44
-2.339075814133719
 45
-0.3048000001
 46
0.9144
 79
     2
 49
0.0328278744
 49
-1.608570358799999
 53
30.96375653
 43
0.188976
 44
-2.36955581413372
 45
0.9144
 46
0.6096
 79
     2
 49
0.0533183592
 49
-1.723955778299999
 53
161.56505118
 43
0.234696
 44
-2.342123814133719
 45
0.6096
 46
-0.3048
 79
     2
 49
0.0385544568
 49
-0.925307774
 53
16.389540334
 43
0.0
 44
-2.339075814133719
 45
3.048
 46
0.9144
 79
     2
 49
0.05401056
 49
-5.347059200699999
 53
70.34617594
 43
0.051816
 44
-2.323835814133719
 45
-1.2192000001
 46
-3.352799999999999
 79
     2
 49
0.0453118728
 49
-4.485865881399999
 53
293.19859051
 43
0.234696
 44
-2.281163814133719
 45
-0.6095999999
 46
1.524
 79
     2
 49
0.046425612
 49
-2.274862030699999
 53
343.61045967
 43
0.252984
 44
-2.323835814133719
 45
-3.0480000001
 46
0.9143999998000001
 79
     2
 49
0.05401056
 49
-5.347059200699998
 53
339.44395478
 43
0.0
 44
-2.52805181413372
 45
-1.524
 46
0.6096
 79
     2
 49
0.052084224
 49
-2.552128117599999
 53
294.7751406
 43
0.048768
 44
-2.54633981413372
 45
-1.5240000018
 46
3.3527999992
 79
     2
 49
0.0436406544
 49
-4.3204312057
 53
66.80140949
 43
0.237744
 44
-2.58596381413372
 45
0.6095999999
 46
1.524
 79
     2
 49
0.046425612
 49
-2.2748620307
 53
17.35402464
 43
0.256032
 44
-2.543291814133719
 45
-3.9623999999
 46
-1.2192000003
 79
     2
 49
0.0510939288
 49
-5.058285117599999
 53
69.44395478
 43
0.088392
 44
-2.58596381413372
 45
-0.6096
 46
-1.524
 79
     2
 49
0.026042112
 49
-2.578170229599999
 53
101.3099324739999
 43
0.219456
 44
-2.58596381413372
 45
-0.3048
 46
1.2192
 79
     2
 49
0.015541752
 49
-1.538639395699999
 53
165.963756532
 43
0.216408
 44
-2.57072381413372
 45
0.9144
 46
-0.3048
 79
     2
 49
0.062836044
 49
-1.193886550699999
 53
186.00900596
 43
0.155448
 44
-2.55548381413372
 45
3.048
 46
0.3048000002
 79
     2
 49
0.05823204
 49
-5.764963783599999
 53
303.69006753
 43
0.188976
 44
-2.39698781413372
 45
-0.3048
 46
0.6096
 79
     2
 49
0.0439588656
 49
-1.055013163199999
 53
353.15722659
 43
0.21336
 44
-2.433563814133719
 45
5.1816
 46
-0.6095999997
 79
     2
 49
0.0767468112
 49
-7.597921087799999
 53
60.9453959
 43
0.28956
 44
-2.442707814133719
 45
-1.2192
 46
-2.133599999999999
 79
     2
 49
0.0313809888
 49
-3.1067270782
 53
90.0
 43
0.3048
 44
-2.415275814133719
 45
-0.3048
 46
0.3048
 79
     2
 49
0.018288
 49
-0.286512
 53
120.25643716
 43
0.149352
 44
-2.54633981413372
 45
1.2191999999
 46
-2.133600000099999
 79
     2
 49
0.0423440352
 49
-4.192072892799999
 53
48.01278749999999
 43
0.128016
 44
-2.509763814133719
 45
2.4384000002
 46
2.7431999998
 79
     2
 49
0.0820131456
 49
-4.018651463899999
 53
0.0
 43
0.18288
 44
-2.448803814133719
 45
0.3048
 46
0.3048
 79
     2
 49
0.079248
 49
-0.225552
 53
325.3048465
 43
0.262128
 44
-2.448803814133719
 45
3.0480000012
 46
-2.1335999983
 79
     2
 49
0.0481931472
 49
-4.7711180069
 53
254.0546040999999
 43
0.301752
 44
-2.476235814133719
 45
-0.3048
 46
-1.2192
 79
     2
 49
0.0443794896
 49
-2.174598004699999
 53
207.64597536
 43
0.28956
 44
-2.51890781413372
 45
-5.791200000199999
 46
-3.047999999599999
 79
     2
 49
0.072257412
 49
-7.153495730799999
 53
175.42607874
 43
0.225552
 44
-2.55243581413372
 45
-3.9624
 46
0.3048
 79
     2
 49
0.0764435352
 49
-7.5679015747
 98
        0
  0
LWPOLYLINE
  5
15E
330
17
100
AcDbEntity
  8
CIT
100
AcDbPolyline
 90
        4
 70
     1
 43
0.0
 10
26.25
 20
8.364036185866279
 10
26.35
 20
8.364036185866279
 10
26.35
 20
8.46403618586628
 10
26.25
 20
8.46403618586628
  0
HATCH
  5
15F
330
17
100
AcDbEntity
  8
CIT
100
AcDbHatch
 10
0.0
 20
0.0
 30
0.0
210
0.0
220
0.0
230
1.0
  2
SOLID
 70
     1
 71
     0
 91
        1
 92
        3
 72
     0
 73
     1
 93
        4
 10
26.25
 20
8.364036185866279
 10
26.35
 20
8.364036185866279
 10
26.35
 20
8.46403618586628
 10
26.25
 20
8.46403618586628
 97
        0
 75
     1
 76
     1
 98
        0
450
        0
451
        0
460
0.0
461
0.0
452
        0
462
0.0
453
        0
470

  0
LWPOLYLINE
  5
160
330
17
100
AcDbEntity
  8
CIT
100
AcDbPolyline
 90
        4
 70
     1
 43
0.0
 10
28.25
 20
8.364036185866279
 10
28.35
 20
8.364036185866279
 10
28.35
 20
8.46403618586628
 10
28.25
 20
8.46403618586628
  0
HATCH
  5
161
330
17
100
AcDbEntity
  8
CIT
100
AcDbHatch
 10
0.0
 20
0.0
 30
0.0
210
0.0
220
0.0
230
1.0
  2
SOLID
 70
     1
 71
     0
 91
        1
 92
        3
 72
     0
 73
     1
 93
        4
 10
28.25
 20
8.364036185866279
 10
28.35
 20
8.364036185866279
 10
28.35
 20
8.46403618586628
 10
28.25
 20
8.46403618586628
 97
        0
 75
     1
 76
     1
 98
        0
450
        0
451
        0
460
0.0
461
0.0
452
        0
462
0.0
453
        0
470

  0
LWPOLYLINE
  5
162
330
17
100
AcDbEntity
  8
CIT
100
AcDbPolyline
 90
        4
 70
     1
 43
0.0
 10
30.25
 20
8.364036185866279
 10
30.35
 20
8.364036185866279
 10
30.35
 20
8.46403618586628
 10
30.25
 20
8.46403618586628
  0
HATCH
  5
163
330
17
100
AcDbEntity
  8
CIT
100
AcDbHatch
 10
0.0
 20
0.0
 30
0.0
210
0.0
220
0.0
230
1.0
  2
SOLID
 70
     1
 71
     0
 91
        1
 92
        3
 72
     0
 73
     1
 93
        4
 10
30.25
 20
8.364036185866279
 10
30.35
 20
8.364036185866279
 10
30.35
 20
8.46403618586628
 10
30.25
 20
8.46403618586628
 97
        0
 75
     1
 76
     1
 98
        0
450
        0
451
        0
460
0.0
461
0.0
452
        0
462
0.0
453
        0
470

  0
LWPOLYLINE
  5
164
330
17
100
AcDbEntity
  8
CIT
100
AcDbPolyline
 90
        4
 70
     1
 43
0.0
 10
32.25
 20
8.364036185866279
 10
32.34999999999999
 20
8.364036185866279
 10
32.34999999999999
 20
8.46403618586628
 10
32.25
 20
8.46403618586628
  0
HATCH
  5
165
330
17
100
AcDbEntity
  8
CIT
100
AcDbHatch
 10
0.0
 20
0.0
 30
0.0
210
0.0
220
0.0
230
1.0
  2
SOLID
 70
     1
 71
     0
 91
        1
 92
        3
 72
     0
 73
     1
 93
        4
 10
32.25
 20
8.364036185866279
 10
32.34999999999999
 20
8.364036185866279
 10
32.34999999999999
 20
8.46403618586628
 10
32.25
 20
8.46403618586628
 97
        0
 75
     1
 76
     1
 98
        0
450
        0
451
        0
460
0.0
461
0.0
452
        0
462
0.0
453
        0
470

  0
LWPOLYLINE
  5
166
330
17
100
AcDbEntity
  8
CIT
100
AcDbPolyline
 90
        4
 70
     1
 43
0.0
 10
32.25
 20
6.364036185866279
 10
32.34999999999999
 20
6.364036185866279
 10
32.34999999999999
 20
6.46403618586628
 10
32.25
 20
6.46403618586628
  0
HATCH
  5
167
330
17
100
AcDbEntity
  8
CIT
100
AcDbHatch
 10
0.0
 20
0.0
 30
0.0
210
0.0
220
0.0
230
1.0
  2
SOLID
 70
     1
 71
     0
 91
        1
 92
        3
 72
     0
 73
     1
 93
        4
 10
32.25
 20
6.364036185866279
 10
32.34999999999999
 20
6.364036185866279
 10
32.34999999999999
 20
6.46403618586628
 10
32.25
 20
6.46403618586628
 97
        0
 75
     1
 76
     1
 98
        0
450
        0
451
        0
460
0.0
461
0.0
452
        0
462
0.0
453
        0
470

  0
LWPOLYLINE
  5
168
330
17
100
AcDbEntity
  8
CIT
100
AcDbPolyline
 90
        4
 70
     1
 43
0.0
 10
32.25
 20
4.36403618586628
 10
32.34999999999999
 20
4.36403618586628
 10
32.34999999999999
 20
4.464036185866279
 10
32.25
 20
4.464036185866279
  0
HATCH
  5
169
330
17
100
AcDbEntity
  8
CIT
100
AcDbHatch
 10
0.0
 20
0.0
 30
0.0
210
0.0
220
0.0
230
1.0
  2
SOLID
 70
     1
 71
     0
 91
        1
 92
        3
 72
     0
 73
     1
 93
        4
 10
32.25
 20
4.36403618586628
 10
32.34999999999999
 20
4.36403618586628
 10
32.34999999999999
 20
4.464036185866279
 10
32.25
 20
4.464036185866279
 97
        0
 75
     1
 76
     1
 98
        0
450
        0
451
        0
460
0.0
461
0.0
452
        0
462
0.0
453
        0
470

  0
LWPOLYLINE
  5
16A
330
17
100
AcDbEntity
  8
CIT
100
AcDbPolyline
 90
        4
 70
     1
 43
0.0
 10
31.40147186257614
 20
3.515508048442422
 10
31.50147186257615
 20
3.515508048442422
 10
31.50147186257615
 20
3.615508048442422
 10
31.40147186257614
 20
3.615508048442422
  0
HATCH
  5
16B
330
17
100
AcDbEntity
  8
CIT
100
AcDbHatch
 10
0.0
 20
0.0
 30
0.0
210
0.0
220
0.0
230
1.0
  2
SOLID
 70
     1
 71
     0
 91
        1
 92
        3
 72
     0
 73
     1
 93
        4
 10
31.40147186257614
 20
3.515508048442422
 10
31.50147186257615
 20
3.515508048442422
 10
31.50147186257615
 20
3.615508048442422
 10
31.40147186257614
 20
3.615508048442422
 97
        0
 75
     1
 76
     1
 98
        0
450
        0
451
        0
460
0.0
461
0.0
452
        0
462
0.0
453
        0
470

  0
LWPOLYLINE
  5
16C
330
17
100
AcDbEntity
  8
CIT
100
AcDbPolyline
 90
        4
 70
     1
 43
0.0
 10
29.68431457505077
 20
3.515508048442422
 10
29.78431457505077
 20
3.515508048442422
 10
29.78431457505077
 20
3.615508048442422
 10
29.68431457505077
 20
3.615508048442422
  0
HATCH
  5
16D
330
17
100
AcDbEntity
  8
CIT
100
AcDbHatch
 10
0.0
 20
0.0
 30
0.0
210
0.0
220
0.0
230
1.0
  2
SOLID
 70
     1
 71
     0
 91
        1
 92
        3
 72
     0
 73
     1
 93
        4
 10
29.68431457505077
 20
3.515508048442422
 10
29.78431457505077
 20
3.515508048442422
 10
29.78431457505077
 20
3.615508048442422
 10
29.68431457505077
 20
3.615508048442422
 97
        0
 75
     1
 76
     1
 98
        0
450
        0
451
        0
460
0.0
461
0.0
452
        0
462
0.0
453
        0
470

  0
LWPOLYLINE
  5
16E
330
17
100
AcDbEntity
  8
CIT
100
AcDbPolyline
 90
        4
 70
     1
 43
0.0
 10
27.96715728752538
 20
3.515508048442422
 10
28.06715728752539
 20
3.515508048442422
 10
28.06715728752539
 20
3.615508048442422
 10
27.96715728752538
 20
3.615508048442422
  0
HATCH
  5
16F
330
17
100
AcDbEntity
  8
CIT
100
AcDbHatch
 10
0.0
 20
0.0
 30
0.0
210
0.0
220
0.0
230
1.0
  2
SOLID
 70
     1
 71
     0
 91
        1
 92
        3
 72
     0
 73
     1
 93
        4
 10
27.96715728752538
 20
3.515508048442422
 10
28.06715728752539
 20
3.515508048442422
 10
28.06715728752539
 20
3.615508048442422
 10
27.96715728752538
 20
3.615508048442422
 97
        0
 75
     1
 76
     1
 98
        0
450
        0
451
        0
460
0.0
461
0.0
452
        0
462
0.0
453
        0
470

  0
LWPOLYLINE
  5
170
330
17
100
AcDbEntity
  8
CIT
100
AcDbPolyline
 90
        4
 70
     1
 43
0.0
 10
26.25
 20
3.515508048442422
 10
26.35
 20
3.515508048442422
 10
26.35
 20
3.615508048442422
 10
26.25
 20
3.615508048442422
  0
HATCH
  5
171
330
17
100
AcDbEntity
  8
CIT
100
AcDbHatch
 10
0.0
 20
0.0
 30
0.0
210
0.0
220
0.0
230
1.0
  2
SOLID
 70
     1
 71
     0
 91
        1
 92
        3
 72
     0
 73
     1
 93
        4
 10
26.25
 20
3.515508048442422
 10
26.35
 20
3.515508048442422
 10
26.35
 20
3.615508048442422
 10
26.25
 20
3.615508048442422
 97
        0
 75
     1
 76
     1
 98
        0
450
        0
451
        0
460
0.0
461
0.0
452
        0
462
0.0
453
        0
470

  0
LWPOLYLINE
  5
172
330
17
100
AcDbEntity
  8
CIT
100
AcDbPolyline
 90
        4
 70
     1
 43
0.0
 10
26.25
 20
5.131684094250374
 10
26.35
 20
5.131684094250374
 10
26.35
 20
5.231684094250374
 10
26.25
 20
5.231684094250374
  0
HATCH
  5
173
330
17
100
AcDbEntity
  8
CIT
100
AcDbHatch
 10
0.0
 20
0.0
 30
0.0
210
0.0
220
0.0
230
1.0
  2
SOLID
 70
     1
 71
     0
 91
        1
 92
        3
 72
     0
 73
     1
 93
        4
 10
26.25
 20
5.131684094250374
 10
26.35
 20
5.131684094250374
 10
26.35
 20
5.231684094250374
 10
26.25
 20
5.231684094250374
 97
        0
 75
     1
 76
     1
 98
        0
450
        0
451
        0
460
0.0
461
0.0
452
        0
462
0.0
453
        0
470

  0
LWPOLYLINE
  5
174
330
17
100
AcDbEntity
  8
CIT
100
AcDbPolyline
 90
        4
 70
     1
 43
0.0
 10
26.25
 20
6.747860140058326
 10
26.35
 20
6.747860140058326
 10
26.35
 20
6.847860140058326
 10
26.25
 20
6.847860140058326
  0
HATCH
  5
175
330
17
100
AcDbEntity
  8
CIT
100
AcDbHatch
 10
0.0
 20
0.0
 30
0.0
210
0.0
220
0.0
230
1.0
  2
SOLID
 70
     1
 71
     0
 91
        1
 92
        3
 72
     0
 73
     1
 93
        4
 10
26.25
 20
6.747860140058326
 10
26.35
 20
6.747860140058326
 10
26.35
 20
6.847860140058326
 10
26.25
 20
6.847860140058326
 97
        0
 75
     1
 76
     1
 98
        0
450
        0
451
        0
460
0.0
461
0.0
452
        0
462
0.0
453
        0
470

  0
LWPOLYLINE
  5
176
330
17
100
AcDbEntity
  8
CIT
100
AcDbPolyline
 90
        2
 70
     0
 43
0.0
 10
26.8
 20
3.565508048442422
 10
27.8
 20
2.565508048442421
  0
ARC
  5
177
330
17
100
AcDbEntity
  8
CIT
100
AcDbCircle
 10
26.8
 20
3.565508048442422
 30
0.0
 40
1.0
100
AcDbArc
 50
270.0
 51
314.9999999999999
  0
LWPOLYLINE
  5
178
330
17
100
AcDbEntity
  8
BALON
100
AcDbPolyline
 90
        3
 70
     0
 43
0.0
 10
27.3
 20
3.165508048442422
 10
26.5
 20
2.36550804844242
 10
24.746
 20
2.36550804844242
  0
HATCH
  5
179
330
17
100
AcDbEntity
  8
BALON
 62
     7
100
AcDbHatch
 10
0.0
 20
0.0
 30
0.0
210
0.0
220
0.0
230
1.0
  2
SOLID
 70
     1
 71
     0
 91
        1
 92
        1
 93
        1
 72
     2
 10
27.3
 20
3.165508048442422
 40
0.025
 50
0.0
 51
360.0
 73
     1
 97
        0
 75
     1
 76
     1
 98
        0
450
        0
451
        0
460
0.0
461
0.0
452
        0
462
0.0
453
        0
470

  0
TEXT
  5
17A
330
17
100
AcDbEntity
  8
YAZI
100
AcDbText
 10
24.77555252387449
 20
2.430112414063157
 30
0.0
 40
0.1
  1
SAHA GİRİŞ KAPISI (kilitli)
  7
ARIAL
 72
     2
 11
26.46
 21
2.400508048442421
 31
0.0
100
AcDbText
 73
     1
  0
LWPOLYLINE
  5
17B
330
17
100
AcDbEntity
  8
BARIYER
100
AcDbPolyline
 90
        4
 70
     1
 43
0.0
 10
28.0
 20
3.015508048442421
 10
28.9
 20
3.015508048442421
 10
28.9
 20
3.085508048442422
 10
28.0
 20
3.085508048442422
  0
LWPOLYLINE
  5
17C
330
17
100
AcDbEntity
  8
BARIYER
100
AcDbPolyline
 90
        4
 70
     1
 43
0.0
 10
29.45
 20
3.015508048442421
 10
30.35
 20
3.015508048442421
 10
30.35
 20
3.085508048442422
 10
29.45
 20
3.085508048442422
  0
LWPOLYLINE
  5
17D
330
17
100
AcDbEntity
  8
BARIYER
100
AcDbPolyline
 90
        4
 70
     1
 43
0.0
 10
30.9
 20
3.015508048442421
 10
31.8
 20
3.015508048442421
 10
31.8
 20
3.085508048442422
 10
30.9
 20
3.085508048442422
  0
LWPOLYLINE
  5
17E
330
17
100
AcDbEntity
  8
BARIYER
100
AcDbPolyline
 90
        4
 70
     1
 43
0.0
 10
25.75
 20
4.065508048442422
 10
25.82
 20
4.065508048442422
 10
25.82
 20
4.965508048442422
 10
25.75
 20
4.965508048442422
  0
LWPOLYLINE
  5
17F
330
17
100
AcDbEntity
  8
BARIYER
100
AcDbPolyline
 90
        4
 70
     1
 43
0.0
 10
25.75
 20
5.565508048442421
 10
25.82
 20
5.565508048442421
 10
25.82
 20
6.465508048442419
 10
25.75
 20
6.465508048442419
  0
CIRCLE
  5
180
330
17
100
AcDbEntity
  8
YANGIN
100
AcDbCircle
 10
25.95
 20
8.764036185866279
 30
0.0
 40
0.14
  0
HATCH
  5
181
330
17
100
AcDbEntity
  8
YANGIN
 62
     1
100
AcDbHatch
 10
0.0
 20
0.0
 30
0.0
210
0.0
220
0.0
230
1.0
  2
SOLID
 70
     1
 71
     0
 91
        1
 92
        3
 72
     0
 73
     1
 93
        3
 10
25.81
 20
8.764036185866279
 10
26.09
 20
8.764036185866279
 10
25.95
 20
8.90403618586628
 97
        0
 75
     1
 76
     1
 98
        0
450
        0
451
        0
460
0.0
461
0.0
452
        0
462
0.0
453
        0
470

  0
TEXT
  5
182
330
17
100
AcDbEntity
  8
YAZI
100
AcDbText
 10
25.06219645293315
 20
8.714036185866278
 30
0.0
 40
0.1
  1
YSC 12 kg
  7
ARIAL
 72
     2
 11
25.73
 21
8.764036185866279
 31
0.0
100
AcDbText
 73
     2
  0
CIRCLE
  5
183
330
17
100
AcDbEntity
  8
YANGIN
100
AcDbCircle
 10
32.7
 20
7.914036185866279
 30
0.0
 40
0.14
  0
HATCH
  5
184
330
17
100
AcDbEntity
  8
YANGIN
 62
     1
100
AcDbHatch
 10
0.0
 20
0.0
 30
0.0
210
0.0
220
0.0
230
1.0
  2
SOLID
 70
     1
 71
     0
 91
        1
 92
        3
 72
     0
 73
     1
 93
        3
 10
32.56
 20
7.914036185866279
 10
32.84000000000001
 20
7.914036185866279
 10
32.7
 20
8.05403618586628
 97
        0
 75
     1
 76
     1
 98
        0
450
        0
451
        0
460
0.0
461
0.0
452
        0
462
0.0
453
        0
470

  0
TEXT
  5
185
330
17
100
AcDbEntity
  8
YAZI
100
AcDbText
 10
32.92
 20
7.86403618586628
 30
0.0
 40
0.1
  1
YSC 12 kg
  7
ARIAL
 11
32.92
 21
7.914036185866279
 31
0.0
100
AcDbText
 73
     2
  0
CIRCLE
  5
186
330
17
100
AcDbEntity
  8
YANGIN
100
AcDbCircle
 10
32.7
 20
5.865508048442421
 30
0.0
 40
0.14
  0
HATCH
  5
187
330
17
100
AcDbEntity
  8
YANGIN
 62
     1
100
AcDbHatch
 10
0.0
 20
0.0
 30
0.0
210
0.0
220
0.0
230
1.0
  2
SOLID
 70
     1
 71
     0
 91
        1
 92
        3
 72
     0
 73
     1
 93
        3
 10
32.56
 20
5.865508048442421
 10
32.84000000000001
 20
5.865508048442421
 10
32.7
 20
6.005508048442422
 97
        0
 75
     1
 76
     1
 98
        0
450
        0
451
        0
460
0.0
461
0.0
452
        0
462
0.0
453
        0
470

  0
TEXT
  5
188
330
17
100
AcDbEntity
  8
YAZI
100
AcDbText
 10
32.92
 20
5.815508048442421
 30
0.0
 40
0.1
  1
YSC 50 kg
  7
ARIAL
 11
32.92
 21
5.865508048442421
 31
0.0
100
AcDbText
 73
     2
  0
LWPOLYLINE
  5
189
330
17
100
AcDbEntity
  8
LPG-TANK
100
AcDbPolyline
 90
        6
 70
     1
 43
0.0
 10
27.0
 20
5.03977211715435
 10
31.6
 20
5.03977211715435
 42
0.4142000000000001
 10
32.0
 20
5.83977211715435
 42
0.4142000000000001
 10
31.6
 20
6.639772117154352
 10
27.0
 20
6.639772117154352
 42
0.4142000000000001
 10
26.6
 20
5.83977211715435
 42
0.4142000000000001
  0
LWPOLYLINE
  5
18A
330
17
100
AcDbEntity
  8
GIZLI
100
AcDbPolyline
 90
        2
 70
     0
 43
0.0
 10
27.0
 20
5.03977211715435
 10
27.0
 20
6.639772117154352
  0
LWPOLYLINE
  5
18B
330
17
100
AcDbEntity
  8
GIZLI
100
AcDbPolyline
 90
        2
 70
     0
 43
0.0
 10
31.6
 20
5.03977211715435
 10
31.6
 20
6.639772117154352
  0
LWPOLYLINE
  5
18C
330
17
100
AcDbEntity
  8
EKSEN
100
AcDbPolyline
 90
        2
 70
     0
 43
0.0
 10
26.3
 20
5.83977211715435
 10
32.3
 20
5.83977211715435
  0
CIRCLE
  5
18D
330
17
100
AcDbEntity
  8
LPG-SAHA
100
AcDbCircle
 10
29.948
 20
5.83977211715435
 30
0.0
 40
0.35
  0
CIRCLE
  5
18E
330
17
100
AcDbEntity
  8
LPG-SAHA
100
AcDbCircle
 10
29.948
 20
5.83977211715435
 30
0.0
 40
0.28
  0
TEXT
  5
18F
330
17
100
AcDbEntity
  8
YAZI
100
AcDbText
 10
27.10582196452933
 20
5.896022117154351
 30
0.0
 40
0.1275
  1
LPG TANKI 10 m³ (yeraltı)
  7
ARIAL
 72
     1
 11
28.15
 21
5.959772117154351
 31
0.0
100
AcDbText
 73
     2
  0
TEXT
  5
190
330
17
100
AcDbEntity
  8
YAZI
100
AcDbText
 10
27.67633015006821
 20
5.669772117154352
 30
0.0
 40
0.1
  1
Ø160 x 540 cm
  7
ARIAL
 72
     1
 11
28.15
 21
5.719772117154352
 31
0.0
100
AcDbText
 73
     2
  0
TEXT
  5
191
330
17
100
AcDbEntity
  8
YAZI
100
AcDbText
 10
29.64915961800818
 20
5.30977211715435
 30
0.0
 40
0.1
  1
MENHOL
  7
ARIAL
 72
     1
 11
29.948
 21
5.35977211715435
 31
0.0
100
AcDbText
 73
     2
  0
LWPOLYLINE
  5
192
330
17
100
AcDbEntity
  8
LPG-SAHA
100
AcDbPolyline
 90
        4
 70
     1
 43
0.0
 10
26.65
 20
7.664036185866279
 10
27.95000000000001
 20
7.664036185866279
 10
27.95000000000001
 20
8.114036185866279
 10
26.65
 20
8.114036185866279
  0
LWPOLYLINE
  5
193
330
17
100
AcDbEntity
  8
LPG-SAHA
100
AcDbPolyline
 90
        4
 70
     1
 43
0.0
 10
27.55
 20
7.71403618586628
 10
27.95000000000001
 20
7.71403618586628
 10
27.95000000000001
 20
8.06403618586628
 10
27.55
 20
8.06403618586628
  0
TEXT
  5
194
330
17
100
AcDbEntity
  8
YAZI
100
AcDbText
 10
26.70000000000001
 20
7.839036185866279
 30
0.0
 40
0.1
  1
KADEMELİ POMPA
  7
ARIAL
 11
26.70000000000001
 21
7.889036185866279
 31
0.0
100
AcDbText
 73
     2
  0
LWPOLYLINE
  5
195
330
17
100
AcDbEntity
  8
LPG-HAT
100
AcDbPolyline
 90
        3
 70
     0
 43
0.0
 10
29.868
 20
6.139772117154352
 10
29.868
 20
7.969036185866279
 10
27.95000000000001
 20
7.969036185866279
  0
LWPOLYLINE
  5
196
330
17
100
AcDbEntity
  8
LPG-HAT
100
AcDbPolyline
 90
        3
 70
     0
 43
0.0
 10
30.02800000000001
 20
6.139772117154352
 10
30.02800000000001
 20
7.58903618586628
 10
26.5
 20
7.58903618586628
  0
LWPOLYLINE
  5
197
330
17
100
AcDbEntity
  8
LPG-HAT
100
AcDbPolyline
 90
        5
 70
     0
 43
0.0
 10
26.65
 20
7.969036185866279
 10
25.6
 20
7.969036185866279
 10
21.09
 20
10.06403618586628
 10
19.92
 20
10.06403618586628
 10
19.92
 20
11.51403618586628
  0
LWPOLYLINE
  5
198
330
17
100
AcDbEntity
  8
LPG-HAT
100
AcDbPolyline
 90
        5
 70
     0
 43
0.0
 10
26.5
 20
7.58903618586628
 10
25.45
 20
7.58903618586628
 10
20.94
 20
9.864036185866279
 10
19.76
 20
9.864036185866279
 10
19.76
 20
11.51403618586628
  0
LWPOLYLINE
  5
199
330
17
100
AcDbEntity
  8
BALON
100
AcDbPolyline
 90
        3
 70
     0
 43
0.0
 10
23.345
 20
9.016536185866279
 10
21.745
 20
7.816536185866279
 10
17.573
 20
7.816536185866279
  0
HATCH
  5
19A
330
17
100
AcDbEntity
  8
BALON
 62
     7
100
AcDbHatch
 10
0.0
 20
0.0
 30
0.0
210
0.0
220
0.0
230
1.0
  2
SOLID
 70
     1
 71
     0
 91
        1
 92
        1
 93
        1
 72
     2
 10
23.345
 20
9.016536185866279
 40
0.025
 50
0.0
 51
360.0
 73
     1
 97
        0
 75
     1
 76
     1
 98
        0
450
        0
451
        0
460
0.0
461
0.0
452
        0
462
0.0
453
        0
470

  0
TEXT
  5
19B
330
17
100
AcDbEntity
  8
YAZI
100
AcDbText
 10
18.44060709413369
 20
7.881140551487016
 30
0.0
 40
0.1
  1
LPG HATLARI (toprak altı): BASMA + GERİ DÖNÜŞ
  7
ARIAL
 72
     2
 11
21.705
 21
7.851536185866279
 31
0.0
100
AcDbText
 73
     1
  0
TEXT
  5
19C
330
17
100
AcDbEntity
  8
YAZI
100
AcDbText
 10
17.59019781718963
 20
7.68153618586628
 30
0.0
 40
0.1
  1
SCH80 dikişsiz çelik çekme boru, 2 kat sargılı (min. %50 bindirme)
  7
ARIAL
 72
     2
 11
21.705
 21
7.781536185866279
 31
0.0
100
AcDbText
 73
     3
  0
LWPOLYLINE
  5
19D
330
17
100
AcDbEntity
  8
KK-IZOLASYON
100
AcDbPolyline
 90
        2
 70
     0
 43
0.0
 10
29.748
 20
6.33977211715435
 10
29.98800000000001
 20
6.33977211715435
  0
LWPOLYLINE
  5
19E
330
17
100
AcDbEntity
  8
KK-IZOLASYON
100
AcDbPolyline
 90
        2
 70
     0
 43
0.0
 10
29.748
 20
6.439772117154351
 10
29.98800000000001
 20
6.439772117154351
  0
LWPOLYLINE
  5
19F
330
17
100
AcDbEntity
  8
KK-IZOLASYON
100
AcDbPolyline
 90
        2
 70
     0
 43
0.0
 10
29.908
 20
6.33977211715435
 10
30.14800000000001
 20
6.33977211715435
  0
LWPOLYLINE
  5
1A0
330
17
100
AcDbEntity
  8
KK-IZOLASYON
100
AcDbPolyline
 90
        2
 70
     0
 43
0.0
 10
29.908
 20
6.439772117154351
 10
30.14800000000001
 20
6.439772117154351
  0
TEXT
  5
1A1
330
17
100
AcDbEntity
  8
YAZI
 62
   140
100
AcDbText
 10
30.29556480218281
 20
6.339772117154351
 30
0.0
 40
0.1
  1
İF-1/2
  7
ARIAL
 72
     1
 11
30.478
 21
6.38977211715435
 31
0.0
100
AcDbText
 73
     2
  0
LWPOLYLINE
  5
1A2
330
17
100
AcDbEntity
  8
KK-IZOLASYON
100
AcDbPolyline
 90
        2
 70
     0
 43
0.0
 10
26.37
 20
7.84903618586628
 10
26.37
 20
8.08903618586628
  0
LWPOLYLINE
  5
1A3
330
17
100
AcDbEntity
  8
KK-IZOLASYON
100
AcDbPolyline
 90
        2
 70
     0
 43
0.0
 10
26.47
 20
7.84903618586628
 10
26.47
 20
8.08903618586628
  0
LWPOLYLINE
  5
1A4
330
17
100
AcDbEntity
  8
KK-IZOLASYON
100
AcDbPolyline
 90
        2
 70
     0
 43
0.0
 10
26.37
 20
7.469036185866279
 10
26.37
 20
7.709036185866278
  0
LWPOLYLINE
  5
1A5
330
17
100
AcDbEntity
  8
KK-IZOLASYON
100
AcDbPolyline
 90
        2
 70
     0
 43
0.0
 10
26.47
 20
7.469036185866279
 10
26.47
 20
7.709036185866278
  0
TEXT
  5
1A6
330
17
100
AcDbEntity
  8
YAZI
 62
   140
100
AcDbText
 10
26.23756480218281
 20
7.319036185866278
 30
0.0
 40
0.1
  1
İF-3/4
  7
ARIAL
 72
     1
 11
26.42
 21
7.369036185866278
 31
0.0
100
AcDbText
 73
     2
  0
LWPOLYLINE
  5
1A7
330
17
100
AcDbEntity
  8
KK-IZOLASYON
100
AcDbPolyline
 90
        2
 70
     0
 43
0.0
 10
19.8
 20
11.21403618586628
 10
20.04
 20
11.21403618586628
  0
LWPOLYLINE
  5
1A8
330
17
100
AcDbEntity
  8
KK-IZOLASYON
100
AcDbPolyline
 90
        2
 70
     0
 43
0.0
 10
19.8
 20
11.31403618586628
 10
20.04
 20
11.31403618586628
  0
LWPOLYLINE
  5
1A9
330
17
100
AcDbEntity
  8
KK-IZOLASYON
100
AcDbPolyline
 90
        2
 70
     0
 43
0.0
 10
19.64
 20
11.21403618586628
 10
19.88
 20
11.21403618586628
  0
LWPOLYLINE
  5
1AA
330
17
100
AcDbEntity
  8
KK-IZOLASYON
100
AcDbPolyline
 90
        2
 70
     0
 43
0.0
 10
19.64
 20
11.31403618586628
 10
19.88
 20
11.31403618586628
  0
TEXT
  5
1AB
330
17
100
AcDbEntity
  8
YAZI
 62
   140
100
AcDbText
 10
20.12756480218281
 20
11.21403618586628
 30
0.0
 40
0.1
  1
İF-5/6
  7
ARIAL
 72
     1
 11
20.31
 21
11.26403618586628
 31
0.0
100
AcDbText
 73
     2
  0
CIRCLE
  5
1AC
330
17
100
AcDbEntity
  8
KK-ANOT
100
AcDbCircle
 10
27.6
 20
4.239772117154351
 30
0.0
 40
0.17
  0
CIRCLE
  5
1AD
330
17
100
AcDbEntity
  8
KK-ANOT
100
AcDbCircle
 10
27.6
 20
4.239772117154351
 30
0.0
 40
0.09
  0
HATCH
  5
1AE
330
17
100
AcDbEntity
  8
KK-ANOT
 62
    30
100
AcDbHatch
 10
0.0
 20
0.0
 30
0.0
210
0.0
220
0.0
230
1.0
  2
SOLID
 70
     1
 71
     0
 91
        1
 92
        1
 93
        1
 72
     2
 10
27.6
 20
4.239772117154351
 40
0.09
 50
0.0
 51
360.0
 73
     1
 97
        0
 75
     1
 76
     1
 98
        0
450
        0
451
        0
460
0.0
461
0.0
452
        0
462
0.0
453
        0
470

  0
TEXT
  5
1AF
330
17
100
AcDbEntity
  8
YAZI
 62
    30
100
AcDbText
 10
26.30190995907231
 20
4.48977211715435
 30
0.0
 40
0.1
  1
MA-1 (10 Lb Mg)
  7
ARIAL
 72
     2
 11
27.35
 21
4.53977211715435
 31
0.0
100
AcDbText
 73
     2
  0
CIRCLE
  5
1B0
330
17
100
AcDbEntity
  8
KK-ANOT
100
AcDbCircle
 10
31.1
 20
7.439772117154351
 30
0.0
 40
0.17
  0
CIRCLE
  5
1B1
330
17
100
AcDbEntity
  8
KK-ANOT
100
AcDbCircle
 10
31.1
 20
7.439772117154351
 30
0.0
 40
0.09
  0
HATCH
  5
1B2
330
17
100
AcDbEntity
  8
KK-ANOT
 62
    30
100
AcDbHatch
 10
0.0
 20
0.0
 30
0.0
210
0.0
220
0.0
230
1.0
  2
SOLID
 70
     1
 71
     0
 91
        1
 92
        1
 93
        1
 72
     2
 10
31.1
 20
7.439772117154351
 40
0.09
 50
0.0
 51
360.0
 73
     1
 97
        0
 75
     1
 76
     1
 98
        0
450
        0
451
        0
460
0.0
461
0.0
452
        0
462
0.0
453
        0
470

  0
TEXT
  5
1B3
330
17
100
AcDbEntity
  8
YAZI
 62
    30
100
AcDbText
 10
31.32
 20
7.069772117154351
 30
0.0
 40
0.1
  1
MA-2 (10 Lb Mg)
  7
ARIAL
 11
31.32
 21
7.119772117154351
 31
0.0
100
AcDbText
 73
     2
  0
CIRCLE
  5
1B4
330
17
100
AcDbEntity
  8
KK-ANOT
100
AcDbCircle
 10
18.64
 20
10.36403618586628
 30
0.0
 40
0.17
  0
CIRCLE
  5
1B5
330
17
100
AcDbEntity
  8
KK-ANOT
100
AcDbCircle
 10
18.64
 20
10.36403618586628
 30
0.0
 40
0.09
  0
HATCH
  5
1B6
330
17
100
AcDbEntity
  8
KK-ANOT
 62
    30
100
AcDbHatch
 10
0.0
 20
0.0
 30
0.0
210
0.0
220
0.0
230
1.0
  2
SOLID
 70
     1
 71
     0
 91
        1
 92
        1
 93
        1
 72
     2
 10
18.64
 20
10.36403618586628
 40
0.09
 50
0.0
 51
360.0
 73
     1
 97
        0
 75
     1
 76
     1
 98
        0
450
        0
451
        0
460
0.0
461
0.0
452
        0
462
0.0
453
        0
470

  0
TEXT
  5
1B7
330
17
100
AcDbEntity
  8
YAZI
 62
    30
100
AcDbText
 10
18.89
 20
10.03403618586628
 30
0.0
 40
0.1
  1
MA-3 (3,5 Lb Mg)
  7
ARIAL
 11
18.89
 21
10.08403618586628
 31
0.0
100
AcDbText
 73
     2
  0
CIRCLE
  5
1B8
330
17
100
AcDbEntity
  8
KK-ANOT
100
AcDbCircle
 10
21.84
 20
10.61403618586628
 30
0.0
 40
0.17
  0
CIRCLE
  5
1B9
330
17
100
AcDbEntity
  8
KK-ANOT
100
AcDbCircle
 10
21.84
 20
10.61403618586628
 30
0.0
 40
0.09
  0
HATCH
  5
1BA
330
17
100
AcDbEntity
  8
KK-ANOT
 62
    30
100
AcDbHatch
 10
0.0
 20
0.0
 30
0.0
210
0.0
220
0.0
230
1.0
  2
SOLID
 70
     1
 71
     0
 91
        1
 92
        1
 93
        1
 72
     2
 10
21.84
 20
10.61403618586628
 40
0.09
 50
0.0
 51
360.0
 73
     1
 97
        0
 75
     1
 76
     1
 98
        0
450
        0
451
        0
460
0.0
461
0.0
452
        0
462
0.0
453
        0
470

  0
TEXT
  5
1BB
330
17
100
AcDbEntity
  8
YAZI
 62
    30
100
AcDbText
 10
22.09
 20
10.78403618586628
 30
0.0
 40
0.1
  1
MA-4 (3,5 Lb Mg)
  7
ARIAL
 11
22.09
 21
10.83403618586628
 31
0.0
100
AcDbText
 73
     2
  0
LWPOLYLINE
  5
1BC
330
17
100
AcDbEntity
  8
KK-OLCUM
100
AcDbPolyline
 90
        4
 70
     1
 43
0.0
 10
24.95000000000001
 20
3.865508048442422
 10
25.35
 20
3.865508048442422
 10
25.35
 20
4.165508048442423
 10
24.95000000000001
 20
4.165508048442423
  0
LWPOLYLINE
  5
1BD
330
17
100
AcDbEntity
  8
KK-OLCUM
100
AcDbPolyline
 90
        2
 70
     0
 43
0.0
 10
24.95000000000001
 20
3.865508048442422
 10
25.35
 20
4.165508048442423
  0
HATCH
  5
1BE
330
17
100
AcDbEntity
  8
KK-OLCUM
 62
     2
100
AcDbHatch
 10
0.0
 20
0.0
 30
0.0
210
0.0
220
0.0
230
1.0
  2
SOLID
 70
     1
 71
     0
 91
        1
 92
        3
 72
     0
 73
     1
 93
        3
 10
24.95000000000001
 20
3.865508048442422
 10
25.35
 20
4.165508048442423
 10
24.95000000000001
 20
4.165508048442423
 97
        0
 75
     1
 76
     1
 98
        0
450
        0
451
        0
460
0.0
461
0.0
452
        0
462
0.0
453
        0
470

  0
TEXT
  5
1BF
330
17
100
AcDbEntity
  8
YAZI
 62
     2
100
AcDbText
 10
24.43427694406548
 20
3.951758048442421
 30
0.0
 40
0.1275
  1
ÖK-1
  7
ARIAL
 72
     2
 11
24.85
 21
4.015508048442422
 31
0.0
100
AcDbText
 73
     2
  0
LWPOLYLINE
  5
1C0
330
17
100
AcDbEntity
  8
KK-OLCUM
100
AcDbPolyline
 90
        4
 70
     1
 43
0.0
 10
17.29
 20
10.21403618586628
 10
17.68999999999999
 20
10.21403618586628
 10
17.68999999999999
 20
10.51403618586628
 10
17.29
 20
10.51403618586628
  0
LWPOLYLINE
  5
1C1
330
17
100
AcDbEntity
  8
KK-OLCUM
100
AcDbPolyline
 90
        2
 70
     0
 43
0.0
 10
17.29
 20
10.21403618586628
 10
17.68999999999999
 20
10.51403618586628
  0
HATCH
  5
1C2
330
17
100
AcDbEntity
  8
KK-OLCUM
 62
     2
100
AcDbHatch
 10
0.0
 20
0.0
 30
0.0
210
0.0
220
0.0
230
1.0
  2
SOLID
 70
     1
 71
     0
 91
        1
 92
        3
 72
     0
 73
     1
 93
        3
 10
17.29
 20
10.21403618586628
 10
17.68999999999999
 20
10.51403618586628
 10
17.29
 20
10.51403618586628
 97
        0
 75
     1
 76
     1
 98
        0
450
        0
451
        0
460
0.0
461
0.0
452
        0
462
0.0
453
        0
470

  0
TEXT
  5
1C3
330
17
100
AcDbEntity
  8
YAZI
 62
     2
100
AcDbText
 10
16.77427694406548
 20
10.30028618586628
 30
0.0
 40
0.1275
  1
ÖK-2
  7
ARIAL
 72
     2
 11
17.19
 21
10.36403618586628
 31
0.0
100
AcDbText
 73
     2
  0
CIRCLE
  5
1C4
330
17
100
AcDbEntity
  8
KK-OLCUM
100
AcDbCircle
 10
29.20000000000001
 20
4.689772117154351
 30
0.0
 40
0.1
  0
LWPOLYLINE
  5
1C5
330
17
100
AcDbEntity
  8
KK-OLCUM
100
AcDbPolyline
 90
        2
 70
     0
 43
0.0
 10
29.13000000000001
 20
4.689772117154351
 10
29.27000000000001
 20
4.689772117154351
  0
LWPOLYLINE
  5
1C6
330
17
100
AcDbEntity
  8
KK-OLCUM
100
AcDbPolyline
 90
        2
 70
     0
 43
0.0
 10
29.20000000000001
 20
4.61977211715435
 10
29.20000000000001
 20
4.759772117154351
  0
TEXT
  5
1C7
330
17
100
AcDbEntity
  8
YAZI
 62
     2
100
AcDbText
 10
29.38
 20
4.639772117154351
 30
0.0
 40
0.1
  1
RE (Cu/CuSO4)
  7
ARIAL
 11
29.38
 21
4.689772117154351
 31
0.0
100
AcDbText
 73
     2
  0
LWPOLYLINE
  5
1C8
330
17
100
AcDbEntity
  8
KK-OLCUM
100
AcDbPolyline
 90
        2
 70
     0
 43
0.0
 10
28.24
 20
4.979772117154351
 10
28.36
 20
5.09977211715435
  0
LWPOLYLINE
  5
1C9
330
17
100
AcDbEntity
  8
KK-OLCUM
100
AcDbPolyline
 90
        2
 70
     0
 43
0.0
 10
28.24
 20
5.09977211715435
 10
28.36
 20
4.979772117154351
  0
LWPOLYLINE
  5
1CA
330
17
100
AcDbEntity
  8
KK-OLCUM
100
AcDbPolyline
 90
        2
 70
     0
 43
0.0
 10
28.44
 20
4.979772117154351
 10
28.56
 20
5.09977211715435
  0
LWPOLYLINE
  5
1CB
330
17
100
AcDbEntity
  8
KK-OLCUM
100
AcDbPolyline
 90
        2
 70
     0
 43
0.0
 10
28.44
 20
5.09977211715435
 10
28.56
 20
4.979772117154351
  0
LWPOLYLINE
  5
1CC
330
17
100
AcDbEntity
  8
KK-KABLO
100
AcDbPolyline
 90
        3
 70
     0
 43
0.0
 10
27.6
 20
4.239772117154351
 10
27.6
 20
4.095508048442422
 10
25.35
 20
4.095508048442422
  0
LWPOLYLINE
  5
1CD
330
17
100
AcDbEntity
  8
KK-KABLO
100
AcDbPolyline
 90
        5
 70
     0
 43
0.0
 10
31.1
 20
7.439772117154351
 10
31.1
 20
8.23403618586628
 10
26.5
 20
8.23403618586628
 10
26.5
 20
4.135508048442422
 10
25.35
 20
4.135508048442422
  0
LWPOLYLINE
  5
1CE
330
17
100
AcDbEntity
  8
KK-KABLO
100
AcDbPolyline
 90
        3
 70
     0
 43
0.0
 10
28.3
 20
5.03977211715435
 10
28.3
 20
4.015508048442422
 10
25.35
 20
4.015508048442422
  0
LWPOLYLINE
  5
1CF
330
17
100
AcDbEntity
  8
KK-KABLO
100
AcDbPolyline
 90
        3
 70
     0
 43
0.0
 10
28.5
 20
5.03977211715435
 10
28.5
 20
3.975508048442422
 10
25.35
 20
3.975508048442422
  0
LWPOLYLINE
  5
1D0
330
17
100
AcDbEntity
  8
KK-KABLO
100
AcDbPolyline
 90
        3
 70
     0
 43
0.0
 10
29.20000000000001
 20
4.689772117154351
 10
29.20000000000001
 20
3.935508048442422
 10
25.35
 20
3.935508048442422
  0
LWPOLYLINE
  5
1D1
330
17
100
AcDbEntity
  8
KK-KABLO
100
AcDbPolyline
 90
        2
 70
     0
 43
0.0
 10
18.64
 20
10.36403618586628
 10
17.68999999999999
 20
10.36403618586628
  0
LWPOLYLINE
  5
1D2
330
17
100
AcDbEntity
  8
KK-KABLO
100
AcDbPolyline
 90
        4
 70
     0
 43
0.0
 10
21.84
 20
10.61403618586628
 10
21.84
 20
10.71403618586628
 10
17.58999999999999
 20
10.71403618586628
 10
17.58999999999999
 20
10.51403618586628
  0
LWPOLYLINE
  5
1D3
330
17
100
AcDbEntity
  8
KK-KABLO
100
AcDbPolyline
 90
        4
 70
     0
 43
0.0
 10
20.06
 20
9.864036185866279
 10
20.06
 20
9.764036185866279
 10
17.49
 20
9.764036185866279
 10
17.49
 20
10.21403618586628
  0
LWPOLYLINE
  5
1D4
330
17
100
AcDbEntity
  8
BALON
100
AcDbPolyline
 90
        3
 70
     0
 43
0.0
 10
28.8
 20
8.23403618586628
 10
28.2
 20
10.41403618586628
 10
31.814
 20
10.41403618586628
  0
HATCH
  5
1D5
330
17
100
AcDbEntity
  8
BALON
 62
     7
100
AcDbHatch
 10
0.0
 20
0.0
 30
0.0
210
0.0
220
0.0
230
1.0
  2
SOLID
 70
     1
 71
     0
 91
        1
 92
        1
 93
        1
 72
     2
 10
28.8
 20
8.23403618586628
 40
0.025
 50
0.0
 51
360.0
 73
     1
 97
        0
 75
     1
 76
     1
 98
        0
450
        0
451
        0
460
0.0
461
0.0
452
        0
462
0.0
453
        0
470

  0
TEXT
  5
1D6
330
17
100
AcDbEntity
  8
YAZI
100
AcDbText
 10
28.24
 20
10.47864055148701
 30
0.0
 40
0.1
  1
KK kabloları: NYY 1x6 mm² (anot), NYY 1x10 mm² (tank/hat)
  7
ARIAL
 11
28.24
 21
10.44903618586628
 31
0.0
100
AcDbText
 73
     1
  0
TEXT
  5
1D7
330
17
100
AcDbEntity
  8
YAZI
100
AcDbText
 10
28.24
 20
10.27903618586628
 30
0.0
 40
0.1
  1
toprak altı -60 cm, üzerinde kablo ikaz bandı
  7
ARIAL
 11
28.24
 21
10.37903618586628
 31
0.0
100
AcDbText
 73
     3
  0
LWPOLYLINE
  5
1D8
330
17
100
AcDbEntity
  8
KESIT-HATTI
100
AcDbPolyline
 90
        2
 70
     0
 43
0.0
 10
29.9
 20
2.36550804844242
 10
29.9
 20
9.164036185866279
  0
LWPOLYLINE
  5
1D9
330
17
100
AcDbEntity
  8
KESIT
100
AcDbPolyline
 90
        2
 70
     0
 43
0.0
 10
29.9
 20
2.36550804844242
 10
29.45000000000001
 20
2.36550804844242
  0
HATCH
  5
1DA
330
17
100
AcDbEntity
  8
KESIT
100
AcDbHatch
 10
0.0
 20
0.0
 30
0.0
210
0.0
220
0.0
230
1.0
  2
SOLID
 70
     1
 71
     0
 91
        1
 92
        3
 72
     0
 73
     1
 93
        3
 10
29.45000000000001
 20
2.36550804844242
 10
29.6
 20
2.425508048442421
 10
29.6
 20
2.305508048442421
 97
        0
 75
     1
 76
     1
 98
        0
450
        0
451
        0
460
0.0
461
0.0
452
        0
462
0.0
453
        0
470

  0
CIRCLE
  5
1DB
330
17
100
AcDbEntity
  8
KESIT
100
AcDbCircle
 10
30.15
 20
2.315508048442421
 30
0.0
 40
0.16
  0
TEXT
  5
1DC
330
17
100
AcDbEntity
  8
YAZI
100
AcDbText
 10
30.09059856753069
 20
2.25175804844242
 30
0.0
 40
0.1275
  1
A
  7
ARIAL
 72
     1
 11
30.15
 21
2.315508048442421
 31
0.0
100
AcDbText
 73
     2
  0
LWPOLYLINE
  5
1DD
330
17
100
AcDbEntity
  8
KESIT
100
AcDbPolyline
 90
        2
 70
     0
 43
0.0
 10
29.9
 20
9.164036185866279
 10
29.45000000000001
 20
9.164036185866279
  0
HATCH
  5
1DE
330
17
100
AcDbEntity
  8
KESIT
100
AcDbHatch
 10
0.0
 20
0.0
 30
0.0
210
0.0
220
0.0
230
1.0
  2
SOLID
 70
     1
 71
     0
 91
        1
 92
        3
 72
     0
 73
     1
 93
        3
 10
29.45000000000001
 20
9.164036185866279
 10
29.6
 20
9.22403618586628
 10
29.6
 20
9.104036185866279
 97
        0
 75
     1
 76
     1
 98
        0
450
        0
451
        0
460
0.0
461
0.0
452
        0
462
0.0
453
        0
470

  0
CIRCLE
  5
1DF
330
17
100
AcDbEntity
  8
KESIT
100
AcDbCircle
 10
30.15
 20
9.21403618586628
 30
0.0
 40
0.16
  0
TEXT
  5
1E0
330
17
100
AcDbEntity
  8
YAZI
100
AcDbText
 10
30.09059856753069
 20
9.15028618586628
 30
0.0
 40
0.1275
  1
A
  7
ARIAL
 72
     1
 11
30.15
 21
9.21403618586628
 31
0.0
100
AcDbText
 73
     2
  0
DIMENSION
  5
1E1
330
17
100
AcDbEntity
  8
OLCU
100
AcDbDimension
280
     0
  2
*D6
 10
32.3
 20
9.364036185866279
 30
0.0
 11
29.3
 21
9.445093484638448
 31
0.0
 70
    32
  1
<>
 71
     5
 42
599.9999999999996
 73
     0
 74
     0
 75
     0
  3
KK50
100
AcDbAlignedDimension
 13
26.3
 23
8.414036185866279
 33
0.0
 14
32.3
 24
8.414036185866279
 34
0.0
100
AcDbRotatedDimension
  0
DIMENSION
  5
1F0
330
17
100
AcDbEntity
  8
OLCU
100
AcDbDimension
280
     0
  2
*D7
 10
33.25000000000001
 20
8.414036185866283
 30
0.0
 11
33.16894270122784
 21
5.989772117154343
 31
0.0
 70
    32
  1
<>
 71
     5
 42
484.8528137423858
 73
     0
 74
     0
 75
     0
  3
KK50
100
AcDbAlignedDimension
 13
32.3
 23
3.565508048442422
 33
0.0
 14
32.3
 24
8.414036185866279
 34
0.0
 50
90.0
100
AcDbRotatedDimension
  0
DIMENSION
  5
1FF
330
17
100
AcDbEntity
  8
OLCU
100
AcDbDimension
280
     0
  2
*D8
 10
26.54933200134993
 20
8.847433870565719
 30
0.0
 11
23.6347523584037
 21
10.61769396179742
 31
0.0
 70
    32
  1
<>
 71
     5
 42
681.8218242326951
 73
     0
 74
     0
 75
     0
  3
KK50
100
AcDbAlignedDimension
 13
20.39
 23
11.81403618586628
 33
0.0
 14
26.3
 24
8.414036185866279
 34
0.0
 50
330.0883495774702
100
AcDbRotatedDimension
  0
LWPOLYLINE
  5
20E
330
17
100
AcDbEntity
  8
BALON
100
AcDbPolyline
 90
        3
 70
     0
 43
0.0
 10
32.05
 20
6.765508048442422
 10
33.3
 20
7.265508048442422
 10
34.868
 20
7.265508048442422
  0
HATCH
  5
20F
330
17
100
AcDbEntity
  8
BALON
 62
     7
100
AcDbHatch
 10
0.0
 20
0.0
 30
0.0
210
0.0
220
0.0
230
1.0
  2
SOLID
 70
     1
 71
     0
 91
        1
 92
        1
 93
        1
 72
     2
 10
32.05
 20
6.765508048442422
 40
0.025
 50
0.0
 51
360.0
 73
     1
 97
        0
 75
     1
 76
     1
 98
        0
450
        0
451
        0
460
0.0
461
0.0
452
        0
462
0.0
453
        0
470

  0
TEXT
  5
210
330
17
100
AcDbEntity
  8
YAZI
100
AcDbText
 10
33.34
 20
7.330112414063158
 30
0.0
 40
0.1
  1
LPG TANK SAHASI
  7
ARIAL
 11
33.34
 21
7.300508048442422
 31
0.0
100
AcDbText
 73
     1
  0
TEXT
  5
211
330
17
100
AcDbEntity
  8
YAZI
100
AcDbText
 10
33.34
 20
7.130508048442422
 30
0.0
 40
0.1
  1
tel çitli, çakıl kaplama
  7
ARIAL
 11
33.34
 21
7.230508048442422
 31
0.0
100
AcDbText
 73
     3
  0
CIRCLE
  5
212
330
17
100
AcDbEntity
  8
BASLIK
100
AcDbCircle
 10
-10.6
 20
22.46044843370119
 30
0.0
 40
0.55
  0
LWPOLYLINE
  5
213
330
17
100
AcDbEntity
  8
BASLIK
100
AcDbPolyline
 90
        4
 70
     1
 43
0.0
 10
-10.6
 20
23.21044843370119
 10
-10.85
 20
22.01044843370119
 10
-10.6
 20
22.26044843370118
 10
-10.35
 20
22.01044843370119
  0
HATCH
  5
214
330
17
100
AcDbEntity
  8
BASLIK
100
AcDbHatch
 10
0.0
 20
0.0
 30
0.0
210
0.0
220
0.0
230
1.0
  2
SOLID
 70
     1
 71
     0
 91
        1
 92
        3
 72
     0
 73
     1
 93
        3
 10
-10.6
 20
23.21044843370119
 10
-10.6
 20
22.26044843370118
 10
-10.35
 20
22.01044843370119
 97
        0
 75
     1
 76
     1
 98
        0
450
        0
451
        0
460
0.0
461
0.0
452
        0
462
0.0
453
        0
470

  0
TEXT
  5
215
330
17
100
AcDbEntity
  8
YAZI
100
AcDbText
 10
-10.6594014324693
 20
23.44819399986764
 30
0.0
 40
0.1275
  1
K
  7
ARIAL
 72
     1
 11
-10.6
 21
23.4104484337012
 31
0.0
100
AcDbText
 73
     1
  0
TEXT
  5
216
330
17
100
AcDbEntity
  8
BASLIK
100
AcDbText
 10
-9.599999999999999
 20
24.84819399986762
 30
0.0
 40
0.1275
  1
VAZİYET PLANI ve KATODİK KORUMA UYGULAMA PLANI
  7
ARIAL
 11
-9.599999999999999
 21
24.81044843370118
 31
0.0
100
AcDbText
 73
     1
  0
LWPOLYLINE
  5
217
330
17
100
AcDbEntity
  8
BASLIK
100
AcDbPolyline
 90
        2
 70
     0
 43
0.0
 10
-9.599999999999999
 20
24.76044843370118
 10
-5.763699999999999
 20
24.76044843370118
  0
LWPOLYLINE
  5
218
330
17
100
AcDbEntity
  8
YAZI
100
AcDbPolyline
 90
        2
 70
     0
 43
0.0
 10
-9.599999999999999
 20
24.72044843370119
 10
-5.763699999999999
 20
24.72044843370119
  0
TEXT
  5
219
330
17
100
AcDbEntity
  8
YAZI
100
AcDbText
 10
-9.599999999999999
 20
24.55044843370119
 30
0.0
 40
0.1
  1
Ölçek 1/50
  7
ARIAL
 11
-9.599999999999999
 21
24.65044843370119
 31
0.0
100
AcDbText
 73
     3
  0
TEXT
  5
21A
330
17
100
AcDbEntity
  8
BASLIK
100
AcDbText
 10
-11.6
 20
21.34819399986763
 30
0.0
 40
0.1275
  1
LEJANT
  7
ARIAL
 11
-11.6
 21
21.31044843370119
 31
0.0
100
AcDbText
 73
     1
  0
LWPOLYLINE
  5
21B
330
17
100
AcDbEntity
  8
BASLIK
100
AcDbPolyline
 90
        2
 70
     0
 43
0.0
 10
-11.6
 20
21.26044843370119
 10
-10.9257
 20
21.26044843370119
  0
LWPOLYLINE
  5
21C
330
17
100
AcDbEntity
  8
YAZI
100
AcDbPolyline
 90
        2
 70
     0
 43
0.0
 10
-11.6
 20
21.22044843370119
 10
-10.9257
 20
21.22044843370119
  0
CIRCLE
  5
21D
330
17
100
AcDbEntity
  8
KK-ANOT
100
AcDbCircle
 10
-11.15
 20
20.71044843370119
 30
0.0
 40
0.17
  0
CIRCLE
  5
21E
330
17
100
AcDbEntity
  8
KK-ANOT
100
AcDbCircle
 10
-11.15
 20
20.71044843370119
 30
0.0
 40
0.09
  0
HATCH
  5
21F
330
17
100
AcDbEntity
  8
KK-ANOT
 62
    30
100
AcDbHatch
 10
0.0
 20
0.0
 30
0.0
210
0.0
220
0.0
230
1.0
  2
SOLID
 70
     1
 71
     0
 91
        1
 92
        1
 93
        1
 72
     2
 10
-11.15
 20
20.71044843370119
 40
0.09
 50
0.0
 51
360.0
 73
     1
 97
        0
 75
     1
 76
     1
 98
        0
450
        0
451
        0
460
0.0
461
0.0
452
        0
462
0.0
453
        0
470

  0
TEXT
  5
220
330
17
100
AcDbEntity
  8
YAZI
100
AcDbText
 10
-10.4
 20
20.66044843370119
 30
0.0
 40
0.1
  1
Magnezyum anot (hazır dolgulu, yüksek potansiyelli)
  7
ARIAL
 11
-10.4
 21
20.71044843370119
 31
0.0
100
AcDbText
 73
     2
  0
LWPOLYLINE
  5
221
330
17
100
AcDbEntity
  8
KK-OLCUM
100
AcDbPolyline
 90
        4
 70
     1
 43
0.0
 10
-11.35
 20
20.14044843370119
 10
-10.95
 20
20.14044843370119
 10
-10.95
 20
20.44044843370119
 10
-11.35
 20
20.44044843370119
  0
HATCH
  5
222
330
17
100
AcDbEntity
  8
KK-OLCUM
 62
     2
100
AcDbHatch
 10
0.0
 20
0.0
 30
0.0
210
0.0
220
0.0
230
1.0
  2
SOLID
 70
     1
 71
     0
 91
        1
 92
        3
 72
     0
 73
     1
 93
        3
 10
-11.35
 20
20.14044843370119
 10
-10.95
 20
20.44044843370119
 10
-11.35
 20
20.44044843370119
 97
        0
 75
     1
 76
     1
 98
        0
450
        0
451
        0
460
0.0
461
0.0
452
        0
462
0.0
453
        0
470

  0
TEXT
  5
223
330
17
100
AcDbEntity
  8
YAZI
100
AcDbText
 10
-10.4
 20
20.24044843370119
 30
0.0
 40
0.1
  1
Ölçüm (test) kutusu - ÖK
  7
ARIAL
 11
-10.4
 21
20.29044843370119
 31
0.0
100
AcDbText
 73
     2
  0
CIRCLE
  5
224
330
17
100
AcDbEntity
  8
KK-OLCUM
100
AcDbCircle
 10
-11.15
 20
19.87044843370119
 30
0.0
 40
0.1
  0
LWPOLYLINE
  5
225
330
17
100
AcDbEntity
  8
KK-OLCUM
100
AcDbPolyline
 90
        2
 70
     0
 43
0.0
 10
-11.22
 20
19.87044843370119
 10
-11.08
 20
19.87044843370119
  0
LWPOLYLINE
  5
226
330
17
100
AcDbEntity
  8
KK-OLCUM
100
AcDbPolyline
 90
        2
 70
     0
 43
0.0
 10
-11.15
 20
19.80044843370119
 10
-11.15
 20
19.94044843370119
  0
TEXT
  5
227
330
17
100
AcDbEntity
  8
YAZI
100
AcDbText
 10
-10.4
 20
19.82044843370119
 30
0.0
 40
0.1
  1
Kalıcı Cu/CuSO4 referans elektrot - RE
  7
ARIAL
 11
-10.4
 21
19.87044843370119
 31
0.0
100
AcDbText
 73
     2
  0
LWPOLYLINE
  5
228
330
17
100
AcDbEntity
  8
KK-IZOLASYON
100
AcDbPolyline
 90
        2
 70
     0
 43
0.0
 10
-11.2
 20
19.33044843370118
 10
-11.2
 20
19.57044843370118
  0
LWPOLYLINE
  5
229
330
17
100
AcDbEntity
  8
KK-IZOLASYON
100
AcDbPolyline
 90
        2
 70
     0
 43
0.0
 10
-11.1
 20
19.33044843370118
 10
-11.1
 20
19.57044843370118
  0
LWPOLYLINE
  5
22A
330
17
100
AcDbEntity
  8
LPG-HAT
100
AcDbPolyline
 90
        2
 70
     0
 43
0.0
 10
-11.55
 20
19.45044843370119
 10
-11.2
 20
19.45044843370119
  0
LWPOLYLINE
  5
22B
330
17
100
AcDbEntity
  8
LPG-HAT
100
AcDbPolyline
 90
        2
 70
     0
 43
0.0
 10
-11.1
 20
19.45044843370119
 10
-10.75
 20
19.45044843370119
  0
TEXT
  5
22C
330
17
100
AcDbEntity
  8
YAZI
100
AcDbText
 10
-10.4
 20
19.40044843370118
 30
0.0
 40
0.1
  1
İzole flanş kiti - İF
  7
ARIAL
 11
-10.4
 21
19.45044843370119
 31
0.0
100
AcDbText
 73
     2
  0
LWPOLYLINE
  5
22D
330
17
100
AcDbEntity
  8
KK-KABLO
100
AcDbPolyline
 90
        2
 70
     0
 43
0.0
 10
-11.55
 20
19.03044843370119
 10
-10.75
 20
19.03044843370119
  0
TEXT
  5
22E
330
17
100
AcDbEntity
  8
YAZI
100
AcDbText
 10
-10.4
 20
18.98044843370119
 30
0.0
 40
0.1
  1
Katodik koruma kablosu (toprak altı)
  7
ARIAL
 11
-10.4
 21
19.03044843370119
 31
0.0
100
AcDbText
 73
     2
  0
LWPOLYLINE
  5
22F
330
17
100
AcDbEntity
  8
LPG-HAT
100
AcDbPolyline
 90
        2
 70
     0
 43
0.0
 10
-11.55
 20
18.61044843370119
 10
-10.75
 20
18.61044843370119
  0
TEXT
  5
230
330
17
100
AcDbEntity
  8
YAZI
100
AcDbText
 10
-10.4
 20
18.56044843370118
 30
0.0
 40
0.1
  1
LPG hattı (SCH80 dikişsiz çelik)
  7
ARIAL
 11
-10.4
 21
18.61044843370119
 31
0.0
100
AcDbText
 73
     2
  0
LWPOLYLINE
  5
231
330
17
100
AcDbEntity
  8
LPG-TANK
100
AcDbPolyline
 90
        2
 70
     0
 43
0.0
 10
-11.55
 20
18.19044843370119
 10
-10.75
 20
18.19044843370119
  0
TEXT
  5
232
330
17
100
AcDbEntity
  8
YAZI
100
AcDbText
 10
-10.4
 20
18.14044843370119
 30
0.0
 40
0.1
  1
LPG tankı (yeraltı, görünmeyen)
  7
ARIAL
 11
-10.4
 21
18.19044843370119
 31
0.0
100
AcDbText
 73
     2
  0
LWPOLYLINE
  5
233
330
17
100
AcDbEntity
  8
KK-OLCUM
100
AcDbPolyline
 90
        2
 70
     0
 43
0.0
 10
-11.21
 20
17.71044843370119
 10
-11.09
 20
17.83044843370118
  0
LWPOLYLINE
  5
234
330
17
100
AcDbEntity
  8
KK-OLCUM
100
AcDbPolyline
 90
        2
 70
     0
 43
0.0
 10
-11.21
 20
17.83044843370118
 10
-11.09
 20
17.71044843370119
  0
TEXT
  5
235
330
17
100
AcDbEntity
  8
YAZI
100
AcDbText
 10
-10.4
 20
17.72044843370118
 30
0.0
 40
0.1
  1
Tank kablo bağlantısı (termit kaynak / pin brazing)
  7
ARIAL
 11
-10.4
 21
17.77044843370118
 31
0.0
100
AcDbText
 73
     2
  0
LWPOLYLINE
  5
236
330
17
100
AcDbEntity
  8
CIT
100
AcDbPolyline
 90
        2
 70
     0
 43
0.0
 10
-11.55
 20
17.35044843370119
 10
-10.75
 20
17.35044843370119
  0
LWPOLYLINE
  5
237
330
17
100
AcDbEntity
  8
CIT
100
AcDbPolyline
 90
        4
 70
     1
 43
0.0
 10
-11.2
 20
17.30044843370119
 10
-11.1
 20
17.30044843370119
 10
-11.1
 20
17.40044843370119
 10
-11.2
 20
17.40044843370119
  0
TEXT
  5
238
330
17
100
AcDbEntity
  8
YAZI
100
AcDbText
 10
-10.4
 20
17.30044843370119
 30
0.0
 40
0.1
  1
Tel çit ve direk
  7
ARIAL
 11
-10.4
 21
17.35044843370119
 31
0.0
100
AcDbText
 73
     2
  0
LWPOLYLINE
  5
239
330
17
100
AcDbEntity
  8
BARIYER
100
AcDbPolyline
 90
        4
 70
     1
 43
0.0
 10
-11.55
 20
16.89544843370119
 10
-10.75
 20
16.89544843370119
 10
-10.75
 20
16.96544843370118
 10
-11.55
 20
16.96544843370118
  0
TEXT
  5
23A
330
17
100
AcDbEntity
  8
YAZI
100
AcDbText
 10
-10.4
 20
16.88044843370118
 30
0.0
 40
0.1
  1
Çarpma bariyeri (U boru)
  7
ARIAL
 11
-10.4
 21
16.93044843370119
 31
0.0
100
AcDbText
 73
     2
  0
CIRCLE
  5
23B
330
17
100
AcDbEntity
  8
YANGIN
100
AcDbCircle
 10
-11.15
 20
16.51044843370119
 30
0.0
 40
0.14
  0
HATCH
  5
23C
330
17
100
AcDbEntity
  8
YANGIN
 62
     1
100
AcDbHatch
 10
0.0
 20
0.0
 30
0.0
210
0.0
220
0.0
230
1.0
  2
SOLID
 70
     1
 71
     0
 91
        1
 92
        3
 72
     0
 73
     1
 93
        3
 10
-11.29
 20
16.51044843370119
 10
-11.01
 20
16.51044843370119
 10
-11.15
 20
16.65044843370119
 97
        0
 75
     1
 76
     1
 98
        0
450
        0
451
        0
460
0.0
461
0.0
452
        0
462
0.0
453
        0
470

  0
TEXT
  5
23D
330
17
100
AcDbEntity
  8
YAZI
100
AcDbText
 10
-10.4
 20
16.46044843370119
 30
0.0
 40
0.1
  1
Yangın söndürme cihazı (YSC)
  7
ARIAL
 11
-10.4
 21
16.51044843370119
 31
0.0
100
AcDbText
 73
     2
  0
LWPOLYLINE
  5
23E
330
17
100
AcDbEntity
  8
KANOPI
100
AcDbPolyline
 90
        2
 70
     0
 43
0.0
 10
-11.55
 20
16.09044843370118
 10
-10.75
 20
16.09044843370118
  0
TEXT
  5
23F
330
17
100
AcDbEntity
  8
YAZI
100
AcDbText
 10
-10.4
 20
16.04044843370118
 30
0.0
 40
0.1
  1
Kanopi izdüşümü
  7
ARIAL
 11
-10.4
 21
16.09044843370118
 31
0.0
100
AcDbText
 73
     2
  0
LWPOLYLINE
  5
240
330
17
100
AcDbEntity
  8
KESIT-HATTI
100
AcDbPolyline
 90
        2
 70
     0
 43
0.0
 10
-11.55
 20
15.67044843370119
 10
-10.75
 20
15.67044843370119
  0
TEXT
  5
241
330
17
100
AcDbEntity
  8
YAZI
100
AcDbText
 10
-10.4
 20
15.62044843370119
 30
0.0
 40
0.1
  1
Kesit hattı
  7
ARIAL
 11
-10.4
 21
15.67044843370119
 31
0.0
100
AcDbText
 73
     2
  0
TEXT
  5
242
330
17
100
AcDbEntity
  8
BASLIK
100
AcDbText
 10
-11.6
 20
14.83819399986762
 30
0.0
 40
0.1275
  1
KATODİK KORUMA MALZEME LİSTESİ
  7
ARIAL
 11
-11.6
 21
14.80044843370118
 31
0.0
100
AcDbText
 73
     1
  0
LWPOLYLINE
  5
243
330
17
100
AcDbEntity
  8
BASLIK
100
AcDbPolyline
 90
        2
 70
     0
 43
0.0
 10
-11.6
 20
14.75044843370118
 10
-9.028499999999999
 20
14.75044843370118
  0
LWPOLYLINE
  5
244
330
17
100
AcDbEntity
  8
YAZI
100
AcDbPolyline
 90
        2
 70
     0
 43
0.0
 10
-11.6
 20
14.71044843370118
 10
-9.028499999999999
 20
14.71044843370118
  0
LWPOLYLINE
  5
245
330
17
100
AcDbEntity
  8
TABLO
100
AcDbPolyline
 90
        4
 70
     1
 43
0.0
 10
-11.6
 20
14.19044843370118
 10
1.949999999999999
 20
14.19044843370118
 10
1.949999999999999
 20
14.55044843370118
 10
-11.6
 20
14.55044843370118
  0
HATCH
  5
246
330
17
100
AcDbEntity
  8
TABLO-INCE
100
AcDbHatch
 10
0.0
 20
0.0
 30
0.0
210
0.0
220
0.0
230
1.0
  2
ANSI31
 70
     0
 71
     0
 91
        1
 92
        3
 72
     0
 73
     1
 93
        4
 10
-11.6
 20
14.19044843370118
 10
1.949999999999999
 20
14.19044843370118
 10
1.949999999999999
 20
14.55044843370118
 10
-11.6
 20
14.55044843370118
 97
        0
 75
     1
 76
     1
 52
0.0
 41
0.02
 77
     0
 78
     1
 53
45.0
 43
0.0
 44
-11.73955156629881
 45
-0.0449012806
 46
0.0449012806
 79
     0
 98
        0
  0
TEXT
  5
247
330
17
100
AcDbEntity
  8
YAZI
100
AcDbText
 10
-11.46858799454297
 20
14.32044843370118
 30
0.0
 40
0.1
  1
POZ
  7
ARIAL
 72
     1
 11
-11.325
 21
14.37044843370118
 31
0.0
100
AcDbText
 73
     2
  0
TEXT
  5
248
330
17
100
AcDbEntity
  8
YAZI
100
AcDbText
 10
-7.587653478854023
 20
14.32044843370118
 30
0.0
 40
0.1
  1
MALZEME
  7
ARIAL
 72
     1
 11
-7.249999999999999
 21
14.37044843370118
 31
0.0
100
AcDbText
 73
     2
  0
TEXT
  5
249
330
17
100
AcDbEntity
  8
YAZI
100
AcDbText
 10
-3.16388130968622
 20
14.32044843370118
 30
0.0
 40
0.1
  1
MİKTAR
  7
ARIAL
 72
     1
 11
-2.899999999999999
 21
14.37044843370118
 31
0.0
100
AcDbText
 73
     2
  0
TEXT
  5
24A
330
17
100
AcDbEntity
  8
YAZI
100
AcDbText
 10
-0.774590723055934
 20
14.32044843370118
 30
0.0
 40
0.1
  1
YERİ / AÇIKLAMA
  7
ARIAL
 72
     1
 11
-0.1999999999999993
 21
14.37044843370118
 31
0.0
100
AcDbText
 73
     2
  0
LWPOLYLINE
  5
24B
330
17
100
AcDbEntity
  8
TABLO-INCE
100
AcDbPolyline
 90
        2
 70
     0
 43
0.0
 10
-11.6
 20
13.89044843370118
 10
1.949999999999999
 20
13.89044843370118
  0
TEXT
  5
24C
330
17
100
AcDbEntity
  8
YAZI
100
AcDbText
 10
-11.41043656207367
 20
13.99044843370118
 30
0.0
 40
0.1
  1
K1
  7
ARIAL
 72
     1
 11
-11.325
 21
14.04044843370118
 31
0.0
100
AcDbText
 73
     2
  0
TEXT
  5
24D
330
17
100
AcDbEntity
  8
YAZI
100
AcDbText
 10
-10.97
 20
13.99044843370118
 30
0.0
 40
0.1
  1
Mg anot, yüksek potansiyelli, hazır dolgulu 10 Lb (4,5 kg) - tank
  7
ARIAL
 11
-10.97
 21
14.04044843370118
 31
0.0
100
AcDbText
 73
     2
  0
TEXT
  5
24E
330
17
100
AcDbEntity
  8
YAZI
100
AcDbText
 10
-3.055354706684856
 20
13.99044843370118
 30
0.0
 40
0.1
  1
2 ad.
  7
ARIAL
 72
     1
 11
-2.899999999999999
 21
14.04044843370118
 31
0.0
100
AcDbText
 73
     2
  0
TEXT
  5
24F
330
17
100
AcDbEntity
  8
YAZI
100
AcDbText
 10
-2.269999999999999
 20
13.99044843370118
 30
0.0
 40
0.1
  1
MA-1, MA-2 (poz 24)
  7
ARIAL
 11
-2.269999999999999
 21
14.04044843370118
 31
0.0
100
AcDbText
 73
     2
  0
LWPOLYLINE
  5
250
330
17
100
AcDbEntity
  8
TABLO-INCE
100
AcDbPolyline
 90
        2
 70
     0
 43
0.0
 10
-11.6
 20
13.59044843370118
 10
1.949999999999999
 20
13.59044843370118
  0
TEXT
  5
251
330
17
100
AcDbEntity
  8
YAZI
100
AcDbText
 10
-11.41043656207367
 20
13.69044843370118
 30
0.0
 40
0.1
  1
K2
  7
ARIAL
 72
     1
 11
-11.325
 21
13.74044843370118
 31
0.0
100
AcDbText
 73
     2
  0
TEXT
  5
252
330
17
100
AcDbEntity
  8
YAZI
100
AcDbText
 10
-10.97
 20
13.69044843370118
 30
0.0
 40
0.1
  1
Mg anot, yüksek potansiyelli, hazır dolgulu 3,5 Lb (1,6 kg) - hat/dispenser
  7
ARIAL
 11
-10.97
 21
13.74044843370118
 31
0.0
100
AcDbText
 73
     2
  0
TEXT
  5
253
330
17
100
AcDbEntity
  8
YAZI
100
AcDbText
 10
-3.055354706684856
 20
13.69044843370118
 30
0.0
 40
0.1
  1
2 ad.
  7
ARIAL
 72
     1
 11
-2.899999999999999
 21
13.74044843370118
 31
0.0
100
AcDbText
 73
     2
  0
TEXT
  5
254
330
17
100
AcDbEntity
  8
YAZI
100
AcDbText
 10
-2.269999999999999
 20
13.69044843370118
 30
0.0
 40
0.1
  1
MA-3, MA-4 (poz 17)
  7
ARIAL
 11
-2.269999999999999
 21
13.74044843370118
 31
0.0
100
AcDbText
 73
     2
  0
LWPOLYLINE
  5
255
330
17
100
AcDbEntity
  8
TABLO-INCE
100
AcDbPolyline
 90
        2
 70
     0
 43
0.0
 10
-11.6
 20
13.29044843370118
 10
1.949999999999999
 20
13.29044843370118
  0
TEXT
  5
256
330
17
100
AcDbEntity
  8
YAZI
100
AcDbText
 10
-11.41043656207367
 20
13.39044843370118
 30
0.0
 40
0.1
  1
K3
  7
ARIAL
 72
     1
 11
-11.325
 21
13.44044843370118
 31
0.0
100
AcDbText
 73
     2
  0
TEXT
  5
257
330
17
100
AcDbEntity
  8
YAZI
100
AcDbText
 10
-10.97
 20
13.39044843370118
 30
0.0
 40
0.1
  1
Ölçüm kutusu, IP65, terminal + 0,01 Ω şönt + sökülebilir köprü
  7
ARIAL
 11
-10.97
 21
13.44044843370118
 31
0.0
100
AcDbText
 73
     2
  0
TEXT
  5
258
330
17
100
AcDbEntity
  8
YAZI
100
AcDbText
 10
-3.055354706684856
 20
13.39044843370118
 30
0.0
 40
0.1
  1
2 ad.
  7
ARIAL
 72
     1
 11
-2.899999999999999
 21
13.44044843370118
 31
0.0
100
AcDbText
 73
     2
  0
TEXT
  5
259
330
17
100
AcDbEntity
  8
YAZI
100
AcDbText
 10
-2.269999999999999
 20
13.39044843370118
 30
0.0
 40
0.1
  1
ÖK-1, ÖK-2
  7
ARIAL
 11
-2.269999999999999
 21
13.44044843370118
 31
0.0
100
AcDbText
 73
     2
  0
LWPOLYLINE
  5
25A
330
17
100
AcDbEntity
  8
TABLO-INCE
100
AcDbPolyline
 90
        2
 70
     0
 43
0.0
 10
-11.6
 20
12.99044843370118
 10
1.949999999999999
 20
12.99044843370118
  0
TEXT
  5
25B
330
17
100
AcDbEntity
  8
YAZI
100
AcDbText
 10
-11.41043656207367
 20
13.09044843370118
 30
0.0
 40
0.1
  1
K4
  7
ARIAL
 72
     1
 11
-11.325
 21
13.14044843370118
 31
0.0
100
AcDbText
 73
     2
  0
TEXT
  5
25C
330
17
100
AcDbEntity
  8
YAZI
100
AcDbText
 10
-10.97
 20
13.09044843370118
 30
0.0
 40
0.1
  1
Kalıcı Cu/CuSO4 referans elektrot (ömür ≥ 20 yıl)
  7
ARIAL
 11
-10.97
 21
13.14044843370118
 31
0.0
100
AcDbText
 73
     2
  0
TEXT
  5
25D
330
17
100
AcDbEntity
  8
YAZI
100
AcDbText
 10
-3.055354706684856
 20
13.09044843370118
 30
0.0
 40
0.1
  1
1 ad.
  7
ARIAL
 72
     1
 11
-2.899999999999999
 21
13.14044843370118
 31
0.0
100
AcDbText
 73
     2
  0
TEXT
  5
25E
330
17
100
AcDbEntity
  8
YAZI
100
AcDbText
 10
-2.269999999999999
 20
13.09044843370118
 30
0.0
 40
0.1
  1
RE (tank yanı)
  7
ARIAL
 11
-2.269999999999999
 21
13.14044843370118
 31
0.0
100
AcDbText
 73
     2
  0
LWPOLYLINE
  5
25F
330
17
100
AcDbEntity
  8
TABLO-INCE
100
AcDbPolyline
 90
        2
 70
     0
 43
0.0
 10
-11.6
 20
12.69044843370118
 10
1.949999999999999
 20
12.69044843370118
  0
TEXT
  5
260
330
17
100
AcDbEntity
  8
YAZI
100
AcDbText
 10
-11.41043656207367
 20
12.79044843370118
 30
0.0
 40
0.1
  1
K5
  7
ARIAL
 72
     1
 11
-11.325
 21
12.84044843370118
 31
0.0
100
AcDbText
 73
     2
  0
TEXT
  5
261
330
17
100
AcDbEntity
  8
YAZI
100
AcDbText
 10
-10.97
 20
12.79044843370118
 30
0.0
 40
0.1
  1
İzole flanş kiti PN40 (conta + manşon + pul)
  7
ARIAL
 11
-10.97
 21
12.84044843370118
 31
0.0
100
AcDbText
 73
     2
  0
TEXT
  5
262
330
17
100
AcDbEntity
  8
YAZI
100
AcDbText
 10
-3.055354706684856
 20
12.79044843370118
 30
0.0
 40
0.1
  1
6 ad.
  7
ARIAL
 72
     1
 11
-2.899999999999999
 21
12.84044843370118
 31
0.0
100
AcDbText
 73
     2
  0
TEXT
  5
263
330
17
100
AcDbEntity
  8
YAZI
100
AcDbText
 10
-2.269999999999999
 20
12.79044843370118
 30
0.0
 40
0.1
  1
İF-1...İF-6 (poz 13)
  7
ARIAL
 11
-2.269999999999999
 21
12.84044843370118
 31
0.0
100
AcDbText
 73
     2
  0
LWPOLYLINE
  5
264
330
17
100
AcDbEntity
  8
TABLO-INCE
100
AcDbPolyline
 90
        2
 70
     0
 43
0.0
 10
-11.6
 20
12.39044843370118
 10
1.949999999999999
 20
12.39044843370118
  0
TEXT
  5
265
330
17
100
AcDbEntity
  8
YAZI
100
AcDbText
 10
-11.41043656207367
 20
12.49044843370118
 30
0.0
 40
0.1
  1
K6
  7
ARIAL
 72
     1
 11
-11.325
 21
12.54044843370119
 31
0.0
100
AcDbText
 73
     2
  0
TEXT
  5
266
330
17
100
AcDbEntity
  8
YAZI
100
AcDbText
 10
-10.97
 20
12.49044843370118
 30
0.0
 40
0.1
  1
NYY 1x6 mm² anot kablosu / NYY 1x10 mm² yapı kablosu
  7
ARIAL
 11
-10.97
 21
12.54044843370119
 31
0.0
100
AcDbText
 73
     2
  0
TEXT
  5
267
330
17
100
AcDbEntity
  8
YAZI
100
AcDbText
 10
-3.055286493860845
 20
12.49044843370118
 30
0.0
 40
0.1
  1
55 m
  7
ARIAL
 72
     1
 11
-2.899999999999999
 21
12.54044843370119
 31
0.0
100
AcDbText
 73
     2
  0
TEXT
  5
268
330
17
100
AcDbEntity
  8
YAZI
100
AcDbText
 10
-2.269999999999999
 20
12.49044843370118
 30
0.0
 40
0.1
  1
Toprak altı -60 cm
  7
ARIAL
 11
-2.269999999999999
 21
12.54044843370119
 31
0.0
100
AcDbText
 73
     2
  0
LWPOLYLINE
  5
269
330
17
100
AcDbEntity
  8
TABLO-INCE
100
AcDbPolyline
 90
        2
 70
     0
 43
0.0
 10
-11.6
 20
12.09044843370118
 10
1.949999999999999
 20
12.09044843370118
  0
TEXT
  5
26A
330
17
100
AcDbEntity
  8
YAZI
100
AcDbText
 10
-11.41043656207367
 20
12.19044843370118
 30
0.0
 40
0.1
  1
K7
  7
ARIAL
 72
     1
 11
-11.325
 21
12.24044843370118
 31
0.0
100
AcDbText
 73
     2
  0
TEXT
  5
26B
330
17
100
AcDbEntity
  8
YAZI
100
AcDbText
 10
-10.97
 20
12.19044843370118
 30
0.0
 40
0.1
  1
Termit kaynak / pin brazing bağlantı + kaplama tamir seti
  7
ARIAL
 11
-10.97
 21
12.24044843370118
 31
0.0
100
AcDbText
 73
     2
  0
TEXT
  5
26C
330
17
100
AcDbEntity
  8
YAZI
100
AcDbText
 10
-3.055354706684856
 20
12.19044843370118
 30
0.0
 40
0.1
  1
3 ad.
  7
ARIAL
 72
     1
 11
-2.899999999999999
 21
12.24044843370118
 31
0.0
100
AcDbText
 73
     2
  0
TEXT
  5
26D
330
17
100
AcDbEntity
  8
YAZI
100
AcDbText
 10
-2.269999999999999
 20
12.19044843370118
 30
0.0
 40
0.1
  1
Tank (2), hat (1)
  7
ARIAL
 11
-2.269999999999999
 21
12.24044843370118
 31
0.0
100
AcDbText
 73
     2
  0
LWPOLYLINE
  5
26E
330
17
100
AcDbEntity
  8
TABLO-INCE
100
AcDbPolyline
 90
        2
 70
     0
 43
0.0
 10
-11.6
 20
11.79044843370118
 10
1.949999999999999
 20
11.79044843370118
  0
TEXT
  5
26F
330
17
100
AcDbEntity
  8
YAZI
100
AcDbText
 10
-11.41043656207367
 20
11.89044843370118
 30
0.0
 40
0.1
  1
K8
  7
ARIAL
 72
     1
 11
-11.325
 21
11.94044843370118
 31
0.0
100
AcDbText
 73
     2
  0
TEXT
  5
270
330
17
100
AcDbEntity
  8
YAZI
100
AcDbText
 10
-10.97
 20
11.89044843370118
 30
0.0
 40
0.1
  1
Kablo ikaz bandı (sarı, 'DİKKAT KATODİK KORUMA KABLOSU')
  7
ARIAL
 11
-10.97
 21
11.94044843370118
 31
0.0
100
AcDbText
 73
     2
  0
TEXT
  5
271
330
17
100
AcDbEntity
  8
YAZI
100
AcDbText
 10
-3.055286493860845
 20
11.89044843370118
 30
0.0
 40
0.1
  1
30 m
  7
ARIAL
 72
     1
 11
-2.899999999999999
 21
11.94044843370118
 31
0.0
100
AcDbText
 73
     2
  0
TEXT
  5
272
330
17
100
AcDbEntity
  8
YAZI
100
AcDbText
 10
-2.269999999999999
 20
11.89044843370118
 30
0.0
 40
0.1
  1
-30 cm
  7
ARIAL
 11
-2.269999999999999
 21
11.94044843370118
 31
0.0
100
AcDbText
 73
     2
  0
LWPOLYLINE
  5
273
330
17
100
AcDbEntity
  8
TABLO
100
AcDbPolyline
 90
        4
 70
     1
 43
0.0
 10
-11.6
 20
11.79044843370118
 10
1.949999999999999
 20
11.79044843370118
 10
1.949999999999999
 20
14.55044843370118
 10
-11.6
 20
14.55044843370118
  0
LWPOLYLINE
  5
274
330
17
100
AcDbEntity
  8
TABLO-INCE
100
AcDbPolyline
 90
        2
 70
     0
 43
0.0
 10
-11.05
 20
11.79044843370118
 10
-11.05
 20
14.55044843370118
  0
LWPOLYLINE
  5
275
330
17
100
AcDbEntity
  8
TABLO-INCE
100
AcDbPolyline
 90
        2
 70
     0
 43
0.0
 10
-3.449999999999999
 20
11.79044843370118
 10
-3.449999999999999
 20
14.55044843370118
  0
LWPOLYLINE
  5
276
330
17
100
AcDbEntity
  8
TABLO-INCE
100
AcDbPolyline
 90
        2
 70
     0
 43
0.0
 10
-2.349999999999999
 20
11.79044843370118
 10
-2.349999999999999
 20
14.55044843370118
  0
TEXT
  5
277
330
17
100
AcDbEntity
  8
BASLIK
100
AcDbText
 10
-11.6
 20
11.17819399986762
 30
0.0
 40
0.1275
  1
GENEL NOTLAR
  7
ARIAL
 11
-11.6
 21
11.14044843370118
 31
0.0
100
AcDbText
 73
     1
  0
LWPOLYLINE
  5
278
330
17
100
AcDbEntity
  8
BASLIK
100
AcDbPolyline
 90
        2
 70
     0
 43
0.0
 10
-11.6
 20
11.09044843370118
 10
-10.4514
 20
11.09044843370118
  0
LWPOLYLINE
  5
279
330
17
100
AcDbEntity
  8
YAZI
100
AcDbPolyline
 90
        2
 70
     0
 43
0.0
 10
-11.6
 20
11.05044843370118
 10
-10.4514
 20
11.05044843370118
  0
MTEXT
  5
27A
330
17
100
AcDbEntity
  8
YAZI
100
AcDbMText
 10
-11.6
 20
10.89044843370118
 30
0.0
 40
0.1
 41
13.6
 46
0.0
 71
     1
 72
     5
  3
1. LPG tankı ve toprak altı LPG hatları galvanik (kurban) anotlu katodik koruma sistemi ile korunmaktadır; harici akım kaynağı yoktur.\P2. Uygulanan standartlar: TS EN 12954, TS EN 13636 (yeraltı metal tank ve boruların KK), TS EN 13509 (ölçüm teknik
  3
leri), TS EN 12068 (dış kaplamalar), LPG Piyasası Teknik Düzenleme Yönetmeliği.\P3. Koruma kriteri: IR'siz (kesik akım) potansiyel Eoff ≤ -850 mV (Cu/CuSO4). Kaplama hasarını önlemek için Eoff ≥ -1200 mV olmalıdır.\P4. Tank, hat ve dispenser bağlantı
  3
ları izole flanş kitleri (İF-1...İF-6) ile tesisatın diğer kısımlarından elektriksel olarak ayrılmıştır. İzolasyon devreye almada kontrol edilecektir.\P5. Topraklama ile KK sistemi arasında doğrudan bağlantı yapılmayacak; gerekirse DC dekuplör kullan
  3
ılacaktır.\P6. Anotlar tank ekseni kotunda doğal zemine, ıslatılarak yerleştirilmiştir. KK kabloları -60 cm derinlikte, üzerinde kablo ikaz bandı ile döşenmiştir.\P7. Ölçümler yılda en az bir kez yapılıp kayıt altına alınacaktır: tank/zemin potansiye
  1
li (ON/OFF), anot akımları (şönt üzerinden), izole flanş kontrolü.
  7
ARIAL
 73
     1
 44
1.35
  0
TEXT
  5
27B
330
17
100
AcDbEntity
  8
BASLIK
100
AcDbText
 10
40.28752197550456
 20
29.8571559364935
 30
0.0
 40
0.1275
  1
İZOMETRİK TESİSAT ŞEMASI
  7
ARIAL
 11
40.28752197550456
 21
29.81941037032706
 31
0.0
100
AcDbText
 73
     1
  0
LWPOLYLINE
  5
27C
330
17
100
AcDbEntity
  8
BASLIK
100
AcDbPolyline
 90
        2
 70
     0
 43
0.0
 10
40.28752197550456
 20
29.76941037032706
 10
42.38472197550456
 20
29.76941037032706
  0
LWPOLYLINE
  5
27D
330
17
100
AcDbEntity
  8
YAZI
100
AcDbPolyline
 90
        2
 70
     0
 43
0.0
 10
40.28752197550456
 20
29.72941037032706
 10
42.38472197550456
 20
29.72941037032706
  0
TEXT
  5
27E
330
17
100
AcDbEntity
  8
YAZI
100
AcDbText
 10
40.28752197550456
 20
29.55941037032706
 30
0.0
 40
0.1
  1
Tek tank / tek dispenser LPG tesisatı (ölçeksiz).
  7
ARIAL
 11
40.28752197550456
 21
29.65941037032706
 31
0.0
100
AcDbText
 73
     3
  0
LWPOLYLINE
  5
27F
330
17
100
AcDbEntity
  8
IZO
100
AcDbPolyline
 90
       90
 70
     1
 43
0.0
 10
47.77916199999999
 20
14.31828607107029
 10
47.782568
 20
14.22623807107029
 10
47.79275999999999
 20
14.13095707107029
 10
47.809662
 20
14.03317007107029
 10
47.82201599999999
 20
13.97305107107029
 10
47.843337
 20
13.88266107107029
 10
47.87047
 20
13.79135807107029
 10
47.903209
 20
13.69983607107029
 10
47.94130399999999
 20
13.60879307107029
 10
47.984466
 20
13.51892207107029
 10
48.03236599999999
 20
13.43090607107029
 10
48.084641
 20
13.34541507107029
 10
48.140891
 20
13.26309907107029
 10
48.200688
 20
13.18458607107029
 10
48.263579
 20
13.11047307107029
 10
48.329083
 20
13.04132407107029
 10
48.396703
 20
12.97766407107029
 10
48.44259
 20
12.93690607107029
 10
48.518826
 20
12.87337507107029
 10
48.596245
 20
12.81690807107029
 10
48.674258
 20
12.76793407107029
 10
48.75227
 20
12.72682707107029
 10
48.829689
 20
12.69389807107029
 10
48.912984
 20
12.66129207107029
 10
48.994358
 20
12.63514207107029
 10
49.07385
 20
12.61818807107029
 10
49.150856
 20
12.61056107107029
 10
49.243049
 20
12.60731907107029
 10
49.319829
 20
12.60914207107029
 10
49.392833
 20
12.62069707107029
 10
49.461506
 20
12.64189507107029
 10
49.548032
 20
12.67173107107029
 10
49.612647
 20
12.70279307107029
 10
54.886741
 20
15.74779307107029
 10
54.94595
 20
15.78822007107029
 10
55.015051
 20
15.84823607107029
 10
55.06774599999999
 20
15.89710907107029
 10
55.11425500000001
 20
15.95455507107029
 10
55.154224
 20
16.02013707107029
 10
55.197513
 20
16.10160007107029
 10
55.229409
 20
16.17210207107029
 10
55.25447299999999
 20
16.24942107107029
 10
55.272513
 20
16.33296807107029
 10
55.285924
 20
16.42140607107029
 10
55.296116
 20
16.50491807107029
 10
55.299522
 20
16.59303207107029
 10
55.296116
 20
16.68508007107029
 10
55.285924
 20
16.78036107107029
 10
55.26902299999999
 20
16.87814807107029
 10
55.256668
 20
16.93826707107029
 10
55.23534699999999
 20
17.02865707107029
 10
55.20821399999999
 20
17.11996007107029
 10
55.175476
 20
17.21148207107029
 10
55.13738
 20
17.30252507107029
 10
55.09421800000001
 20
17.39239607107029
 10
55.04631800000001
 20
17.48041207107029
 10
54.99404399999999
 20
17.56590307107029
 10
54.937794
 20
17.64821907107029
 10
54.87799599999999
 20
17.72673207107029
 10
54.815105
 20
17.80084507107029
 10
54.749601
 20
17.86999407107029
 10
54.68198100000001
 20
17.93365407107029
 10
54.63609399999999
 20
17.97441207107029
 10
54.559858
 20
18.03794307107029
 10
54.482439
 20
18.09441007107029
 10
54.404426
 20
18.14338407107029
 10
54.326414
 20
18.18449107107029
 10
54.24899499999999
 20
18.21742007107029
 10
54.1657
 20
18.25002607107029
 10
54.08432600000001
 20
18.27617607107029
 10
54.00483399999999
 20
18.29313007107029
 10
53.927829
 20
18.30075707107029
 10
53.835635
 20
18.30399907107029
 10
53.758855
 20
18.30217607107029
 10
53.685851
 20
18.29062107107029
 10
53.617178
 20
18.26942307107029
 10
53.530652
 20
18.2395870710703
 10
53.466037
 20
18.20852507107029
 10
48.191943
 20
15.16352507107029
 10
48.132735
 20
15.12309807107029
 10
48.06363300000001
 20
15.06308207107029
 10
48.010938
 20
15.01420907107029
 10
47.96443
 20
14.95676307107029
 10
47.924461
 20
14.89118107107029
 10
47.881171
 20
14.80971807107029
 10
47.849275
 20
14.73921607107029
 10
47.82421099999999
 20
14.66189707107029
 10
47.80617099999999
 20
14.5783500710703
 10
47.79275999999999
 20
14.48991207107029
 10
47.782568
 20
14.40640007107029
  0
LWPOLYLINE
  5
280
330
17
100
AcDbEntity
  8
GIZLI
100
AcDbPolyline
 90
       11
 70
     0
 43
0.0
 10
47.89770526580502
 20
14.51315907107029
 10
47.9015280320261
 20
14.61205265755079
 10
47.91296723713013
 20
14.70577945391101
 10
47.93193582185911
 20
14.79362614263688
 10
47.9582894238297
 20
14.87492415738389
 10
47.99182747621816
 20
14.94905477117076
 10
48.03229473419496
 20
15.01545380526526
 10
48.07938321749215
 20
15.07361592292512
 10
48.132734554319
 20
15.12309847531568
 10
48.19194270878785
 20
15.16352487033488
 10
48.25655707109231
 20
15.1945874387065
  0
LWPOLYLINE
  5
281
330
17
100
AcDbEntity
  8
IZO
100
AcDbPolyline
 90
       36
 70
     0
 43
0.0
 10
48.25655707109231
 20
15.1945874387065
 10
48.32608588692008
 20
15.21604977552913
 10
48.39999999999999
 20
15.22774853946024
 10
48.477736879301
 20
15.22959469584241
 10
48.55870490023278
 20
15.22157419431083
 10
48.64228784726624
 20
15.20374807572508
 10
48.72784960370567
 20
15.17625200761127
 10
48.81473899292097
 20
15.13929525165036
 10
48.90229473419497
 20
15.09315907107029
 10
48.98985047546897
 20
15.03819459006308
 10
49.07673986468427
 20
14.97482012151763
 10
49.16230162112372
 20
14.90351798340614
 10
49.24588456815715
 20
14.82483082805306
 10
49.32685258908893
 20
14.7393575122232
 10
49.40458946838995
 20
14.64774853946024
 10
49.47850358146987
 20
14.55070110936192
 10
49.54803239729762
 20
14.44895381147011
 10
49.6126467596021
 20
14.34328100415849
 10
49.67185491407094
 20
14.23448692129767
 10
49.72520625089779
 20
14.12339955154989
 10
49.77229473419496
 20
14.01086433687532
 10
49.81276199217179
 20
13.89773773820825
 10
49.84630004456025
 20
13.78488071727224
 10
49.87265364653083
 20
13.67315218414156
 10
49.89162223125982
 20
13.56340246041685
 10
49.90306143636384
 20
13.45646680776436
 10
49.90688420258493
 20
13.35315907107029
 10
49.90306143636384
 20
13.2542654845898
 10
49.89162223125982
 20
13.16053868822957
 10
49.87265364653083
 20
13.0726919995037
 10
49.84630004456025
 20
12.99139398475669
 10
49.81276199217179
 20
12.91726337096982
 10
49.77229473419496
 20
12.85086433687532
 10
49.72520625089779
 20
12.79270221921547
 10
49.67185491407094
 20
12.7432196668249
 10
49.6126467596021
 20
12.7027932718057
  0
LWPOLYLINE
  5
282
330
17
100
AcDbEntity
  8
GIZLI
100
AcDbPolyline
 90
       28
 70
     0
 43
0.0
 10
49.6126467596021
 20
12.7027932718057
 10
49.54803239729762
 20
12.67173070343408
 10
49.47850358146987
 20
12.65026836661145
 10
49.40458946838995
 20
12.63856960268034
 10
49.32685258908893
 20
12.63672344629817
 10
49.24588456815715
 20
12.64474394782975
 10
49.16230162112372
 20
12.66257006641551
 10
49.07673986468427
 20
12.69006613452931
 10
48.98985047546897
 20
12.72702289049022
 10
48.90229473419497
 20
12.77315907107029
 10
48.81473899292097
 20
12.82812355207751
 10
48.72784960370567
 20
12.89149802062295
 10
48.64228784726624
 20
12.96280015873443
 10
48.55870490023278
 20
13.04148731408753
 10
48.477736879301
 20
13.12696062991738
 10
48.39999999999999
 20
13.21856960268034
 10
48.32608588692008
 20
13.31561703277867
 10
48.25655707109231
 20
13.41736433067047
 10
48.19194270878785
 20
13.52303713798209
 10
48.132734554319
 20
13.63183122084291
 10
48.07938321749215
 20
13.74291859059069
 10
48.03229473419496
 20
13.85545380526526
 10
47.99182747621816
 20
13.96858040393234
 10
47.9582894238297
 20
14.08143742486834
 10
47.93193582185911
 20
14.19316595799903
 10
47.91296723713013
 20
14.30291568172373
 10
47.9015280320261
 20
14.40985133437622
 10
47.89770526580502
 20
14.51315907107029
  0
LWPOLYLINE
  5
283
330
17
100
AcDbEntity
  8
GIZLI
100
AcDbPolyline
 90
       11
 70
     0
 43
0.0
 10
53.17179997485226
 20
17.55815907107029
 10
53.17562274107333
 20
17.65705265755078
 10
53.18706194617736
 20
17.75077945391101
 10
53.20603053090636
 20
17.83862614263687
 10
53.23238413287693
 20
17.91992415738389
 10
53.26592218526538
 20
17.99405477117076
 10
53.30638944324221
 20
18.06045380526526
 10
53.35347792653938
 20
18.11861592292512
 10
53.40682926336624
 20
18.16809847531569
 10
53.46603741783507
 20
18.20852487033488
 10
53.53065178013956
 20
18.23958743870651
  0
LWPOLYLINE
  5
284
330
17
100
AcDbEntity
  8
IZO
100
AcDbPolyline
 90
       36
 70
     0
 43
0.0
 10
53.53065178013956
 20
18.23958743870651
 10
53.60018059596729
 20
18.26104977552913
 10
53.67409470904722
 20
18.27274853946024
 10
53.75183158834822
 20
18.27459469584241
 10
53.83279960928002
 20
18.26657419431083
 10
53.91638255631345
 20
18.24874807572507
 10
54.0019443127529
 20
18.22125200761128
 10
54.08883370196821
 20
18.18429525165037
 10
54.1763894432422
 20
18.13815907107029
 10
54.2639451845162
 20
18.08319459006307
 10
54.35083457373151
 20
18.01982012151763
 10
54.43639633017093
 20
17.94851798340615
 10
54.51997927720439
 20
17.86983082805306
 10
54.60094729813618
 20
17.7843575122232
 10
54.67868417743718
 20
17.69274853946024
 10
54.7525982905171
 20
17.59570110936191
 10
54.82212710634485
 20
17.49395381147011
 10
54.88674146864934
 20
17.38828100415848
 10
54.94594962311818
 20
17.27948692129767
 10
54.99930095994503
 20
17.16839955154989
 10
55.0463894432422
 20
17.05586433687532
 10
55.08685670121902
 20
16.94273773820825
 10
55.12039475360747
 20
16.82988071727224
 10
55.14674835557806
 20
16.71815218414156
 10
55.16571694030703
 20
16.60840246041685
 10
55.17715614541108
 20
16.50146680776436
 10
55.18097891163215
 20
16.39815907107029
 10
55.17715614541108
 20
16.29926548458979
 10
55.16571694030703
 20
16.20553868822957
 10
55.14674835557806
 20
16.11769199950371
 10
55.12039475360747
 20
16.03639398475669
 10
55.08685670121903
 20
15.96226337096982
 10
55.0463894432422
 20
15.89586433687532
 10
54.99930095994503
 20
15.83770221921547
 10
54.94594962311818
 20
15.7882196668249
 10
54.88674146864934
 20
15.7477932718057
  0
LWPOLYLINE
  5
285
330
17
100
AcDbEntity
  8
GIZLI
100
AcDbPolyline
 90
       28
 70
     0
 43
0.0
 10
54.88674146864934
 20
15.7477932718057
 10
54.82212710634485
 20
15.71673070343409
 10
54.7525982905171
 20
15.69526836661145
 10
54.67868417743718
 20
15.68356960268034
 10
54.60094729813618
 20
15.68172344629817
 10
54.51997927720439
 20
15.68974394782975
 10
54.43639633017093
 20
15.70757006641551
 10
54.35083457373151
 20
15.73506613452931
 10
54.2639451845162
 20
15.77202289049022
 10
54.1763894432422
 20
15.81815907107029
 10
54.08883370196821
 20
15.8731235520775
 10
54.0019443127529
 20
15.93649802062295
 10
53.91638255631345
 20
16.00780015873444
 10
53.83279960928002
 20
16.08648731408753
 10
53.75183158834822
 20
16.17196062991738
 10
53.67409470904722
 20
16.26356960268034
 10
53.60018059596729
 20
16.36061703277866
 10
53.53065178013956
 20
16.46236433067047
 10
53.46603741783507
 20
16.56803713798209
 10
53.40682926336624
 20
16.67683122084291
 10
53.35347792653938
 20
16.78791859059069
 10
53.30638944324221
 20
16.90045380526527
 10
53.26592218526538
 20
17.01358040393234
 10
53.23238413287693
 20
17.12643742486834
 10
53.20603053090636
 20
17.23816595799903
 10
53.18706194617736
 20
17.34791568172374
 10
53.17562274107333
 20
17.45485133437622
 10
53.17179997485226
 20
17.55815907107029
  0
LWPOLYLINE
  5
286
330
17
100
AcDbEntity
  8
PERSPEKTIF-INCE
100
AcDbPolyline
 90
        2
 70
     0
 43
0.0
 10
49.86796811030128
 20
13.05588795467835
 10
55.1420628193485
 20
16.10088795467834
  0
LWPOLYLINE
  5
287
330
17
100
AcDbEntity
  8
PERSPEKTIF-INCE
100
AcDbPolyline
 90
        2
 70
     0
 43
0.0
 10
49.7892945871213
 20
12.87646245438049
 10
55.06338929616854
 20
15.92146245438048
  0
LWPOLYLINE
  5
288
330
17
100
AcDbEntity
  8
PERSPEKTIF-INCE
100
AcDbPolyline
 90
        2
 70
     0
 43
0.0
 10
49.71502468649252
 20
12.78209832167355
 10
54.98911939553977
 20
15.82709832167355
  0
LWPOLYLINE
  5
289
330
17
100
AcDbEntity
  8
PERSPEKTIF-INCE
100
AcDbPolyline
 90
        2
 70
     0
 43
0.0
 10
49.66046803017977
 20
12.7343990409121
 10
54.93456273922699
 20
15.77939904091209
  0
LWPOLYLINE
  5
28A
330
17
100
AcDbEntity
  8
PERSPEKTIF-INCE
100
AcDbPolyline
 90
        2
 70
     0
 43
0.0
 10
49.62493592180891
 20
12.71013827714144
 10
54.89903063085614
 20
15.75513827714144
  0
LWPOLYLINE
  5
28B
330
17
100
AcDbEntity
  8
IZO
100
AcDbPolyline
 90
       50
 70
     1
 43
0.0
 10
50.740196
 20
16.61565907107029
 10
50.747033
 20
16.55543607107029
 10
50.767426
 20
16.49624307107029
 10
50.80102700000001
 20
16.43909407107029
 10
50.847261
 20
16.38496507107029
 10
50.905337
 20
16.33478407107029
 10
50.97426099999999
 20
16.28940907107029
 10
51.05285300000001
 20
16.24961607107029
 10
51.139769
 20
16.21608607107029
 10
51.233522
 20
16.18939307107029
 10
51.332508
 20
16.16999307107029
 10
51.435033
 20
16.15821907107029
 10
51.539342
 20
16.15427207107029
 10
51.643652
 20
16.15821907107029
 10
51.746176
 20
16.16999307107029
 10
51.845162
 20
16.18939307107029
 10
51.938915
 20
16.21608607107029
 10
52.025831
 20
16.24961607107029
 10
52.104424
 20
16.28940907107029
 10
52.173347
 20
16.33478407107029
 10
52.231423
 20
16.38496507107029
 10
52.27765699999999
 20
16.43909407107029
 10
52.311258
 20
16.49624307107029
 10
52.331651
 20
16.55543607107029
 10
52.338488
 20
16.61565907107029
 10
52.338488
 20
17.63065907107029
 10
52.331651
 20
17.69088207107029
 10
52.311258
 20
17.75007507107029
 10
52.27765699999999
 20
17.80722407107029
 10
52.231423
 20
17.86135307107029
 10
52.173347
 20
17.91153407107029
 10
52.104424
 20
17.95690907107029
 10
52.025831
 20
17.99670207107029
 10
51.938915
 20
18.03023207107029
 10
51.845162
 20
18.05692507107029
 10
51.746176
 20
18.0763250710703
 10
51.643652
 20
18.08809907107029
 10
51.539342
 20
18.09204607107029
 10
51.435033
 20
18.08809907107029
 10
51.332508
 20
18.0763250710703
 10
51.233522
 20
18.05692507107029
 10
51.139769
 20
18.03023207107029
 10
51.05285300000001
 20
17.99670207107029
 10
50.97426099999999
 20
17.95690907107029
 10
50.905337
 20
17.91153407107029
 10
50.847261
 20
17.86135307107029
 10
50.80102700000001
 20
17.80722407107029
 10
50.767426
 20
17.75007507107029
 10
50.747033
 20
17.69088207107029
 10
50.740196
 20
17.63065907107029
  0
LWPOLYLINE
  5
28C
330
17
100
AcDbEntity
  8
IZO
100
AcDbPolyline
 90
       48
 70
     1
 43
0.0
 10
52.10442366468793
 20
17.95690907107029
 10
52.02583136706543
 20
17.99670212730529
 10
51.93891510301011
 20
18.0302320853618
 10
51.84516203389768
 20
18.05692523836121
 10
51.74617630073392
 20
18.07632485905497
 10
51.64365157685731
 20
18.0880990145544
 10
51.53934208871859
 20
18.09204624579452
 10
51.43503260057986
 20
18.0880990145544
 10
51.33250787670326
 20
18.07632485905497
 10
51.2335221435395
 20
18.05692523836121
 10
51.13976907442708
 20
18.0302320853618
 10
51.05285281037176
 20
17.99670212730529
 10
50.97426051274924
 20
17.95690907107029
 10
50.90533691756178
 20
17.9115337868817
 10
50.84726132663226
 20
17.8613526584324
 10
50.80102742942306
 20
17.80722429874299
 10
50.76742630073391
 20
17.75007485905496
 10
50.74703286519267
 20
17.69088218212622
 10
50.74019606013557
 20
17.63065907107029
 10
50.74703286519267
 20
17.57043596001437
 10
50.76742630073391
 20
17.51124328308562
 10
50.80102742942306
 20
17.4540938433976
 10
50.84726132663226
 20
17.39996548370818
 10
50.90533691756178
 20
17.34978435525888
 10
50.97426051274924
 20
17.30440907107029
 10
51.05285281037176
 20
17.2646160148353
 10
51.13976907442709
 20
17.23108605677879
 10
51.2335221435395
 20
17.20439290377937
 10
51.33250787670326
 20
17.18499328308562
 10
51.43503260057986
 20
17.17321912758618
 10
51.53934208871859
 20
17.16927189634606
 10
51.64365157685731
 20
17.17321912758618
 10
51.74617630073392
 20
17.18499328308562
 10
51.84516203389768
 20
17.20439290377937
 10
51.93891510301011
 20
17.23108605677879
 10
52.02583136706543
 20
17.2646160148353
 10
52.10442366468793
 20
17.30440907107029
 10
52.1733472598754
 20
17.34978435525888
 10
52.23142285080493
 20
17.39996548370818
 10
52.27765674801411
 20
17.4540938433976
 10
52.31125787670327
 20
17.51124328308562
 10
52.3316513122445
 20
17.57043596001437
 10
52.33848811730159
 20
17.63065907107029
 10
52.3316513122445
 20
17.69088218212622
 10
52.31125787670326
 20
17.75007485905496
 10
52.2776567480141
 20
17.80722429874299
 10
52.23142285080493
 20
17.8613526584324
 10
52.1733472598754
 20
17.9115337868817
  0
LWPOLYLINE
  5
28D
330
17
100
AcDbEntity
  8
IZO-HAT
100
AcDbPolyline
 90
        4
 70
     0
 43
0.0
 10
51.09983419629798
 20
17.59440907107029
 10
51.09983419629798
 20
18.10190907107029
 10
48.14885263290251
 20
19.80565907107029
 10
48.46278684177437
 20
19.98690907107029
  0
LWPOLYLINE
  5
28E
330
17
100
AcDbEntity
  8
IZO-HAT
100
AcDbPolyline
 90
        6
 70
     0
 43
0.0
 10
50.66032630387738
 20
21.25565907107029
 10
51.2881947216211
 20
21.6181590710703
 10
49.15344210129245
 20
22.8506590710703
 10
49.15344210129245
 20
21.4731590710703
 10
43.62820002514774
 20
24.6631590710703
 10
43.62820002514774
 20
25.46065907107029
  0
LWPOLYLINE
  5
28F
330
17
100
AcDbEntity
  8
IZO-HAT
100
AcDbPolyline
 90
        4
 70
     0
 43
0.0
 10
51.2881947216211
 20
21.6181590710703
 10
53.7368815508216
 20
20.2044090710703
 10
51.16262103807236
 20
18.71815907107029
 10
51.53934208871859
 20
17.99315907107029
  0
LWPOLYLINE
  5
290
330
17
100
AcDbEntity
  8
IZO-HAT
100
AcDbPolyline
 90
        7
 70
     0
 43
0.0
 10
44.19328160111709
 20
25.78690907107029
 10
44.19328160111709
 20
24.7719090710703
 10
50.09524472790804
 20
21.36440907107029
 10
50.09524472790804
 20
23.3944090710703
 10
55.3065525951809
 20
20.38565907107029
 10
51.91606313936482
 20
18.42815907107029
 10
51.91606313936482
 20
17.48565907107029
  0
LWPOLYLINE
  5
291
330
17
100
AcDbEntity
  8
IZO
100
AcDbPolyline
 90
        2
 70
     0
 43
0.0
 10
51.2881947216211
 20
17.26815907107029
 10
51.2881947216211
 20
20.4581590710703
  0
LWPOLYLINE
  5
292
330
17
100
AcDbEntity
  8
IZO
100
AcDbPolyline
 90
        2
 70
     0
 43
0.0
 10
48.97344210129245
 20
22.1981590710703
 10
49.33344210129245
 20
22.1981590710703
  0
LWPOLYLINE
  5
293
330
17
100
AcDbEntity
  8
IZO
100
AcDbPolyline
 90
        2
 70
     0
 43
0.0
 10
49.00344210129246
 20
22.1981590710703
 10
48.94344210129245
 20
22.1281590710703
  0
LWPOLYLINE
  5
294
330
17
100
AcDbEntity
  8
IZO
100
AcDbPolyline
 90
        2
 70
     0
 43
0.0
 10
49.12344210129245
 20
22.1981590710703
 10
49.06344210129246
 20
22.1281590710703
  0
LWPOLYLINE
  5
295
330
17
100
AcDbEntity
  8
IZO
100
AcDbPolyline
 90
        2
 70
     0
 43
0.0
 10
49.24344210129246
 20
22.1981590710703
 10
49.18344210129245
 20
22.1281590710703
  0
LWPOLYLINE
  5
296
330
17
100
AcDbEntity
  8
IZO
100
AcDbPolyline
 90
        2
 70
     0
 43
0.0
 10
49.91524472790803
 20
22.30690907107029
 10
50.27524472790804
 20
22.30690907107029
  0
LWPOLYLINE
  5
297
330
17
100
AcDbEntity
  8
IZO
100
AcDbPolyline
 90
        2
 70
     0
 43
0.0
 10
49.94524472790804
 20
22.30690907107029
 10
49.88524472790803
 20
22.23690907107029
  0
LWPOLYLINE
  5
298
330
17
100
AcDbEntity
  8
IZO
100
AcDbPolyline
 90
        2
 70
     0
 43
0.0
 10
50.06524472790804
 20
22.30690907107029
 10
50.00524472790804
 20
22.23690907107029
  0
LWPOLYLINE
  5
299
330
17
100
AcDbEntity
  8
IZO
100
AcDbPolyline
 90
        2
 70
     0
 43
0.0
 10
50.18524472790804
 20
22.30690907107029
 10
50.12524472790804
 20
22.23690907107029
  0
LWPOLYLINE
  5
29A
330
17
100
AcDbEntity
  8
IZO
100
AcDbPolyline
 90
        2
 70
     0
 43
0.0
 10
43.44820002514774
 20
25.38815907107029
 10
43.80820002514774
 20
25.38815907107029
  0
LWPOLYLINE
  5
29B
330
17
100
AcDbEntity
  8
IZO
100
AcDbPolyline
 90
        2
 70
     0
 43
0.0
 10
43.47820002514774
 20
25.38815907107029
 10
43.41820002514774
 20
25.31815907107029
  0
LWPOLYLINE
  5
29C
330
17
100
AcDbEntity
  8
IZO
100
AcDbPolyline
 90
        2
 70
     0
 43
0.0
 10
43.59820002514774
 20
25.38815907107029
 10
43.53820002514774
 20
25.31815907107029
  0
LWPOLYLINE
  5
29D
330
17
100
AcDbEntity
  8
IZO
100
AcDbPolyline
 90
        2
 70
     0
 43
0.0
 10
43.71820002514775
 20
25.38815907107029
 10
43.65820002514774
 20
25.31815907107029
  0
LWPOLYLINE
  5
29E
330
17
100
AcDbEntity
  8
IZO
100
AcDbPolyline
 90
        2
 70
     0
 43
0.0
 10
44.01328160111709
 20
25.7144090710703
 10
44.37328160111709
 20
25.7144090710703
  0
LWPOLYLINE
  5
29F
330
17
100
AcDbEntity
  8
IZO
100
AcDbPolyline
 90
        2
 70
     0
 43
0.0
 10
44.04328160111709
 20
25.7144090710703
 10
43.98328160111709
 20
25.6444090710703
  0
LWPOLYLINE
  5
2A0
330
17
100
AcDbEntity
  8
IZO
100
AcDbPolyline
 90
        2
 70
     0
 43
0.0
 10
44.16328160111709
 20
25.7144090710703
 10
44.10328160111707
 20
25.6444090710703
  0
LWPOLYLINE
  5
2A1
330
17
100
AcDbEntity
  8
IZO
100
AcDbPolyline
 90
        2
 70
     0
 43
0.0
 10
44.2832816011171
 20
25.7144090710703
 10
44.22328160111709
 20
25.6444090710703
  0
LWPOLYLINE
  5
2A2
330
17
100
AcDbEntity
  8
PERSPEKTIF-INCE
100
AcDbPolyline
 90
        6
 70
     1
 43
0.0
 10
47.772132
 20
19.37065907107029
 10
48.776721
 20
18.79065907107029
 10
51.41376799999999
 20
20.3131590710703
 10
51.41376799999999
 20
20.6031590710703
 10
50.409179
 20
21.1831590710703
 10
47.772132
 20
19.66065907107029
  0
LWPOLYLINE
  5
2A3
330
17
100
AcDbEntity
  8
PERSPEKTIF-INCE
100
AcDbPolyline
 90
        2
 70
     0
 43
0.0
 10
48.77672105064623
 20
19.08065907107029
 10
51.41376840516985
 20
20.6031590710703
  0
LWPOLYLINE
  5
2A4
330
17
100
AcDbEntity
  8
PERSPEKTIF-INCE
100
AcDbPolyline
 90
        2
 70
     0
 43
0.0
 10
48.77672105064623
 20
19.08065907107029
 10
47.77213158225627
 20
19.66065907107029
  0
LWPOLYLINE
  5
2A5
330
17
100
AcDbEntity
  8
PERSPEKTIF-INCE
100
AcDbPolyline
 90
        2
 70
     0
 43
0.0
 10
48.77672105064623
 20
19.08065907107029
 10
48.77672105064623
 20
18.79065907107029
  0
LWPOLYLINE
  5
2A6
330
17
100
AcDbEntity
  8
IZO
100
AcDbPolyline
 90
       39
 70
     1
 43
0.0
 10
48.26186899999999
 20
20.10290907107029
 10
48.264921
 20
20.06086007107029
 10
48.273986
 20
20.0165650710703
 10
48.288787
 20
19.97136807107029
 10
48.308875
 20
19.92664307107029
 10
48.333639
 20
19.88375007107029
 10
48.36232800000001
 20
19.84399107107029
 10
48.394069
 20
19.80857507107029
 10
48.427898
 20
19.77857707107029
 10
48.462787
 20
19.75490907107029
 10
48.49767599999999
 20
19.73829007107029
 10
48.53150499999999
 20
19.7292260710703
 10
48.563246
 20
19.72799107107029
 10
48.591934
 20
19.73462307107029
 10
48.61669899999999
 20
19.74892107107029
 10
49.935223
 20
20.5101710710703
 10
49.955311
 20
20.53170007107029
 10
49.970112
 20
20.55980607107029
 10
49.979176
 20
20.59363507107029
 10
49.982228
 20
20.63215907107029
 10
49.979176
 20
20.67420807107029
 10
49.970112
 20
20.71850307107029
 10
49.955311
 20
20.7637000710703
 10
49.935223
 20
20.8084250710703
 10
49.910458
 20
20.8513180710703
 10
49.881769
 20
20.8910770710703
 10
49.850028
 20
20.92649307107029
 10
49.8162
 20
20.9564910710703
 10
49.78131099999999
 20
20.98015907107029
 10
49.746421
 20
20.99677807107029
 10
49.71259299999999
 20
21.0058420710703
 10
49.680852
 20
21.0070770710703
 10
49.652163
 20
21.00044507107029
 10
49.627398
 20
20.9861470710703
 10
48.333639
 20
20.23919507107029
 10
48.308875
 20
20.2248970710703
 10
48.288787
 20
20.2033680710703
 10
48.273986
 20
20.1752620710703
 10
48.264921
 20
20.1414330710703
  0
LWPOLYLINE
  5
2A7
330
17
100
AcDbEntity
  8
IZO
100
AcDbPolyline
 90
       36
 70
     1
 43
0.0
 10
48.26186894809637
 20
20.10290907107029
 10
48.2649213423614
 20
20.14143314763844
 10
48.2739857797013
 20
20.17526208833302
 10
48.28878684177436
 20
20.20336801790929
 10
48.30887480579917
 20
20.22489695191937
 10
48.33363930915385
 20
20.23919474459753
 10
48.36232789493537
 20
20.24582696474828
 10
48.39406887498192
 20
20.24459209571841
 10
48.42789781567651
 20
20.23552765837849
 10
48.46278684177437
 20
20.2189090710703
 10
48.49767586787223
 20
20.19524128115976
 10
48.5315048085668
 20
20.16524342246685
 10
48.56324578861336
 20
20.12982696474828
 10
48.5919343743949
 20
20.09006801915026
 10
48.61669887774957
 20
20.04717464111576
 10
48.63678684177436
 20
20.0024501242313
 10
48.65158790384743
 20
19.95725340031068
 10
48.66065234118734
 20
19.9129577489396
 10
48.66370473545235
 20
19.87090907107029
 10
48.66065234118734
 20
19.83238499450214
 10
48.65158790384743
 20
19.79855605380757
 10
48.63678684177436
 20
19.77045012423129
 10
48.61669887774957
 20
19.74892119022121
 10
48.5919343743949
 20
19.73462339754306
 10
48.56324578861336
 20
19.72799117739231
 10
48.5315048085668
 20
19.72922604642219
 10
48.49767586787223
 20
19.73829048376209
 10
48.46278684177437
 20
19.75490907107029
 10
48.42789781567651
 20
19.77857686098083
 10
48.39406887498192
 20
19.80857471967374
 10
48.36232789493537
 20
19.84399117739231
 10
48.33363930915385
 20
19.88375012299033
 10
48.30887480579917
 20
19.92664350102482
 10
48.28878684177436
 20
19.97136801790929
 10
48.2739857797013
 20
20.01656474182991
 10
48.2649213423614
 20
20.06086039320098
  0
LWPOLYLINE
  5
2A8
330
17
100
AcDbEntity
  8
GIZLI
100
AcDbPolyline
 90
        6
 70
     0
 43
0.0
 10
49.58039262535818
 20
20.8641590710703
 10
49.58344501962321
 20
20.90268314763843
 10
49.59250945696312
 20
20.93651208833302
 10
49.60731051903618
 20
20.96461801790929
 10
49.62739848306098
 20
20.98614695191937
 10
49.65216298641564
 20
21.00044474459753
  0
LWPOLYLINE
  5
2A9
330
17
100
AcDbEntity
  8
IZO
100
AcDbPolyline
 90
       19
 70
     0
 43
0.0
 10
49.65216298641564
 20
21.00044474459753
 10
49.68085157219718
 20
21.00707696474828
 10
49.71259255224374
 20
21.0058420957184
 10
49.74642149293831
 20
20.99677765837849
 10
49.78131051903617
 20
20.98015907107029
 10
49.81619954513404
 20
20.95649128115976
 10
49.85002848582862
 20
20.92649342246685
 10
49.88176946587516
 20
20.89107696474828
 10
49.91045805165671
 20
20.85131801915026
 10
49.93522255501137
 20
20.80842464111578
 10
49.95531051903618
 20
20.7637001242313
 10
49.97011158110924
 20
20.71850340031069
 10
49.97917601844914
 20
20.6742077489396
 10
49.98222841271418
 20
20.63215907107029
 10
49.97917601844914
 20
20.59363499450214
 10
49.97011158110924
 20
20.55980605380757
 10
49.95531051903618
 20
20.5317001242313
 10
49.93522255501137
 20
20.51017119022121
 10
49.91045805165671
 20
20.49587339754306
  0
LWPOLYLINE
  5
2AA
330
17
100
AcDbEntity
  8
GIZLI
100
AcDbPolyline
 90
       14
 70
     0
 43
0.0
 10
49.91045805165671
 20
20.49587339754306
 10
49.88176946587516
 20
20.48924117739231
 10
49.85002848582862
 20
20.49047604642219
 10
49.81619954513404
 20
20.4995404837621
 10
49.78131051903617
 20
20.5161590710703
 10
49.74642149293831
 20
20.53982686098083
 10
49.71259255224374
 20
20.56982471967374
 10
49.68085157219718
 20
20.60524117739231
 10
49.65216298641564
 20
20.64500012299033
 10
49.62739848306098
 20
20.68789350102481
 10
49.60731051903618
 20
20.73261801790929
 10
49.59250945696312
 20
20.77781474182991
 10
49.58344501962321
 20
20.82211039320098
 10
49.58039262535818
 20
20.8641590710703
  0
LWPOLYLINE
  5
2AB
330
17
100
AcDbEntity
  8
IZO
100
AcDbPolyline
 90
        6
 70
     1
 43
0.0
 10
49.505048
 20
20.5741590710703
 10
50.05757299999999
 20
20.25515907107029
 10
50.936588
 20
20.7626590710703
 10
50.936588
 20
21.42965907107029
 10
50.384064
 20
21.74865907107029
 10
49.505048
 20
21.2411590710703
  0
LWPOLYLINE
  5
2AC
330
17
100
AcDbEntity
  8
IZO
100
AcDbPolyline
 90
        2
 70
     0
 43
0.0
 10
50.05757262284341
 20
20.9221590710703
 10
50.93658840768462
 20
21.42965907107029
  0
LWPOLYLINE
  5
2AD
330
17
100
AcDbEntity
  8
IZO
100
AcDbPolyline
 90
        2
 70
     0
 43
0.0
 10
50.05757262284341
 20
20.9221590710703
 10
49.50504841522894
 20
21.2411590710703
  0
LWPOLYLINE
  5
2AE
330
17
100
AcDbEntity
  8
IZO
100
AcDbPolyline
 90
        2
 70
     0
 43
0.0
 10
50.05757262284341
 20
20.9221590710703
 10
50.05757262284341
 20
20.25515907107029
  0
LWPOLYLINE
  5
2AF
330
17
100
AcDbEntity
  8
PERSPEKTIF-INCE
100
AcDbPolyline
 90
        6
 70
     1
 43
0.0
 10
42.372463
 20
25.6056590710703
 10
43.31426599999999
 20
25.0619090710703
 10
44.758363
 20
25.8956590710703
 10
44.758363
 20
26.0696590710703
 10
43.81656099999999
 20
26.61340907107029
 10
42.372463
 20
25.7796590710703
  0
LWPOLYLINE
  5
2B0
330
17
100
AcDbEntity
  8
PERSPEKTIF-INCE
100
AcDbPolyline
 90
        2
 70
     0
 43
0.0
 10
43.31426581627589
 20
25.2359090710703
 10
44.75836317708643
 20
26.0696590710703
  0
LWPOLYLINE
  5
2B1
330
17
100
AcDbEntity
  8
PERSPEKTIF-INCE
100
AcDbPolyline
 90
        2
 70
     0
 43
0.0
 10
43.31426581627589
 20
25.2359090710703
 10
42.37246318966031
 20
25.7796590710703
  0
LWPOLYLINE
  5
2B2
330
17
100
AcDbEntity
  8
PERSPEKTIF-INCE
100
AcDbPolyline
 90
        2
 70
     0
 43
0.0
 10
43.31426581627589
 20
25.2359090710703
 10
43.31426581627589
 20
25.0619090710703
  0
LWPOLYLINE
  5
2B3
330
17
100
AcDbEntity
  8
IZO
100
AcDbPolyline
 90
        6
 70
     1
 43
0.0
 10
42.62361099999999
 20
25.7796590710703
 10
43.31426599999999
 20
25.3809090710703
 10
44.507216
 20
26.0696590710703
 10
44.507216
 20
28.6071590710703
 10
43.81656099999999
 20
29.00590907107029
 10
42.62361099999999
 20
28.3171590710703
  0
LWPOLYLINE
  5
2B4
330
17
100
AcDbEntity
  8
IZO
100
AcDbPolyline
 90
        2
 70
     0
 43
0.0
 10
43.31426581627589
 20
27.9184090710703
 10
44.50721580998895
 20
28.6071590710703
  0
LWPOLYLINE
  5
2B5
330
17
100
AcDbEntity
  8
IZO
100
AcDbPolyline
 90
        2
 70
     0
 43
0.0
 10
43.31426581627589
 20
27.9184090710703
 10
42.62361055675778
 20
28.3171590710703
  0
LWPOLYLINE
  5
2B6
330
17
100
AcDbEntity
  8
IZO
100
AcDbPolyline
 90
        2
 70
     0
 43
0.0
 10
43.31426581627589
 20
27.9184090710703
 10
43.31426581627589
 20
25.3809090710703
  0
LWPOLYLINE
  5
2B7
330
17
100
AcDbEntity
  8
IZO
100
AcDbPolyline
 90
        3
 70
     0
 43
0.0
 10
43.00033160740402
 20
27.27315907107029
 10
42.56082371498342
 20
26.2944090710703
 10
42.37246318966031
 20
26.76565907107029
  0
TEXT
  5
2B8
330
17
100
AcDbEntity
  8
YAZI
100
AcDbText
 10
42.76023889275861
 20
28.97840463723673
 30
0.0
 40
0.1275
  1
LPG DİSPENSERİ
  7
ARIAL
 72
     1
 11
43.50262634159899
 21
28.94065907107029
 31
0.0
100
AcDbText
 73
     1
  0
TEXT
  5
2B9
330
17
100
AcDbEntity
  8
YAZI
100
AcDbText
 10
48.90512904552668
 20
21.21276343669103
 30
0.0
 40
0.1
  1
KADEMELİ POMPA
  7
ARIAL
 72
     1
 11
49.53016315193869
 21
21.1831590710703
 31
0.0
100
AcDbText
 73
     1
  0
TEXT
  5
2BA
330
17
100
AcDbEntity
  8
YAZI
100
AcDbText
 10
53.06599567101679
 20
13.87815907107029
 30
0.0
 40
0.1275
  1
LPG STOK TANKI 10 m³
  7
ARIAL
 72
     1
 11
54.05081575969346
 21
14.00565907107029
 31
0.0
100
AcDbText
 73
     3
  0
LWPOLYLINE
  5
2BB
330
17
100
AcDbEntity
  8
IZO-VANA
100
AcDbPolyline
 90
        4
 70
     1
 43
0.0
 10
51.02983419629797
 20
17.76540907107029
 10
51.16983419629797
 20
17.94540907107029
 10
51.02983419629797
 20
17.94540907107029
 10
51.16983419629797
 20
17.76540907107029
  0
LWPOLYLINE
  5
2BC
330
17
100
AcDbEntity
  8
IZO-VANA
100
AcDbPolyline
 90
        2
 70
     0
 43
0.0
 10
51.09983419629798
 20
17.85540907107029
 10
50.94583419629798
 20
17.85540907107029
  0
LWPOLYLINE
  5
2BD
330
17
100
AcDbEntity
  8
IZO-VANA
100
AcDbPolyline
 90
        4
 70
     1
 43
0.0
 10
50.94583419629798
 20
17.79540907107029
 10
50.86183419629797
 20
17.79540907107029
 10
50.86183419629797
 20
17.91540907107029
 10
50.94583419629798
 20
17.91540907107029
  0
LWPOLYLINE
  5
2BE
330
17
100
AcDbEntity
  8
IZO-VANA
100
AcDbPolyline
 90
        4
 70
     1
 43
0.0
 10
51.84606313936482
 20
17.75815907107029
 10
51.98606313936482
 20
17.93815907107029
 10
51.84606313936482
 20
17.93815907107029
 10
51.98606313936482
 20
17.75815907107029
  0
LWPOLYLINE
  5
2BF
330
17
100
AcDbEntity
  8
IZO-VANA
100
AcDbPolyline
 90
        2
 70
     0
 43
0.0
 10
51.91606313936482
 20
17.84815907107029
 10
51.76206313936482
 20
17.84815907107029
  0
LWPOLYLINE
  5
2C0
330
17
100
AcDbEntity
  8
IZO-VANA
100
AcDbPolyline
 90
        4
 70
     1
 43
0.0
 10
51.76206313936482
 20
17.7881590710703
 10
51.67806313936482
 20
17.7881590710703
 10
51.67806313936482
 20
17.90815907107029
 10
51.76206313936482
 20
17.90815907107029
  0
LWPOLYLINE
  5
2C1
330
17
100
AcDbEntity
  8
IZO-VANA
100
AcDbPolyline
 90
        9
 70
     0
 43
0.0
 10
49.38495807118181
 20
19.15665649368222
 10
49.30947249959665
 20
19.07091164845837
 10
49.3459869280115
 20
19.17915649368222
 10
49.27050135642637
 20
19.09341164845837
 10
49.30701578484121
 20
19.20165649368222
 10
49.23153021325607
 20
19.11591164845837
 10
49.2680446416709
 20
19.22415649368222
 10
49.19255907008576
 20
19.13841164845836
 10
49.2290734985006
 20
19.24665649368222
  0
LWPOLYLINE
  5
2C2
330
17
100
AcDbEntity
  8
IZO-VANA
100
AcDbPolyline
 90
        9
 70
     0
 43
0.0
 10
50.92431822640865
 20
21.34341164845837
 10
50.88780379799379
 20
21.45165649368222
 10
50.96328936957893
 20
21.36591164845837
 10
50.92677494116409
 20
21.47415649368222
 10
51.00226051274924
 20
21.38841164845837
 10
50.96574608433439
 20
21.49665649368222
 10
51.04123165591953
 20
21.41091164845837
 10
51.00471722750469
 20
21.51915649368222
 10
51.08020279908984
 20
21.43341164845837
  0
LWPOLYLINE
  5
2C3
330
17
100
AcDbEntity
  8
IZO-VANA
100
AcDbPolyline
 90
        4
 70
     1
 43
0.0
 10
50.70326859021799
 20
21.87503729280539
 10
50.61738401753679
 20
22.0862808493352
 10
50.54738401753679
 20
21.96503729280539
 10
50.77326859021797
 20
21.9962808493352
  0
HATCH
  5
2C4
330
17
100
AcDbEntity
  8
IZO-VANA
100
AcDbHatch
 10
0.0
 20
0.0
 30
0.0
210
0.0
220
0.0
230
1.0
  2
SOLID
 70
     1
 71
     0
 91
        1
 92
        3
 72
     0
 73
     1
 93
        3
 10
50.70326859021799
 20
21.87503729280539
 10
50.66032630387738
 20
21.9806590710703
 10
50.77326859021797
 20
21.9962808493352
 97
        0
 75
     1
 76
     1
 98
        0
450
        0
451
        0
460
0.0
461
0.0
452
        0
462
0.0
453
        0
470

  0
LWPOLYLINE
  5
2C5
330
17
100
AcDbEntity
  8
IZO-VANA
100
AcDbPolyline
 90
        4
 70
     1
 43
0.0
 10
49.94982648892552
 20
22.31003729280539
 10
49.86394191624431
 20
22.5212808493352
 10
49.79394191624431
 20
22.40003729280539
 10
50.01982648892552
 20
22.4312808493352
  0
LWPOLYLINE
  5
2C6
330
17
100
AcDbEntity
  8
IZO-VANA
100
AcDbPolyline
 90
        4
 70
     1
 43
0.0
 10
49.08344210129246
 20
22.3981590710703
 10
49.22344210129246
 20
22.5781590710703
 10
49.08344210129246
 20
22.5781590710703
 10
49.22344210129246
 20
22.3981590710703
  0
LWPOLYLINE
  5
2C7
330
17
100
AcDbEntity
  8
IZO-VANA
100
AcDbPolyline
 90
        2
 70
     0
 43
0.0
 10
49.15344210129245
 20
22.48815907107029
 10
48.99944210129246
 20
22.48815907107029
  0
LWPOLYLINE
  5
2C8
330
17
100
AcDbEntity
  8
IZO-VANA
100
AcDbPolyline
 90
        4
 70
     1
 43
0.0
 10
48.99944210129246
 20
22.42815907107029
 10
48.91544210129246
 20
22.42815907107029
 10
48.91544210129246
 20
22.5481590710703
 10
48.99944210129246
 20
22.5481590710703
  0
LWPOLYLINE
  5
2C9
330
17
100
AcDbEntity
  8
IZO-VANA
100
AcDbPolyline
 90
        4
 70
     1
 43
0.0
 10
52.36820242899357
 20
19.49503084933519
 10
52.59408700167478
 20
19.46378729280538
 10
52.52408700167478
 20
19.5850308493352
 10
52.43820242899356
 20
19.37378729280538
  0
LWPOLYLINE
  5
2CA
330
17
100
AcDbEntity
  8
KK-IZOLASYON
100
AcDbPolyline
 90
        2
 70
     0
 43
0.0
 10
49.06344210129246
 20
21.8006590710703
 10
49.24344210129246
 20
21.8006590710703
  0
LWPOLYLINE
  5
2CB
330
17
100
AcDbEntity
  8
KK-IZOLASYON
100
AcDbPolyline
 90
        2
 70
     0
 43
0.0
 10
49.06344210129246
 20
21.87065907107029
 10
49.24344210129246
 20
21.87065907107029
  0
HATCH
  5
2CC
330
17
100
AcDbEntity
  8
KK-IZOLASYON
100
AcDbHatch
 10
0.0
 20
0.0
 30
0.0
210
0.0
220
0.0
230
1.0
  2
SOLID
 70
     1
 71
     0
 91
        1
 92
        3
 72
     0
 73
     1
 93
        4
 10
49.08344210129246
 20
21.8006590710703
 10
49.08344210129246
 20
21.87065907107029
 10
49.22344210129246
 20
21.87065907107029
 10
49.22344210129246
 20
21.8006590710703
 97
        0
 75
     1
 76
     1
 98
        0
450
        0
451
        0
460
0.0
461
0.0
452
        0
462
0.0
453
        0
470

  0
LWPOLYLINE
  5
2CD
330
17
100
AcDbEntity
  8
KK-IZOLASYON
100
AcDbPolyline
 90
        2
 70
     0
 43
0.0
 10
50.00524472790804
 20
21.9094090710703
 10
50.18524472790804
 20
21.9094090710703
  0
LWPOLYLINE
  5
2CE
330
17
100
AcDbEntity
  8
KK-IZOLASYON
100
AcDbPolyline
 90
        2
 70
     0
 43
0.0
 10
50.00524472790804
 20
21.97940907107029
 10
50.18524472790804
 20
21.97940907107029
  0
HATCH
  5
2CF
330
17
100
AcDbEntity
  8
KK-IZOLASYON
100
AcDbHatch
 10
0.0
 20
0.0
 30
0.0
210
0.0
220
0.0
230
1.0
  2
SOLID
 70
     1
 71
     0
 91
        1
 92
        3
 72
     0
 73
     1
 93
        4
 10
50.02524472790804
 20
21.9094090710703
 10
50.02524472790804
 20
21.97940907107029
 10
50.16524472790804
 20
21.97940907107029
 10
50.16524472790804
 20
21.9094090710703
 97
        0
 75
     1
 76
     1
 98
        0
450
        0
451
        0
460
0.0
461
0.0
452
        0
462
0.0
453
        0
470

  0
LWPOLYLINE
  5
2D0
330
17
100
AcDbEntity
  8
KK-IZOLASYON
100
AcDbPolyline
 90
        2
 70
     0
 43
0.0
 10
51.00983419629798
 20
17.67540907107029
 10
51.18983419629799
 20
17.67540907107029
  0
LWPOLYLINE
  5
2D1
330
17
100
AcDbEntity
  8
KK-IZOLASYON
100
AcDbPolyline
 90
        2
 70
     0
 43
0.0
 10
51.00983419629798
 20
17.74540907107029
 10
51.18983419629799
 20
17.74540907107029
  0
HATCH
  5
2D2
330
17
100
AcDbEntity
  8
KK-IZOLASYON
100
AcDbHatch
 10
0.0
 20
0.0
 30
0.0
210
0.0
220
0.0
230
1.0
  2
SOLID
 70
     1
 71
     0
 91
        1
 92
        3
 72
     0
 73
     1
 93
        4
 10
51.02983419629797
 20
17.67540907107029
 10
51.02983419629797
 20
17.74540907107029
 10
51.16983419629797
 20
17.74540907107029
 10
51.16983419629797
 20
17.67540907107029
 97
        0
 75
     1
 76
     1
 98
        0
450
        0
451
        0
460
0.0
461
0.0
452
        0
462
0.0
453
        0
470

  0
LWPOLYLINE
  5
2D3
330
17
100
AcDbEntity
  8
KK-IZOLASYON
100
AcDbPolyline
 90
        2
 70
     0
 43
0.0
 10
51.82606313936482
 20
17.62465907107029
 10
52.00606313936482
 20
17.62465907107029
  0
LWPOLYLINE
  5
2D4
330
17
100
AcDbEntity
  8
KK-IZOLASYON
100
AcDbPolyline
 90
        2
 70
     0
 43
0.0
 10
51.82606313936482
 20
17.69465907107029
 10
52.00606313936482
 20
17.69465907107029
  0
HATCH
  5
2D5
330
17
100
AcDbEntity
  8
KK-IZOLASYON
100
AcDbHatch
 10
0.0
 20
0.0
 30
0.0
210
0.0
220
0.0
230
1.0
  2
SOLID
 70
     1
 71
     0
 91
        1
 92
        3
 72
     0
 73
     1
 93
        4
 10
51.84606313936482
 20
17.62465907107029
 10
51.84606313936482
 20
17.69465907107029
 10
51.98606313936482
 20
17.69465907107029
 10
51.98606313936482
 20
17.62465907107029
 97
        0
 75
     1
 76
     1
 98
        0
450
        0
451
        0
460
0.0
461
0.0
452
        0
462
0.0
453
        0
470

  0
LWPOLYLINE
  5
2D6
330
17
100
AcDbEntity
  8
IZO-VANA
100
AcDbPolyline
 90
        4
 70
     1
 43
0.0
 10
43.55820002514774
 20
25.0081590710703
 10
43.69820002514773
 20
25.18815907107029
 10
43.55820002514774
 20
25.18815907107029
 10
43.69820002514773
 20
25.0081590710703
  0
LWPOLYLINE
  5
2D7
330
17
100
AcDbEntity
  8
IZO-VANA
100
AcDbPolyline
 90
        4
 70
     1
 43
0.0
 10
44.12328160111709
 20
25.3344090710703
 10
44.26328160111709
 20
25.51440907107029
 10
44.12328160111709
 20
25.51440907107029
 10
44.26328160111709
 20
25.3344090710703
  0
LWPOLYLINE
  5
2D8
330
17
100
AcDbEntity
  8
KK-IZOLASYON
100
AcDbPolyline
 90
        2
 70
     0
 43
0.0
 10
43.53820002514774
 20
24.84565907107029
 10
43.71820002514775
 20
24.84565907107029
  0
LWPOLYLINE
  5
2D9
330
17
100
AcDbEntity
  8
KK-IZOLASYON
100
AcDbPolyline
 90
        2
 70
     0
 43
0.0
 10
43.53820002514774
 20
24.91565907107029
 10
43.71820002514775
 20
24.91565907107029
  0
HATCH
  5
2DA
330
17
100
AcDbEntity
  8
KK-IZOLASYON
100
AcDbHatch
 10
0.0
 20
0.0
 30
0.0
210
0.0
220
0.0
230
1.0
  2
SOLID
 70
     1
 71
     0
 91
        1
 92
        3
 72
     0
 73
     1
 93
        4
 10
43.55820002514774
 20
24.84565907107029
 10
43.55820002514774
 20
24.91565907107029
 10
43.69820002514773
 20
24.91565907107029
 10
43.69820002514773
 20
24.84565907107029
 97
        0
 75
     1
 76
     1
 98
        0
450
        0
451
        0
460
0.0
461
0.0
452
        0
462
0.0
453
        0
470

  0
LWPOLYLINE
  5
2DB
330
17
100
AcDbEntity
  8
KK-IZOLASYON
100
AcDbPolyline
 90
        2
 70
     0
 43
0.0
 10
44.10328160111707
 20
25.1719090710703
 10
44.2832816011171
 20
25.1719090710703
  0
LWPOLYLINE
  5
2DC
330
17
100
AcDbEntity
  8
KK-IZOLASYON
100
AcDbPolyline
 90
        2
 70
     0
 43
0.0
 10
44.10328160111707
 20
25.2419090710703
 10
44.2832816011171
 20
25.2419090710703
  0
HATCH
  5
2DD
330
17
100
AcDbEntity
  8
KK-IZOLASYON
100
AcDbHatch
 10
0.0
 20
0.0
 30
0.0
210
0.0
220
0.0
230
1.0
  2
SOLID
 70
     1
 71
     0
 91
        1
 92
        3
 72
     0
 73
     1
 93
        4
 10
44.12328160111709
 20
25.1719090710703
 10
44.12328160111709
 20
25.2419090710703
 10
44.26328160111709
 20
25.2419090710703
 10
44.26328160111709
 20
25.1719090710703
 97
        0
 75
     1
 76
     1
 98
        0
450
        0
451
        0
460
0.0
461
0.0
452
        0
462
0.0
453
        0
470

  0
LWPOLYLINE
  5
2DE
330
17
100
AcDbEntity
  8
IZO-VANA
100
AcDbPolyline
 90
        9
 70
     0
 43
0.0
 10
43.68420002514774
 20
25.2256590710703
 10
43.57220002514774
 20
25.2481590710703
 10
43.68420002514774
 20
25.2706590710703
 10
43.57220002514774
 20
25.2931590710703
 10
43.68420002514774
 20
25.3156590710703
 10
43.57220002514774
 20
25.3381590710703
 10
43.68420002514774
 20
25.3606590710703
 10
43.57220002514774
 20
25.3831590710703
 10
43.68420002514774
 20
25.4056590710703
  0
LWPOLYLINE
  5
2DF
330
17
100
AcDbEntity
  8
IZO-VANA
100
AcDbPolyline
 90
        4
 70
     1
 43
0.0
 10
46.4337633495607
 20
22.96253729280538
 10
46.3478787768795
 20
23.1737808493352
 10
46.2778787768795
 20
23.05253729280539
 10
46.5037633495607
 20
23.0837808493352
  0
LWPOLYLINE
  5
2E0
330
17
100
AcDbEntity
  8
IZO-VANA
100
AcDbPolyline
 90
        2
 70
     0
 43
0.0
 10
49.53016315193869
 20
22.63315907107029
 10
49.53016315193869
 20
22.8131590710703
  0
CIRCLE
  5
2E1
330
17
100
AcDbEntity
  8
IZO-VANA
100
AcDbCircle
 10
49.53016315193869
 20
22.9031590710703
 30
0.0
 40
0.09
  0
LWPOLYLINE
  5
2E2
330
17
100
AcDbEntity
  8
IZO-VANA
100
AcDbPolyline
 90
        2
 70
     0
 43
0.0
 10
49.53016315193869
 20
22.9031590710703
 10
49.58016315193868
 20
22.95315907107029
  0
LWPOLYLINE
  5
2E3
330
17
100
AcDbEntity
  8
IZO-VANA
100
AcDbPolyline
 90
        2
 70
     0
 43
0.0
 10
51.79048945581608
 20
17.84815907107029
 10
51.79048945581608
 20
18.02815907107029
  0
CIRCLE
  5
2E4
330
17
100
AcDbEntity
  8
IZO-VANA
100
AcDbCircle
 10
51.79048945581608
 20
18.11815907107029
 30
0.0
 40
0.09
  0
LWPOLYLINE
  5
2E5
330
17
100
AcDbEntity
  8
IZO-VANA
100
AcDbPolyline
 90
        2
 70
     0
 43
0.0
 10
51.79048945581608
 20
18.11815907107029
 10
51.84048945581608
 20
18.16815907107029
  0
LWPOLYLINE
  5
2E6
330
17
100
AcDbEntity
  8
IZO-VANA
100
AcDbPolyline
 90
        4
 70
     1
 43
0.0
 10
51.2181947216211
 20
17.90315907107029
 10
51.3581947216211
 20
18.08315907107029
 10
51.2181947216211
 20
18.08315907107029
 10
51.3581947216211
 20
17.90315907107029
  0
LWPOLYLINE
  5
2E7
330
17
100
AcDbEntity
  8
IZO-VANA
100
AcDbPolyline
 90
        4
 70
     1
 43
0.0
 10
50.42181033398803
 20
17.5012808493352
 10
50.64769490666924
 20
17.47003729280538
 10
50.57769490666925
 20
17.5912808493352
 10
50.49181033398803
 20
17.38003729280539
  0
LWPOLYLINE
  5
2E8
330
17
100
AcDbEntity
  8
IZO-HAT
100
AcDbPolyline
 90
        2
 70
     0
 43
0.0
 10
50.03245788613365
 20
17.19565907107029
 10
50.53475262032864
 20
17.48565907107029
  0
LWPOLYLINE
  5
2E9
330
17
100
AcDbEntity
  8
KK-ANOT
100
AcDbPolyline
 90
       50
 70
     1
 43
0.0
 10
51.944594
 20
12.80940907107029
 10
51.945962
 20
12.79736407107029
 10
51.950041
 20
12.7855260710703
 10
51.956761
 20
12.77409607107029
 10
51.966008
 20
12.76327007107029
 10
51.977623
 20
12.75323407107029
 10
51.991407
 20
12.74415907107029
 10
52.007126
 20
12.7362000710703
 10
52.024509
 20
12.72949407107029
 10
52.04326
 20
12.72415607107029
 10
52.063057
 20
12.72027607107029
 10
52.083562
 20
12.71792107107029
 10
52.104424
 20
12.71713207107029
 10
52.12528599999999
 20
12.71792107107029
 10
52.14579099999999
 20
12.72027607107029
 10
52.165588
 20
12.72415607107029
 10
52.184338
 20
12.72949407107029
 10
52.201722
 20
12.7362000710703
 10
52.21744000000001
 20
12.74415907107029
 10
52.231225
 20
12.75323407107029
 10
52.24284
 20
12.76327007107029
 10
52.252087
 20
12.77409607107029
 10
52.258807
 20
12.7855260710703
 10
52.262886
 20
12.79736407107029
 10
52.264253
 20
12.80940907107029
 10
52.264253
 20
13.67940907107029
 10
52.262886
 20
13.69145407107029
 10
52.258807
 20
13.70329207107029
 10
52.252087
 20
13.71472207107029
 10
52.24284
 20
13.72554807107029
 10
52.231225
 20
13.73558407107029
 10
52.21744000000001
 20
13.74465907107029
 10
52.201722
 20
13.75261807107029
 10
52.184338
 20
13.75932407107029
 10
52.165588
 20
13.76466207107029
 10
52.14579099999999
 20
13.76854207107029
 10
52.12528599999999
 20
13.77089707107029
 10
52.104424
 20
13.77168607107029
 10
52.083562
 20
13.77089707107029
 10
52.063057
 20
13.76854207107029
 10
52.04326
 20
13.76466207107029
 10
52.024509
 20
13.75932407107029
 10
52.007126
 20
13.75261807107029
 10
51.991407
 20
13.74465907107029
 10
51.977623
 20
13.73558407107029
 10
51.966008
 20
13.72554807107029
 10
51.956761
 20
13.71472207107029
 10
51.950041
 20
13.70329207107029
 10
51.945962
 20
13.69145407107029
 10
51.944594
 20
13.67940907107029
  0
LWPOLYLINE
  5
2EA
330
17
100
AcDbEntity
  8
KK-ANOT
100
AcDbPolyline
 90
       48
 70
     1
 43
0.0
 10
52.21743997988181
 20
13.74465907107029
 10
52.20172152035729
 20
13.7526176823173
 10
52.18433826754624
 20
13.75932367392859
 10
52.16558765372375
 20
13.76466230452848
 10
52.145790507091
 20
13.76854222866723
 10
52.12528556231568
 20
13.77089705976711
 10
52.10442366468793
 20
13.77168650601513
 10
52.08356176706018
 20
13.77089705976711
 10
52.06305682228487
 20
13.76854222866723
 10
52.04325967565211
 20
13.76466230452848
 10
52.02450906182964
 20
13.75932367392859
 10
52.00712580901857
 20
13.7526176823173
 10
51.99140734949406
 20
13.74465907107029
 10
51.97762263045657
 20
13.73558401423257
 10
51.96600751227066
 20
13.72554778854272
 10
51.95676073282882
 20
13.71472211660483
 10
51.95004050709099
 20
13.70329222866722
 10
51.94596181998274
 20
13.69145369328148
 10
51.94459445897133
 20
13.67940907107029
 10
51.94596181998274
 20
13.66736444885911
 10
51.95004050709099
 20
13.65552591347336
 10
51.95676073282882
 20
13.64409602553575
 10
51.96600751227066
 20
13.63327035359787
 10
51.97762263045657
 20
13.62323412790801
 10
51.99140734949406
 20
13.61415907107029
 10
52.00712580901857
 20
13.60620045982329
 10
52.02450906182964
 20
13.59949446821199
 10
52.04325967565211
 20
13.5941558376121
 10
52.06305682228487
 20
13.59027591347336
 10
52.08356176706018
 20
13.58792108237347
 10
52.10442366468793
 20
13.58713163612545
 10
52.12528556231568
 20
13.58792108237346
 10
52.145790507091
 20
13.59027591347336
 10
52.16558765372375
 20
13.5941558376121
 10
52.18433826754624
 20
13.59949446821199
 10
52.20172152035729
 20
13.60620045982329
 10
52.21743997988181
 20
13.61415907107029
 10
52.23122469891929
 20
13.62323412790801
 10
52.2428398171052
 20
13.63327035359787
 10
52.25208659654704
 20
13.64409602553575
 10
52.25880682228487
 20
13.65552591347336
 10
52.26288550939312
 20
13.66736444885911
 10
52.26425287040454
 20
13.67940907107029
 10
52.26288550939312
 20
13.69145369328148
 10
52.25880682228487
 20
13.70329222866722
 10
52.25208659654704
 20
13.71472211660483
 10
52.2428398171052
 20
13.72554778854272
 10
52.23122469891929
 20
13.73558401423257
  0
LWPOLYLINE
  5
2EB
330
17
100
AcDbEntity
  8
KK-ANOT
100
AcDbPolyline
 90
       50
 70
     1
 43
0.0
 10
50.814431
 20
17.23190907107029
 10
50.815799
 20
17.21986407107029
 10
50.819877
 20
17.20802607107029
 10
50.826598
 20
17.19659607107029
 10
50.835844
 20
17.18577007107029
 10
50.847459
 20
17.17573407107029
 10
50.861244
 20
17.16665907107029
 10
50.87696300000001
 20
17.15870007107029
 10
50.894346
 20
17.15199407107029
 10
50.913097
 20
17.14665607107029
 10
50.93289399999999
 20
17.1427760710703
 10
50.95339899999999
 20
17.14042107107029
 10
50.97426099999999
 20
17.13963207107029
 10
50.99512199999999
 20
17.14042107107029
 10
51.015627
 20
17.1427760710703
 10
51.03542499999999
 20
17.14665607107029
 10
51.054175
 20
17.15199407107029
 10
51.07155800000001
 20
17.15870007107029
 10
51.087277
 20
17.16665907107029
 10
51.101062
 20
17.17573407107029
 10
51.112677
 20
17.18577007107029
 10
51.121923
 20
17.19659607107029
 10
51.128644
 20
17.20802607107029
 10
51.13272199999999
 20
17.21986407107029
 10
51.13409
 20
17.23190907107029
 10
51.13409
 20
18.10190907107029
 10
51.13272199999999
 20
18.11395407107029
 10
51.128644
 20
18.12579207107029
 10
51.121923
 20
18.13722207107029
 10
51.112677
 20
18.14804807107029
 10
51.101062
 20
18.15808407107029
 10
51.087277
 20
18.16715907107029
 10
51.07155800000001
 20
18.17511807107029
 10
51.054175
 20
18.18182407107029
 10
51.03542499999999
 20
18.18716207107029
 10
51.015627
 20
18.19104207107029
 10
50.99512199999999
 20
18.19339707107029
 10
50.97426099999999
 20
18.19418607107029
 10
50.95339899999999
 20
18.19339707107029
 10
50.93289399999999
 20
18.19104207107029
 10
50.913097
 20
18.18716207107029
 10
50.894346
 20
18.18182407107029
 10
50.87696300000001
 20
18.17511807107029
 10
50.861244
 20
18.16715907107029
 10
50.847459
 20
18.15808407107029
 10
50.835844
 20
18.14804807107029
 10
50.826598
 20
18.13722207107029
 10
50.819877
 20
18.12579207107029
 10
50.815799
 20
18.11395407107029
 10
50.814431
 20
18.10190907107029
  0
LWPOLYLINE
  5
2EC
330
17
100
AcDbEntity
  8
KK-ANOT
100
AcDbPolyline
 90
       48
 70
     1
 43
0.0
 10
51.08727682794311
 20
18.16715907107029
 10
51.07155836841861
 20
18.17511768231729
 10
51.05417511560753
 20
18.18182367392859
 10
51.03542450178506
 20
18.18716230452848
 10
51.01562735515229
 20
18.19104222866722
 10
50.99512241037698
 20
18.19339705976711
 10
50.97426051274924
 20
18.19418650601513
 10
50.9533986151215
 20
18.19339705976711
 10
50.93289367034618
 20
18.19104222866722
 10
50.91309652371343
 20
18.18716230452848
 10
50.89434590989093
 20
18.18182367392859
 10
50.87696265707986
 20
18.17511768231729
 10
50.86124419755537
 20
18.16715907107029
 10
50.84745947851789
 20
18.15808401423257
 10
50.83584436033198
 20
18.14804778854271
 10
50.82659758089014
 20
18.13722211660483
 10
50.81987735515231
 20
18.12579222866722
 10
50.81579866804406
 20
18.11395369328148
 10
50.81443130703264
 20
18.10190907107029
 10
50.81579866804406
 20
18.08986444885911
 10
50.81987735515231
 20
18.07802591347336
 10
50.82659758089014
 20
18.06659602553574
 10
50.83584436033198
 20
18.05577035359787
 10
50.84745947851789
 20
18.04573412790801
 10
50.86124419755537
 20
18.0366590710703
 10
50.87696265707986
 20
18.02870045982329
 10
50.89434590989093
 20
18.02199446821199
 10
50.91309652371343
 20
18.0166558376121
 10
50.93289367034618
 20
18.01277591347336
 10
50.9533986151215
 20
18.01042108237346
 10
50.97426051274924
 20
18.00963163612545
 10
50.99512241037698
 20
18.01042108237346
 10
51.01562735515229
 20
18.01277591347336
 10
51.03542450178506
 20
18.0166558376121
 10
51.05417511560753
 20
18.02199446821199
 10
51.07155836841861
 20
18.02870045982329
 10
51.08727682794311
 20
18.0366590710703
 10
51.1010615469806
 20
18.04573412790801
 10
51.11267666516651
 20
18.05577035359787
 10
51.12192344460836
 20
18.06659602553574
 10
51.12864367034618
 20
18.07802591347336
 10
51.13272235745442
 20
18.08986444885911
 10
51.13408971846585
 20
18.10190907107029
 10
51.13272235745442
 20
18.11395369328148
 10
51.12864367034618
 20
18.12579222866722
 10
51.12192344460836
 20
18.13722211660483
 10
51.11267666516651
 20
18.14804778854271
 10
51.1010615469806
 20
18.15808401423257
  0
LWPOLYLINE
  5
2ED
330
17
100
AcDbEntity
  8
KK-ANOT
100
AcDbPolyline
 90
       50
 70
     1
 43
0.0
 10
41.49470899999999
 20
23.7206590710703
 10
41.49577299999999
 20
23.7112910710703
 10
41.498945
 20
23.70208307107029
 10
41.50417199999999
 20
23.6931930710703
 10
41.511364
 20
23.68477307107029
 10
41.52039799999999
 20
23.6769670710703
 10
41.53112
 20
23.66990907107029
 10
41.543345
 20
23.66371907107029
 10
41.556865
 20
23.6585030710703
 10
41.571449
 20
23.6543510710703
 10
41.586847
 20
23.65133307107029
 10
41.602795
 20
23.6495020710703
 10
41.619021
 20
23.64888807107029
 10
41.63524699999999
 20
23.6495020710703
 10
41.651195
 20
23.65133307107029
 10
41.666593
 20
23.6543510710703
 10
41.681177
 20
23.6585030710703
 10
41.69469699999999
 20
23.66371907107029
 10
41.70692299999999
 20
23.66990907107029
 10
41.71764399999999
 20
23.6769670710703
 10
41.726678
 20
23.68477307107029
 10
41.73387
 20
23.6931930710703
 10
41.73909699999999
 20
23.70208307107029
 10
41.74226899999999
 20
23.7112910710703
 10
41.74333299999999
 20
23.7206590710703
 10
41.74333299999999
 20
24.22815907107029
 10
41.74226899999999
 20
24.23752707107029
 10
41.73909699999999
 20
24.2467350710703
 10
41.73387
 20
24.25562507107029
 10
41.726678
 20
24.26404507107029
 10
41.71764399999999
 20
24.2718510710703
 10
41.70692299999999
 20
24.2789090710703
 10
41.69469699999999
 20
24.2850990710703
 10
41.681177
 20
24.2903150710703
 10
41.666593
 20
24.2944670710703
 10
41.651195
 20
24.2974850710703
 10
41.63524699999999
 20
24.2993160710703
 10
41.619021
 20
24.2999300710703
 10
41.602795
 20
24.2993160710703
 10
41.586847
 20
24.2974850710703
 10
41.571449
 20
24.2944670710703
 10
41.556865
 20
24.2903150710703
 10
41.543345
 20
24.2850990710703
 10
41.53112
 20
24.2789090710703
 10
41.52039799999999
 20
24.2718510710703
 10
41.511364
 20
24.26404507107029
 10
41.50417199999999
 20
24.25562507107029
 10
41.498945
 20
24.2467350710703
 10
41.49577299999999
 20
24.23752707107029
 10
41.49470899999999
 20
24.22815907107029
  0
LWPOLYLINE
  5
2EE
330
17
100
AcDbEntity
  8
KK-ANOT
100
AcDbPolyline
 90
       48
 70
     1
 43
0.0
 10
41.70692266685196
 20
24.2789090710703
 10
41.6946971983329
 20
24.28509910204019
 10
41.68117689059096
 20
24.29031487329342
 10
41.66659307984015
 20
24.29446714153776
 10
41.65119529912578
 20
24.29748486031235
 10
41.63524700874497
 20
24.29931639561227
 10
41.61902108836785
 20
24.29993040936072
 10
41.60279516799071
 20
24.29931639561227
 10
41.58684687760989
 20
24.29748486031235
 10
41.57144909689553
 20
24.29446714153776
 10
41.55686528614472
 20
24.29031487329342
 10
41.54334497840277
 20
24.28509910204019
 10
41.53111950988371
 20
24.2789090710703
 10
41.52039806174346
 20
24.27185069352985
 10
41.51136408093218
 20
24.26404474021551
 10
41.50417214136632
 20
24.25562477315271
 10
41.49894529912578
 20
24.24673486031235
 10
41.49577298693047
 20
24.23752711056789
 10
41.49470948392159
 20
24.22815907107029
 10
41.49577298693047
 20
24.2187910315727
 10
41.49894529912578
 20
24.20958328182822
 10
41.50417214136632
 20
24.20069336898787
 10
41.51136408093218
 20
24.19227340192508
 10
41.52039806174346
 20
24.18446744861074
 10
41.53111950988371
 20
24.1774090710703
 10
41.54334497840277
 20
24.1712190401004
 10
41.55686528614472
 20
24.16600326884717
 10
41.57144909689553
 20
24.16185100060281
 10
41.58684687760989
 20
24.15883328182822
 10
41.60279516799071
 20
24.15700174652832
 10
41.61902108836785
 20
24.15638773277986
 10
41.63524700874497
 20
24.15700174652832
 10
41.65119529912578
 20
24.15883328182822
 10
41.66659307984014
 20
24.16185100060281
 10
41.68117689059096
 20
24.16600326884717
 10
41.6946971983329
 20
24.1712190401004
 10
41.70692266685196
 20
24.1774090710703
 10
41.71764411499222
 20
24.18446744861074
 10
41.72667809580349
 20
24.19227340192508
 10
41.73387003536936
 20
24.20069336898787
 10
41.73909687760989
 20
24.20958328182822
 10
41.74226918980521
 20
24.2187910315727
 10
41.74333269281409
 20
24.22815907107029
 10
41.74226918980521
 20
24.23752711056789
 10
41.73909687760989
 20
24.24673486031235
 10
41.73387003536936
 20
24.25562477315271
 10
41.72667809580349
 20
24.26404474021551
 10
41.71764411499224
 20
24.27185069352985
  0
LWPOLYLINE
  5
2EF
330
17
100
AcDbEntity
  8
KK-ANOT
100
AcDbPolyline
 90
       50
 70
     1
 43
0.0
 10
44.38290399999999
 20
24.9531590710703
 10
44.38396799999999
 20
24.9437910710703
 10
44.38714
 20
24.93458307107029
 10
44.392367
 20
24.9256930710703
 10
44.399559
 20
24.9172730710703
 10
44.40859299999999
 20
24.9094670710703
 10
44.419314
 20
24.90240907107029
 10
44.43154
 20
24.89621907107029
 10
44.44505999999999
 20
24.8910030710703
 10
44.459644
 20
24.88685107107029
 10
44.475042
 20
24.8838330710703
 10
44.49099
 20
24.88200207107029
 10
44.507216
 20
24.88138807107029
 10
44.52344199999999
 20
24.88200207107029
 10
44.53939
 20
24.8838330710703
 10
44.554788
 20
24.88685107107029
 10
44.56937199999999
 20
24.8910030710703
 10
44.582892
 20
24.89621907107029
 10
44.595117
 20
24.90240907107029
 10
44.605839
 20
24.9094670710703
 10
44.61487299999999
 20
24.9172730710703
 10
44.62206499999999
 20
24.9256930710703
 10
44.627292
 20
24.93458307107029
 10
44.630464
 20
24.9437910710703
 10
44.631527
 20
24.9531590710703
 10
44.631527
 20
25.4606590710703
 10
44.630464
 20
25.4700270710703
 10
44.627292
 20
25.4792350710703
 10
44.62206499999999
 20
25.4881250710703
 10
44.61487299999999
 20
25.4965450710703
 10
44.605839
 20
25.50435107107029
 10
44.595117
 20
25.5114090710703
 10
44.582892
 20
25.5175990710703
 10
44.56937199999999
 20
25.52281507107029
 10
44.554788
 20
25.5269670710703
 10
44.53939
 20
25.5299850710703
 10
44.52344199999999
 20
25.5318160710703
 10
44.507216
 20
25.5324300710703
 10
44.49099
 20
25.5318160710703
 10
44.475042
 20
25.5299850710703
 10
44.459644
 20
25.5269670710703
 10
44.44505999999999
 20
25.52281507107029
 10
44.43154
 20
25.5175990710703
 10
44.419314
 20
25.5114090710703
 10
44.40859299999999
 20
25.50435107107029
 10
44.399559
 20
25.4965450710703
 10
44.392367
 20
25.4881250710703
 10
44.38714
 20
25.4792350710703
 10
44.38396799999999
 20
25.4700270710703
 10
44.38290399999999
 20
25.4606590710703
  0
LWPOLYLINE
  5
2F0
330
17
100
AcDbEntity
  8
KK-ANOT
100
AcDbPolyline
 90
       48
 70
     1
 43
0.0
 10
44.59511738847306
 20
25.5114090710703
 10
44.582891919954
 20
25.51759910204018
 10
44.56937161221206
 20
25.52281487329342
 10
44.55478780146124
 20
25.52696714153777
 10
44.53939002074688
 20
25.52998486031235
 10
44.52344173036608
 20
25.53181639561227
 10
44.50721580998895
 20
25.53243040936073
 10
44.49098988961181
 20
25.53181639561227
 10
44.475041599231
 20
25.52998486031235
 10
44.45964381851664
 20
25.52696714153777
 10
44.44506000776582
 20
25.52281487329342
 10
44.43153970002388
 20
25.51759910204018
 10
44.41931423150483
 20
25.5114090710703
 10
44.40859278336456
 20
25.50435069352984
 10
44.3995588025533
 20
25.49654474021551
 10
44.39236686298742
 20
25.48812477315271
 10
44.38714002074688
 20
25.47923486031235
 10
44.38396770855158
 20
25.47002711056788
 10
44.3829042055427
 20
25.46065907107029
 10
44.38396770855158
 20
25.4512910315727
 10
44.38714002074688
 20
25.44208328182823
 10
44.39236686298742
 20
25.43319336898787
 10
44.3995588025533
 20
25.42477340192508
 10
44.40859278336456
 20
25.41696744861074
 10
44.41931423150483
 20
25.4099090710703
 10
44.43153970002388
 20
25.4037190401004
 10
44.44506000776582
 20
25.39850326884718
 10
44.45964381851664
 20
25.39435100060282
 10
44.475041599231
 20
25.39133328182823
 10
44.49098988961181
 20
25.38950174652832
 10
44.50721580998895
 20
25.38888773277986
 10
44.52344173036608
 20
25.38950174652832
 10
44.53939002074688
 20
25.39133328182823
 10
44.55478780146124
 20
25.39435100060282
 10
44.56937161221206
 20
25.39850326884718
 10
44.582891919954
 20
25.4037190401004
 10
44.59511738847306
 20
25.4099090710703
 10
44.60583883661334
 20
25.41696744861074
 10
44.6148728174246
 20
25.42477340192508
 10
44.62206475699048
 20
25.43319336898787
 10
44.627291599231
 20
25.44208328182823
 10
44.63046391142632
 20
25.4512910315727
 10
44.63152741443518
 20
25.4606590710703
 10
44.63046391142632
 20
25.47002711056788
 10
44.627291599231
 20
25.47923486031235
 10
44.62206475699048
 20
25.48812477315271
 10
44.6148728174246
 20
25.49654474021551
 10
44.60583883661334
 20
25.50435069352984
  0
LWPOLYLINE
  5
2F1
330
17
100
AcDbEntity
  8
KK-OLCUM
100
AcDbPolyline
 90
        6
 70
     1
 43
0.0
 10
45.486691
 20
14.74515907107029
 10
45.63737899999999
 20
14.65815907107029
 10
45.788067
 20
14.74515907107029
 10
45.788067
 20
16.05015907107029
 10
45.63737899999999
 20
16.13715907107029
 10
45.486691
 20
16.05015907107029
  0
LWPOLYLINE
  5
2F2
330
17
100
AcDbEntity
  8
KK-OLCUM
100
AcDbPolyline
 90
        2
 70
     0
 43
0.0
 10
45.63737896192765
 20
15.96315907107029
 10
45.78806738218613
 20
16.05015907107029
  0
LWPOLYLINE
  5
2F3
330
17
100
AcDbEntity
  8
KK-OLCUM
100
AcDbPolyline
 90
        2
 70
     0
 43
0.0
 10
45.63737896192765
 20
15.96315907107029
 10
45.48669054166914
 20
16.05015907107029
  0
LWPOLYLINE
  5
2F4
330
17
100
AcDbEntity
  8
KK-OLCUM
100
AcDbPolyline
 90
        2
 70
     0
 43
0.0
 10
45.63737896192765
 20
15.96315907107029
 10
45.63737896192765
 20
14.65815907107029
  0
LWPOLYLINE
  5
2F5
330
17
100
AcDbEntity
  8
KK-OLCUM
100
AcDbPolyline
 90
        6
 70
     1
 43
0.0
 10
45.23554299999999
 20
15.83265907107029
 10
45.63737899999999
 20
15.6006590710703
 10
46.03921500000001
 20
15.83265907107029
 10
46.03921500000001
 20
16.34015907107029
 10
45.63737899999999
 20
16.57215907107029
 10
45.23554299999999
 20
16.34015907107029
  0
LWPOLYLINE
  5
2F6
330
17
100
AcDbEntity
  8
KK-OLCUM
100
AcDbPolyline
 90
        2
 70
     0
 43
0.0
 10
45.63737896192765
 20
16.10815907107029
 10
46.03921474928362
 20
16.34015907107029
  0
LWPOLYLINE
  5
2F7
330
17
100
AcDbEntity
  8
KK-OLCUM
100
AcDbPolyline
 90
        2
 70
     0
 43
0.0
 10
45.63737896192765
 20
16.10815907107029
 10
45.23554317457166
 20
16.34015907107029
  0
LWPOLYLINE
  5
2F8
330
17
100
AcDbEntity
  8
KK-OLCUM
100
AcDbPolyline
 90
        2
 70
     0
 43
0.0
 10
45.63737896192765
 20
16.10815907107029
 10
45.63737896192765
 20
15.6006590710703
  0
LWPOLYLINE
  5
2F9
330
17
100
AcDbEntity
  8
KK-OLCUM
100
AcDbPolyline
 90
        6
 70
     1
 43
0.0
 10
46.993575
 20
26.05515907107029
 10
47.144263
 20
25.9681590710703
 10
47.294952
 20
26.05515907107029
 10
47.294952
 20
27.3601590710703
 10
47.144263
 20
27.4471590710703
 10
46.993575
 20
27.3601590710703
  0
LWPOLYLINE
  5
2FA
330
17
100
AcDbEntity
  8
KK-OLCUM
100
AcDbPolyline
 90
        2
 70
     0
 43
0.0
 10
47.14426316451256
 20
27.27315907107029
 10
47.29495158477106
 20
27.3601590710703
  0
LWPOLYLINE
  5
2FB
330
17
100
AcDbEntity
  8
KK-OLCUM
100
AcDbPolyline
 90
        2
 70
     0
 43
0.0
 10
47.14426316451256
 20
27.27315907107029
 10
46.99357474425407
 20
27.3601590710703
  0
LWPOLYLINE
  5
2FC
330
17
100
AcDbEntity
  8
KK-OLCUM
100
AcDbPolyline
 90
        2
 70
     0
 43
0.0
 10
47.14426316451256
 20
27.27315907107029
 10
47.14426316451256
 20
25.9681590710703
  0
LWPOLYLINE
  5
2FD
330
17
100
AcDbEntity
  8
KK-OLCUM
100
AcDbPolyline
 90
        6
 70
     1
 43
0.0
 10
46.74242699999999
 20
27.1426590710703
 10
47.144263
 20
26.91065907107029
 10
47.546099
 20
27.1426590710703
 10
47.546099
 20
27.65015907107029
 10
47.144263
 20
27.8821590710703
 10
46.74242699999999
 20
27.65015907107029
  0
LWPOLYLINE
  5
2FE
330
17
100
AcDbEntity
  8
KK-OLCUM
100
AcDbPolyline
 90
        2
 70
     0
 43
0.0
 10
47.14426316451256
 20
27.41815907107029
 10
47.54609895186854
 20
27.65015907107029
  0
LWPOLYLINE
  5
2FF
330
17
100
AcDbEntity
  8
KK-OLCUM
100
AcDbPolyline
 90
        2
 70
     0
 43
0.0
 10
47.14426316451256
 20
27.41815907107029
 10
46.74242737715657
 20
27.65015907107029
  0
LWPOLYLINE
  5
300
330
17
100
AcDbEntity
  8
KK-OLCUM
100
AcDbPolyline
 90
        2
 70
     0
 43
0.0
 10
47.14426316451256
 20
27.41815907107029
 10
47.14426316451256
 20
26.91065907107029
  0
LWPOLYLINE
  5
301
330
17
100
AcDbEntity
  8
KK-KABLO
100
AcDbPolyline
 90
        5
 70
     0
 43
0.0
 10
52.10442366468793
 20
13.67940907107029
 10
52.10442366468793
 20
14.62190907107029
 10
48.41255736835488
 20
12.49040907107029
 10
45.63737896192765
 20
14.09265907107029
 10
45.63737896192765
 20
14.74515907107029
  0
LWPOLYLINE
  5
302
330
17
100
AcDbEntity
  8
KK-KABLO
100
AcDbPolyline
 90
        5
 70
     0
 43
0.0
 10
50.97426051274924
 20
18.10190907107029
 10
50.97426051274924
 20
19.04440907107029
 10
44.01747844414885
 20
15.02790907107029
 10
45.63737896192765
 20
14.09265907107029
 10
45.63737896192765
 20
14.74515907107029
  0
LWPOLYLINE
  5
303
330
17
100
AcDbEntity
  8
KK-KABLO
100
AcDbPolyline
 90
        4
 70
     0
 43
0.0
 10
49.90688420258493
 20
15.16565907107029
 10
49.90688420258493
 20
15.52815907107029
 10
46.5917389568981
 20
13.61415907107029
 10
45.63737896192765
 20
14.16515907107029
  0
LWPOLYLINE
  5
304
330
17
100
AcDbEntity
  8
KK-KABLO
100
AcDbPolyline
 90
        5
 70
     0
 43
0.0
 10
41.61902108836785
 20
24.22815907107029
 10
41.61902108836785
 20
24.8081590710703
 10
44.95928107076442
 20
26.7366590710703
 10
47.14426316451256
 20
25.4751590710703
 10
47.14426316451256
 20
26.0551590710703
  0
LWPOLYLINE
  5
305
330
17
100
AcDbEntity
  8
KK-KABLO
100
AcDbPolyline
 90
        5
 70
     0
 43
0.0
 10
44.50721580998895
 20
25.4606590710703
 10
44.50721580998895
 20
26.0406590710703
 10
45.33600212141064
 20
26.5191590710703
 10
47.14426316451256
 20
25.4751590710703
 10
47.14426316451256
 20
26.0551590710703
  0
TEXT
  5
306
330
17
100
AcDbEntity
  8
YAZI
 62
     2
100
AcDbText
 10
45.45804744760295
 20
16.5032238732531
 30
0.0
 40
0.11
  1
ÖK-1
  7
ARIAL
 72
     1
 11
45.63737896192765
 21
16.47065907107029
 31
0.0
100
AcDbText
 73
     1
  0
TEXT
  5
307
330
17
100
AcDbEntity
  8
YAZI
 62
     2
100
AcDbText
 10
46.96493165018787
 20
27.8132238732531
 30
0.0
 40
0.11
  1
ÖK-2
  7
ARIAL
 72
     1
 11
47.14426316451256
 21
27.78065907107029
 31
0.0
100
AcDbText
 73
     1
  0
TEXT
  5
308
330
17
100
AcDbEntity
  8
YAZI
 62
     6
100
AcDbText
 10
46.15447587893298
 20
23.31129720376078
 30
0.0
 40
0.1
  1
BASMA HATTI (toprak altı)
 50
-30.0
  7
ARIAL
 11
46.1396736961226
 21
23.2856590710703
 31
0.0
100
AcDbText
 73
     1
  0
TEXT
  5
309
330
17
100
AcDbEntity
  8
YAZI
 62
     6
100
AcDbText
 10
49.16622894306683
 20
21.71280653069185
 30
0.0
 40
0.1
  1
GERİ DÖNÜŞ HATTI (toprak altı)
 50
-30.0
  7
ARIAL
 11
49.21622894306683
 21
21.79940907107029
 31
0.0
100
AcDbText
 73
     3
  0
TEXT
  5
30A
330
17
100
AcDbEntity
  8
YAZI
 62
     6
100
AcDbText
 10
51.49600123792947
 20
20.39482039612094
 30
0.0
 40
0.1
  1
BY-PASS HATTI
 50
30.0
  7
ARIAL
 72
     2
 11
52.41835787355979
 21
20.89315907107029
 31
0.0
100
AcDbText
 73
     1
  0
TEXT
  5
30B
330
17
100
AcDbEntity
  8
YAZI
 62
     6
100
AcDbText
 10
49.98447322716966
 20
18.92504720376077
 30
0.0
 40
0.1
  1
EMİŞ HATTI
 50
-30.0
  7
ARIAL
 11
49.96967104435929
 21
18.89940907107029
 31
0.0
100
AcDbText
 73
     1
  0
CIRCLE
  5
30C
330
17
100
AcDbEntity
  8
BALON
100
AcDbCircle
 10
41.2
 20
25.98961740440362
 30
0.0
 40
0.17
  0
TEXT
  5
30D
330
17
100
AcDbEntity
  8
YAZI
100
AcDbText
 10
41.12230559345157
 20
25.93961740440362
 30
0.0
 40
0.1
  1
16
  7
ARIAL
 72
     1
 11
41.2
 21
25.98961740440362
 31
0.0
100
AcDbText
 73
     2
  0
LWPOLYLINE
  5
30E
330
17
100
AcDbEntity
  8
BALON
100
AcDbPolyline
 90
        3
 70
     0
 43
0.0
 10
41.37000000000001
 20
25.98961740440362
 10
41.72000000000001
 20
25.98961740440362
 10
42.56082371498342
 20
26.2944090710703
  0
HATCH
  5
30F
330
17
100
AcDbEntity
  8
BALON
 62
     7
100
AcDbHatch
 10
0.0
 20
0.0
 30
0.0
210
0.0
220
0.0
230
1.0
  2
SOLID
 70
     1
 71
     0
 91
        1
 92
        1
 93
        1
 72
     2
 10
42.56082371498342
 20
26.2944090710703
 40
0.02
 50
0.0
 51
360.0
 73
     1
 97
        0
 75
     1
 76
     1
 98
        0
450
        0
451
        0
460
0.0
461
0.0
452
        0
462
0.0
453
        0
470

  0
CIRCLE
  5
310
330
17
100
AcDbEntity
  8
BALON
100
AcDbCircle
 10
41.2
 20
25.36961740440363
 30
0.0
 40
0.17
  0
TEXT
  5
311
330
17
100
AcDbEntity
  8
YAZI
100
AcDbText
 10
41.12230559345157
 20
25.31961740440362
 30
0.0
 40
0.1
  1
22
  7
ARIAL
 72
     1
 11
41.2
 21
25.36961740440363
 31
0.0
100
AcDbText
 73
     2
  0
LWPOLYLINE
  5
312
330
17
100
AcDbEntity
  8
BALON
100
AcDbPolyline
 90
        3
 70
     0
 43
0.0
 10
41.37000000000001
 20
25.36961740440363
 10
41.72000000000001
 20
25.36961740440363
 10
43.62820002514774
 20
25.3156590710703
  0
HATCH
  5
313
330
17
100
AcDbEntity
  8
BALON
 62
     7
100
AcDbHatch
 10
0.0
 20
0.0
 30
0.0
210
0.0
220
0.0
230
1.0
  2
SOLID
 70
     1
 71
     0
 91
        1
 92
        1
 93
        1
 72
     2
 10
43.62820002514774
 20
25.3156590710703
 40
0.02
 50
0.0
 51
360.0
 73
     1
 97
        0
 75
     1
 76
     1
 98
        0
450
        0
451
        0
460
0.0
461
0.0
452
        0
462
0.0
453
        0
470

  0
CIRCLE
  5
314
330
17
100
AcDbEntity
  8
BALON
100
AcDbCircle
 10
41.2
 20
24.74961740440363
 30
0.0
 40
0.17
  0
TEXT
  5
315
330
17
100
AcDbEntity
  8
YAZI
100
AcDbText
 10
41.12230559345157
 20
24.69961740440363
 30
0.0
 40
0.1
  1
18
  7
ARIAL
 72
     1
 11
41.2
 21
24.74961740440363
 31
0.0
100
AcDbText
 73
     2
  0
LWPOLYLINE
  5
316
330
17
100
AcDbEntity
  8
BALON
100
AcDbPolyline
 90
        3
 70
     0
 43
0.0
 10
41.37000000000001
 20
24.74961740440363
 10
41.72000000000001
 20
24.74961740440363
 10
43.62820002514774
 20
25.0981590710703
  0
HATCH
  5
317
330
17
100
AcDbEntity
  8
BALON
 62
     7
100
AcDbHatch
 10
0.0
 20
0.0
 30
0.0
210
0.0
220
0.0
230
1.0
  2
SOLID
 70
     1
 71
     0
 91
        1
 92
        1
 93
        1
 72
     2
 10
43.62820002514774
 20
25.0981590710703
 40
0.02
 50
0.0
 51
360.0
 73
     1
 97
        0
 75
     1
 76
     1
 98
        0
450
        0
451
        0
460
0.0
461
0.0
452
        0
462
0.0
453
        0
470

  0
CIRCLE
  5
318
330
17
100
AcDbEntity
  8
BALON
100
AcDbCircle
 10
41.2
 20
24.12961740440362
 30
0.0
 40
0.17
  0
TEXT
  5
319
330
17
100
AcDbEntity
  8
YAZI
100
AcDbText
 10
41.12230559345157
 20
24.07961740440363
 30
0.0
 40
0.1
  1
17
  7
ARIAL
 72
     1
 11
41.2
 21
24.12961740440362
 31
0.0
100
AcDbText
 73
     2
  0
LWPOLYLINE
  5
31A
330
17
100
AcDbEntity
  8
BALON
100
AcDbPolyline
 90
        3
 70
     0
 43
0.0
 10
41.37000000000001
 20
24.12961740440362
 10
41.72000000000001
 20
24.12961740440362
 10
41.61902108836785
 20
23.97440907107029
  0
HATCH
  5
31B
330
17
100
AcDbEntity
  8
BALON
 62
     7
100
AcDbHatch
 10
0.0
 20
0.0
 30
0.0
210
0.0
220
0.0
230
1.0
  2
SOLID
 70
     1
 71
     0
 91
        1
 92
        1
 93
        1
 72
     2
 10
41.61902108836785
 20
23.97440907107029
 40
0.02
 50
0.0
 51
360.0
 73
     1
 97
        0
 75
     1
 76
     1
 98
        0
450
        0
451
        0
460
0.0
461
0.0
452
        0
462
0.0
453
        0
470

  0
CIRCLE
  5
31C
330
17
100
AcDbEntity
  8
BALON
100
AcDbCircle
 10
41.2
 20
23.50961740440363
 30
0.0
 40
0.17
  0
TEXT
  5
31D
330
17
100
AcDbEntity
  8
YAZI
100
AcDbText
 10
41.16115279672579
 20
23.45961740440362
 30
0.0
 40
0.1
  1
5
  7
ARIAL
 72
     1
 11
41.2
 21
23.50961740440363
 31
0.0
100
AcDbText
 73
     2
  0
LWPOLYLINE
  5
31E
330
17
100
AcDbEntity
  8
BALON
100
AcDbPolyline
 90
        3
 70
     0
 43
0.0
 10
41.37000000000001
 20
23.50961740440363
 10
41.72000000000001
 20
23.50961740440363
 10
46.3908210632201
 20
23.06815907107029
  0
HATCH
  5
31F
330
17
100
AcDbEntity
  8
BALON
 62
     7
100
AcDbHatch
 10
0.0
 20
0.0
 30
0.0
210
0.0
220
0.0
230
1.0
  2
SOLID
 70
     1
 71
     0
 91
        1
 92
        1
 93
        1
 72
     2
 10
46.3908210632201
 20
23.06815907107029
 40
0.02
 50
0.0
 51
360.0
 73
     1
 97
        0
 75
     1
 76
     1
 98
        0
450
        0
451
        0
460
0.0
461
0.0
452
        0
462
0.0
453
        0
470

  0
CIRCLE
  5
320
330
17
100
AcDbEntity
  8
BALON
100
AcDbCircle
 10
41.2
 20
22.88961740440363
 30
0.0
 40
0.17
  0
TEXT
  5
321
330
17
100
AcDbEntity
  8
YAZI
100
AcDbText
 10
41.12230559345157
 20
22.83961740440362
 30
0.0
 40
0.1
  1
21
  7
ARIAL
 72
     1
 11
41.2
 21
22.88961740440363
 31
0.0
100
AcDbText
 73
     2
  0
LWPOLYLINE
  5
322
330
17
100
AcDbEntity
  8
BALON
100
AcDbPolyline
 90
        3
 70
     0
 43
0.0
 10
41.37000000000001
 20
22.88961740440363
 10
41.72000000000001
 20
22.88961740440363
 10
47.45819737338441
 20
22.8869090710703
  0
HATCH
  5
323
330
17
100
AcDbEntity
  8
BALON
 62
     7
100
AcDbHatch
 10
0.0
 20
0.0
 30
0.0
210
0.0
220
0.0
230
1.0
  2
SOLID
 70
     1
 71
     0
 91
        1
 92
        1
 93
        1
 72
     2
 10
47.45819737338441
 20
22.8869090710703
 40
0.02
 50
0.0
 51
360.0
 73
     1
 97
        0
 75
     1
 76
     1
 98
        0
450
        0
451
        0
460
0.0
461
0.0
452
        0
462
0.0
453
        0
470

  0
CIRCLE
  5
324
330
17
100
AcDbEntity
  8
BALON
100
AcDbCircle
 10
56.2
 20
24.93768538685977
 30
0.0
 40
0.17
  0
TEXT
  5
325
330
17
100
AcDbEntity
  8
YAZI
100
AcDbText
 10
56.12230559345157
 20
24.88768538685977
 30
0.0
 40
0.1
  1
15
  7
ARIAL
 72
     1
 11
56.2
 21
24.93768538685977
 31
0.0
100
AcDbText
 73
     2
  0
LWPOLYLINE
  5
326
330
17
100
AcDbEntity
  8
BALON
100
AcDbPolyline
 90
        3
 70
     0
 43
0.0
 10
56.03
 20
24.93768538685977
 10
55.68
 20
24.93768538685977
 10
49.53016315193869
 20
22.63315907107029
  0
HATCH
  5
327
330
17
100
AcDbEntity
  8
BALON
 62
     7
100
AcDbHatch
 10
0.0
 20
0.0
 30
0.0
210
0.0
220
0.0
230
1.0
  2
SOLID
 70
     1
 71
     0
 91
        1
 92
        1
 93
        1
 72
     2
 10
49.53016315193869
 20
22.63315907107029
 40
0.02
 50
0.0
 51
360.0
 73
     1
 97
        0
 75
     1
 76
     1
 98
        0
450
        0
451
        0
460
0.0
461
0.0
452
        0
462
0.0
453
        0
470

  0
CIRCLE
  5
328
330
17
100
AcDbEntity
  8
BALON
100
AcDbCircle
 10
56.2
 20
24.31768538685977
 30
0.0
 40
0.17
  0
TEXT
  5
329
330
17
100
AcDbEntity
  8
YAZI
100
AcDbText
 10
56.12230559345157
 20
24.26768538685977
 30
0.0
 40
0.1
  1
11
  7
ARIAL
 72
     1
 11
56.2
 21
24.31768538685977
 31
0.0
100
AcDbText
 73
     2
  0
LWPOLYLINE
  5
32A
330
17
100
AcDbEntity
  8
BALON
100
AcDbPolyline
 90
        3
 70
     0
 43
0.0
 10
56.03
 20
24.31768538685977
 10
55.68
 20
24.31768538685977
 10
49.15344210129245
 20
22.48815907107029
  0
HATCH
  5
32B
330
17
100
AcDbEntity
  8
BALON
 62
     7
100
AcDbHatch
 10
0.0
 20
0.0
 30
0.0
210
0.0
220
0.0
230
1.0
  2
SOLID
 70
     1
 71
     0
 91
        1
 92
        1
 93
        1
 72
     2
 10
49.15344210129245
 20
22.48815907107029
 40
0.02
 50
0.0
 51
360.0
 73
     1
 97
        0
 75
     1
 76
     1
 98
        0
450
        0
451
        0
460
0.0
461
0.0
452
        0
462
0.0
453
        0
470

  0
CIRCLE
  5
32C
330
17
100
AcDbEntity
  8
BALON
100
AcDbCircle
 10
56.2
 20
23.69768538685978
 30
0.0
 40
0.17
  0
TEXT
  5
32D
330
17
100
AcDbEntity
  8
YAZI
100
AcDbText
 10
56.12230559345157
 20
23.64768538685977
 30
0.0
 40
0.1
  1
14
  7
ARIAL
 72
     1
 11
56.2
 21
23.69768538685978
 31
0.0
100
AcDbText
 73
     2
  0
LWPOLYLINE
  5
32E
330
17
100
AcDbEntity
  8
BALON
100
AcDbPolyline
 90
        3
 70
     0
 43
0.0
 10
56.03
 20
23.69768538685978
 10
55.68
 20
23.69768538685978
 10
49.90688420258493
 20
22.41565907107029
  0
HATCH
  5
32F
330
17
100
AcDbEntity
  8
BALON
 62
     7
100
AcDbHatch
 10
0.0
 20
0.0
 30
0.0
210
0.0
220
0.0
230
1.0
  2
SOLID
 70
     1
 71
     0
 91
        1
 92
        1
 93
        1
 72
     2
 10
49.90688420258493
 20
22.41565907107029
 40
0.02
 50
0.0
 51
360.0
 73
     1
 97
        0
 75
     1
 76
     1
 98
        0
450
        0
451
        0
460
0.0
461
0.0
452
        0
462
0.0
453
        0
470

  0
CIRCLE
  5
330
330
17
100
AcDbEntity
  8
BALON
100
AcDbCircle
 10
56.2
 20
23.07768538685977
 30
0.0
 40
0.17
  0
TEXT
  5
331
330
17
100
AcDbEntity
  8
YAZI
100
AcDbText
 10
56.16115279672579
 20
23.02768538685977
 30
0.0
 40
0.1
  1
9
  7
ARIAL
 72
     1
 11
56.2
 21
23.07768538685977
 31
0.0
100
AcDbText
 73
     2
  0
LWPOLYLINE
  5
332
330
17
100
AcDbEntity
  8
BALON
100
AcDbPolyline
 90
        3
 70
     0
 43
0.0
 10
56.03
 20
23.07768538685977
 10
55.68
 20
23.07768538685977
 10
50.66032630387738
 20
21.9806590710703
  0
HATCH
  5
333
330
17
100
AcDbEntity
  8
BALON
 62
     7
100
AcDbHatch
 10
0.0
 20
0.0
 30
0.0
210
0.0
220
0.0
230
1.0
  2
SOLID
 70
     1
 71
     0
 91
        1
 92
        1
 93
        1
 72
     2
 10
50.66032630387738
 20
21.9806590710703
 40
0.02
 50
0.0
 51
360.0
 73
     1
 97
        0
 75
     1
 76
     1
 98
        0
450
        0
451
        0
460
0.0
461
0.0
452
        0
462
0.0
453
        0
470

  0
CIRCLE
  5
334
330
17
100
AcDbEntity
  8
BALON
100
AcDbCircle
 10
56.2
 20
22.45768538685977
 30
0.0
 40
0.17
  0
TEXT
  5
335
330
17
100
AcDbEntity
  8
YAZI
100
AcDbText
 10
56.12230559345157
 20
22.40768538685977
 30
0.0
 40
0.1
  1
13
  7
ARIAL
 72
     1
 11
56.2
 21
22.45768538685977
 31
0.0
100
AcDbText
 73
     2
  0
LWPOLYLINE
  5
336
330
17
100
AcDbEntity
  8
BALON
100
AcDbPolyline
 90
        3
 70
     0
 43
0.0
 10
56.03
 20
22.45768538685977
 10
55.68
 20
22.45768538685977
 10
49.15344210129245
 20
21.8356590710703
  0
HATCH
  5
337
330
17
100
AcDbEntity
  8
BALON
 62
     7
100
AcDbHatch
 10
0.0
 20
0.0
 30
0.0
210
0.0
220
0.0
230
1.0
  2
SOLID
 70
     1
 71
     0
 91
        1
 92
        1
 93
        1
 72
     2
 10
49.15344210129245
 20
21.8356590710703
 40
0.02
 50
0.0
 51
360.0
 73
     1
 97
        0
 75
     1
 76
     1
 98
        0
450
        0
451
        0
460
0.0
461
0.0
452
        0
462
0.0
453
        0
470

  0
CIRCLE
  5
338
330
17
100
AcDbEntity
  8
BALON
100
AcDbCircle
 10
56.2
 20
21.83768538685977
 30
0.0
 40
0.17
  0
TEXT
  5
339
330
17
100
AcDbEntity
  8
YAZI
100
AcDbText
 10
56.12230559345157
 20
21.78768538685977
 30
0.0
 40
0.1
  1
19
  7
ARIAL
 72
     1
 11
56.2
 21
21.83768538685977
 31
0.0
100
AcDbText
 73
     2
  0
LWPOLYLINE
  5
33A
330
17
100
AcDbEntity
  8
BALON
100
AcDbPolyline
 90
        3
 70
     0
 43
0.0
 10
56.03
 20
21.83768538685977
 10
55.68
 20
21.83768538685977
 10
51.2881947216211
 20
21.6181590710703
  0
HATCH
  5
33B
330
17
100
AcDbEntity
  8
BALON
 62
     7
100
AcDbHatch
 10
0.0
 20
0.0
 30
0.0
210
0.0
220
0.0
230
1.0
  2
SOLID
 70
     1
 71
     0
 91
        1
 92
        1
 93
        1
 72
     2
 10
51.2881947216211
 20
21.6181590710703
 40
0.02
 50
0.0
 51
360.0
 73
     1
 97
        0
 75
     1
 76
     1
 98
        0
450
        0
451
        0
460
0.0
461
0.0
452
        0
462
0.0
453
        0
470

  0
CIRCLE
  5
33C
330
17
100
AcDbEntity
  8
BALON
100
AcDbCircle
 10
56.2
 20
21.21768538685977
 30
0.0
 40
0.17
  0
TEXT
  5
33D
330
17
100
AcDbEntity
  8
YAZI
100
AcDbText
 10
56.12230559345157
 20
21.16768538685977
 30
0.0
 40
0.1
  1
12
  7
ARIAL
 72
     1
 11
56.2
 21
21.21768538685977
 31
0.0
100
AcDbText
 73
     2
  0
LWPOLYLINE
  5
33E
330
17
100
AcDbEntity
  8
BALON
100
AcDbPolyline
 90
        3
 70
     0
 43
0.0
 10
56.03
 20
21.21768538685977
 10
55.68
 20
21.21768538685977
 10
50.97426051274924
 20
21.4369090710703
  0
HATCH
  5
33F
330
17
100
AcDbEntity
  8
BALON
 62
     7
100
AcDbHatch
 10
0.0
 20
0.0
 30
0.0
210
0.0
220
0.0
230
1.0
  2
SOLID
 70
     1
 71
     0
 91
        1
 92
        1
 93
        1
 72
     2
 10
50.97426051274924
 20
21.4369090710703
 40
0.02
 50
0.0
 51
360.0
 73
     1
 97
        0
 75
     1
 76
     1
 98
        0
450
        0
451
        0
460
0.0
461
0.0
452
        0
462
0.0
453
        0
470

  0
CIRCLE
  5
340
330
17
100
AcDbEntity
  8
BALON
100
AcDbCircle
 10
56.2
 20
20.59768538685977
 30
0.0
 40
0.17
  0
TEXT
  5
341
330
17
100
AcDbEntity
  8
YAZI
100
AcDbText
 10
56.16115279672579
 20
20.54768538685977
 30
0.0
 40
0.1
  1
7
  7
ARIAL
 72
     1
 11
56.2
 21
20.59768538685977
 31
0.0
100
AcDbText
 73
     2
  0
LWPOLYLINE
  5
342
330
17
100
AcDbEntity
  8
BALON
100
AcDbPolyline
 90
        3
 70
     0
 43
0.0
 10
56.03
 20
20.59768538685977
 10
55.68
 20
20.59768538685977
 10
49.02786841774371
 20
20.3131590710703
  0
HATCH
  5
343
330
17
100
AcDbEntity
  8
BALON
 62
     7
100
AcDbHatch
 10
0.0
 20
0.0
 30
0.0
210
0.0
220
0.0
230
1.0
  2
SOLID
 70
     1
 71
     0
 91
        1
 92
        1
 93
        1
 72
     2
 10
49.02786841774371
 20
20.3131590710703
 40
0.02
 50
0.0
 51
360.0
 73
     1
 97
        0
 75
     1
 76
     1
 98
        0
450
        0
451
        0
460
0.0
461
0.0
452
        0
462
0.0
453
        0
470

  0
CIRCLE
  5
344
330
17
100
AcDbEntity
  8
BALON
100
AcDbCircle
 10
56.2
 20
19.97768538685977
 30
0.0
 40
0.17
  0
TEXT
  5
345
330
17
100
AcDbEntity
  8
YAZI
100
AcDbText
 10
56.12230559345157
 20
19.92768538685977
 30
0.0
 40
0.1
  1
23
  7
ARIAL
 72
     1
 11
56.2
 21
19.97768538685977
 31
0.0
100
AcDbText
 73
     2
  0
LWPOLYLINE
  5
346
330
17
100
AcDbEntity
  8
BALON
100
AcDbPolyline
 90
        3
 70
     0
 43
0.0
 10
56.03
 20
19.97768538685977
 10
55.68
 20
19.97768538685977
 10
51.2881947216211
 20
20.0231590710703
  0
HATCH
  5
347
330
17
100
AcDbEntity
  8
BALON
 62
     7
100
AcDbHatch
 10
0.0
 20
0.0
 30
0.0
210
0.0
220
0.0
230
1.0
  2
SOLID
 70
     1
 71
     0
 91
        1
 92
        1
 93
        1
 72
     2
 10
51.2881947216211
 20
20.0231590710703
 40
0.02
 50
0.0
 51
360.0
 73
     1
 97
        0
 75
     1
 76
     1
 98
        0
450
        0
451
        0
460
0.0
461
0.0
452
        0
462
0.0
453
        0
470

  0
CIRCLE
  5
348
330
17
100
AcDbEntity
  8
BALON
100
AcDbCircle
 10
56.2
 20
19.35768538685977
 30
0.0
 40
0.17
  0
TEXT
  5
349
330
17
100
AcDbEntity
  8
YAZI
100
AcDbText
 10
56.16115279672579
 20
19.30768538685977
 30
0.0
 40
0.1
  1
8
  7
ARIAL
 72
     1
 11
56.2
 21
19.35768538685977
 31
0.0
100
AcDbText
 73
     2
  0
LWPOLYLINE
  5
34A
330
17
100
AcDbEntity
  8
BALON
100
AcDbPolyline
 90
        3
 70
     0
 43
0.0
 10
56.03
 20
19.35768538685977
 10
55.68
 20
19.35768538685977
 10
52.48114471533416
 20
19.47940907107029
  0
HATCH
  5
34B
330
17
100
AcDbEntity
  8
BALON
 62
     7
100
AcDbHatch
 10
0.0
 20
0.0
 30
0.0
210
0.0
220
0.0
230
1.0
  2
SOLID
 70
     1
 71
     0
 91
        1
 92
        1
 93
        1
 72
     2
 10
52.48114471533416
 20
19.47940907107029
 40
0.02
 50
0.0
 51
360.0
 73
     1
 97
        0
 75
     1
 76
     1
 98
        0
450
        0
451
        0
460
0.0
461
0.0
452
        0
462
0.0
453
        0
470

  0
CIRCLE
  5
34C
330
17
100
AcDbEntity
  8
BALON
100
AcDbCircle
 10
56.2
 20
18.73768538685977
 30
0.0
 40
0.17
  0
TEXT
  5
34D
330
17
100
AcDbEntity
  8
YAZI
100
AcDbText
 10
56.12230559345157
 20
18.68768538685977
 30
0.0
 40
0.1
  1
20
  7
ARIAL
 72
     1
 11
56.2
 21
18.73768538685977
 31
0.0
100
AcDbText
 73
     2
  0
LWPOLYLINE
  5
34E
330
17
100
AcDbEntity
  8
BALON
100
AcDbPolyline
 90
        3
 70
     0
 43
0.0
 10
56.03
 20
18.73768538685977
 10
55.68
 20
18.73768538685977
 10
52.22999734823667
 20
19.33440907107029
  0
HATCH
  5
34F
330
17
100
AcDbEntity
  8
BALON
 62
     7
100
AcDbHatch
 10
0.0
 20
0.0
 30
0.0
210
0.0
220
0.0
230
1.0
  2
SOLID
 70
     1
 71
     0
 91
        1
 92
        1
 93
        1
 72
     2
 10
52.22999734823667
 20
19.33440907107029
 40
0.02
 50
0.0
 51
360.0
 73
     1
 97
        0
 75
     1
 76
     1
 98
        0
450
        0
451
        0
460
0.0
461
0.0
452
        0
462
0.0
453
        0
470

  0
CIRCLE
  5
350
330
17
100
AcDbEntity
  8
BALON
100
AcDbCircle
 10
56.2
 20
18.11768538685977
 30
0.0
 40
0.17
  0
TEXT
  5
351
330
17
100
AcDbEntity
  8
YAZI
100
AcDbText
 10
56.16115279672579
 20
18.06768538685977
 30
0.0
 40
0.1
  1
6
  7
ARIAL
 72
     1
 11
56.2
 21
18.11768538685977
 31
0.0
100
AcDbText
 73
     2
  0
LWPOLYLINE
  5
352
330
17
100
AcDbEntity
  8
BALON
100
AcDbPolyline
 90
        3
 70
     0
 43
0.0
 10
56.03
 20
18.11768538685977
 10
55.68
 20
18.11768538685977
 10
49.27901578484121
 20
19.15315907107029
  0
HATCH
  5
353
330
17
100
AcDbEntity
  8
BALON
 62
     7
100
AcDbHatch
 10
0.0
 20
0.0
 30
0.0
210
0.0
220
0.0
230
1.0
  2
SOLID
 70
     1
 71
     0
 91
        1
 92
        1
 93
        1
 72
     2
 10
49.27901578484121
 20
19.15315907107029
 40
0.02
 50
0.0
 51
360.0
 73
     1
 97
        0
 75
     1
 76
     1
 98
        0
450
        0
451
        0
460
0.0
461
0.0
452
        0
462
0.0
453
        0
470

  0
CIRCLE
  5
354
330
17
100
AcDbEntity
  8
BALON
100
AcDbCircle
 10
56.2
 20
17.49768538685977
 30
0.0
 40
0.17
  0
TEXT
  5
355
330
17
100
AcDbEntity
  8
YAZI
100
AcDbText
 10
56.12230559345157
 20
17.44768538685977
 30
0.0
 40
0.1
  1
10
  7
ARIAL
 72
     1
 11
56.2
 21
17.49768538685977
 31
0.0
100
AcDbText
 73
     2
  0
LWPOLYLINE
  5
356
330
17
100
AcDbEntity
  8
BALON
100
AcDbPolyline
 90
        3
 70
     0
 43
0.0
 10
56.03
 20
17.49768538685977
 10
55.68
 20
17.49768538685977
 10
51.2881947216211
 20
17.99315907107029
  0
HATCH
  5
357
330
17
100
AcDbEntity
  8
BALON
 62
     7
100
AcDbHatch
 10
0.0
 20
0.0
 30
0.0
210
0.0
220
0.0
230
1.0
  2
SOLID
 70
     1
 71
     0
 91
        1
 92
        1
 93
        1
 72
     2
 10
51.2881947216211
 20
17.99315907107029
 40
0.02
 50
0.0
 51
360.0
 73
     1
 97
        0
 75
     1
 76
     1
 98
        0
450
        0
451
        0
460
0.0
461
0.0
452
        0
462
0.0
453
        0
470

  0
CIRCLE
  5
358
330
17
100
AcDbEntity
  8
BALON
100
AcDbCircle
 10
56.2
 20
16.87768538685977
 30
0.0
 40
0.17
  0
TEXT
  5
359
330
17
100
AcDbEntity
  8
YAZI
100
AcDbText
 10
56.16115279672579
 20
16.82768538685976
 30
0.0
 40
0.1
  1
1
  7
ARIAL
 72
     1
 11
56.2
 21
16.87768538685977
 31
0.0
100
AcDbText
 73
     2
  0
LWPOLYLINE
  5
35A
330
17
100
AcDbEntity
  8
BALON
100
AcDbPolyline
 90
        3
 70
     0
 43
0.0
 10
56.03
 20
16.87768538685977
 10
55.68
 20
16.87768538685977
 10
51.09983419629798
 20
17.85540907107029
  0
HATCH
  5
35B
330
17
100
AcDbEntity
  8
BALON
 62
     7
100
AcDbHatch
 10
0.0
 20
0.0
 30
0.0
210
0.0
220
0.0
230
1.0
  2
SOLID
 70
     1
 71
     0
 91
        1
 92
        1
 93
        1
 72
     2
 10
51.09983419629798
 20
17.85540907107029
 40
0.02
 50
0.0
 51
360.0
 73
     1
 97
        0
 75
     1
 76
     1
 98
        0
450
        0
451
        0
460
0.0
461
0.0
452
        0
462
0.0
453
        0
470

  0
CIRCLE
  5
35C
330
17
100
AcDbEntity
  8
BALON
100
AcDbCircle
 10
56.2
 20
16.25768538685977
 30
0.0
 40
0.17
  0
TEXT
  5
35D
330
17
100
AcDbEntity
  8
YAZI
100
AcDbText
 10
56.16115279672579
 20
16.20768538685977
 30
0.0
 40
0.1
  1
2
  7
ARIAL
 72
     1
 11
56.2
 21
16.25768538685977
 31
0.0
100
AcDbText
 73
     2
  0
LWPOLYLINE
  5
35E
330
17
100
AcDbEntity
  8
BALON
100
AcDbPolyline
 90
        3
 70
     0
 43
0.0
 10
56.03
 20
16.25768538685977
 10
55.68
 20
16.25768538685977
 10
51.79048945581608
 20
17.84815907107029
  0
HATCH
  5
35F
330
17
100
AcDbEntity
  8
BALON
 62
     7
100
AcDbHatch
 10
0.0
 20
0.0
 30
0.0
210
0.0
220
0.0
230
1.0
  2
SOLID
 70
     1
 71
     0
 91
        1
 92
        1
 93
        1
 72
     2
 10
51.79048945581608
 20
17.84815907107029
 40
0.02
 50
0.0
 51
360.0
 73
     1
 97
        0
 75
     1
 76
     1
 98
        0
450
        0
451
        0
460
0.0
461
0.0
452
        0
462
0.0
453
        0
470

  0
CIRCLE
  5
360
330
17
100
AcDbEntity
  8
BALON
100
AcDbCircle
 10
56.2
 20
15.63768538685977
 30
0.0
 40
0.17
  0
TEXT
  5
361
330
17
100
AcDbEntity
  8
YAZI
100
AcDbText
 10
56.16115279672579
 20
15.58768538685977
 30
0.0
 40
0.1
  1
3
  7
ARIAL
 72
     1
 11
56.2
 21
15.63768538685977
 31
0.0
100
AcDbText
 73
     2
  0
LWPOLYLINE
  5
362
330
17
100
AcDbEntity
  8
BALON
100
AcDbPolyline
 90
        3
 70
     0
 43
0.0
 10
56.03
 20
15.63768538685977
 10
55.68
 20
15.63768538685977
 10
50.53475262032864
 20
17.48565907107029
  0
HATCH
  5
363
330
17
100
AcDbEntity
  8
BALON
 62
     7
100
AcDbHatch
 10
0.0
 20
0.0
 30
0.0
210
0.0
220
0.0
230
1.0
  2
SOLID
 70
     1
 71
     0
 91
        1
 92
        1
 93
        1
 72
     2
 10
50.53475262032864
 20
17.48565907107029
 40
0.02
 50
0.0
 51
360.0
 73
     1
 97
        0
 75
     1
 76
     1
 98
        0
450
        0
451
        0
460
0.0
461
0.0
452
        0
462
0.0
453
        0
470

  0
CIRCLE
  5
364
330
17
100
AcDbEntity
  8
BALON
100
AcDbCircle
 10
56.2
 20
15.01768538685977
 30
0.0
 40
0.17
  0
TEXT
  5
365
330
17
100
AcDbEntity
  8
YAZI
100
AcDbText
 10
56.16115279672579
 20
14.96768538685977
 30
0.0
 40
0.1
  1
4
  7
ARIAL
 72
     1
 11
56.2
 21
15.01768538685977
 31
0.0
100
AcDbText
 73
     2
  0
LWPOLYLINE
  5
366
330
17
100
AcDbEntity
  8
BALON
100
AcDbPolyline
 90
        3
 70
     0
 43
0.0
 10
56.03
 20
15.01768538685977
 10
55.68
 20
15.01768538685977
 10
50.03245788613365
 20
17.19565907107029
  0
HATCH
  5
367
330
17
100
AcDbEntity
  8
BALON
 62
     7
100
AcDbHatch
 10
0.0
 20
0.0
 30
0.0
210
0.0
220
0.0
230
1.0
  2
SOLID
 70
     1
 71
     0
 91
        1
 92
        1
 93
        1
 72
     2
 10
50.03245788613365
 20
17.19565907107029
 40
0.02
 50
0.0
 51
360.0
 73
     1
 97
        0
 75
     1
 76
     1
 98
        0
450
        0
451
        0
460
0.0
461
0.0
452
        0
462
0.0
453
        0
470

  0
CIRCLE
  5
368
330
17
100
AcDbEntity
  8
BALON
100
AcDbCircle
 10
56.2
 20
14.39768538685977
 30
0.0
 40
0.17
  0
TEXT
  5
369
330
17
100
AcDbEntity
  8
YAZI
100
AcDbText
 10
56.12230559345157
 20
14.34768538685977
 30
0.0
 40
0.1
  1
25
  7
ARIAL
 72
     1
 11
56.2
 21
14.39768538685977
 31
0.0
100
AcDbText
 73
     2
  0
LWPOLYLINE
  5
36A
330
17
100
AcDbEntity
  8
BALON
100
AcDbPolyline
 90
        3
 70
     0
 43
0.0
 10
56.03
 20
14.39768538685977
 10
55.68
 20
14.39768538685977
 10
50.22081841145678
 20
13.46190907107029
  0
HATCH
  5
36B
330
17
100
AcDbEntity
  8
BALON
 62
     7
100
AcDbHatch
 10
0.0
 20
0.0
 30
0.0
210
0.0
220
0.0
230
1.0
  2
SOLID
 70
     1
 71
     0
 91
        1
 92
        1
 93
        1
 72
     2
 10
50.22081841145678
 20
13.46190907107029
 40
0.02
 50
0.0
 51
360.0
 73
     1
 97
        0
 75
     1
 76
     1
 98
        0
450
        0
451
        0
460
0.0
461
0.0
452
        0
462
0.0
453
        0
470

  0
CIRCLE
  5
36C
330
17
100
AcDbEntity
  8
BALON
100
AcDbCircle
 10
56.2
 20
13.77768538685977
 30
0.0
 40
0.17
  0
TEXT
  5
36D
330
17
100
AcDbEntity
  8
YAZI
100
AcDbText
 10
56.12230559345157
 20
13.72768538685977
 30
0.0
 40
0.1
  1
24
  7
ARIAL
 72
     1
 11
56.2
 21
13.77768538685977
 31
0.0
100
AcDbText
 73
     2
  0
LWPOLYLINE
  5
36E
330
17
100
AcDbEntity
  8
BALON
100
AcDbPolyline
 90
        3
 70
     0
 43
0.0
 10
56.03
 20
13.77768538685977
 10
55.68
 20
13.77768538685977
 10
52.10442366468793
 20
13.24440907107029
  0
HATCH
  5
36F
330
17
100
AcDbEntity
  8
BALON
 62
     7
100
AcDbHatch
 10
0.0
 20
0.0
 30
0.0
210
0.0
220
0.0
230
1.0
  2
SOLID
 70
     1
 71
     0
 91
        1
 92
        1
 93
        1
 72
     2
 10
52.10442366468793
 20
13.24440907107029
 40
0.02
 50
0.0
 51
360.0
 73
     1
 97
        0
 75
     1
 76
     1
 98
        0
450
        0
451
        0
460
0.0
461
0.0
452
        0
462
0.0
453
        0
470

  0
TEXT
  5
370
330
17
100
AcDbEntity
  8
YAZI
 62
     8
100
AcDbText
 10
40.4
 20
11.02276343669103
 30
0.0
 40
0.1
  1
Numaralar tesisat malzeme listesindeki poz numaralarıdır. Tüm toprak altı hatlar SCH80 dikişsiz çelik, 2 kat sargılıdır.
  7
ARIAL
 11
40.4
 21
10.99315907107029
 31
0.0
100
AcDbText
 73
     1
  0
TEXT
  5
371
330
17
100
AcDbEntity
  8
BASLIK
100
AcDbText
 10
40.4
 20
9.803233001966955
 30
0.0
 40
0.1275
  1
TESİSAT MALZEME LİSTESİ
  7
ARIAL
 11
40.4
 21
9.765487435800515
 31
0.0
100
AcDbText
 73
     1
  0
LWPOLYLINE
  5
372
330
17
100
AcDbEntity
  8
BASLIK
100
AcDbPolyline
 90
        2
 70
     0
 43
0.0
 10
40.4
 20
9.715487435800515
 10
42.41814999999999
 20
9.715487435800515
  0
LWPOLYLINE
  5
373
330
17
100
AcDbEntity
  8
YAZI
100
AcDbPolyline
 90
        2
 70
     0
 43
0.0
 10
40.4
 20
9.675487435800516
 10
42.41814999999999
 20
9.675487435800516
  0
LWPOLYLINE
  5
374
330
17
100
AcDbEntity
  8
TABLO
100
AcDbPolyline
 90
        4
 70
     1
 43
0.0
 10
40.4
 20
9.105487435800515
 10
49.8
 20
9.105487435800515
 10
49.8
 20
9.465487435800515
 10
40.4
 20
9.465487435800515
  0
HATCH
  5
375
330
17
100
AcDbEntity
  8
TABLO-INCE
100
AcDbHatch
 10
0.0
 20
0.0
 30
0.0
210
0.0
220
0.0
230
1.0
  2
ANSI31
 70
     0
 71
     0
 91
        1
 92
        3
 72
     0
 73
     1
 93
        4
 10
40.4
 20
9.105487435800515
 10
49.8
 20
9.105487435800515
 10
49.8
 20
9.465487435800515
 10
40.4
 20
9.465487435800515
 97
        0
 75
     1
 76
     1
 52
0.0
 41
0.02
 77
     0
 78
     1
 53
45.0
 43
0.0
 44
-5.384512564199484
 45
-0.0449012806
 46
0.0449012806
 79
     0
 98
        0
  0
TEXT
  5
376
330
17
100
AcDbEntity
  8
YAZI
100
AcDbText
 10
40.53141200545701
 20
9.235487435800514
 30
0.0
 40
0.1
  1
POZ
  7
ARIAL
 72
     1
 11
40.67499999999999
 21
9.285487435800515
 31
0.0
100
AcDbText
 73
     2
  0
TEXT
  5
377
330
17
100
AcDbEntity
  8
YAZI
100
AcDbText
 10
41.0638130968622
 20
9.235487435800514
 30
0.0
 40
0.1
  1
ADET
  7
ARIAL
 72
     1
 11
41.24999999999999
 21
9.285487435800515
 31
0.0
100
AcDbText
 73
     2
  0
TEXT
  5
378
330
17
100
AcDbEntity
  8
YAZI
100
AcDbText
 10
41.94256480218281
 20
9.235487435800514
 30
0.0
 40
0.1
  1
EBAT
  7
ARIAL
 72
     1
 11
42.125
 21
9.285487435800515
 31
0.0
100
AcDbText
 73
     2
  0
TEXT
  5
379
330
17
100
AcDbEntity
  8
YAZI
100
AcDbText
 10
43.12650068212823
 20
9.235487435800514
 30
0.0
 40
0.1
  1
MARKA
  7
ARIAL
 72
     1
 11
43.37499999999999
 21
9.285487435800515
 31
0.0
100
AcDbText
 73
     2
  0
TEXT
  5
37A
330
17
100
AcDbEntity
  8
YAZI
100
AcDbText
 10
44.27708049113233
 20
9.235487435800514
 30
0.0
 40
0.1
  1
SINIFI
  7
ARIAL
 72
     1
 11
44.475
 21
9.285487435800515
 31
0.0
100
AcDbText
 73
     2
  0
TEXT
  5
37B
330
17
100
AcDbEntity
  8
YAZI
100
AcDbText
 10
46.99675989085948
 20
9.235487435800514
 30
0.0
 40
0.1
  1
AÇIKLAMA
  7
ARIAL
 72
     1
 11
47.35
 21
9.285487435800515
 31
0.0
100
AcDbText
 73
     2
  0
LWPOLYLINE
  5
37C
330
17
100
AcDbEntity
  8
TABLO-INCE
100
AcDbPolyline
 90
        2
 70
     0
 43
0.0
 10
40.4
 20
8.775487435800515
 10
49.8
 20
8.775487435800515
  0
TEXT
  5
37D
330
17
100
AcDbEntity
  8
YAZI
100
AcDbText
 10
40.63615279672577
 20
8.890487435800514
 30
0.0
 40
0.1
  1
1
  7
ARIAL
 72
     1
 11
40.67499999999999
 21
8.940487435800514
 31
0.0
100
AcDbText
 73
     2
  0
TEXT
  5
37E
330
17
100
AcDbEntity
  8
YAZI
100
AcDbText
 10
41.21115279672578
 20
8.890487435800514
 30
0.0
 40
0.1
  1
4
  7
ARIAL
 72
     1
 11
41.24999999999999
 21
8.940487435800514
 31
0.0
100
AcDbText
 73
     2
  0
TEXT
  5
37F
330
17
100
AcDbEntity
  8
YAZI
100
AcDbText
 10
41.94641882673942
 20
8.890487435800514
 30
0.0
 40
0.1
  1
DN25
  7
ARIAL
 72
     1
 11
42.125
 21
8.940487435800514
 31
0.0
100
AcDbText
 73
     2
  0
TEXT
  5
380
330
17
100
AcDbEntity
  8
YAZI
100
AcDbText
 10
43.17704638472032
 20
8.890487435800514
 30
0.0
 40
0.1
  1
OMAL
  7
ARIAL
 72
     1
 11
43.37499999999999
 21
8.940487435800514
 31
0.0
100
AcDbText
 73
     2
  0
TEXT
  5
381
330
17
100
AcDbEntity
  8
YAZI
100
AcDbText
 10
44.30027285129604
 20
8.890487435800514
 30
0.0
 40
0.1
  1
PN40
  7
ARIAL
 72
     1
 11
44.475
 21
8.940487435800514
 31
0.0
100
AcDbText
 73
     2
  0
TEXT
  5
382
330
17
100
AcDbEntity
  8
YAZI
100
AcDbText
 10
44.98
 20
8.890487435800514
 30
0.0
 40
0.1
  1
Tam geçişli, pnömatik aktüatörlü vana
  7
ARIAL
 11
44.98
 21
8.940487435800514
 31
0.0
100
AcDbText
 73
     2
  0
LWPOLYLINE
  5
383
330
17
100
AcDbEntity
  8
TABLO-INCE
100
AcDbPolyline
 90
        2
 70
     0
 43
0.0
 10
40.4
 20
8.445487435800515
 10
49.8
 20
8.445487435800515
  0
TEXT
  5
384
330
17
100
AcDbEntity
  8
YAZI
100
AcDbText
 10
40.63615279672577
 20
8.560487435800514
 30
0.0
 40
0.1
  1
2
  7
ARIAL
 72
     1
 11
40.67499999999999
 21
8.610487435800514
 31
0.0
100
AcDbText
 73
     2
  0
TEXT
  5
385
330
17
100
AcDbEntity
  8
YAZI
100
AcDbText
 10
41.21115279672578
 20
8.560487435800514
 30
0.0
 40
0.1
  1
1
  7
ARIAL
 72
     1
 11
41.24999999999999
 21
8.610487435800514
 31
0.0
100
AcDbText
 73
     2
  0
TEXT
  5
386
330
17
100
AcDbEntity
  8
YAZI
100
AcDbText
 10
42.10173942701227
 20
8.560487435800514
 30
0.0
 40
0.1
  1
-
  7
ARIAL
 72
     1
 11
42.125
 21
8.610487435800514
 31
0.0
100
AcDbText
 73
     2
  0
TEXT
  5
387
330
17
100
AcDbEntity
  8
YAZI
100
AcDbText
 10
43.04502046384719
 20
8.560487435800514
 30
0.0
 40
0.1
  1
PAKKENS
  7
ARIAL
 72
     1
 11
43.37499999999999
 21
8.610487435800514
 31
0.0
100
AcDbText
 73
     2
  0
TEXT
  5
388
330
17
100
AcDbEntity
  8
YAZI
100
AcDbText
 10
44.30027285129604
 20
8.560487435800514
 30
0.0
 40
0.1
  1
PN40
  7
ARIAL
 72
     1
 11
44.475
 21
8.610487435800514
 31
0.0
100
AcDbText
 73
     2
  0
TEXT
  5
389
330
17
100
AcDbEntity
  8
YAZI
100
AcDbText
 10
44.98
 20
8.560487435800514
 30
0.0
 40
0.1
  1
Tank manometresi Q63, 0-25 bar gliserinli
  7
ARIAL
 11
44.98
 21
8.610487435800514
 31
0.0
100
AcDbText
 73
     2
  0
LWPOLYLINE
  5
38A
330
17
100
AcDbEntity
  8
TABLO-INCE
100
AcDbPolyline
 90
        2
 70
     0
 43
0.0
 10
40.4
 20
8.115487435800515
 10
49.8
 20
8.115487435800515
  0
TEXT
  5
38B
330
17
100
AcDbEntity
  8
YAZI
100
AcDbText
 10
40.63615279672577
 20
8.230487435800514
 30
0.0
 40
0.1
  1
3
  7
ARIAL
 72
     1
 11
40.67499999999999
 21
8.280487435800514
 31
0.0
100
AcDbText
 73
     2
  0
TEXT
  5
38C
330
17
100
AcDbEntity
  8
YAZI
100
AcDbText
 10
41.21115279672578
 20
8.230487435800514
 30
0.0
 40
0.1
  1
1
  7
ARIAL
 72
     1
 11
41.24999999999999
 21
8.280487435800514
 31
0.0
100
AcDbText
 73
     2
  0
TEXT
  5
38D
330
17
100
AcDbEntity
  8
YAZI
100
AcDbText
 10
42.10173942701227
 20
8.230487435800514
 30
0.0
 40
0.1
  1
-
  7
ARIAL
 72
     1
 11
42.125
 21
8.280487435800514
 31
0.0
100
AcDbText
 73
     2
  0
TEXT
  5
38E
330
17
100
AcDbEntity
  8
YAZI
100
AcDbText
 10
43.16930422919508
 20
8.230487435800514
 30
0.0
 40
0.1
  1
REGO
  7
ARIAL
 72
     1
 11
43.37499999999999
 21
8.280487435800514
 31
0.0
100
AcDbText
 73
     2
  0
TEXT
  5
38F
330
17
100
AcDbEntity
  8
YAZI
100
AcDbText
 10
44.31961118690313
 20
8.230487435800514
 30
0.0
 40
0.1
  1
300#
  7
ARIAL
 72
     1
 11
44.475
 21
8.280487435800514
 31
0.0
100
AcDbText
 73
     2
  0
TEXT
  5
390
330
17
100
AcDbEntity
  8
YAZI
100
AcDbText
 10
44.98
 20
8.230487435800514
 30
0.0
 40
0.1
  1
Dolum valfi (REGO 7579C / OMEGA VRN 20)
  7
ARIAL
 11
44.98
 21
8.280487435800514
 31
0.0
100
AcDbText
 73
     2
  0
LWPOLYLINE
  5
391
330
17
100
AcDbEntity
  8
TABLO-INCE
100
AcDbPolyline
 90
        2
 70
     0
 43
0.0
 10
40.4
 20
7.785487435800515
 10
49.8
 20
7.785487435800515
  0
TEXT
  5
392
330
17
100
AcDbEntity
  8
YAZI
100
AcDbText
 10
40.63615279672577
 20
7.900487435800516
 30
0.0
 40
0.1
  1
4
  7
ARIAL
 72
     1
 11
40.67499999999999
 21
7.950487435800516
 31
0.0
100
AcDbText
 73
     2
  0
TEXT
  5
393
330
17
100
AcDbEntity
  8
YAZI
100
AcDbText
 10
41.21115279672578
 20
7.900487435800516
 30
0.0
 40
0.1
  1
1
  7
ARIAL
 72
     1
 11
41.24999999999999
 21
7.950487435800516
 31
0.0
100
AcDbText
 73
     2
  0
TEXT
  5
394
330
17
100
AcDbEntity
  8
YAZI
100
AcDbText
 10
42.10173942701227
 20
7.900487435800516
 30
0.0
 40
0.1
  1
-
  7
ARIAL
 72
     1
 11
42.125
 21
7.950487435800516
 31
0.0
100
AcDbText
 73
     2
  0
TEXT
  5
395
330
17
100
AcDbEntity
  8
YAZI
100
AcDbText
 10
43.1925648021828
 20
7.900487435800516
 30
0.0
 40
0.1
  1
ÖZEL
  7
ARIAL
 72
     1
 11
43.37499999999999
 21
7.950487435800516
 31
0.0
100
AcDbText
 73
     2
  0
TEXT
  5
396
330
17
100
AcDbEntity
  8
YAZI
100
AcDbText
 10
44.45173942701227
 20
7.900487435800516
 30
0.0
 40
0.1
  1
-
  7
ARIAL
 72
     1
 11
44.475
 21
7.950487435800516
 31
0.0
100
AcDbText
 73
     2
  0
TEXT
  5
397
330
17
100
AcDbEntity
  8
YAZI
100
AcDbText
 10
44.98
 20
7.900487435800516
 30
0.0
 40
0.1
  1
Dolum hattı by-pass adaptörü
  7
ARIAL
 11
44.98
 21
7.950487435800516
 31
0.0
100
AcDbText
 73
     2
  0
LWPOLYLINE
  5
398
330
17
100
AcDbEntity
  8
TABLO-INCE
100
AcDbPolyline
 90
        2
 70
     0
 43
0.0
 10
40.4
 20
7.455487435800515
 10
49.8
 20
7.455487435800515
  0
TEXT
  5
399
330
17
100
AcDbEntity
  8
YAZI
100
AcDbText
 10
40.63615279672577
 20
7.570487435800516
 30
0.0
 40
0.1
  1
5
  7
ARIAL
 72
     1
 11
40.67499999999999
 21
7.620487435800516
 31
0.0
100
AcDbText
 73
     2
  0
TEXT
  5
39A
330
17
100
AcDbEntity
  8
YAZI
100
AcDbText
 10
41.22673942701227
 20
7.570487435800516
 30
0.0
 40
0.1
  1
-
  7
ARIAL
 72
     1
 11
41.24999999999999
 21
7.620487435800516
 31
0.0
100
AcDbText
 73
     2
  0
TEXT
  5
39B
330
17
100
AcDbEntity
  8
YAZI
100
AcDbText
 10
41.75859481582537
 20
7.570487435800516
 30
0.0
 40
0.1
  1
DN15 (1/2")
  7
ARIAL
 72
     1
 11
42.125
 21
7.620487435800516
 31
0.0
100
AcDbText
 73
     2
  0
TEXT
  5
39C
330
17
100
AcDbEntity
  8
YAZI
100
AcDbText
 10
43.21967939972714
 20
7.570487435800516
 30
0.0
 40
0.1
  1
MHA
  7
ARIAL
 72
     1
 11
43.37499999999999
 21
7.620487435800516
 31
0.0
100
AcDbText
 73
     2
  0
TEXT
  5
39D
330
17
100
AcDbEntity
  8
YAZI
100
AcDbText
 10
44.26142564802183
 20
7.570487435800516
 30
0.0
 40
0.1
  1
PN500
  7
ARIAL
 72
     1
 11
44.475
 21
7.620487435800516
 31
0.0
100
AcDbText
 73
     2
  0
TEXT
  5
39E
330
17
100
AcDbEntity
  8
YAZI
100
AcDbText
 10
44.98
 20
7.570487435800516
 30
0.0
 40
0.1
  1
Termal tahliye valfi
  7
ARIAL
 11
44.98
 21
7.620487435800516
 31
0.0
100
AcDbText
 73
     2
  0
LWPOLYLINE
  5
39F
330
17
100
AcDbEntity
  8
TABLO-INCE
100
AcDbPolyline
 90
        2
 70
     0
 43
0.0
 10
40.4
 20
7.125487435800515
 10
49.8
 20
7.125487435800515
  0
TEXT
  5
3A0
330
17
100
AcDbEntity
  8
YAZI
100
AcDbText
 10
40.63615279672577
 20
7.240487435800516
 30
0.0
 40
0.1
  1
6
  7
ARIAL
 72
     1
 11
40.67499999999999
 21
7.290487435800516
 31
0.0
100
AcDbText
 73
     2
  0
TEXT
  5
3A1
330
17
100
AcDbEntity
  8
YAZI
100
AcDbText
 10
41.21115279672578
 20
7.240487435800516
 30
0.0
 40
0.1
  1
1
  7
ARIAL
 72
     1
 11
41.24999999999999
 21
7.290487435800516
 31
0.0
100
AcDbText
 73
     2
  0
TEXT
  5
3A2
330
17
100
AcDbEntity
  8
YAZI
100
AcDbText
 10
42.10173942701227
 20
7.240487435800516
 30
0.0
 40
0.1
  1
-
  7
ARIAL
 72
     1
 11
42.125
 21
7.290487435800516
 31
0.0
100
AcDbText
 73
     2
  0
TEXT
  5
3A3
330
17
100
AcDbEntity
  8
YAZI
100
AcDbText
 10
43.14607776261936
 20
7.240487435800516
 30
0.0
 40
0.1
  1
AYVAZ
  7
ARIAL
 72
     1
 11
43.37499999999999
 21
7.290487435800516
 31
0.0
100
AcDbText
 73
     2
  0
TEXT
  5
3A4
330
17
100
AcDbEntity
  8
YAZI
100
AcDbText
 10
44.30027285129604
 20
7.240487435800516
 30
0.0
 40
0.1
  1
PN40
  7
ARIAL
 72
     1
 11
44.475
 21
7.290487435800516
 31
0.0
100
AcDbText
 73
     2
  0
TEXT
  5
3A5
330
17
100
AcDbEntity
  8
YAZI
100
AcDbText
 10
44.98
 20
7.240487435800516
 30
0.0
 40
0.1
  1
Metal örgülü esnek bağlantı (30 cm)
  7
ARIAL
 11
44.98
 21
7.290487435800516
 31
0.0
100
AcDbText
 73
     2
  0
LWPOLYLINE
  5
3A6
330
17
100
AcDbEntity
  8
TABLO-INCE
100
AcDbPolyline
 90
        2
 70
     0
 43
0.0
 10
40.4
 20
6.795487435800515
 10
49.8
 20
6.795487435800515
  0
TEXT
  5
3A7
330
17
100
AcDbEntity
  8
YAZI
100
AcDbText
 10
40.63615279672577
 20
6.910487435800516
 30
0.0
 40
0.1
  1
7
  7
ARIAL
 72
     1
 11
40.67499999999999
 21
6.960487435800516
 31
0.0
100
AcDbText
 73
     2
  0
TEXT
  5
3A8
330
17
100
AcDbEntity
  8
YAZI
100
AcDbText
 10
41.21115279672578
 20
6.910487435800516
 30
0.0
 40
0.1
  1
1
  7
ARIAL
 72
     1
 11
41.24999999999999
 21
6.960487435800516
 31
0.0
100
AcDbText
 73
     2
  0
TEXT
  5
3A9
330
17
100
AcDbEntity
  8
YAZI
100
AcDbText
 10
42.10173942701227
 20
6.910487435800516
 30
0.0
 40
0.1
  1
-
  7
ARIAL
 72
     1
 11
42.125
 21
6.960487435800516
 31
0.0
100
AcDbText
 73
     2
  0
TEXT
  5
3AA
330
17
100
AcDbEntity
  8
YAZI
100
AcDbText
 10
43.35173942701227
 20
6.910487435800516
 30
0.0
 40
0.1
  1
-
  7
ARIAL
 72
     1
 11
43.37499999999999
 21
6.960487435800516
 31
0.0
100
AcDbText
 73
     2
  0
TEXT
  5
3AB
330
17
100
AcDbEntity
  8
YAZI
100
AcDbText
 10
44.45173942701227
 20
6.910487435800516
 30
0.0
 40
0.1
  1
-
  7
ARIAL
 72
     1
 11
44.475
 21
6.960487435800516
 31
0.0
100
AcDbText
 73
     2
  0
TEXT
  5
3AC
330
17
100
AcDbEntity
  8
YAZI
100
AcDbText
 10
44.98
 20
6.910487435800516
 30
0.0
 40
0.1
  1
Harici kademeli pompa
  7
ARIAL
 11
44.98
 21
6.960487435800516
 31
0.0
100
AcDbText
 73
     2
  0
LWPOLYLINE
  5
3AD
330
17
100
AcDbEntity
  8
TABLO-INCE
100
AcDbPolyline
 90
        2
 70
     0
 43
0.0
 10
40.4
 20
6.465487435800515
 10
49.8
 20
6.465487435800515
  0
TEXT
  5
3AE
330
17
100
AcDbEntity
  8
YAZI
100
AcDbText
 10
40.63615279672577
 20
6.580487435800516
 30
0.0
 40
0.1
  1
8
  7
ARIAL
 72
     1
 11
40.67499999999999
 21
6.630487435800516
 31
0.0
100
AcDbText
 73
     2
  0
TEXT
  5
3AF
330
17
100
AcDbEntity
  8
YAZI
100
AcDbText
 10
41.21115279672578
 20
6.580487435800516
 30
0.0
 40
0.1
  1
1
  7
ARIAL
 72
     1
 11
41.24999999999999
 21
6.630487435800516
 31
0.0
100
AcDbText
 73
     2
  0
TEXT
  5
3B0
330
17
100
AcDbEntity
  8
YAZI
100
AcDbText
 10
42.10173942701227
 20
6.580487435800516
 30
0.0
 40
0.1
  1
-
  7
ARIAL
 72
     1
 11
42.125
 21
6.630487435800516
 31
0.0
100
AcDbText
 73
     2
  0
TEXT
  5
3B1
330
17
100
AcDbEntity
  8
YAZI
100
AcDbText
 10
43.07615961800817
 20
6.580487435800516
 30
0.0
 40
0.1
  1
CORKEN
  7
ARIAL
 72
     1
 11
43.37499999999999
 21
6.630487435800516
 31
0.0
100
AcDbText
 73
     2
  0
TEXT
  5
3B2
330
17
100
AcDbEntity
  8
YAZI
100
AcDbText
 10
44.31961118690313
 20
6.580487435800516
 30
0.0
 40
0.1
  1
300#
  7
ARIAL
 72
     1
 11
44.475
 21
6.630487435800516
 31
0.0
100
AcDbText
 73
     2
  0
TEXT
  5
3B3
330
17
100
AcDbEntity
  8
YAZI
100
AcDbText
 10
44.98
 20
6.580487435800516
 30
0.0
 40
0.1
  1
CORKEN B166 by-pass valfi
  7
ARIAL
 11
44.98
 21
6.630487435800516
 31
0.0
100
AcDbText
 73
     2
  0
LWPOLYLINE
  5
3B4
330
17
100
AcDbEntity
  8
TABLO-INCE
100
AcDbPolyline
 90
        2
 70
     0
 43
0.0
 10
40.4
 20
6.135487435800515
 10
49.8
 20
6.135487435800515
  0
TEXT
  5
3B5
330
17
100
AcDbEntity
  8
YAZI
100
AcDbText
 10
40.63615279672577
 20
6.250487435800516
 30
0.0
 40
0.1
  1
9
  7
ARIAL
 72
     1
 11
40.67499999999999
 21
6.300487435800516
 31
0.0
100
AcDbText
 73
     2
  0
TEXT
  5
3B6
330
17
100
AcDbEntity
  8
YAZI
100
AcDbText
 10
41.21115279672578
 20
6.250487435800516
 30
0.0
 40
0.1
  1
1
  7
ARIAL
 72
     1
 11
41.24999999999999
 21
6.300487435800516
 31
0.0
100
AcDbText
 73
     2
  0
TEXT
  5
3B7
330
17
100
AcDbEntity
  8
YAZI
100
AcDbText
 10
42.10173942701227
 20
6.250487435800516
 30
0.0
 40
0.1
  1
-
  7
ARIAL
 72
     1
 11
42.125
 21
6.300487435800516
 31
0.0
100
AcDbText
 73
     2
  0
TEXT
  5
3B8
330
17
100
AcDbEntity
  8
YAZI
100
AcDbText
 10
43.35173942701227
 20
6.250487435800516
 30
0.0
 40
0.1
  1
-
  7
ARIAL
 72
     1
 11
43.37499999999999
 21
6.300487435800516
 31
0.0
100
AcDbText
 73
     2
  0
TEXT
  5
3B9
330
17
100
AcDbEntity
  8
YAZI
100
AcDbText
 10
44.30027285129604
 20
6.250487435800516
 30
0.0
 40
0.1
  1
PN40
  7
ARIAL
 72
     1
 11
44.475
 21
6.300487435800516
 31
0.0
100
AcDbText
 73
     2
  0
TEXT
  5
3BA
330
17
100
AcDbEntity
  8
YAZI
100
AcDbText
 10
44.98
 20
6.250487435800516
 30
0.0
 40
0.1
  1
Çek valf
  7
ARIAL
 11
44.98
 21
6.300487435800516
 31
0.0
100
AcDbText
 73
     2
  0
LWPOLYLINE
  5
3BB
330
17
100
AcDbEntity
  8
TABLO-INCE
100
AcDbPolyline
 90
        2
 70
     0
 43
0.0
 10
40.4
 20
5.805487435800515
 10
49.8
 20
5.805487435800515
  0
TEXT
  5
3BC
330
17
100
AcDbEntity
  8
YAZI
100
AcDbText
 10
40.59730559345156
 20
5.920487435800516
 30
0.0
 40
0.1
  1
10
  7
ARIAL
 72
     1
 11
40.67499999999999
 21
5.970487435800515
 31
0.0
100
AcDbText
 73
     2
  0
TEXT
  5
3BD
330
17
100
AcDbEntity
  8
YAZI
100
AcDbText
 10
41.21115279672578
 20
5.920487435800516
 30
0.0
 40
0.1
  1
5
  7
ARIAL
 72
     1
 11
41.24999999999999
 21
5.970487435800515
 31
0.0
100
AcDbText
 73
     2
  0
TEXT
  5
3BE
330
17
100
AcDbEntity
  8
YAZI
100
AcDbText
 10
42.10173942701227
 20
5.920487435800516
 30
0.0
 40
0.1
  1
-
  7
ARIAL
 72
     1
 11
42.125
 21
5.970487435800515
 31
0.0
100
AcDbText
 73
     2
  0
TEXT
  5
3BF
330
17
100
AcDbEntity
  8
YAZI
100
AcDbText
 10
43.16930422919508
 20
5.920487435800516
 30
0.0
 40
0.1
  1
REGO
  7
ARIAL
 72
     1
 11
43.37499999999999
 21
5.970487435800515
 31
0.0
100
AcDbText
 73
     2
  0
TEXT
  5
3C0
330
17
100
AcDbEntity
  8
YAZI
100
AcDbText
 10
44.31961118690313
 20
5.920487435800516
 30
0.0
 40
0.1
  1
300#
  7
ARIAL
 72
     1
 11
44.475
 21
5.970487435800515
 31
0.0
100
AcDbText
 73
     2
  0
TEXT
  5
3C1
330
17
100
AcDbEntity
  8
YAZI
100
AcDbText
 10
44.98
 20
5.920487435800516
 30
0.0
 40
0.1
  1
Emniyet valfi - REGO 3129
  7
ARIAL
 11
44.98
 21
5.970487435800515
 31
0.0
100
AcDbText
 73
     2
  0
LWPOLYLINE
  5
3C2
330
17
100
AcDbEntity
  8
TABLO-INCE
100
AcDbPolyline
 90
        2
 70
     0
 43
0.0
 10
40.4
 20
5.475487435800515
 10
49.8
 20
5.475487435800515
  0
TEXT
  5
3C3
330
17
100
AcDbEntity
  8
YAZI
100
AcDbText
 10
40.59730559345156
 20
5.590487435800516
 30
0.0
 40
0.1
  1
11
  7
ARIAL
 72
     1
 11
40.67499999999999
 21
5.640487435800515
 31
0.0
100
AcDbText
 73
     2
  0
TEXT
  5
3C4
330
17
100
AcDbEntity
  8
YAZI
100
AcDbText
 10
41.21115279672578
 20
5.590487435800516
 30
0.0
 40
0.1
  1
2
  7
ARIAL
 72
     1
 11
41.24999999999999
 21
5.640487435800515
 31
0.0
100
AcDbText
 73
     2
  0
TEXT
  5
3C5
330
17
100
AcDbEntity
  8
YAZI
100
AcDbText
 10
41.94641882673942
 20
5.590487435800516
 30
0.0
 40
0.1
  1
DN32
  7
ARIAL
 72
     1
 11
42.125
 21
5.640487435800515
 31
0.0
100
AcDbText
 73
     2
  0
TEXT
  5
3C6
330
17
100
AcDbEntity
  8
YAZI
100
AcDbText
 10
43.17704638472032
 20
5.590487435800516
 30
0.0
 40
0.1
  1
OMAL
  7
ARIAL
 72
     1
 11
43.37499999999999
 21
5.640487435800515
 31
0.0
100
AcDbText
 73
     2
  0
TEXT
  5
3C7
330
17
100
AcDbEntity
  8
YAZI
100
AcDbText
 10
44.30027285129604
 20
5.590487435800516
 30
0.0
 40
0.1
  1
PN40
  7
ARIAL
 72
     1
 11
44.475
 21
5.640487435800515
 31
0.0
100
AcDbText
 73
     2
  0
TEXT
  5
3C8
330
17
100
AcDbEntity
  8
YAZI
100
AcDbText
 10
44.98
 20
5.590487435800516
 30
0.0
 40
0.1
  1
Tam geçişli, pnömatik aktüatörlü vana
  7
ARIAL
 11
44.98
 21
5.640487435800515
 31
0.0
100
AcDbText
 73
     2
  0
LWPOLYLINE
  5
3C9
330
17
100
AcDbEntity
  8
TABLO-INCE
100
AcDbPolyline
 90
        2
 70
     0
 43
0.0
 10
40.4
 20
5.145487435800514
 10
49.8
 20
5.145487435800514
  0
TEXT
  5
3CA
330
17
100
AcDbEntity
  8
YAZI
100
AcDbText
 10
40.59730559345156
 20
5.260487435800516
 30
0.0
 40
0.1
  1
12
  7
ARIAL
 72
     1
 11
40.67499999999999
 21
5.310487435800515
 31
0.0
100
AcDbText
 73
     2
  0
TEXT
  5
3CB
330
17
100
AcDbEntity
  8
YAZI
100
AcDbText
 10
41.21115279672578
 20
5.260487435800516
 30
0.0
 40
0.1
  1
2
  7
ARIAL
 72
     1
 11
41.24999999999999
 21
5.310487435800515
 31
0.0
100
AcDbText
 73
     2
  0
TEXT
  5
3CC
330
17
100
AcDbEntity
  8
YAZI
100
AcDbText
 10
41.94641882673942
 20
5.260487435800516
 30
0.0
 40
0.1
  1
DN32
  7
ARIAL
 72
     1
 11
42.125
 21
5.310487435800515
 31
0.0
100
AcDbText
 73
     2
  0
TEXT
  5
3CD
330
17
100
AcDbEntity
  8
YAZI
100
AcDbText
 10
43.14607776261936
 20
5.260487435800516
 30
0.0
 40
0.1
  1
AYVAZ
  7
ARIAL
 72
     1
 11
43.37499999999999
 21
5.310487435800515
 31
0.0
100
AcDbText
 73
     2
  0
TEXT
  5
3CE
330
17
100
AcDbEntity
  8
YAZI
100
AcDbText
 10
44.30027285129604
 20
5.260487435800516
 30
0.0
 40
0.1
  1
PN40
  7
ARIAL
 72
     1
 11
44.475
 21
5.310487435800515
 31
0.0
100
AcDbText
 73
     2
  0
TEXT
  5
3CF
330
17
100
AcDbEntity
  8
YAZI
100
AcDbText
 10
44.98
 20
5.260487435800516
 30
0.0
 40
0.1
  1
Metal örgülü esnek bağlantı (30 cm)
  7
ARIAL
 11
44.98
 21
5.310487435800515
 31
0.0
100
AcDbText
 73
     2
  0
LWPOLYLINE
  5
3D0
330
17
100
AcDbEntity
  8
TABLO-INCE
100
AcDbPolyline
 90
        2
 70
     0
 43
0.0
 10
40.4
 20
4.815487435800514
 10
49.8
 20
4.815487435800514
  0
TEXT
  5
3D1
330
17
100
AcDbEntity
  8
YAZI
 62
    30
100
AcDbText
 10
40.59730559345156
 20
4.930487435800515
 30
0.0
 40
0.1
  1
13
  7
ARIAL
 72
     1
 11
40.67499999999999
 21
4.980487435800515
 31
0.0
100
AcDbText
 73
     2
  0
TEXT
  5
3D2
330
17
100
AcDbEntity
  8
YAZI
 62
    30
100
AcDbText
 10
41.21115279672578
 20
4.930487435800515
 30
0.0
 40
0.1
  1
6
  7
ARIAL
 72
     1
 11
41.24999999999999
 21
4.980487435800515
 31
0.0
100
AcDbText
 73
     2
  0
TEXT
  5
3D3
330
17
100
AcDbEntity
  8
YAZI
 62
    30
100
AcDbText
 10
42.10173942701227
 20
4.930487435800515
 30
0.0
 40
0.1
  1
-
  7
ARIAL
 72
     1
 11
42.125
 21
4.980487435800515
 31
0.0
100
AcDbText
 73
     2
  0
TEXT
  5
3D4
330
17
100
AcDbEntity
  8
YAZI
 62
    30
100
AcDbText
 10
43.06449522510231
 20
4.930487435800515
 30
0.0
 40
0.1
  1
YUY-SAN
  7
ARIAL
 72
     1
 11
43.37499999999999
 21
4.980487435800515
 31
0.0
100
AcDbText
 73
     2
  0
TEXT
  5
3D5
330
17
100
AcDbEntity
  8
YAZI
 62
    30
100
AcDbText
 10
44.30027285129604
 20
4.930487435800515
 30
0.0
 40
0.1
  1
PN40
  7
ARIAL
 72
     1
 11
44.475
 21
4.980487435800515
 31
0.0
100
AcDbText
 73
     2
  0
TEXT
  5
3D6
330
17
100
AcDbEntity
  8
YAZI
 62
    30
100
AcDbText
 10
44.98
 20
4.930487435800515
 30
0.0
 40
0.1
  1
İzole flanş kiti
  7
ARIAL
 11
44.98
 21
4.980487435800515
 31
0.0
100
AcDbText
 73
     2
  0
LWPOLYLINE
  5
3D7
330
17
100
AcDbEntity
  8
TABLO-INCE
100
AcDbPolyline
 90
        2
 70
     0
 43
0.0
 10
40.4
 20
4.485487435800514
 10
49.8
 20
4.485487435800514
  0
TEXT
  5
3D8
330
17
100
AcDbEntity
  8
YAZI
100
AcDbText
 10
40.59730559345156
 20
4.600487435800515
 30
0.0
 40
0.1
  1
14
  7
ARIAL
 72
     1
 11
40.67499999999999
 21
4.650487435800515
 31
0.0
100
AcDbText
 73
     2
  0
TEXT
  5
3D9
330
17
100
AcDbEntity
  8
YAZI
100
AcDbText
 10
41.21115279672578
 20
4.600487435800515
 30
0.0
 40
0.1
  1
2
  7
ARIAL
 72
     1
 11
41.24999999999999
 21
4.650487435800515
 31
0.0
100
AcDbText
 73
     2
  0
TEXT
  5
3DA
330
17
100
AcDbEntity
  8
YAZI
100
AcDbText
 10
41.94641882673942
 20
4.600487435800515
 30
0.0
 40
0.1
  1
DN32
  7
ARIAL
 72
     1
 11
42.125
 21
4.650487435800515
 31
0.0
100
AcDbText
 73
     2
  0
TEXT
  5
3DB
330
17
100
AcDbEntity
  8
YAZI
100
AcDbText
 10
43.35173942701227
 20
4.600487435800515
 30
0.0
 40
0.1
  1
-
  7
ARIAL
 72
     1
 11
43.37499999999999
 21
4.650487435800515
 31
0.0
100
AcDbText
 73
     2
  0
TEXT
  5
3DC
330
17
100
AcDbEntity
  8
YAZI
100
AcDbText
 10
44.30027285129604
 20
4.600487435800515
 30
0.0
 40
0.1
  1
PN40
  7
ARIAL
 72
     1
 11
44.475
 21
4.650487435800515
 31
0.0
100
AcDbText
 73
     2
  0
TEXT
  5
3DD
330
17
100
AcDbEntity
  8
YAZI
100
AcDbText
 10
44.98
 20
4.600487435800515
 30
0.0
 40
0.1
  1
Tam geçişli küresel gaz-fazı vanası (TSE 9809)
  7
ARIAL
 11
44.98
 21
4.650487435800515
 31
0.0
100
AcDbText
 73
     2
  0
LWPOLYLINE
  5
3DE
330
17
100
AcDbEntity
  8
TABLO-INCE
100
AcDbPolyline
 90
        2
 70
     0
 43
0.0
 10
40.4
 20
4.155487435800514
 10
49.8
 20
4.155487435800514
  0
TEXT
  5
3DF
330
17
100
AcDbEntity
  8
YAZI
100
AcDbText
 10
40.59730559345156
 20
4.270487435800515
 30
0.0
 40
0.1
  1
15
  7
ARIAL
 72
     1
 11
40.67499999999999
 21
4.320487435800515
 31
0.0
100
AcDbText
 73
     2
  0
TEXT
  5
3E0
330
17
100
AcDbEntity
  8
YAZI
100
AcDbText
 10
41.21115279672578
 20
4.270487435800515
 30
0.0
 40
0.1
  1
2
  7
ARIAL
 72
     1
 11
41.24999999999999
 21
4.320487435800515
 31
0.0
100
AcDbText
 73
     2
  0
TEXT
  5
3E1
330
17
100
AcDbEntity
  8
YAZI
100
AcDbText
 10
42.00310368349249
 20
4.270487435800515
 30
0.0
 40
0.1
  1
1/2"
  7
ARIAL
 72
     1
 11
42.125
 21
4.320487435800515
 31
0.0
100
AcDbText
 73
     2
  0
TEXT
  5
3E2
330
17
100
AcDbEntity
  8
YAZI
100
AcDbText
 10
43.04502046384719
 20
4.270487435800515
 30
0.0
 40
0.1
  1
PAKKENS
  7
ARIAL
 72
     1
 11
43.37499999999999
 21
4.320487435800515
 31
0.0
100
AcDbText
 73
     2
  0
TEXT
  5
3E3
330
17
100
AcDbEntity
  8
YAZI
100
AcDbText
 10
44.30027285129604
 20
4.270487435800515
 30
0.0
 40
0.1
  1
PN40
  7
ARIAL
 72
     1
 11
44.475
 21
4.320487435800515
 31
0.0
100
AcDbText
 73
     2
  0
TEXT
  5
3E4
330
17
100
AcDbEntity
  8
YAZI
100
AcDbText
 10
44.98
 20
4.270487435800515
 30
0.0
 40
0.1
  1
Q100 0-25 bar gliserinli manometre
  7
ARIAL
 11
44.98
 21
4.320487435800515
 31
0.0
100
AcDbText
 73
     2
  0
LWPOLYLINE
  5
3E5
330
17
100
AcDbEntity
  8
TABLO-INCE
100
AcDbPolyline
 90
        2
 70
     0
 43
0.0
 10
40.4
 20
3.825487435800516
 10
49.8
 20
3.825487435800516
  0
TEXT
  5
3E6
330
17
100
AcDbEntity
  8
YAZI
100
AcDbText
 10
40.59730559345156
 20
3.940487435800515
 30
0.0
 40
0.1
  1
16
  7
ARIAL
 72
     1
 11
40.67499999999999
 21
3.990487435800515
 31
0.0
100
AcDbText
 73
     2
  0
TEXT
  5
3E7
330
17
100
AcDbEntity
  8
YAZI
100
AcDbText
 10
41.21115279672578
 20
3.940487435800515
 30
0.0
 40
0.1
  1
2
  7
ARIAL
 72
     1
 11
41.24999999999999
 21
3.990487435800515
 31
0.0
100
AcDbText
 73
     2
  0
TEXT
  5
3E8
330
17
100
AcDbEntity
  8
YAZI
100
AcDbText
 10
42.00310368349249
 20
3.940487435800515
 30
0.0
 40
0.1
  1
3/4"
  7
ARIAL
 72
     1
 11
42.125
 21
3.990487435800515
 31
0.0
100
AcDbText
 73
     2
  0
TEXT
  5
3E9
330
17
100
AcDbEntity
  8
YAZI
100
AcDbText
 10
43.35173942701227
 20
3.940487435800515
 30
0.0
 40
0.1
  1
-
  7
ARIAL
 72
     1
 11
43.37499999999999
 21
3.990487435800515
 31
0.0
100
AcDbText
 73
     2
  0
TEXT
  5
3EA
330
17
100
AcDbEntity
  8
YAZI
100
AcDbText
 10
44.30027285129604
 20
3.940487435800515
 30
0.0
 40
0.1
  1
PN40
  7
ARIAL
 72
     1
 11
44.475
 21
3.990487435800515
 31
0.0
100
AcDbText
 73
     2
  0
TEXT
  5
3EB
330
17
100
AcDbEntity
  8
YAZI
100
AcDbText
 10
44.98
 20
3.940487435800515
 30
0.0
 40
0.1
  1
R1 esnek bağlantı hortumu
  7
ARIAL
 11
44.98
 21
3.990487435800515
 31
0.0
100
AcDbText
 73
     2
  0
LWPOLYLINE
  5
3EC
330
17
100
AcDbEntity
  8
TABLO-INCE
100
AcDbPolyline
 90
        2
 70
     0
 43
0.0
 10
40.4
 20
3.495487435800512
 10
49.8
 20
3.495487435800512
  0
TEXT
  5
3ED
330
17
100
AcDbEntity
  8
YAZI
 62
    30
100
AcDbText
 10
40.59730559345156
 20
3.610487435800515
 30
0.0
 40
0.1
  1
17
  7
ARIAL
 72
     1
 11
40.67499999999999
 21
3.660487435800515
 31
0.0
100
AcDbText
 73
     2
  0
TEXT
  5
3EE
330
17
100
AcDbEntity
  8
YAZI
 62
    30
100
AcDbText
 10
41.21115279672578
 20
3.610487435800515
 30
0.0
 40
0.1
  1
2
  7
ARIAL
 72
     1
 11
41.24999999999999
 21
3.660487435800515
 31
0.0
100
AcDbText
 73
     2
  0
TEXT
  5
3EF
330
17
100
AcDbEntity
  8
YAZI
 62
    30
100
AcDbText
 10
42.10173942701227
 20
3.610487435800515
 30
0.0
 40
0.1
  1
-
  7
ARIAL
 72
     1
 11
42.125
 21
3.660487435800515
 31
0.0
100
AcDbText
 73
     2
  0
TEXT
  5
3F0
330
17
100
AcDbEntity
  8
YAZI
 62
    30
100
AcDbText
 10
43.01780354706684
 20
3.610487435800515
 30
0.0
 40
0.1
  1
TSE belgeli
  7
ARIAL
 72
     1
 11
43.37499999999999
 21
3.660487435800515
 31
0.0
100
AcDbText
 73
     2
  0
TEXT
  5
3F1
330
17
100
AcDbEntity
  8
YAZI
 62
    30
100
AcDbText
 10
44.45173942701227
 20
3.610487435800515
 30
0.0
 40
0.1
  1
-
  7
ARIAL
 72
     1
 11
44.475
 21
3.660487435800515
 31
0.0
100
AcDbText
 73
     2
  0
TEXT
  5
3F2
330
17
100
AcDbEntity
  8
YAZI
 62
    30
100
AcDbText
 10
44.98
 20
3.610487435800515
 30
0.0
 40
0.1
  1
3,5 Lb magnezyum anot
  7
ARIAL
 11
44.98
 21
3.660487435800515
 31
0.0
100
AcDbText
 73
     2
  0
LWPOLYLINE
  5
3F3
330
17
100
AcDbEntity
  8
TABLO-INCE
100
AcDbPolyline
 90
        2
 70
     0
 43
0.0
 10
40.4
 20
3.165487435800514
 10
49.8
 20
3.165487435800514
  0
TEXT
  5
3F4
330
17
100
AcDbEntity
  8
YAZI
100
AcDbText
 10
40.59730559345156
 20
3.280487435800515
 30
0.0
 40
0.1
  1
18
  7
ARIAL
 72
     1
 11
40.67499999999999
 21
3.330487435800515
 31
0.0
100
AcDbText
 73
     2
  0
TEXT
  5
3F5
330
17
100
AcDbEntity
  8
YAZI
100
AcDbText
 10
41.21115279672578
 20
3.280487435800515
 30
0.0
 40
0.1
  1
2
  7
ARIAL
 72
     1
 11
41.24999999999999
 21
3.330487435800515
 31
0.0
100
AcDbText
 73
     2
  0
TEXT
  5
3F6
330
17
100
AcDbEntity
  8
YAZI
100
AcDbText
 10
41.94641882673942
 20
3.280487435800515
 30
0.0
 40
0.1
  1
DN25
  7
ARIAL
 72
     1
 11
42.125
 21
3.330487435800515
 31
0.0
100
AcDbText
 73
     2
  0
TEXT
  5
3F7
330
17
100
AcDbEntity
  8
YAZI
100
AcDbText
 10
43.35173942701227
 20
3.280487435800515
 30
0.0
 40
0.1
  1
-
  7
ARIAL
 72
     1
 11
43.37499999999999
 21
3.330487435800515
 31
0.0
100
AcDbText
 73
     2
  0
TEXT
  5
3F8
330
17
100
AcDbEntity
  8
YAZI
100
AcDbText
 10
44.30027285129604
 20
3.280487435800515
 30
0.0
 40
0.1
  1
PN40
  7
ARIAL
 72
     1
 11
44.475
 21
3.330487435800515
 31
0.0
100
AcDbText
 73
     2
  0
TEXT
  5
3F9
330
17
100
AcDbEntity
  8
YAZI
100
AcDbText
 10
44.98
 20
3.280487435800515
 30
0.0
 40
0.1
  1
Tam geçişli küresel gaz-fazı vanası (TSE 9809)
  7
ARIAL
 11
44.98
 21
3.330487435800515
 31
0.0
100
AcDbText
 73
     2
  0
LWPOLYLINE
  5
3FA
330
17
100
AcDbEntity
  8
TABLO-INCE
100
AcDbPolyline
 90
        2
 70
     0
 43
0.0
 10
40.4
 20
2.835487435800514
 10
49.8
 20
2.835487435800514
  0
TEXT
  5
3FB
330
17
100
AcDbEntity
  8
YAZI
100
AcDbText
 10
40.59730559345156
 20
2.950487435800515
 30
0.0
 40
0.1
  1
19
  7
ARIAL
 72
     1
 11
40.67499999999999
 21
3.000487435800515
 31
0.0
100
AcDbText
 73
     2
  0
TEXT
  5
3FC
330
17
100
AcDbEntity
  8
YAZI
100
AcDbText
 10
41.21115279672578
 20
2.950487435800515
 30
0.0
 40
0.1
  1
1
  7
ARIAL
 72
     1
 11
41.24999999999999
 21
3.000487435800515
 31
0.0
100
AcDbText
 73
     2
  0
TEXT
  5
3FD
330
17
100
AcDbEntity
  8
YAZI
100
AcDbText
 10
42.10173942701227
 20
2.950487435800515
 30
0.0
 40
0.1
  1
-
  7
ARIAL
 72
     1
 11
42.125
 21
3.000487435800515
 31
0.0
100
AcDbText
 73
     2
  0
TEXT
  5
3FE
330
17
100
AcDbEntity
  8
YAZI
100
AcDbText
 10
43.35173942701227
 20
2.950487435800515
 30
0.0
 40
0.1
  1
-
  7
ARIAL
 72
     1
 11
43.37499999999999
 21
3.000487435800515
 31
0.0
100
AcDbText
 73
     2
  0
TEXT
  5
3FF
330
17
100
AcDbEntity
  8
YAZI
100
AcDbText
 10
44.24982946793997
 20
2.950487435800515
 30
0.0
 40
0.1
  1
SCH80
  7
ARIAL
 72
     1
 11
44.475
 21
3.000487435800515
 31
0.0
100
AcDbText
 73
     2
  0
TEXT
  5
400
330
17
100
AcDbEntity
  8
YAZI
100
AcDbText
 10
44.98
 20
2.950487435800515
 30
0.0
 40
0.1
  1
Redüksiyon
  7
ARIAL
 11
44.98
 21
3.000487435800515
 31
0.0
100
AcDbText
 73
     2
  0
LWPOLYLINE
  5
401
330
17
100
AcDbEntity
  8
TABLO-INCE
100
AcDbPolyline
 90
        2
 70
     0
 43
0.0
 10
40.4
 20
2.505487435800514
 10
49.8
 20
2.505487435800514
  0
TEXT
  5
402
330
17
100
AcDbEntity
  8
YAZI
100
AcDbText
 10
40.59730559345156
 20
2.620487435800515
 30
0.0
 40
0.1
  1
20
  7
ARIAL
 72
     1
 11
40.67499999999999
 21
2.670487435800515
 31
0.0
100
AcDbText
 73
     2
  0
TEXT
  5
403
330
17
100
AcDbEntity
  8
YAZI
100
AcDbText
 10
41.22673942701227
 20
2.620487435800515
 30
0.0
 40
0.1
  1
-
  7
ARIAL
 72
     1
 11
41.24999999999999
 21
2.670487435800515
 31
0.0
100
AcDbText
 73
     2
  0
TEXT
  5
404
330
17
100
AcDbEntity
  8
YAZI
100
AcDbText
 10
42.06135743519782
 20
2.620487435800515
 30
0.0
 40
0.1
  1
1"
  7
ARIAL
 72
     1
 11
42.125
 21
2.670487435800515
 31
0.0
100
AcDbText
 73
     2
  0
TEXT
  5
405
330
17
100
AcDbEntity
  8
YAZI
100
AcDbText
 10
43.35173942701227
 20
2.620487435800515
 30
0.0
 40
0.1
  1
-
  7
ARIAL
 72
     1
 11
43.37499999999999
 21
2.670487435800515
 31
0.0
100
AcDbText
 73
     2
  0
TEXT
  5
406
330
17
100
AcDbEntity
  8
YAZI
100
AcDbText
 10
44.24982946793997
 20
2.620487435800515
 30
0.0
 40
0.1
  1
SCH80
  7
ARIAL
 72
     1
 11
44.475
 21
2.670487435800515
 31
0.0
100
AcDbText
 73
     2
  0
TEXT
  5
407
330
17
100
AcDbEntity
  8
YAZI
100
AcDbText
 10
44.98
 20
2.620487435800515
 30
0.0
 40
0.1
  1
Dikişsiz çelik çekme boru
  7
ARIAL
 11
44.98
 21
2.670487435800515
 31
0.0
100
AcDbText
 73
     2
  0
LWPOLYLINE
  5
408
330
17
100
AcDbEntity
  8
TABLO-INCE
100
AcDbPolyline
 90
        2
 70
     0
 43
0.0
 10
40.4
 20
2.175487435800514
 10
49.8
 20
2.175487435800514
  0
TEXT
  5
409
330
17
100
AcDbEntity
  8
YAZI
100
AcDbText
 10
40.59730559345156
 20
2.290487435800514
 30
0.0
 40
0.1
  1
21
  7
ARIAL
 72
     1
 11
40.67499999999999
 21
2.340487435800514
 31
0.0
100
AcDbText
 73
     2
  0
TEXT
  5
40A
330
17
100
AcDbEntity
  8
YAZI
100
AcDbText
 10
41.22673942701227
 20
2.290487435800514
 30
0.0
 40
0.1
  1
-
  7
ARIAL
 72
     1
 11
41.24999999999999
 21
2.340487435800514
 31
0.0
100
AcDbText
 73
     2
  0
TEXT
  5
40B
330
17
100
AcDbEntity
  8
YAZI
100
AcDbText
 10
41.94484993178718
 20
2.290487435800514
 30
0.0
 40
0.1
  1
1 1/2"
  7
ARIAL
 72
     1
 11
42.125
 21
2.340487435800514
 31
0.0
100
AcDbText
 73
     2
  0
TEXT
  5
40C
330
17
100
AcDbEntity
  8
YAZI
100
AcDbText
 10
43.35173942701227
 20
2.290487435800514
 30
0.0
 40
0.1
  1
-
  7
ARIAL
 72
     1
 11
43.37499999999999
 21
2.340487435800514
 31
0.0
100
AcDbText
 73
     2
  0
TEXT
  5
40D
330
17
100
AcDbEntity
  8
YAZI
100
AcDbText
 10
44.24982946793997
 20
2.290487435800514
 30
0.0
 40
0.1
  1
SCH80
  7
ARIAL
 72
     1
 11
44.475
 21
2.340487435800514
 31
0.0
100
AcDbText
 73
     2
  0
TEXT
  5
40E
330
17
100
AcDbEntity
  8
YAZI
100
AcDbText
 10
44.98
 20
2.290487435800514
 30
0.0
 40
0.1
  1
Dikişsiz çelik çekme boru
  7
ARIAL
 11
44.98
 21
2.340487435800514
 31
0.0
100
AcDbText
 73
     2
  0
LWPOLYLINE
  5
40F
330
17
100
AcDbEntity
  8
TABLO-INCE
100
AcDbPolyline
 90
        2
 70
     0
 43
0.0
 10
40.4
 20
1.845487435800514
 10
49.8
 20
1.845487435800514
  0
TEXT
  5
410
330
17
100
AcDbEntity
  8
YAZI
100
AcDbText
 10
40.59730559345156
 20
1.960487435800514
 30
0.0
 40
0.1
  1
22
  7
ARIAL
 72
     1
 11
40.67499999999999
 21
2.010487435800514
 31
0.0
100
AcDbText
 73
     2
  0
TEXT
  5
411
330
17
100
AcDbEntity
  8
YAZI
100
AcDbText
 10
41.21115279672578
 20
1.960487435800514
 30
0.0
 40
0.1
  1
1
  7
ARIAL
 72
     1
 11
41.24999999999999
 21
2.010487435800514
 31
0.0
100
AcDbText
 73
     2
  0
TEXT
  5
412
330
17
100
AcDbEntity
  8
YAZI
100
AcDbText
 10
41.94641882673942
 20
1.960487435800514
 30
0.0
 40
0.1
  1
DN25
  7
ARIAL
 72
     1
 11
42.125
 21
2.010487435800514
 31
0.0
100
AcDbText
 73
     2
  0
TEXT
  5
413
330
17
100
AcDbEntity
  8
YAZI
100
AcDbText
 10
43.14607776261936
 20
1.960487435800514
 30
0.0
 40
0.1
  1
AYVAZ
  7
ARIAL
 72
     1
 11
43.37499999999999
 21
2.010487435800514
 31
0.0
100
AcDbText
 73
     2
  0
TEXT
  5
414
330
17
100
AcDbEntity
  8
YAZI
100
AcDbText
 10
44.30027285129604
 20
1.960487435800514
 30
0.0
 40
0.1
  1
PN40
  7
ARIAL
 72
     1
 11
44.475
 21
2.010487435800514
 31
0.0
100
AcDbText
 73
     2
  0
TEXT
  5
415
330
17
100
AcDbEntity
  8
YAZI
100
AcDbText
 10
44.98
 20
1.960487435800514
 30
0.0
 40
0.1
  1
Metal örgülü esnek bağlantı (30 cm)
  7
ARIAL
 11
44.98
 21
2.010487435800514
 31
0.0
100
AcDbText
 73
     2
  0
LWPOLYLINE
  5
416
330
17
100
AcDbEntity
  8
TABLO-INCE
100
AcDbPolyline
 90
        2
 70
     0
 43
0.0
 10
40.4
 20
1.515487435800514
 10
49.8
 20
1.515487435800514
  0
TEXT
  5
417
330
17
100
AcDbEntity
  8
YAZI
100
AcDbText
 10
40.59730559345156
 20
1.630487435800514
 30
0.0
 40
0.1
  1
23
  7
ARIAL
 72
     1
 11
40.67499999999999
 21
1.680487435800514
 31
0.0
100
AcDbText
 73
     2
  0
TEXT
  5
418
330
17
100
AcDbEntity
  8
YAZI
100
AcDbText
 10
41.21115279672578
 20
1.630487435800514
 30
0.0
 40
0.1
  1
1
  7
ARIAL
 72
     1
 11
41.24999999999999
 21
1.680487435800514
 31
0.0
100
AcDbText
 73
     2
  0
TEXT
  5
419
330
17
100
AcDbEntity
  8
YAZI
100
AcDbText
 10
42.06135743519782
 20
1.630487435800514
 30
0.0
 40
0.1
  1
2"
  7
ARIAL
 72
     1
 11
42.125
 21
1.680487435800514
 31
0.0
100
AcDbText
 73
     2
  0
TEXT
  5
41A
330
17
100
AcDbEntity
  8
YAZI
100
AcDbText
 10
43.35173942701227
 20
1.630487435800514
 30
0.0
 40
0.1
  1
-
  7
ARIAL
 72
     1
 11
43.37499999999999
 21
1.680487435800514
 31
0.0
100
AcDbText
 73
     2
  0
TEXT
  5
41B
330
17
100
AcDbEntity
  8
YAZI
100
AcDbText
 10
44.45173942701227
 20
1.630487435800514
 30
0.0
 40
0.1
  1
-
  7
ARIAL
 72
     1
 11
44.475
 21
1.680487435800514
 31
0.0
100
AcDbText
 73
     2
  0
TEXT
  5
41C
330
17
100
AcDbEntity
  8
YAZI
100
AcDbText
 10
44.98
 20
1.630487435800514
 30
0.0
 40
0.1
  1
Emniyet ventili bacası (min. 1 m)
  7
ARIAL
 11
44.98
 21
1.680487435800514
 31
0.0
100
AcDbText
 73
     2
  0
LWPOLYLINE
  5
41D
330
17
100
AcDbEntity
  8
TABLO-INCE
100
AcDbPolyline
 90
        2
 70
     0
 43
0.0
 10
40.4
 20
1.185487435800514
 10
49.8
 20
1.185487435800514
  0
TEXT
  5
41E
330
17
100
AcDbEntity
  8
YAZI
 62
    30
100
AcDbText
 10
40.59730559345156
 20
1.300487435800514
 30
0.0
 40
0.1
  1
24
  7
ARIAL
 72
     1
 11
40.67499999999999
 21
1.350487435800515
 31
0.0
100
AcDbText
 73
     2
  0
TEXT
  5
41F
330
17
100
AcDbEntity
  8
YAZI
 62
    30
100
AcDbText
 10
41.21115279672578
 20
1.300487435800514
 30
0.0
 40
0.1
  1
2
  7
ARIAL
 72
     1
 11
41.24999999999999
 21
1.350487435800515
 31
0.0
100
AcDbText
 73
     2
  0
TEXT
  5
420
330
17
100
AcDbEntity
  8
YAZI
 62
    30
100
AcDbText
 10
42.10173942701227
 20
1.300487435800514
 30
0.0
 40
0.1
  1
-
  7
ARIAL
 72
     1
 11
42.125
 21
1.350487435800515
 31
0.0
100
AcDbText
 73
     2
  0
TEXT
  5
421
330
17
100
AcDbEntity
  8
YAZI
 62
    30
100
AcDbText
 10
43.01780354706684
 20
1.300487435800514
 30
0.0
 40
0.1
  1
TSE belgeli
  7
ARIAL
 72
     1
 11
43.37499999999999
 21
1.350487435800515
 31
0.0
100
AcDbText
 73
     2
  0
TEXT
  5
422
330
17
100
AcDbEntity
  8
YAZI
 62
    30
100
AcDbText
 10
44.45173942701227
 20
1.300487435800514
 30
0.0
 40
0.1
  1
-
  7
ARIAL
 72
     1
 11
44.475
 21
1.350487435800515
 31
0.0
100
AcDbText
 73
     2
  0
TEXT
  5
423
330
17
100
AcDbEntity
  8
YAZI
 62
    30
100
AcDbText
 10
44.98
 20
1.300487435800514
 30
0.0
 40
0.1
  1
10 Lb magnezyum anot
  7
ARIAL
 11
44.98
 21
1.350487435800515
 31
0.0
100
AcDbText
 73
     2
  0
LWPOLYLINE
  5
424
330
17
100
AcDbEntity
  8
TABLO-INCE
100
AcDbPolyline
 90
        2
 70
     0
 43
0.0
 10
40.4
 20
0.8554874358005131
 10
49.8
 20
0.8554874358005131
  0
TEXT
  5
425
330
17
100
AcDbEntity
  8
YAZI
100
AcDbText
 10
40.59730559345156
 20
0.9704874358005149
 30
0.0
 40
0.1
  1
25
  7
ARIAL
 72
     1
 11
40.67499999999999
 21
1.020487435800514
 31
0.0
100
AcDbText
 73
     2
  0
TEXT
  5
426
330
17
100
AcDbEntity
  8
YAZI
100
AcDbText
 10
41.21115279672578
 20
0.9704874358005149
 30
0.0
 40
0.1
  1
1
  7
ARIAL
 72
     1
 11
41.24999999999999
 21
1.020487435800514
 31
0.0
100
AcDbText
 73
     2
  0
TEXT
  5
427
330
17
100
AcDbEntity
  8
YAZI
100
AcDbText
 10
41.94645293315143
 20
0.9704874358005149
 30
0.0
 40
0.1
  1
10 m³
  7
ARIAL
 72
     1
 11
42.125
 21
1.020487435800514
 31
0.0
100
AcDbText
 73
     2
  0
TEXT
  5
428
330
17
100
AcDbEntity
  8
YAZI
100
AcDbText
 10
43.35173942701227
 20
0.9704874358005149
 30
0.0
 40
0.1
  1
-
  7
ARIAL
 72
     1
 11
43.37499999999999
 21
1.020487435800514
 31
0.0
100
AcDbText
 73
     2
  0
TEXT
  5
429
330
17
100
AcDbEntity
  8
YAZI
100
AcDbText
 10
44.45173942701227
 20
0.9704874358005149
 30
0.0
 40
0.1
  1
-
  7
ARIAL
 72
     1
 11
44.475
 21
1.020487435800514
 31
0.0
100
AcDbText
 73
     2
  0
TEXT
  5
42A
330
17
100
AcDbEntity
  8
YAZI
100
AcDbText
 10
44.98
 20
0.9704874358005149
 30
0.0
 40
0.1
  1
LPG stok tankı (yeraltı)
  7
ARIAL
 11
44.98
 21
1.020487435800514
 31
0.0
100
AcDbText
 73
     2
  0
LWPOLYLINE
  5
42B
330
17
100
AcDbEntity
  8
TABLO
100
AcDbPolyline
 90
        4
 70
     1
 43
0.0
 10
40.4
 20
0.8554874358005131
 10
49.8
 20
0.8554874358005131
 10
49.8
 20
9.465487435800515
 10
40.4
 20
9.465487435800515
  0
LWPOLYLINE
  5
42C
330
17
100
AcDbEntity
  8
TABLO-INCE
100
AcDbPolyline
 90
        2
 70
     0
 43
0.0
 10
40.95
 20
0.8554874358005131
 10
40.95
 20
9.465487435800515
  0
LWPOLYLINE
  5
42D
330
17
100
AcDbEntity
  8
TABLO-INCE
100
AcDbPolyline
 90
        2
 70
     0
 43
0.0
 10
41.55
 20
0.8554874358005131
 10
41.55
 20
9.465487435800515
  0
LWPOLYLINE
  5
42E
330
17
100
AcDbEntity
  8
TABLO-INCE
100
AcDbPolyline
 90
        2
 70
     0
 43
0.0
 10
42.7
 20
0.8554874358005131
 10
42.7
 20
9.465487435800515
  0
LWPOLYLINE
  5
42F
330
17
100
AcDbEntity
  8
TABLO-INCE
100
AcDbPolyline
 90
        2
 70
     0
 43
0.0
 10
44.05
 20
0.8554874358005131
 10
44.05
 20
9.465487435800515
  0
LWPOLYLINE
  5
430
330
17
100
AcDbEntity
  8
TABLO-INCE
100
AcDbPolyline
 90
        2
 70
     0
 43
0.0
 10
44.9
 20
0.8554874358005131
 10
44.9
 20
9.465487435800515
  0
TEXT
  5
431
330
17
100
AcDbEntity
  8
YAZI
 62
     8
100
AcDbText
 10
40.4
 20
0.0796043656207367
 30
0.0
 40
0.1
  1
Turuncu satırlar katodik koruma ile ilgili kalemlerdir.
  7
ARIAL
 11
40.4
 21
0.05
 31
0.0
100
AcDbText
 73
     1
  0
TEXT
  5
432
330
17
100
AcDbEntity
  8
BASLIK
100
AcDbText
 10
58.6
 20
29.33506751908998
 30
0.0
 40
0.1275
  1
PERSPEKTİF GÖRÜNÜŞ - LPG TANKI ve KATODİK KORUMA
  7
ARIAL
 11
58.6
 21
29.29732195292354
 31
0.0
100
AcDbText
 73
     1
  0
LWPOLYLINE
  5
433
330
17
100
AcDbEntity
  8
BASLIK
100
AcDbPolyline
 90
        2
 70
     0
 43
0.0
 10
58.6
 20
29.24732195292354
 10
62.5944
 20
29.24732195292354
  0
LWPOLYLINE
  5
434
330
17
100
AcDbEntity
  8
YAZI
100
AcDbPolyline
 90
        2
 70
     0
 43
0.0
 10
58.6
 20
29.20732195292354
 10
62.5944
 20
29.20732195292354
  0
TEXT
  5
435
330
17
100
AcDbEntity
  8
YAZI
100
AcDbText
 10
58.6
 20
29.03732195292354
 30
0.0
 40
0.1
  1
İzometrik görünüş - tank zemin altındadır, toprak gösterilmemiştir.
  7
ARIAL
 11
58.6
 21
29.13732195292354
 31
0.0
100
AcDbText
 73
     3
  0
LWPOLYLINE
  5
436
330
17
100
AcDbEntity
  8
PERSPEKTIF-INCE
100
AcDbPolyline
 90
        6
 70
     1
 43
0.0
 10
63.64899999999999
 20
21.96928457665639
 10
66.125833
 20
20.53928457665639
 10
72.430498
 20
24.17928457665639
 10
72.430498
 20
24.50428457665639
 10
69.953665
 20
25.93428457665639
 10
63.64899999999999
 20
22.29428457665639
  0
LWPOLYLINE
  5
437
330
17
100
AcDbEntity
  8
PERSPEKTIF-INCE
100
AcDbPolyline
 90
        2
 70
     0
 43
0.0
 10
66.12583302491977
 20
20.86428457665639
 10
72.43049796447047
 20
24.50428457665639
  0
LWPOLYLINE
  5
438
330
17
100
AcDbEntity
  8
PERSPEKTIF-INCE
100
AcDbPolyline
 90
        2
 70
     0
 43
0.0
 10
66.12583302491977
 20
20.86428457665639
 10
63.64900037009628
 20
22.29428457665639
  0
LWPOLYLINE
  5
439
330
17
100
AcDbEntity
  8
PERSPEKTIF-INCE
100
AcDbPolyline
 90
        2
 70
     0
 43
0.0
 10
66.12583302491977
 20
20.86428457665639
 10
66.12583302491977
 20
20.53928457665639
  0
LWPOLYLINE
  5
43A
330
17
100
AcDbEntity
  8
PERSPEKTIF
100
AcDbPolyline
 90
       90
 70
     1
 43
0.0
 10
64.443387
 20
23.67957057665639
 10
64.44644
 20
23.59704457665639
 10
64.455578
 20
23.51162057665639
 10
64.470731
 20
23.42394957665639
 10
64.481808
 20
23.37004957665639
 10
64.500923
 20
23.28901057665639
 10
64.525249
 20
23.20715257665639
 10
64.554601
 20
23.12509857665639
 10
64.58875500000001
 20
23.04347457665639
 10
64.627452
 20
22.96289957665639
 10
64.67039699999999
 20
22.88398857665639
 10
64.717264
 20
22.80734157665639
 10
64.76769499999999
 20
22.73354157665639
 10
64.82130699999999
 20
22.66315057665639
 10
64.877691
 20
22.59670357665639
 10
64.936419
 20
22.53470757665639
 10
64.99704399999998
 20
22.47763457665639
 10
65.038184
 20
22.4410915766564
 10
65.10653399999999
 20
22.38413357665639
 10
65.175944
 20
22.33350757665639
 10
65.245886
 20
22.28960057665639
 10
65.315829
 20
22.25274557665639
 10
65.385239
 20
22.2232225766564
 10
65.459917
 20
22.19399057665639
 10
65.532873
 20
22.17054557665639
 10
65.60414200000001
 20
22.15534557665639
 10
65.673181
 20
22.14850657665639
 10
65.755837
 20
22.14560057665639
 10
65.824674
 20
22.14723457665639
 10
65.890126
 20
22.15759457665639
 10
65.951695
 20
22.17659957665639
 10
66.02927
 20
22.20334857665639
 10
66.08720100000001
 20
22.23119757665639
 10
71.26603199999999
 20
25.22119757665639
 10
71.31911600000001
 20
25.25744257665639
 10
71.381069
 20
25.31124957665639
 10
71.428312
 20
25.35506757665639
 10
71.47001
 20
25.40657057665639
 10
71.50584399999999
 20
25.4653675766564
 10
71.544655
 20
25.53840357665639
 10
71.57325199999999
 20
25.60161257665639
 10
71.59572299999999
 20
25.67093357665639
 10
71.611897
 20
25.7458375766564
 10
71.62392
 20
25.82512757665639
 10
71.63305799999999
 20
25.8999995766564
 10
71.636112
 20
25.9789985766564
 10
71.63305799999999
 20
26.0615245766564
 10
71.62392
 20
26.14694857665639
 10
71.608767
 20
26.23461957665639
 10
71.59769
 20
26.28851957665639
 10
71.57857599999999
 20
26.36955857665639
 10
71.55425
 20
26.45141657665639
 10
71.52489799999999
 20
26.53347057665639
 10
71.49074300000001
 20
26.61509457665639
 10
71.45204599999999
 20
26.69566957665639
 10
71.40910100000001
 20
26.77458057665639
 10
71.362234
 20
26.85122757665639
 10
71.311803
 20
26.92502757665639
 10
71.25819200000001
 20
26.99541857665639
 10
71.20180699999998
 20
27.0618655766564
 10
71.143079
 20
27.1238615766564
 10
71.082454
 20
27.18093457665639
 10
71.04131399999999
 20
27.21747757665639
 10
70.972965
 20
27.27443557665639
 10
70.90355500000001
 20
27.32506157665639
 10
70.833612
 20
27.3689685766564
 10
70.76366999999999
 20
27.4058235766564
 10
70.69425999999999
 20
27.4353465766564
 10
70.61958100000001
 20
27.46457857665639
 10
70.546625
 20
27.4880235766564
 10
70.47535699999999
 20
27.5032235766564
 10
70.406317
 20
27.5100625766564
 10
70.323661
 20
27.51296857665639
 10
70.254824
 20
27.51133457665639
 10
70.18937199999999
 20
27.5009745766564
 10
70.127803
 20
27.48196957665639
 10
70.050228
 20
27.45522057665639
 10
69.99229800000001
 20
27.42737157665639
 10
64.81346600000001
 20
24.43737157665639
 10
64.76038299999999
 20
24.40112657665639
 10
64.69843
 20
24.34731957665639
 10
64.651186
 20
24.30350157665639
 10
64.60948899999999
 20
24.25199857665639
 10
64.573654
 20
24.19320157665639
 10
64.53484300000001
 20
24.12016557665639
 10
64.50624599999999
 20
24.05695657665639
 10
64.48377499999999
 20
23.98763557665639
 10
64.467601
 20
23.91273157665639
 10
64.455578
 20
23.83344157665639
 10
64.44644
 20
23.75856957665639
  0
LWPOLYLINE
  5
43B
330
17
100
AcDbEntity
  8
GIZLI
100
AcDbPolyline
 90
       11
 70
     0
 43
0.0
 10
64.54966679003209
 20
23.85428457665639
 10
64.55309409767856
 20
23.94294779212167
 10
64.56334993673737
 20
24.02697871299635
 10
64.58035625408058
 20
24.10573781323332
 10
64.60398362136456
 20
24.17862568852376
 10
64.63405222005765
 20
24.24508761812578
 10
64.6703332099679
 20
24.3046177866243
 10
64.71255047085503
 20
24.35676313349175
 10
64.76038270387221
 20
24.40112680115227
 10
64.81346587684427
 20
24.43737115530741
 10
64.87139599477242
 20
24.46522035453713
  0
LWPOLYLINE
  5
43C
330
17
100
AcDbEntity
  8
PERSPEKTIF
100
AcDbPolyline
 90
       36
 70
     0
 43
0.0
 10
64.87139599477242
 20
24.46522035453713
 10
64.93373217448007
 20
24.48446244961948
 10
65.0
 20
24.4949509965922
 10
65.06969513316642
 20
24.49660617127967
 10
65.14228715193285
 20
24.48941537680308
 10
65.21722358720421
 20
24.47343333945033
 10
65.29393412746026
 20
24.44878169217589
 10
65.37183495917052
 20
24.4156480489006
 10
65.45033320996791
 20
24.37428457665639
 10
65.52883146076529
 20
24.32500607644302
 10
65.60673229247557
 20
24.26818758740229
 10
65.6834428327316
 20
24.20426153254372
 10
65.75837926800296
 20
24.13371442774439
 10
65.83097128676939
 20
24.05708317906935
 10
65.90066641993582
 20
23.9749509965922
 10
65.96693424545574
 20
23.8879429558144
 10
66.02927042516339
 20
23.79672124046313
 10
66.08720054309154
 20
23.7019801028734
 10
66.14028371606361
 20
23.60444058030852
 10
66.18811594908078
 20
23.5048450074312
 10
66.23033320996791
 20
23.40395136668848
 10
66.26661419987816
 20
23.30252751960766
 10
66.29668279857125
 20
23.20134536290641
 10
66.32031016585523
 20
23.1011749538927
 10
66.33731648319844
 20
23.00277864986365
 10
66.34757232225723
 20
22.90690530610625
 10
66.35099962990373
 20
22.81428457665639
 10
66.34757232225723
 20
22.72562136119112
 10
66.33731648319844
 20
22.64159044031643
 10
66.32031016585523
 20
22.56283134007946
 10
66.29668279857125
 20
22.48994346478902
 10
66.26661419987816
 20
22.423481535187
 10
66.23033320996791
 20
22.36395136668848
 10
66.18811594908078
 20
22.31180601982103
 10
66.14028371606361
 20
22.26744235216052
 10
66.08720054309154
 20
22.23119799800538
  0
LWPOLYLINE
  5
43D
330
17
100
AcDbEntity
  8
GIZLI
100
AcDbPolyline
 90
       28
 70
     0
 43
0.0
 10
66.08720054309154
 20
22.23119799800538
 10
66.02927042516339
 20
22.20334879877566
 10
65.96693424545574
 20
22.1841067036933
 10
65.90066641993582
 20
22.17361815672058
 10
65.83097128676939
 20
22.17196298203311
 10
65.75837926800296
 20
22.1791537765097
 10
65.6834428327316
 20
22.19513581386245
 10
65.60673229247557
 20
22.21978746113689
 10
65.52883146076529
 20
22.25292110441219
 10
65.45033320996791
 20
22.29428457665639
 10
65.37183495917052
 20
22.34356307686976
 10
65.29393412746026
 20
22.4003815659105
 10
65.21722358720421
 20
22.46430762076907
 10
65.14228715193285
 20
22.5348547255684
 10
65.06969513316642
 20
22.61148597424344
 10
65.0
 20
22.69361815672057
 10
64.93373217448007
 20
22.78062619749838
 10
64.87139599477242
 20
22.87184791284965
 10
64.81346587684427
 20
22.96658905043939
 10
64.76038270387221
 20
23.06412857300426
 10
64.71255047085503
 20
23.16372414588157
 10
64.6703332099679
 20
23.2646177866243
 10
64.63405222005765
 20
23.36604163370513
 10
64.60398362136456
 20
23.46722379040637
 10
64.58035625408058
 20
23.56739419942008
 10
64.56334993673737
 20
23.66579050344913
 10
64.55309409767856
 20
23.76166384720654
 10
64.54966679003209
 20
23.85428457665639
  0
LWPOLYLINE
  5
43E
330
17
100
AcDbEntity
  8
GIZLI
100
AcDbPolyline
 90
       11
 70
     0
 43
0.0
 10
69.72849870466304
 20
26.84428457665639
 10
69.7319260123095
 20
26.93294779212167
 10
69.74218185136831
 20
27.01697871299635
 10
69.75918816871153
 20
27.09573781323333
 10
69.7828155359955
 20
27.16862568852376
 10
69.8128841346886
 20
27.23508761812577
 10
69.84916512459886
 20
27.2946177866243
 10
69.89138238548597
 20
27.34676313349176
 10
69.93921461850316
 20
27.39112680115227
 10
69.99229779147523
 20
27.4273711553074
 10
70.05022790940337
 20
27.45522035453713
  0
LWPOLYLINE
  5
43F
330
17
100
AcDbEntity
  8
PERSPEKTIF
100
AcDbPolyline
 90
       36
 70
     0
 43
0.0
 10
70.05022790940337
 20
27.45522035453713
 10
70.11256408911101
 20
27.47446244961949
 10
70.17883191463096
 20
27.4849509965922
 10
70.24852704779736
 20
27.48660617127967
 10
70.32111906656378
 20
27.47941537680308
 10
70.39605550183515
 20
27.46343333945033
 10
70.47276604209121
 20
27.4387816921759
 10
70.55066687380149
 20
27.40564804890059
 10
70.62916512459885
 20
27.36428457665639
 10
70.70766337539623
 20
27.31500607644303
 10
70.78556420710651
 20
27.25818758740228
 10
70.86227474736254
 20
27.19426153254371
 10
70.93721118263393
 20
27.12371442774439
 10
71.00980320140035
 20
27.04708317906935
 10
71.07949833456676
 20
26.96495099659221
 10
71.14576616008669
 20
26.8779429558144
 10
71.20810233979431
 20
26.78672124046313
 10
71.26603245772248
 20
26.69198010287339
 10
71.31911563069455
 20
26.59444058030852
 10
71.36694786371174
 20
26.4948450074312
 10
71.40916512459885
 20
26.39395136668849
 10
71.44544611450911
 20
26.29252751960766
 10
71.4755147132022
 20
26.19134536290641
 10
71.49914208048618
 20
26.0911749538927
 10
71.51614839782941
 20
25.99277864986365
 10
71.52640423688819
 20
25.89690530610625
 10
71.52983154453467
 20
25.80428457665639
 10
71.52640423688819
 20
25.71562136119112
 10
71.51614839782941
 20
25.63159044031644
 10
71.49914208048618
 20
25.55283134007946
 10
71.4755147132022
 20
25.47994346478902
 10
71.44544611450911
 20
25.413481535187
 10
71.40916512459885
 20
25.35395136668848
 10
71.36694786371174
 20
25.30180601982103
 10
71.31911563069455
 20
25.25744235216052
 10
71.26603245772248
 20
25.22119799800538
  0
LWPOLYLINE
  5
440
330
17
100
AcDbEntity
  8
GIZLI
100
AcDbPolyline
 90
       28
 70
     0
 43
0.0
 10
71.26603245772248
 20
25.22119799800538
 10
71.20810233979431
 20
25.19334879877565
 10
71.14576616008669
 20
25.1741067036933
 10
71.07949833456676
 20
25.16361815672058
 10
71.00980320140035
 20
25.16196298203312
 10
70.93721118263393
 20
25.1691537765097
 10
70.86227474736254
 20
25.18513581386244
 10
70.78556420710651
 20
25.20978746113689
 10
70.70766337539623
 20
25.24292110441219
 10
70.62916512459885
 20
25.28428457665639
 10
70.55066687380149
 20
25.33356307686976
 10
70.47276604209121
 20
25.3903815659105
 10
70.39605550183515
 20
25.45430762076907
 10
70.32111906656378
 20
25.52485472556839
 10
70.24852704779736
 20
25.60148597424344
 10
70.17883191463096
 20
25.68361815672057
 10
70.11256408911101
 20
25.77062619749838
 10
70.05022790940337
 20
25.86184791284966
 10
69.99229779147523
 20
25.95658905043938
 10
69.93921461850316
 20
26.05412857300426
 10
69.89138238548597
 20
26.15372414588158
 10
69.84916512459886
 20
26.2546177866243
 10
69.8128841346886
 20
26.35604163370512
 10
69.7828155359955
 20
26.45722379040637
 10
69.75918816871153
 20
26.5573941994201
 10
69.74218185136831
 20
26.65579050344913
 10
69.7319260123095
 20
26.75166384720654
 10
69.72849870466304
 20
26.84428457665639
  0
LWPOLYLINE
  5
441
330
17
100
AcDbEntity
  8
PERSPEKTIF-INCE
100
AcDbPolyline
 90
        2
 70
     0
 43
0.0
 10
66.3161093402701
 20
22.54776564471879
 10
71.49494125490105
 20
25.53776564471879
  0
LWPOLYLINE
  5
442
330
17
100
AcDbEntity
  8
PERSPEKTIF-INCE
100
AcDbPolyline
 90
        2
 70
     0
 43
0.0
 10
66.24557445741911
 20
22.38690140307242
 10
71.42440637205004
 20
25.37690140307242
  0
LWPOLYLINE
  5
443
330
17
100
AcDbEntity
  8
PERSPEKTIF-INCE
100
AcDbPolyline
 90
        2
 70
     0
 43
0.0
 10
66.17898764995882
 20
22.30229907719725
 10
71.35781956458977
 20
25.29229907719724
  0
LWPOLYLINE
  5
444
330
17
100
AcDbEntity
  8
PERSPEKTIF-INCE
100
AcDbPolyline
 90
        2
 70
     0
 43
0.0
 10
66.13007478567843
 20
22.25953420479042
 10
71.30890670030936
 20
25.24953420479042
  0
LWPOLYLINE
  5
445
330
17
100
AcDbEntity
  8
PERSPEKTIF-INCE
100
AcDbPolyline
 90
        2
 70
     0
 43
0.0
 10
66.09821841265627
 20
22.23778317520294
 10
71.27705032728721
 20
25.22778317520294
  0
LWPOLYLINE
  5
446
330
17
100
AcDbEntity
  8
PERSPEKTIF-INCE
100
AcDbPolyline
 90
       14
 70
     0
 43
0.0
 10
65.33774990747592
 20
23.13928457665639
 10
65.56098184066261
 20
24.16113581027372
 10
65.54333778641901
 20
24.26322197570386
 10
65.53269735339552
 20
24.36269056985216
 10
65.52914152171229
 20
24.45878457665639
 10
65.53269735339552
 20
24.55077266270161
 10
65.54333778641901
 20
24.6379547431091
 10
65.56098184066261
 20
24.71966730960496
 10
65.58549523421972
 20
24.79528848021878
 10
65.61669140536382
 20
24.86424273218088
 10
65.6543329323957
 20
24.9260052819981
 10
65.6981333405661
 20
24.98010607937308
 10
65.74775928232141
 20
25.02613338457086
 10
65.80283307427996
 20
25.06373690200682
  0
LWPOLYLINE
  5
447
330
17
100
AcDbEntity
  8
PERSPEKTIF-INCE
100
AcDbPolyline
 90
       32
 70
     0
 43
0.0
 10
65.80283307427996
 20
25.06373690200682
 10
65.8629355716304
 20
25.09263044620766
 10
65.92760935807707
 20
25.1125941198556
 10
65.99636222705401
 20
25.1234759873398
 10
66.06867092771415
 20
25.12519323107804
 10
66.14398514718432
 20
25.11773278180859
 10
66.22173169877837
 20
25.10115141805511
 10
66.301318884294
 20
25.07557533400787
 10
66.38214099719341
 20
25.04119917910975
 10
66.46358293239571
 20
24.99828457665639
 10
66.54502486759799
 20
24.94715813268502
 10
66.62584698049738
 20
24.88820895030526
 10
66.70543416601304
 20
24.82188566838948
 10
66.78318071760708
 20
24.74869304716019
 10
66.85849493707724
 20
24.66918812665984
 10
66.93080363773741
 20
24.5839759873398
 10
66.99955650671434
 20
24.49370514503283
 10
67.064230293161
 20
24.39906261535588
 10
67.12433279051146
 20
24.30076868510653
 10
67.17940658246998
 20
24.19957143044549
 10
67.22903252422529
 20
24.09624102358526
 10
67.2728329323957
 20
23.99156387131468
 10
67.31047445942758
 20
23.88633662996834
 10
67.34167063057167
 20
23.78136014239079
 10
67.36618402412879
 20
23.67743334303906
 10
67.38382807837239
 20
23.57534717760892
 10
67.39446851139589
 20
23.47587858346062
 10
67.39802434307911
 20
23.37978457665639
 10
67.39446851139589
 20
23.28779649061118
 10
67.38382807837239
 20
23.20061441020369
 10
67.36618402412879
 20
23.11890184370782
 10
67.58941595731546
 20
21.83928457665639
  0
LWPOLYLINE
  5
448
330
17
100
AcDbEntity
  8
PERSPEKTIF-INCE
100
AcDbPolyline
 90
       14
 70
     0
 43
0.0
 10
68.49008237725128
 20
24.95928457665639
 10
68.71331431043796
 20
25.98113581027372
 10
68.69567025619438
 20
26.08322197570386
 10
68.68502982317088
 20
26.18269056985216
 10
68.68147399148765
 20
26.27878457665639
 10
68.68502982317088
 20
26.37077266270161
 10
68.69567025619438
 20
26.45795474310909
 10
68.71331431043796
 20
26.53966730960496
 10
68.73782770399508
 20
26.61528848021879
 10
68.76902387513917
 20
26.68424273218088
 10
68.80666540217106
 20
26.74600528199809
 10
68.85046581034146
 20
26.80010607937308
 10
68.90009175209677
 20
26.84613338457086
 10
68.95516554405529
 20
26.88373690200682
  0
LWPOLYLINE
  5
449
330
17
100
AcDbEntity
  8
PERSPEKTIF-INCE
100
AcDbPolyline
 90
       32
 70
     0
 43
0.0
 10
68.95516554405529
 20
26.88373690200682
 10
69.01526804140575
 20
26.91263044620766
 10
69.07994182785242
 20
26.9325941198556
 10
69.14869469682935
 20
26.9434759873398
 10
69.22100339748951
 20
26.94519323107805
 10
69.29631761695969
 20
26.93773278180858
 10
69.37406416855373
 20
26.92115141805511
 10
69.45365135406935
 20
26.89557533400787
 10
69.53447346696879
 20
26.86119917910975
 10
69.61591540217106
 20
26.8182845766564
 10
69.69735733737334
 20
26.76715813268502
 10
69.77817945027275
 20
26.70820895030526
 10
69.85776663578841
 20
26.64188566838948
 10
69.93551318738244
 20
26.5686930471602
 10
70.01082740685261
 20
26.48918812665983
 10
70.08313610751276
 20
26.4039759873398
 10
70.15188897648968
 20
26.31370514503282
 10
70.21656276293636
 20
26.21906261535588
 10
70.27666526028681
 20
26.12076868510654
 10
70.33173905224534
 20
26.01957143044548
 10
70.38136499400065
 20
25.91624102358526
 10
70.42516540217106
 20
25.81156387131468
 10
70.46280692920294
 20
25.70633662996833
 10
70.49400310034703
 20
25.60136014239079
 10
70.51851649390416
 20
25.49743334303907
 10
70.53616054814774
 20
25.39534717760892
 10
70.54680098117123
 20
25.29587858346062
 10
70.55035681285445
 20
25.19978457665639
 10
70.54680098117123
 20
25.10779649061118
 10
70.53616054814774
 20
25.02061441020368
 10
70.51851649390416
 20
24.93890184370782
 10
70.74174842709083
 20
23.65928457665639
  0
LWPOLYLINE
  5
44A
330
17
100
AcDbEntity
  8
PERSPEKTIF
100
AcDbPolyline
 90
       50
 70
     1
 43
0.0
 10
68.21428199999999
 20
26.29178457665639
 10
68.21904899999999
 20
26.24978957665639
 10
68.23326999999999
 20
26.20851357665639
 10
68.256701
 20
26.1686625766564
 10
68.28894
 20
26.13091757665639
 10
68.329437
 20
26.09592557665639
 10
68.377499
 20
26.06428457665639
 10
68.432303
 20
26.0365365766564
 10
68.49291099999999
 20
26.01315557665639
 10
68.55828699999999
 20
25.9945415766564
 10
68.62731099999999
 20
25.98101357665639
 10
68.69880400000001
 20
25.97280357665639
 10
68.771541
 20
25.97005057665639
 10
68.844278
 20
25.97280357665639
 10
68.91576999999999
 20
25.98101357665639
 10
68.98479399999999
 20
25.9945415766564
 10
69.05016999999999
 20
26.01315557665639
 10
69.110778
 20
26.0365365766564
 10
69.165582
 20
26.06428457665639
 10
69.21364399999998
 20
26.09592557665639
 10
69.25414100000001
 20
26.13091757665639
 10
69.286381
 20
26.1686625766564
 10
69.309811
 20
26.20851357665639
 10
69.32403199999999
 20
26.24978957665639
 10
69.3288
 20
26.29178457665639
 10
69.3288
 20
27.33178457665639
 10
69.32403199999999
 20
27.37377957665639
 10
69.309811
 20
27.41505557665639
 10
69.286381
 20
27.45490657665639
 10
69.25414100000001
 20
27.49265157665639
 10
69.21364399999998
 20
27.5276435766564
 10
69.165582
 20
27.55928457665639
 10
69.110778
 20
27.58703257665639
 10
69.05016999999999
 20
27.61041357665639
 10
68.98479399999999
 20
27.62902757665639
 10
68.91576999999999
 20
27.64255557665639
 10
68.844278
 20
27.65076557665639
 10
68.771541
 20
27.6535185766564
 10
68.69880400000001
 20
27.65076557665639
 10
68.62731099999999
 20
27.64255557665639
 10
68.55828699999999
 20
27.62902757665639
 10
68.49291099999999
 20
27.61041357665639
 10
68.432303
 20
27.58703257665639
 10
68.377499
 20
27.55928457665639
 10
68.329437
 20
27.5276435766564
 10
68.28894
 20
27.49265157665639
 10
68.256701
 20
27.45490657665639
 10
68.23326999999999
 20
27.41505557665639
 10
68.21904899999999
 20
27.37377957665639
 10
68.21428199999999
 20
27.33178457665639
  0
LWPOLYLINE
  5
44B
330
17
100
AcDbEntity
  8
PERSPEKTIF
100
AcDbPolyline
 90
       48
 70
     1
 43
0.0
 10
69.16558219220314
 20
27.55928457665639
 10
69.11077836780738
 20
27.58703299134899
 10
69.05017009172282
 20
27.61041403489798
 10
68.98479438835707
 20
27.62902765116577
 10
68.91576985412027
 20
27.64255535601736
 10
68.84427751793045
 20
27.65076568667213
 10
68.77154063348125
 20
27.65351816209627
 10
68.69880374903201
 20
27.65076568667213
 10
68.62731141284219
 20
27.64255535601736
 10
68.5582868786054
 20
27.62902765116577
 10
68.49291117523964
 20
27.61041403489798
 10
68.43230289915507
 20
27.58703299134899
 10
68.37749907475931
 20
27.55928457665639
 10
68.32943741068223
 20
27.52764357388887
 10
68.28894025532139
 20
27.49265136937633
 10
68.25670052623299
 20
27.45490668943965
 10
68.23326985412028
 20
27.41505535601735
 10
68.21904914427925
 20
27.37377923647316
 10
68.21428171699806
 20
27.33178457665639
 10
68.21904914427925
 20
27.28978991683962
 10
68.23326985412028
 20
27.24851379729543
 10
68.25670052623299
 20
27.20866246387313
 10
68.28894025532139
 20
27.17091778393645
 10
68.32943741068223
 20
27.13592557942391
 10
68.37749907475931
 20
27.10428457665639
 10
68.43230289915507
 20
27.07653616196379
 10
68.49291117523964
 20
27.05315511841481
 10
68.5582868786054
 20
27.03454150214702
 10
68.62731141284219
 20
27.02101379729543
 10
68.69880374903201
 20
27.01280346664065
 10
68.77154063348125
 20
27.01005099121652
 10
68.84427751793045
 20
27.01280346664065
 10
68.91576985412027
 20
27.02101379729543
 10
68.98479438835707
 20
27.03454150214702
 10
69.05017009172282
 20
27.05315511841481
 10
69.11077836780738
 20
27.07653616196379
 10
69.16558219220314
 20
27.10428457665639
 10
69.21364385628023
 20
27.13592557942391
 10
69.25414101164104
 20
27.17091778393645
 10
69.28638074072947
 20
27.20866246387313
 10
69.3098114128422
 20
27.24851379729543
 10
69.32403212268321
 20
27.28978991683962
 10
69.3287995499644
 20
27.33178457665639
 10
69.32403212268321
 20
27.37377923647316
 10
69.3098114128422
 20
27.41505535601735
 10
69.28638074072947
 20
27.45490668943965
 10
69.25414101164104
 20
27.49265136937633
 10
69.21364385628023
 20
27.52764357388887
  0
LWPOLYLINE
  5
44C
330
17
100
AcDbEntity
  8
PERSPEKTIF-INCE
100
AcDbPolyline
 90
        6
 70
     1
 43
0.0
 10
67.082791
 20
27.20178457665639
 10
68.771541
 20
26.22678457665639
 10
70.46029
 20
27.20178457665639
 10
70.46029
 20
27.33178457665639
 10
68.771541
 20
28.30678457665639
 10
67.082791
 20
27.33178457665639
  0
LWPOLYLINE
  5
44D
330
17
100
AcDbEntity
  8
PERSPEKTIF-INCE
100
AcDbPolyline
 90
        2
 70
     0
 43
0.0
 10
68.77154063348125
 20
26.3567845766564
 10
70.46029017086088
 20
27.33178457665639
  0
LWPOLYLINE
  5
44E
330
17
100
AcDbEntity
  8
PERSPEKTIF-INCE
100
AcDbPolyline
 90
        2
 70
     0
 43
0.0
 10
68.77154063348125
 20
26.3567845766564
 10
67.08279109610157
 20
27.33178457665639
  0
LWPOLYLINE
  5
44F
330
17
100
AcDbEntity
  8
PERSPEKTIF-INCE
100
AcDbPolyline
 90
        2
 70
     0
 43
0.0
 10
68.77154063348125
 20
26.3567845766564
 10
68.77154063348125
 20
26.22678457665639
  0
LWPOLYLINE
  5
450
330
17
100
AcDbEntity
  8
PERSPEKTIF
100
AcDbPolyline
 90
       50
 70
     1
 43
0.0
 10
68.05506499999999
 20
27.33178457665639
 10
68.061194
 20
27.27779157665639
 10
68.079478
 20
27.22472257665639
 10
68.10960300000001
 20
27.17348457665639
 10
68.151054
 20
27.12495557665639
 10
68.203122
 20
27.07996557665639
 10
68.264916
 20
27.03928457665639
 10
68.33537800000001
 20
27.00360757665639
 10
68.413303
 20
26.97354657665639
 10
68.497357
 20
26.94961457665639
 10
68.58610300000001
 20
26.93222257665639
 10
68.67802199999999
 20
26.9216655766564
 10
68.771541
 20
26.91812757665639
 10
68.865059
 20
26.9216655766564
 10
68.956978
 20
26.93222257665639
 10
69.04572399999999
 20
26.94961457665639
 10
69.129779
 20
26.97354657665639
 10
69.207703
 20
27.00360757665639
 10
69.278165
 20
27.03928457665639
 10
69.33995899999999
 20
27.07996557665639
 10
69.392027
 20
27.12495557665639
 10
69.43347800000001
 20
27.17348457665639
 10
69.46360300000001
 20
27.22472257665639
 10
69.481887
 20
27.27779157665639
 10
69.488016
 20
27.33178457665639
 10
69.488016
 20
27.48778457665639
 10
69.481887
 20
27.54177757665639
 10
69.46360300000001
 20
27.5948465766564
 10
69.43347800000001
 20
27.6460845766564
 10
69.392027
 20
27.69461357665639
 10
69.33995899999999
 20
27.73960357665639
 10
69.278165
 20
27.78028457665639
 10
69.207703
 20
27.81596157665639
 10
69.129779
 20
27.84602257665639
 10
69.04572399999999
 20
27.86995457665639
 10
68.956978
 20
27.88734657665639
 10
68.865059
 20
27.89790357665639
 10
68.771541
 20
27.9014415766564
 10
68.67802199999999
 20
27.89790357665639
 10
68.58610300000001
 20
27.88734657665639
 10
68.497357
 20
27.86995457665639
 10
68.413303
 20
27.84602257665639
 10
68.33537800000001
 20
27.81596157665639
 10
68.264916
 20
27.78028457665639
 10
68.203122
 20
27.73960357665639
 10
68.151054
 20
27.69461357665639
 10
68.10960300000001
 20
27.6460845766564
 10
68.079478
 20
27.5948465766564
 10
68.061194
 20
27.54177757665639
 10
68.05506499999999
 20
27.48778457665639
  0
LWPOLYLINE
  5
451
330
17
100
AcDbEntity
  8
PERSPEKTIF
100
AcDbPolyline
 90
       48
 70
     1
 43
0.0
 10
69.27816549469513
 20
27.78028457665639
 10
69.2077034347577
 20
27.81596110983259
 10
69.12977850836327
 20
27.84602245153843
 10
69.04572403260729
 20
27.86995424388273
 10
68.95697820287428
 20
27.88734700726334
 10
68.86505948491595
 20
27.89790314667663
 10
68.77154063348125
 20
27.90144204365052
 10
68.67802178204652
 20
27.89790314667663
 10
68.58610306408817
 20
27.88734700726334
 10
68.49735723435514
 20
27.86995424388273
 10
68.41330275859919
 20
27.84602245153843
 10
68.33537783220475
 20
27.81596110983259
 10
68.26491577226732
 20
27.78028457665639
 10
68.20312220416821
 20
27.73960328738386
 10
68.15105443299003
 20
27.69461331015346
 10
68.10960335273353
 20
27.64608443594916
 10
68.07947820287428
 20
27.59484700726334
 10
68.06119443307868
 20
27.54177771070652
 10
68.05506488371715
 20
27.48778457665639
 10
68.06119443307868
 20
27.43379144260626
 10
68.07947820287428
 20
27.38072214604944
 10
68.10960335273353
 20
27.32948471736364
 10
68.15105443299003
 20
27.28095584315932
 10
68.20312220416821
 20
27.23596586592893
 10
68.26491577226732
 20
27.19528457665639
 10
68.33537783220475
 20
27.15960804348018
 10
68.41330275859919
 20
27.12954670177435
 10
68.49735723435514
 20
27.10561490943006
 10
68.58610306408817
 20
27.08822214604945
 10
68.67802178204652
 20
27.07766600663616
 10
68.77154063348125
 20
27.07412710966226
 10
68.86505948491595
 20
27.07766600663616
 10
68.95697820287428
 20
27.08822214604945
 10
69.04572403260729
 20
27.10561490943006
 10
69.12977850836327
 20
27.12954670177435
 10
69.2077034347577
 20
27.15960804348018
 10
69.27816549469513
 20
27.19528457665639
 10
69.33995906279425
 20
27.23596586592893
 10
69.39202683397242
 20
27.28095584315932
 10
69.43347791422893
 20
27.32948471736364
 10
69.46360306408817
 20
27.38072214604944
 10
69.48188683388377
 20
27.43379144260626
 10
69.48801638324531
 20
27.48778457665639
 10
69.48188683388377
 20
27.54177771070652
 10
69.46360306408817
 20
27.59484700726334
 10
69.43347791422893
 20
27.64608443594916
 10
69.39202683397242
 20
27.69461331015346
 10
69.33995906279425
 20
27.73960328738386
  0
TEXT
  5
452
330
17
100
AcDbEntity
  8
YAZI
 62
     8
100
AcDbText
 10
67.94957610414974
 20
26.12678457665639
 30
0.0
 40
0.1
  1
ZEMİN ±0.00
  7
ARIAL
 72
     2
 11
68.77154063348125
 21
26.22678457665639
 31
0.0
100
AcDbText
 73
     3
  0
LWPOLYLINE
  5
453
330
17
100
AcDbEntity
  8
IZO-HAT
100
AcDbPolyline
 90
        3
 70
     0
 43
0.0
 10
68.73776564273363
 20
27.3122845766564
 10
68.73776564273363
 20
27.67628457665639
 10
66.992724454108
 20
26.66878457665639
  0
LWPOLYLINE
  5
454
330
17
100
AcDbEntity
  8
KK-IZOLASYON
100
AcDbPolyline
 90
        2
 70
     0
 43
0.0
 10
68.64776564273363
 20
27.48528457665641
 10
68.82776564273363
 20
27.48528457665641
  0
LWPOLYLINE
  5
455
330
17
100
AcDbEntity
  8
KK-IZOLASYON
100
AcDbPolyline
 90
        2
 70
     0
 43
0.0
 10
68.64776564273363
 20
27.55528457665639
 10
68.82776564273363
 20
27.55528457665639
  0
HATCH
  5
456
330
17
100
AcDbEntity
  8
KK-IZOLASYON
100
AcDbHatch
 10
0.0
 20
0.0
 30
0.0
210
0.0
220
0.0
230
1.0
  2
SOLID
 70
     1
 71
     0
 91
        1
 92
        3
 72
     0
 73
     1
 93
        4
 10
68.66776564273364
 20
27.48528457665641
 10
68.66776564273364
 20
27.55528457665639
 10
68.80776564273363
 20
27.55528457665639
 10
68.80776564273363
 20
27.48528457665641
 97
        0
 75
     1
 76
     1
 98
        0
450
        0
451
        0
460
0.0
461
0.0
452
        0
462
0.0
453
        0
470

  0
LWPOLYLINE
  5
457
330
17
100
AcDbEntity
  8
IZO-HAT
100
AcDbPolyline
 90
        3
 70
     0
 43
0.0
 10
68.46756571675289
 20
27.46828457665639
 10
68.46756571675289
 20
27.83228457665639
 10
66.72252452812725
 20
26.82478457665639
  0
LWPOLYLINE
  5
458
330
17
100
AcDbEntity
  8
KK-IZOLASYON
100
AcDbPolyline
 90
        2
 70
     0
 43
0.0
 10
68.37756571675289
 20
27.6412845766564
 10
68.55756571675289
 20
27.6412845766564
  0
LWPOLYLINE
  5
459
330
17
100
AcDbEntity
  8
KK-IZOLASYON
100
AcDbPolyline
 90
        2
 70
     0
 43
0.0
 10
68.37756571675289
 20
27.71128457665639
 10
68.55756571675289
 20
27.71128457665639
  0
HATCH
  5
45A
330
17
100
AcDbEntity
  8
KK-IZOLASYON
100
AcDbHatch
 10
0.0
 20
0.0
 30
0.0
210
0.0
220
0.0
230
1.0
  2
SOLID
 70
     1
 71
     0
 91
        1
 92
        3
 72
     0
 73
     1
 93
        4
 10
68.39756571675291
 20
27.6412845766564
 10
68.39756571675291
 20
27.71128457665639
 10
68.53756571675288
 20
27.71128457665639
 10
68.53756571675288
 20
27.6412845766564
 97
        0
 75
     1
 76
     1
 98
        0
450
        0
451
        0
460
0.0
461
0.0
452
        0
462
0.0
453
        0
470

  0
LWPOLYLINE
  5
45B
330
17
100
AcDbEntity
  8
KK-ANOT
100
AcDbPolyline
 90
       50
 70
     1
 43
0.0
 10
67.79979200000001
 20
22.35928457665639
 10
67.800882
 20
22.34968557665639
 10
67.80413299999999
 20
22.34025157665639
 10
67.809488
 20
22.33114257665639
 10
67.816857
 20
22.32251457665639
 10
67.826114
 20
22.31451657665639
 10
67.83709899999999
 20
22.30728457665639
 10
67.849626
 20
22.30094257665639
 10
67.86347899999999
 20
22.29559757665639
 10
67.878422
 20
22.29134357665639
 10
67.894199
 20
22.28825157665639
 10
67.91053999999999
 20
22.28637457665639
 10
67.927166
 20
22.28574557665639
 10
67.943791
 20
22.28637457665639
 10
67.960133
 20
22.28825157665639
 10
67.97591
 20
22.29134357665639
 10
67.990853
 20
22.29559757665639
 10
68.004706
 20
22.30094257665639
 10
68.01723299999999
 20
22.30728457665639
 10
68.02821800000001
 20
22.31451657665639
 10
68.037475
 20
22.32251457665639
 10
68.04484399999999
 20
22.33114257665639
 10
68.05019899999999
 20
22.34025157665639
 10
68.05344999999999
 20
22.34968557665639
 10
68.054539
 20
22.35928457665639
 10
68.054539
 20
23.00928457665639
 10
68.05344999999999
 20
23.01888357665639
 10
68.05019899999999
 20
23.02831757665639
 10
68.04484399999999
 20
23.03742657665639
 10
68.037475
 20
23.04605457665639
 10
68.02821800000001
 20
23.05405257665639
 10
68.01723299999999
 20
23.06128457665639
 10
68.004706
 20
23.06762657665639
 10
67.990853
 20
23.07297157665639
 10
67.97591
 20
23.07722557665639
 10
67.960133
 20
23.0803175766564
 10
67.943791
 20
23.08219457665639
 10
67.927166
 20
23.08282357665639
 10
67.91053999999999
 20
23.08219457665639
 10
67.894199
 20
23.0803175766564
 10
67.878422
 20
23.07722557665639
 10
67.86347899999999
 20
23.07297157665639
 10
67.849626
 20
23.06762657665639
 10
67.83709899999999
 20
23.06128457665639
 10
67.826114
 20
23.05405257665639
 10
67.816857
 20
23.04605457665639
 10
67.809488
 20
23.03742657665639
 10
67.80413299999999
 20
23.02831757665639
 10
67.800882
 20
23.01888357665639
 10
67.79979200000001
 20
23.00928457665639
  0
LWPOLYLINE
  5
45C
330
17
100
AcDbEntity
  8
KK-ANOT
100
AcDbPolyline
 90
       48
 70
     1
 43
0.0
 10
68.01723250678498
 20
23.06128457665639
 10
68.00470591835166
 20
23.06762707144327
 10
67.99085259810377
 20
23.07297130996875
 10
67.9759095801916
 20
23.07722585082996
 10
67.96013254379461
 20
23.08031789765318
 10
67.94379143837979
 20
23.08219454466
 10
67.92716586479141
 20
23.08282368189979
 10
67.910540291203
 20
23.08219454466
 10
67.89419918578819
 20
23.08031789765318
 10
67.87842214939121
 20
23.07722585082996
 10
67.86347913147904
 20
23.07297130996875
 10
67.84962581123114
 20
23.06762707144327
 10
67.83709922279782
 20
23.06128457665639
 10
67.8261136995802
 20
23.05405234745239
 10
67.8168572069263
 20
23.04605412927809
 10
67.80948812599179
 20
23.037426773864
 10
67.8041325437946
 20
23.02831789765318
 10
67.80088209583097
 20
23.01888335604308
 10
67.79979239816667
 20
23.00928457665639
 10
67.80088209583097
 20
22.9996857972697
 10
67.8041325437946
 20
22.9902512556596
 10
67.80948812599179
 20
22.98114237944879
 10
67.8168572069263
 20
22.97251502403469
 10
67.8261136995802
 20
22.9645168058604
 10
67.83709922279782
 20
22.95728457665639
 10
67.84962581123114
 20
22.95094208186951
 10
67.86347913147904
 20
22.94559784334403
 10
67.87842214939121
 20
22.94134330248282
 10
67.89419918578819
 20
22.9382512556596
 10
67.910540291203
 20
22.93637460865279
 10
67.92716586479141
 20
22.93574547141299
 10
67.94379143837979
 20
22.93637460865279
 10
67.96013254379461
 20
22.9382512556596
 10
67.9759095801916
 20
22.94134330248282
 10
67.99085259810377
 20
22.94559784334403
 10
68.00470591835166
 20
22.95094208186951
 10
68.01723250678498
 20
22.95728457665639
 10
68.0282180300026
 20
22.9645168058604
 10
68.03747452265651
 20
22.97251502403469
 10
68.04484360359099
 20
22.98114237944879
 10
68.05019918578818
 20
22.9902512556596
 10
68.05344963375185
 20
22.9996857972697
 10
68.05453933141612
 20
23.00928457665639
 10
68.05344963375185
 20
23.01888335604308
 10
68.05019918578818
 20
23.02831789765318
 10
68.04484360359099
 20
23.037426773864
 10
68.03747452265651
 20
23.04605412927809
 10
68.0282180300026
 20
23.05405234745239
  0
LWPOLYLINE
  5
45D
330
17
100
AcDbEntity
  8
KK-ANOT
100
AcDbPolyline
 90
       50
 70
     1
 43
0.0
 10
67.91237599999999
 20
26.58428457665639
 10
67.913465
 20
26.5746855766564
 10
67.916716
 20
26.56525157665639
 10
67.922071
 20
26.55614257665639
 10
67.92944099999999
 20
26.54751457665639
 10
67.93869699999999
 20
26.53951657665639
 10
67.94968299999999
 20
26.53228457665639
 10
67.962209
 20
26.52594257665639
 10
67.976062
 20
26.52059757665639
 10
67.991005
 20
26.5163435766564
 10
68.006782
 20
26.51325157665639
 10
68.02312399999999
 20
26.51137457665639
 10
68.039749
 20
26.51074557665639
 10
68.056375
 20
26.51137457665639
 10
68.07271599999999
 20
26.51325157665639
 10
68.088493
 20
26.5163435766564
 10
68.103436
 20
26.52059757665639
 10
68.117289
 20
26.52594257665639
 10
68.129816
 20
26.53228457665639
 10
68.14080099999999
 20
26.53951657665639
 10
68.150058
 20
26.54751457665639
 10
68.157427
 20
26.55614257665639
 10
68.16278199999999
 20
26.56525157665639
 10
68.166033
 20
26.5746855766564
 10
68.167123
 20
26.58428457665639
 10
68.167123
 20
27.23428457665639
 10
68.166033
 20
27.2438835766564
 10
68.16278199999999
 20
27.25331757665639
 10
68.157427
 20
27.26242657665639
 10
68.150058
 20
27.27105457665639
 10
68.14080099999999
 20
27.27905257665639
 10
68.129816
 20
27.28628457665639
 10
68.117289
 20
27.29262657665639
 10
68.103436
 20
27.2979715766564
 10
68.088493
 20
27.30222557665639
 10
68.07271599999999
 20
27.3053175766564
 10
68.056375
 20
27.30719457665639
 10
68.039749
 20
27.3078235766564
 10
68.02312399999999
 20
27.30719457665639
 10
68.006782
 20
27.3053175766564
 10
67.991005
 20
27.30222557665639
 10
67.976062
 20
27.2979715766564
 10
67.962209
 20
27.29262657665639
 10
67.94968299999999
 20
27.28628457665639
 10
67.93869699999999
 20
27.27905257665639
 10
67.92944099999999
 20
27.27105457665639
 10
67.922071
 20
27.26242657665639
 10
67.916716
 20
27.25331757665639
 10
67.913465
 20
27.2438835766564
 10
67.91237599999999
 20
27.23428457665639
  0
LWPOLYLINE
  5
45E
330
17
100
AcDbEntity
  8
KK-ANOT
100
AcDbPolyline
 90
       48
 70
     1
 43
0.0
 10
68.12981580927696
 20
27.28628457665639
 10
68.11728922084364
 20
27.29262707144327
 10
68.10343590059574
 20
27.29797130996875
 10
68.08849288268357
 20
27.30222585082997
 10
68.07271584628657
 20
27.30531789765318
 10
68.05637474087177
 20
27.30719454465999
 10
68.03974916728339
 20
27.30782368189979
 10
68.02312359369499
 20
27.30719454465999
 10
68.00678248828017
 20
27.30531789765318
 10
67.99100545188318
 20
27.30222585082997
 10
67.97606243397102
 20
27.29797130996875
 10
67.96220911372312
 20
27.29262707144327
 10
67.94968252528978
 20
27.28628457665639
 10
67.93869700207217
 20
27.27905234745239
 10
67.92944050941827
 20
27.27105412927809
 10
67.92207142848379
 20
27.26242677386399
 10
67.91671584628659
 20
27.25331789765319
 10
67.91346539832293
 20
27.24388335604309
 10
67.91237570065866
 20
27.23428457665639
 10
67.91346539832293
 20
27.2246857972697
 10
67.91671584628659
 20
27.2152512556596
 10
67.92207142848379
 20
27.20614237944879
 10
67.92944050941827
 20
27.19751502403469
 10
67.93869700207217
 20
27.1895168058604
 10
67.94968252528978
 20
27.18228457665639
 10
67.96220911372312
 20
27.17594208186952
 10
67.97606243397102
 20
27.17059784334403
 10
67.99100545188318
 20
27.16634330248282
 10
68.00678248828017
 20
27.16325125565961
 10
68.02312359369499
 20
27.16137460865279
 10
68.03974916728339
 20
27.160745471413
 10
68.05637474087177
 20
27.16137460865279
 10
68.07271584628657
 20
27.16325125565961
 10
68.08849288268357
 20
27.16634330248282
 10
68.10343590059574
 20
27.17059784334403
 10
68.11728922084364
 20
27.17594208186952
 10
68.12981580927696
 20
27.18228457665639
 10
68.14080133249458
 20
27.1895168058604
 10
68.15005782514848
 20
27.19751502403469
 10
68.15742690608297
 20
27.20614237944879
 10
68.16278248828017
 20
27.2152512556596
 10
68.16603293624384
 20
27.2246857972697
 10
68.16712263390811
 20
27.23428457665639
 10
68.16603293624384
 20
27.24388335604309
 10
68.16278248828017
 20
27.25331789765319
 10
68.15742690608297
 20
27.26242677386399
 10
68.15005782514848
 20
27.27105412927809
 10
68.14080133249458
 20
27.27905234745239
  0
LWPOLYLINE
  5
45F
330
17
100
AcDbEntity
  8
KK-KABLO
100
AcDbPolyline
 90
        5
 70
     0
 43
0.0
 10
67.92716586479141
 20
23.00928457665639
 10
67.92716586479141
 20
23.98428457665639
 10
65.85563309893903
 20
22.78828457665639
 10
66.12583302491977
 20
22.63228457665639
 10
66.12583302491977
 20
23.41228457665639
  0
LWPOLYLINE
  5
460
330
17
100
AcDbEntity
  8
KK-KABLO
100
AcDbPolyline
 90
        5
 70
     0
 43
0.0
 10
68.03974916728339
 20
27.23428457665639
 10
68.03974916728339
 20
28.20928457665639
 10
62.74833395016046
 20
25.15428457665639
 10
66.51987458364169
 20
22.97678457665639
 10
66.02450805267699
 20
22.69078457665639
  0
LWPOLYLINE
  5
461
330
17
100
AcDbEntity
  8
KK-OLCUM
100
AcDbPolyline
 90
       50
 70
     1
 43
0.0
 10
69.15818699999999
 20
23.88678457665639
 10
69.158732
 20
23.88198557665639
 10
69.16035699999999
 20
23.87726757665639
 10
69.16303499999999
 20
23.87271357665639
 10
69.16672
 20
23.86839957665639
 10
69.17134799999999
 20
23.86440057665639
 10
69.17684100000001
 20
23.86078457665639
 10
69.183104
 20
23.85761357665639
 10
69.19003
 20
23.85494157665639
 10
69.197502
 20
23.85281357665639
 10
69.205391
 20
23.8512675766564
 10
69.213561
 20
23.85032957665639
 10
69.221874
 20
23.85001457665639
 10
69.230187
 20
23.85032957665639
 10
69.23835699999999
 20
23.8512675766564
 10
69.246246
 20
23.85281357665639
 10
69.25371700000001
 20
23.85494157665639
 10
69.260644
 20
23.85761357665639
 10
69.26690699999999
 20
23.86078457665639
 10
69.27240000000001
 20
23.86440057665639
 10
69.277028
 20
23.86839957665639
 10
69.280713
 20
23.87271357665639
 10
69.28339100000001
 20
23.87726757665639
 10
69.285016
 20
23.88198557665639
 10
69.285561
 20
23.88678457665639
 10
69.285561
 20
24.14678457665639
 10
69.285016
 20
24.15158357665639
 10
69.28339100000001
 20
24.15630157665639
 10
69.280713
 20
24.1608555766564
 10
69.277028
 20
24.16516957665639
 10
69.27240000000001
 20
24.16916857665639
 10
69.26690699999999
 20
24.17278457665639
 10
69.260644
 20
24.17595557665639
 10
69.25371700000001
 20
24.17862757665639
 10
69.246246
 20
24.1807555766564
 10
69.23835699999999
 20
24.18230157665639
 10
69.230187
 20
24.18323957665639
 10
69.221874
 20
24.18355457665639
 10
69.213561
 20
24.18323957665639
 10
69.205391
 20
24.18230157665639
 10
69.197502
 20
24.1807555766564
 10
69.19003
 20
24.17862757665639
 10
69.183104
 20
24.17595557665639
 10
69.17684100000001
 20
24.17278457665639
 10
69.17134799999999
 20
24.16916857665639
 10
69.16672
 20
24.16516957665639
 10
69.16303499999999
 20
24.1608555766564
 10
69.16035699999999
 20
24.15630157665639
 10
69.158732
 20
24.15158357665639
 10
69.15818699999999
 20
24.14678457665639
  0
LWPOLYLINE
  5
462
330
17
100
AcDbEntity
  8
KK-OLCUM
100
AcDbPolyline
 90
       48
 70
     1
 43
0.0
 10
69.26690716444594
 20
24.17278457665639
 10
69.26064387022927
 20
24.17595582404983
 10
69.25371721010532
 20
24.17862794331258
 10
69.24624570114922
 20
24.18075521374318
 10
69.23835718295075
 20
24.18230123715479
 10
69.23018663024333
 20
24.18323956065819
 10
69.22187384344915
 20
24.18355412927809
 10
69.21356105665494
 20
24.18323956065819
 10
69.20539050394754
 20
24.18230123715479
 10
69.19750198574902
 20
24.18075521374318
 10
69.19003047679296
 20
24.17862794331258
 10
69.183103816669
 20
24.17595582404983
 10
69.17684052245235
 20
24.17278457665639
 10
69.17134776084354
 20
24.16916846205439
 10
69.16671951451658
 20
24.16516935296724
 10
69.16303497404934
 20
24.1608556752602
 10
69.16035718295074
 20
24.15630123715479
 10
69.1587319589689
 20
24.15158396634974
 10
69.15818711013677
 20
24.14678457665639
 10
69.1587319589689
 20
24.14198518696304
 10
69.16035718295074
 20
24.137267916158
 10
69.16303497404934
 20
24.13271347805259
 10
69.16671951451658
 20
24.12839980034554
 10
69.17134776084354
 20
24.12440069125839
 10
69.17684052245235
 20
24.12078457665639
 10
69.183103816669
 20
24.11761332926295
 10
69.19003047679296
 20
24.11494121000021
 10
69.19750198574902
 20
24.11281393956961
 10
69.20539050394754
 20
24.111267916158
 10
69.21356105665494
 20
24.1103295926546
 10
69.22187384344915
 20
24.11001502403469
 10
69.23018663024333
 20
24.1103295926546
 10
69.23835718295075
 20
24.111267916158
 10
69.24624570114922
 20
24.11281393956961
 10
69.25371721010532
 20
24.11494121000021
 10
69.26064387022927
 20
24.11761332926295
 10
69.26690716444594
 20
24.12078457665639
 10
69.27239992605473
 20
24.12440069125839
 10
69.27702817238169
 20
24.12839980034554
 10
69.28071271284894
 20
24.13271347805259
 10
69.28339050394753
 20
24.137267916158
 10
69.28501572792936
 20
24.14198518696304
 10
69.2855605767615
 20
24.14678457665639
 10
69.28501572792936
 20
24.15158396634974
 10
69.28339050394753
 20
24.15630123715479
 10
69.28071271284894
 20
24.1608556752602
 10
69.27702817238169
 20
24.16516935296724
 10
69.27239992605473
 20
24.16916846205439
  0
LWPOLYLINE
  5
463
330
17
100
AcDbEntity
  8
KK-KABLO
100
AcDbPolyline
 90
        4
 70
     0
 43
0.0
 10
69.22187384344915
 20
24.14678457665639
 10
69.22187384344915
 20
25.1867845766564
 10
65.34900823772513
 20
22.95078457665639
 10
66.12583302491977
 20
22.50228457665639
  0
LWPOLYLINE
  5
464
330
17
100
AcDbEntity
  8
KK-KABLO
100
AcDbPolyline
 90
        4
 70
     0
 43
0.0
 10
67.75829091105343
 20
24.70578457665639
 10
67.75829091105343
 20
25.1867845766564
 10
64.67350842277328
 20
23.40578457665639
 10
66.12583302491977
 20
22.56728457665639
  0
LWPOLYLINE
  5
465
330
17
100
AcDbEntity
  8
KK-OLCUM
100
AcDbPolyline
 90
        6
 70
     1
 43
0.0
 10
65.99073299999999
 20
23.41228457665639
 10
66.125833
 20
23.33428457665639
 10
66.26093299999999
 20
23.41228457665639
 10
66.26093299999999
 20
24.6472845766564
 10
66.125833
 20
24.72528457665639
 10
65.99073299999999
 20
24.6472845766564
  0
LWPOLYLINE
  5
466
330
17
100
AcDbEntity
  8
KK-OLCUM
100
AcDbPolyline
 90
        2
 70
     0
 43
0.0
 10
66.12583302491977
 20
24.56928457665639
 10
66.26093298791014
 20
24.6472845766564
  0
LWPOLYLINE
  5
467
330
17
100
AcDbEntity
  8
KK-OLCUM
100
AcDbPolyline
 90
        2
 70
     0
 43
0.0
 10
66.12583302491977
 20
24.56928457665639
 10
65.9907330619294
 20
24.6472845766564
  0
LWPOLYLINE
  5
468
330
17
100
AcDbEntity
  8
KK-OLCUM
100
AcDbPolyline
 90
        2
 70
     0
 43
0.0
 10
66.12583302491977
 20
24.56928457665639
 10
66.12583302491977
 20
23.33428457665639
  0
LWPOLYLINE
  5
469
330
17
100
AcDbEntity
  8
KK-OLCUM
100
AcDbPolyline
 90
        6
 70
     1
 43
0.0
 10
65.765566
 20
24.45228457665639
 10
66.125833
 20
24.24428457665639
 10
66.48609999999999
 20
24.45228457665639
 10
66.48609999999999
 20
24.94628457665639
 10
66.125833
 20
25.15428457665639
 10
65.765566
 20
24.94628457665639
  0
LWPOLYLINE
  5
46A
330
17
100
AcDbEntity
  8
KK-OLCUM
100
AcDbPolyline
 90
        2
 70
     0
 43
0.0
 10
66.12583302491977
 20
24.7382845766564
 10
66.48609959289409
 20
24.94628457665639
  0
LWPOLYLINE
  5
46B
330
17
100
AcDbEntity
  8
KK-OLCUM
100
AcDbPolyline
 90
        2
 70
     0
 43
0.0
 10
66.12583302491977
 20
24.7382845766564
 10
65.76556645694546
 20
24.94628457665639
  0
LWPOLYLINE
  5
46C
330
17
100
AcDbEntity
  8
KK-OLCUM
100
AcDbPolyline
 90
        2
 70
     0
 43
0.0
 10
66.12583302491977
 20
24.7382845766564
 10
66.12583302491977
 20
24.24428457665639
  0
LWPOLYLINE
  5
46D
330
17
100
AcDbEntity
  8
PERSPEKTIF-INCE
100
AcDbPolyline
 90
        6
 70
     1
 43
0.0
 10
65.31523299999999
 20
23.28228457665639
 10
66.125833
 20
22.81428457665639
 10
66.93643299999999
 20
23.28228457665639
 10
66.93643299999999
 20
23.41228457665639
 10
66.125833
 20
23.88028457665639
 10
65.31523299999999
 20
23.41228457665639
  0
LWPOLYLINE
  5
46E
330
17
100
AcDbEntity
  8
PERSPEKTIF-INCE
100
AcDbPolyline
 90
        2
 70
     0
 43
0.0
 10
66.12583302491977
 20
22.94428457665639
 10
66.936432802862
 20
23.41228457665639
  0
LWPOLYLINE
  5
46F
330
17
100
AcDbEntity
  8
PERSPEKTIF-INCE
100
AcDbPolyline
 90
        2
 70
     0
 43
0.0
 10
66.12583302491977
 20
22.94428457665639
 10
65.31523324697754
 20
23.41228457665639
  0
LWPOLYLINE
  5
470
330
17
100
AcDbEntity
  8
PERSPEKTIF-INCE
100
AcDbPolyline
 90
        2
 70
     0
 43
0.0
 10
66.12583302491977
 20
22.94428457665639
 10
66.12583302491977
 20
22.81428457665639
  0
LWPOLYLINE
  5
471
330
17
100
AcDbEntity
  8
BALON
100
AcDbPolyline
 90
        3
 70
     0
 43
0.0
 10
67.4768326548235
 20
25.54428457665639
 10
66.2768326548235
 20
26.94428457665639
 10
64.3988326548235
 20
26.94428457665639
  0
HATCH
  5
472
330
17
100
AcDbEntity
  8
BALON
 62
     7
100
AcDbHatch
 10
0.0
 20
0.0
 30
0.0
210
0.0
220
0.0
230
1.0
  2
SOLID
 70
     1
 71
     0
 91
        1
 92
        1
 93
        1
 72
     2
 10
67.4768326548235
 20
25.54428457665639
 40
0.025
 50
0.0
 51
360.0
 73
     1
 97
        0
 75
     1
 76
     1
 98
        0
450
        0
451
        0
460
0.0
461
0.0
452
        0
462
0.0
453
        0
470

  0
TEXT
  5
473
330
17
100
AcDbEntity
  8
YAZI
100
AcDbText
 10
64.69201682944832
 20
27.00888894227713
 30
0.0
 40
0.1
  1
LPG STOK TANKI 10 m³
  7
ARIAL
 72
     2
 11
66.23683265482348
 21
26.97928457665639
 31
0.0
100
AcDbText
 73
     1
  0
TEXT
  5
474
330
17
100
AcDbEntity
  8
YAZI
100
AcDbText
 10
64.41227603817956
 20
26.8092845766564
 30
0.0
 40
0.1
  1
fabrika kaplamalı (PU/epoksi)
  7
ARIAL
 72
     2
 11
66.23683265482348
 21
26.9092845766564
 31
0.0
100
AcDbText
 73
     3
  0
LWPOLYLINE
  5
475
330
17
100
AcDbEntity
  8
BALON
100
AcDbPolyline
 90
        3
 70
     0
 43
0.0
 10
67.92716586479141
 20
22.68428457665639
 10
66.3271658647914
 20
21.78428457665639
 10
64.07716586479139
 20
21.78428457665639
  0
HATCH
  5
476
330
17
100
AcDbEntity
  8
BALON
 62
     7
100
AcDbHatch
 10
0.0
 20
0.0
 30
0.0
210
0.0
220
0.0
230
1.0
  2
SOLID
 70
     1
 71
     0
 91
        1
 92
        1
 93
        1
 72
     2
 10
67.92716586479141
 20
22.68428457665639
 40
0.025
 50
0.0
 51
360.0
 73
     1
 97
        0
 75
     1
 76
     1
 98
        0
450
        0
451
        0
460
0.0
461
0.0
452
        0
462
0.0
453
        0
470

  0
TEXT
  5
477
330
17
100
AcDbEntity
  8
YAZI
100
AcDbText
 10
64.98259560558267
 20
21.84888894227713
 30
0.0
 40
0.1
  1
MA-1  Mg anot 10 Lb
  7
ARIAL
 72
     2
 11
66.2871658647914
 21
21.81928457665639
 31
0.0
100
AcDbText
 73
     1
  0
TEXT
  5
478
330
17
100
AcDbEntity
  8
YAZI
100
AcDbText
 10
63.96520133545989
 20
21.64928457665639
 30
0.0
 40
0.1
  1
tank ekseni kotunda, 0,8 m mesafede
  7
ARIAL
 72
     2
 11
66.2871658647914
 21
21.7492845766564
 31
0.0
100
AcDbText
 73
     3
  0
LWPOLYLINE
  5
479
330
17
100
AcDbEntity
  8
BALON
100
AcDbPolyline
 90
        3
 70
     0
 43
0.0
 10
68.03974916728339
 20
26.90928457665639
 10
66.83974916728335
 20
29.50928457665639
 10
64.89974916728336
 20
29.50928457665639
  0
HATCH
  5
47A
330
17
100
AcDbEntity
  8
BALON
 62
     7
100
AcDbHatch
 10
0.0
 20
0.0
 30
0.0
210
0.0
220
0.0
230
1.0
  2
SOLID
 70
     1
 71
     0
 91
        1
 92
        1
 93
        1
 72
     2
 10
68.03974916728339
 20
26.90928457665639
 40
0.025
 50
0.0
 51
360.0
 73
     1
 97
        0
 75
     1
 76
     1
 98
        0
450
        0
451
        0
460
0.0
461
0.0
452
        0
462
0.0
453
        0
470

  0
TEXT
  5
47B
330
17
100
AcDbEntity
  8
YAZI
100
AcDbText
 10
65.49517890807464
 20
29.57388894227714
 30
0.0
 40
0.1
  1
MA-2  Mg anot 10 Lb
  7
ARIAL
 72
     2
 11
66.79974916728337
 21
29.5442845766564
 31
0.0
100
AcDbText
 73
     1
  0
TEXT
  5
47C
330
17
100
AcDbEntity
  8
YAZI
100
AcDbText
 10
64.81230032690138
 20
29.37428457665639
 30
0.0
 40
0.1
  1
çapraz yerleşim (homojen akım)
  7
ARIAL
 72
     2
 11
66.79974916728337
 21
29.47428457665639
 31
0.0
100
AcDbText
 73
     3
  0
LWPOLYLINE
  5
47D
330
17
100
AcDbEntity
  8
BALON
100
AcDbPolyline
 90
        3
 70
     0
 43
0.0
 10
66.12583302491977
 20
24.63428457665639
 10
65.22583302491978
 20
25.53428457665639
 10
63.34783302491977
 20
25.53428457665639
  0
HATCH
  5
47E
330
17
100
AcDbEntity
  8
BALON
 62
     7
100
AcDbHatch
 10
0.0
 20
0.0
 30
0.0
210
0.0
220
0.0
230
1.0
  2
SOLID
 70
     1
 71
     0
 91
        1
 92
        1
 93
        1
 72
     2
 10
66.12583302491977
 20
24.63428457665639
 40
0.025
 50
0.0
 51
360.0
 73
     1
 97
        0
 75
     1
 76
     1
 98
        0
450
        0
451
        0
460
0.0
461
0.0
452
        0
462
0.0
453
        0
470

  0
TEXT
  5
47F
330
17
100
AcDbEntity
  8
YAZI
100
AcDbText
 10
63.99790669476969
 20
25.59888894227713
 30
0.0
 40
0.1
  1
ÖK-1 ölçüm kutusu
  7
ARIAL
 72
     2
 11
65.18583302491975
 21
25.56928457665639
 31
0.0
100
AcDbText
 73
     1
  0
TEXT
  5
480
330
17
100
AcDbEntity
  8
YAZI
100
AcDbText
 10
63.40008950513804
 20
25.39928457665639
 30
0.0
 40
0.1
  1
(şönt + köprü + RE terminali)
  7
ARIAL
 72
     2
 11
65.18583302491975
 21
25.4992845766564
 31
0.0
100
AcDbText
 73
     3
  0
LWPOLYLINE
  5
481
330
17
100
AcDbEntity
  8
BALON
100
AcDbPolyline
 90
        3
 70
     0
 43
0.0
 10
67.75829091105343
 20
24.70578457665639
 10
69.35829091105343
 20
22.50578457665639
 10
71.29829091105344
 20
22.50578457665639
  0
HATCH
  5
482
330
17
100
AcDbEntity
  8
BALON
 62
     7
100
AcDbHatch
 10
0.0
 20
0.0
 30
0.0
210
0.0
220
0.0
230
1.0
  2
SOLID
 70
     1
 71
     0
 91
        1
 92
        1
 93
        1
 72
     2
 10
67.75829091105343
 20
24.70578457665639
 40
0.025
 50
0.0
 51
360.0
 73
     1
 97
        0
 75
     1
 76
     1
 98
        0
450
        0
451
        0
460
0.0
461
0.0
452
        0
462
0.0
453
        0
470

  0
TEXT
  5
483
330
17
100
AcDbEntity
  8
YAZI
100
AcDbText
 10
69.39829091105344
 20
22.57038894227713
 30
0.0
 40
0.1
  1
Tank kablo bağlantısı (2 ad.)
  7
ARIAL
 11
69.39829091105344
 21
22.54078457665639
 31
0.0
100
AcDbText
 73
     1
  0
TEXT
  5
484
330
17
100
AcDbEntity
  8
YAZI
100
AcDbText
 10
69.39829091105344
 20
22.37078457665639
 30
0.0
 40
0.1
  1
termit kaynak + kaplama tamiri
  7
ARIAL
 11
69.39829091105344
 21
22.47078457665639
 31
0.0
100
AcDbText
 73
     3
  0
LWPOLYLINE
  5
485
330
17
100
AcDbEntity
  8
BALON
100
AcDbPolyline
 90
        3
 70
     0
 43
0.0
 10
69.22187384344915
 20
24.01678457665639
 10
71.22187384344916
 20
22.61678457665639
 10
73.53387384344914
 20
22.61678457665639
  0
HATCH
  5
486
330
17
100
AcDbEntity
  8
BALON
 62
     7
100
AcDbHatch
 10
0.0
 20
0.0
 30
0.0
210
0.0
220
0.0
230
1.0
  2
SOLID
 70
     1
 71
     0
 91
        1
 92
        1
 93
        1
 72
     2
 10
69.22187384344915
 20
24.01678457665639
 40
0.025
 50
0.0
 51
360.0
 73
     1
 97
        0
 75
     1
 76
     1
 98
        0
450
        0
451
        0
460
0.0
461
0.0
452
        0
462
0.0
453
        0
470

  0
TEXT
  5
487
330
17
100
AcDbEntity
  8
YAZI
100
AcDbText
 10
71.26187384344915
 20
22.68138894227713
 30
0.0
 40
0.1
  1
RE kalıcı Cu/CuSO4 referans elektrot
  7
ARIAL
 11
71.26187384344915
 21
22.65178457665639
 31
0.0
100
AcDbText
 73
     1
  0
LWPOLYLINE
  5
488
330
17
100
AcDbEntity
  8
BALON
100
AcDbPolyline
 90
        3
 70
     0
 43
0.0
 10
68.77154063348125
 20
27.48778457665639
 10
69.97154063348124
 20
28.48778457665639
 10
71.41554063348124
 20
28.48778457665639
  0
HATCH
  5
489
330
17
100
AcDbEntity
  8
BALON
 62
     7
100
AcDbHatch
 10
0.0
 20
0.0
 30
0.0
210
0.0
220
0.0
230
1.0
  2
SOLID
 70
     1
 71
     0
 91
        1
 92
        1
 93
        1
 72
     2
 10
68.77154063348125
 20
27.48778457665639
 40
0.025
 50
0.0
 51
360.0
 73
     1
 97
        0
 75
     1
 76
     1
 98
        0
450
        0
451
        0
460
0.0
461
0.0
452
        0
462
0.0
453
        0
470

  0
TEXT
  5
48A
330
17
100
AcDbEntity
  8
YAZI
100
AcDbText
 10
70.01154063348126
 20
28.55238894227712
 30
0.0
 40
0.1
  1
Menhol / armatür grubu
  7
ARIAL
 11
70.01154063348126
 21
28.52278457665639
 31
0.0
100
AcDbText
 73
     1
  0
TEXT
  5
48B
330
17
100
AcDbEntity
  8
YAZI
100
AcDbText
 10
70.01154063348126
 20
28.35278457665639
 30
0.0
 40
0.1
  1
İF-1/2 izole flanşlar
  7
ARIAL
 11
70.01154063348126
 21
28.45278457665639
 31
0.0
100
AcDbText
 73
     3
  0
LWPOLYLINE
  5
48C
330
17
100
AcDbEntity
  8
BALON
100
AcDbPolyline
 90
        3
 70
     0
 43
0.0
 10
68.99670723846519
 20
26.9027845766564
 10
71.19670723846521
 20
26.9027845766564
 10
73.26070723846519
 20
26.9027845766564
  0
HATCH
  5
48D
330
17
100
AcDbEntity
  8
BALON
 62
     7
100
AcDbHatch
 10
0.0
 20
0.0
 30
0.0
210
0.0
220
0.0
230
1.0
  2
SOLID
 70
     1
 71
     0
 91
        1
 92
        1
 93
        1
 72
     2
 10
68.99670723846519
 20
26.9027845766564
 40
0.025
 50
0.0
 51
360.0
 73
     1
 97
        0
 75
     1
 76
     1
 98
        0
450
        0
451
        0
460
0.0
461
0.0
452
        0
462
0.0
453
        0
470

  0
TEXT
  5
48E
330
17
100
AcDbEntity
  8
YAZI
100
AcDbText
 10
71.2367072384652
 20
26.96738894227712
 30
0.0
 40
0.1
  1
Ankraj kayışı
  7
ARIAL
 11
71.2367072384652
 21
26.93778457665639
 31
0.0
100
AcDbText
 73
     1
  0
TEXT
  5
48F
330
17
100
AcDbEntity
  8
YAZI
100
AcDbText
 10
71.2367072384652
 20
26.76778457665639
 30
0.0
 40
0.1
  1
(tank ile arası izolasyon pedli)
  7
ARIAL
 11
71.2367072384652
 21
26.86778457665639
 31
0.0
100
AcDbText
 73
     3
  0
LWPOLYLINE
  5
490
330
17
100
AcDbEntity
  8
BALON
100
AcDbPolyline
 90
        3
 70
     0
 43
0.0
 10
69.84108200715501
 20
25.57028457665639
 10
71.14108200715499
 20
25.07028457665639
 10
73.205082007155
 20
25.07028457665639
  0
HATCH
  5
491
330
17
100
AcDbEntity
  8
BALON
 62
     7
100
AcDbHatch
 10
0.0
 20
0.0
 30
0.0
210
0.0
220
0.0
230
1.0
  2
SOLID
 70
     1
 71
     0
 91
        1
 92
        1
 93
        1
 72
     2
 10
69.84108200715501
 20
25.57028457665639
 40
0.025
 50
0.0
 51
360.0
 73
     1
 97
        0
 75
     1
 76
     1
 98
        0
450
        0
451
        0
460
0.0
461
0.0
452
        0
462
0.0
453
        0
470

  0
TEXT
  5
492
330
17
100
AcDbEntity
  8
YAZI
100
AcDbText
 10
71.18108200715501
 20
25.13488894227713
 30
0.0
 40
0.1
  1
Beton ankraj plağı
  7
ARIAL
 11
71.18108200715501
 21
25.10528457665639
 31
0.0
100
AcDbText
 73
     1
  0
TEXT
  5
493
330
17
100
AcDbEntity
  8
YAZI
100
AcDbText
 10
71.18108200715501
 20
24.93528457665639
 30
0.0
 40
0.1
  1
üzerinde 30 cm elenmiş kum yatak
  7
ARIAL
 11
71.18108200715501
 21
25.03528457665639
 31
0.0
100
AcDbText
 73
     3
  0
TEXT
  5
494
330
17
100
AcDbEntity
  8
BASLIK
100
AcDbText
 10
58.6
 20
19.61601432086098
 30
0.0
 40
0.1275
  1
KESİT A-A  (Ölçek 1/25)
  7
ARIAL
 11
58.6
 21
19.57826875469454
 31
0.0
100
AcDbText
 73
     1
  0
LWPOLYLINE
  5
495
330
17
100
AcDbEntity
  8
BASLIK
100
AcDbPolyline
 90
        2
 70
     0
 43
0.0
 10
58.6
 20
19.52826875469454
 10
60.61815
 20
19.52826875469454
  0
LWPOLYLINE
  5
496
330
17
100
AcDbEntity
  8
YAZI
100
AcDbPolyline
 90
        2
 70
     0
 43
0.0
 10
58.6
 20
19.48826875469454
 10
60.61815
 20
19.48826875469454
  0
TEXT
  5
497
330
17
100
AcDbEntity
  8
YAZI
100
AcDbText
 10
58.6
 20
19.31826875469454
 30
0.0
 40
0.1
  1
Tank sahası enine kesiti
  7
ARIAL
 11
58.6
 21
19.41826875469454
 31
0.0
100
AcDbText
 73
     3
  0
LWPOLYLINE
  5
498
330
17
100
AcDbEntity
  8
KESIT-INCE
100
AcDbPolyline
 90
        4
 70
     1
 43
0.0
 10
65.0
 20
10.62826875469454
 10
69.40000000000001
 20
10.62826875469454
 10
71.0
 20
16.32826875469454
 10
63.40000000000001
 20
16.32826875469454
  0
LWPOLYLINE
  5
499
330
17
100
AcDbEntity
  8
KESIT
100
AcDbPolyline
 90
        2
 70
     0
 43
0.0
 10
61.2
 20
16.52826875469454
 10
73.2
 20
16.52826875469454
  0
LWPOLYLINE
  5
49A
330
17
100
AcDbEntity
  8
KESIT-INCE
100
AcDbPolyline
 90
        2
 70
     0
 43
0.0
 10
61.2
 20
16.32826875469454
 10
73.2
 20
16.32826875469454
  0
HATCH
  5
49B
330
17
100
AcDbEntity
  8
KESIT-TARAMA
100
AcDbHatch
 10
0.0
 20
0.0
 30
0.0
210
0.0
220
0.0
230
1.0
  2
GRAVEL
 70
     0
 71
     0
 91
        1
 92
        3
 72
     0
 73
     1
 93
        4
 10
61.2
 20
16.52826875469454
 10
73.2
 20
16.52826875469454
 10
73.2
 20
16.32826875469454
 10
61.2
 20
16.32826875469454
 97
        0
 75
     1
 76
     1
 52
0.0
 41
0.015
 77
     0
 78
    41
 53
228.0127875
 43
0.27432
 44
-4.990731245305454
 45
-3.048000000199999
 46
-3.4289999998
 79
     2
 49
0.051258216
 49
-5.074572545899999
 53
184.969741
 43
0.24003
 44
-5.028831245305454
 45
4.571999998199999
 46
0.3810000217
 79
     2
 49
0.087960708
 49
-8.708107333999999
 53
132.5104471
 43
0.1524
 44
-5.036451245305454
 45
3.8100000016
 46
-4.1909999985
 79
     2
 49
0.062022228
 49
-6.140208419099999
 53
267.273689
 43
0.00381
 44
-5.131701245305454
 45
0.3810000007999999
 46
7.62
 79
     2
 49
0.080100678
 49
-7.929965613899997
 53
292.83365418
 43
0.0
 44
-5.211711245305455
 45
-1.9050000002
 46
4.5719999999
 79
     2
 49
0.078545055
 49
-7.775971161799997
 53
357.273689
 43
0.03048
 44
-5.284101245305454
 45
-7.62
 46
0.3810000007999999
 79
     2
 49
0.080100678
 49
-7.929965613899997
 53
37.69424047
 43
0.11049
 44
-5.287911245305454
 45
-4.9529999998
 46
-3.810000000299999
 79
     2
 49
0.105929049
 49
-10.4869672971
 53
72.25532837
 43
0.19431
 44
-5.223141245305454
 45
2.667000000699999
 46
8.381999999799999
 79
     2
 49
0.100007928
 49
-9.9007884903
 53
121.42956562
 43
0.22479
 44
-5.127891245305454
 45
-3.0480000004
 46
4.9529999997
 79
     2
 49
0.08037195
 49
-7.956831854799999
 53
175.2363583
 43
0.18288
 44
-5.059311245305455
 45
4.190999999899999
 46
-0.3810000007
 79
     2
 49
0.091756992
 49
-4.496090542499998
 53
222.3974378
 43
0.09144
 44
-5.051691245305454
 45
-4.5719999999
 46
-4.191000000199999
 79
     2
 49
0.118661688
 49
-11.7475158768
 53
138.81407483
 43
0.381
 44
-5.135511245305455
 45
-2.666999999799999
 46
2.2860000002
 79
     2
 49
0.040500681
 49
-4.009584873699999
 53
171.4692344
 43
0.35052
 44
-5.108841245305454
 45
4.9530000001
 46
-0.7619999991
 79
     2
 49
0.077052297
 49
-7.628195849599999
 53
225.0
 43
0.27432
 44
-5.097411245305455
 45
0.0
 46
-0.381
 79
     2
 49
0.053881401
 49
-0.4849339663000001
 53
203.19859051
 43
0.24765
 44
-5.051691245305454
 45
1.905000000099999
 46
0.7619999999
 79
     2
 49
0.029016198
 49
-2.872593355299999
 53
291.80140949
 43
0.22098
 44
-5.063121245305454
 45
-0.3810000001
 46
1.143
 79
     2
 49
0.041034843
 49
-2.0107129485
 53
30.96375653
 43
0.23622
 44
-5.101221245305454
 45
1.143
 46
0.762
 79
     2
 49
0.066647949
 49
-2.154944722899998
 53
161.56505118
 43
0.2933699999999999
 44
-5.066931245305454
 45
0.762
 46
-0.381
 79
     2
 49
0.048193071
 49
-1.1566347175
 53
16.389540334
 43
0.0
 44
-5.063121245305454
 45
3.81
 46
1.143
 79
     2
 49
0.0675132
 49
-6.6838240009
 53
70.34617594
 43
0.06477
 44
-5.044071245305454
 45
-1.524000000099999
 46
-4.190999999999999
 79
     2
 49
0.056639841
 49
-5.607332351699999
 53
293.19859051
 43
0.2933699999999999
 44
-4.990731245305454
 45
-0.7619999999
 46
1.905000000099999
 79
     2
 49
0.058032015
 49
-2.843577538299999
 53
343.61045967
 43
0.31623
 44
-5.044071245305454
 45
-3.8100000001
 46
1.142999999699999
 79
     2
 49
0.0675132
 49
-6.683824000899998
 53
339.44395478
 43
0.0
 44
-5.299341245305454
 45
-1.905
 46
0.762
 79
     2
 49
0.06510528
 49
-3.190160146999998
 53
294.7751406
 43
0.06096
 44
-5.322201245305454
 45
-1.905000002299999
 46
4.190999998999999
 79
     2
 49
0.054550818
 49
-5.4005390071
 53
66.80140949
 43
0.29718
 44
-5.371731245305454
 45
0.7619999999
 46
1.905
 79
     2
 49
0.058032015
 49
-2.843577538299999
 53
17.35402464
 43
0.32004
 44
-5.318391245305454
 45
-4.9529999999
 46
-1.5240000003
 79
     2
 49
0.063867411
 49
-6.322856397
 53
69.44395478
 43
0.11049
 44
-5.371731245305454
 45
-0.762
 46
-1.905
 79
     2
 49
0.03255264
 49
-3.222712786999999
 53
101.3099324739999
 43
0.27432
 44
-5.371731245305454
 45
-0.381
 46
1.524
 79
     2
 49
0.01942719
 49
-1.923299244699999
 53
165.963756532
 43
0.27051
 44
-5.352681245305454
 45
1.143
 46
-0.381
 79
     2
 49
0.078545055
 49
-1.4923581884
 53
186.00900596
 43
0.19431
 44
-5.333631245305454
 45
3.81
 46
0.3810000002
 79
     2
 49
0.07279005
 49
-7.2062047295
 53
303.69006753
 43
0.23622
 44
-5.135511245305455
 45
-0.3810000001
 46
0.762
 79
     2
 49
0.054948582
 49
-1.318766454
 53
353.15722659
 43
0.2667
 44
-5.181231245305454
 45
6.477
 46
-0.7619999997
 79
     2
 49
0.095933514
 49
-9.497401359799999
 53
60.9453959
 43
0.36195
 44
-5.192661245305455
 45
-1.524
 46
-2.666999999999999
 79
     2
 49
0.039226236
 49
-3.883408847699999
 53
90.0
 43
0.381
 44
-5.158371245305454
 45
-0.381
 46
0.381
 79
     2
 49
0.02286
 49
-0.35814
 53
120.25643716
 43
0.18669
 44
-5.322201245305454
 45
1.523999999799999
 46
-2.667000000099999
 79
     2
 49
0.052930044
 49
-5.240091116
 53
48.01278749999999
 43
0.16002
 44
-5.276481245305454
 45
3.048000000299999
 46
3.4289999998
 79
     2
 49
0.102516432
 49
-5.023314329899999
 53
0.0
 43
0.2286
 44
-5.200281245305454
 45
0.381
 46
0.381
 79
     2
 49
0.09906
 49
-0.28194
 53
325.3048465
 43
0.32766
 44
-5.200281245305454
 45
3.810000001399999
 46
-2.6669999979
 79
     2
 49
0.060241434
 49
-5.9638975086
 53
254.0546040999999
 43
0.37719
 44
-5.234571245305454
 45
-0.381
 46
-1.524
 79
     2
 49
0.055474362
 49
-2.718247505799999
 53
207.64597536
 43
0.36195
 44
-5.287911245305454
 45
-7.239000000299999
 46
-3.8099999995
 79
     2
 49
0.090321765
 49
-8.941869663399996
 53
175.42607874
 43
0.28194
 44
-5.329821245305454
 45
-4.953
 46
0.381
 79
     2
 49
0.095554419
 49
-9.459876968399999
 98
        0
  0
HATCH
  5
49C
330
17
100
AcDbEntity
  8
KESIT-TARAMA
100
AcDbHatch
 10
0.0
 20
0.0
 30
0.0
210
0.0
220
0.0
230
1.0
  2
EARTH
 70
     0
 71
     0
 91
        4
 92
        3
 72
     0
 73
     1
 93
        4
 10
61.2
 20
16.32826875469454
 10
73.2
 20
16.32826875469454
 10
73.2
 20
9.928268754694546
 10
61.2
 20
9.928268754694546
 97
        0
 92
        3
 72
     0
 73
     1
 93
        4
 10
65.0
 20
10.62826875469454
 10
69.40000000000001
 20
10.62826875469454
 10
71.0
 20
16.32826875469454
 10
63.40000000000001
 20
16.32826875469454
 97
        0
 92
        3
 72
     0
 73
     1
 93
        4
 10
63.86
 20
12.82826875469454
 10
64.14
 20
12.82826875469454
 10
64.14
 20
13.82826875469454
 10
63.86
 20
13.82826875469454
 97
        0
 92
        3
 72
     0
 73
     1
 93
        4
 10
70.26
 20
12.82826875469454
 10
70.54000000000001
 20
12.82826875469454
 10
70.54000000000001
 20
13.82826875469454
 10
70.26
 20
13.82826875469454
 97
        0
 75
     1
 76
     1
 52
0.0
 41
0.08
 77
     0
 78
     6
 53
0.0
 43
0.0
 44
-5.371731245305454
 45
0.508
 46
0.508
 79
     2
 49
0.508
 49
-0.508
 53
0.0
 43
0.0
 44
-5.181231245305454
 45
0.508
 46
0.508
 79
     2
 49
0.508
 49
-0.508
 53
0.0
 43
0.0
 44
-4.990731245305454
 45
0.508
 46
0.508
 79
     2
 49
0.508
 49
-0.508
 53
90.0
 43
0.0635
 44
-4.927231245305454
 45
-0.508
 46
0.508
 79
     2
 49
0.508
 49
-0.508
 53
90.0
 43
0.254
 44
-4.927231245305454
 45
-0.508
 46
0.508
 79
     2
 49
0.508
 49
-0.508
 53
90.0
 43
0.4445000000000001
 44
-4.927231245305454
 45
-0.508
 46
0.508
 79
     2
 49
0.508
 49
-0.508
 98
        0
  0
LWPOLYLINE
  5
49D
330
17
100
AcDbEntity
  8
KESIT
100
AcDbPolyline
 90
        4
 70
     1
 43
0.0
 10
65.0
 20
10.62826875469454
 10
69.40000000000001
 20
10.62826875469454
 10
69.40000000000001
 20
11.12826875469454
 10
65.0
 20
11.12826875469454
  0
HATCH
  5
49E
330
17
100
AcDbEntity
  8
KESIT-TARAMA
100
AcDbHatch
 10
0.0
 20
0.0
 30
0.0
210
0.0
220
0.0
230
1.0
  2
AR-CONC
 70
     0
 71
     0
 91
        1
 92
        3
 72
     0
 73
     1
 93
        4
 10
65.0
 20
10.62826875469454
 10
69.40000000000001
 20
10.62826875469454
 10
69.40000000000001
 20
11.12826875469454
 10
65.0
 20
11.12826875469454
 97
        0
 75
     1
 76
     1
 52
0.0
 41
0.006
 77
     0
 78
    13
 53
50.0
 43
0.0
 44
-5.371731245305454
 45
1.093108014
 46
-0.0956345132
 79
     2
 49
0.1143
 49
-1.2573
 53
355.0
 43
0.0
 44
-5.371731245305454
 45
-0.2114605285
 46
1.146341071399999
 79
     2
 49
0.09144
 49
-1.005843505
 53
100.4514447
 43
0.091092042
 44
-5.379700766305454
 45
0.8816474825
 46
1.0507065115
 79
     2
 49
0.0971400528
 49
-1.068541467599999
 53
46.18419999999999
 43
0.0
 44
-5.066931245305454
 45
1.626474245399999
 46
-0.2522539676
 79
     2
 49
0.1714499999999999
 49
-1.885949999999999
 53
96.63555760999997
 43
0.1355394
 44
-5.087952245305454
 45
1.4244248043
 46
1.484556747599999
 79
     2
 49
0.1457101388
 49
-1.602813648999999
 53
351.18415117
 43
0.0
 44
-5.066931245305454
 45
1.4244248044
 46
1.4845567475
 79
     2
 49
0.1371598024
 49
-1.508758391499999
 53
21.0
 43
0.1524
 44
-5.143131245305454
 45
0.9096863475999999
 46
-0.6135911891000001
 79
     2
 49
0.1143
 49
-1.2573
 53
326.0
 43
0.1524
 44
-5.143131245305454
 45
0.3708121701
 46
1.105127796699999
 79
     2
 49
0.09144
 49
-1.00584
 53
71.45144499999999
 43
0.2282071956
 44
-5.194263844705455
 45
1.280498515699999
 46
0.4915366133
 79
     2
 49
0.0971400528
 49
-1.068539625599999
 53
37.5
 43
0.0
 44
-5.371731245305454
 45
0.0185316195
 46
0.5073302332000001
 79
     6
 49
0.0
 49
-0.9936479999999999
 49
0.0
 49
-1.021079999999999
 49
0.0
 49
-1.009649999999999
 53
7.499999999999999
 43
0.0
 44
-5.371731245305454
 45
0.4009179751
 46
0.6010834489
 79
     6
 49
0.0
 49
-0.5821680000000001
 49
0.0
 49
-0.9707879999999999
 49
0.0
 49
-0.38481
 53
327.5
 43
-0.339852
 44
-5.371731245305454
 45
0.8135435709999999
 46
-0.034372464
 79
     6
 49
0.0
 49
-0.381
 49
0.0
 49
-1.188719999999999
 49
0.0
 49
-1.577339999999999
 53
317.5
 43
-0.4922520000000001
 44
-5.371731245305454
 45
0.8887750882999998
 46
0.1525589462
 79
     6
 49
0.0
 49
-0.4953000000000001
 49
0.0
 49
-0.7894320000000001
 49
0.0
 49
-1.120139999999999
 98
        0
  0
HATCH
  5
49F
330
17
100
AcDbEntity
  8
KESIT-TARAMA
100
AcDbHatch
 10
0.0
 20
0.0
 30
0.0
210
0.0
220
0.0
230
1.0
  2
AR-SAND
 70
     0
 71
     0
 91
        2
 92
        3
 72
     0
 73
     1
 93
        4
 10
64.85964912280701
 20
11.12826875469454
 10
69.54035087719299
 20
11.12826875469454
 10
71.0
 20
16.32826875469454
 10
63.40000000000001
 20
16.32826875469454
 97
        0
 92
        1
 93
        1
 72
     2
 10
67.2
 20
13.32826875469454
 40
1.6
 50
0.0
 51
360.0
 73
     1
 97
        0
 75
     1
 76
     1
 52
0.0
 41
0.008
 77
     0
 78
     4
 53
37.5
 43
0.0
 44
-5.371731245305454
 45
-0.0128002504
 46
0.3915305899
 79
     6
 49
0.0
 49
-0.308864
 49
0.0
 49
-0.34544
 49
0.0
 49
-0.3302
 53
7.499999999999999
 43
0.0
 44
-5.371731245305454
 45
0.3596186265
 46
0.5734600805
 79
     6
 49
0.0
 49
-0.166624
 49
0.0
 49
-0.278384
 49
0.0
 49
-0.10668
 53
327.5
 43
-0.249936
 44
-5.371731245305454
 45
0.6327938962
 46
0.0011497477
 79
     6
 49
0.0
 49
-0.1016
 49
0.0
 49
-0.3657599999999999
 49
0.0
 49
-0.47752
 53
317.5
 43
-0.249936
 44
-5.371731245305454
 45
0.6108451620000001
 46
0.1783434586
 79
     6
 49
0.0
 49
-0.0508
 49
0.0
 49
-0.239776
 49
0.0
 49
-0.27432
 98
        0
  0
CIRCLE
  5
4A0
330
17
100
AcDbEntity
  8
KESIT
100
AcDbCircle
 10
67.2
 20
13.32826875469454
 30
0.0
 40
1.6
  0
CIRCLE
  5
4A1
330
17
100
AcDbEntity
  8
KESIT-INCE
100
AcDbCircle
 10
67.2
 20
13.32826875469454
 30
0.0
 40
1.58
  0
CIRCLE
  5
4A2
330
17
100
AcDbEntity
  8
KESIT-INCE
100
AcDbCircle
 10
67.2
 20
13.32826875469454
 30
0.0
 40
1.629999999999999
  0
LWPOLYLINE
  5
4A3
330
17
100
AcDbEntity
  8
EKSEN
100
AcDbPolyline
 90
        2
 70
     0
 43
0.0
 10
65.2
 20
13.32826875469454
 10
69.2
 20
13.32826875469454
  0
LWPOLYLINE
  5
4A4
330
17
100
AcDbEntity
  8
EKSEN
100
AcDbPolyline
 90
        2
 70
     0
 43
0.0
 10
67.2
 20
15.22826875469454
 10
67.2
 20
11.42826875469454
  0
LWPOLYLINE
  5
4A5
330
17
100
AcDbEntity
  8
KESIT-INCE
100
AcDbPolyline
 90
        4
 70
     0
 43
0.0
 10
65.3
 20
11.12826875469454
 10
65.54906669685815
 20
13.50152933468069
 42
-0.9005448113406384
 10
68.85093330314186
 20
13.50152933468069
 10
69.10000000000001
 20
11.12826875469454
  0
LWPOLYLINE
  5
4A6
330
17
100
AcDbEntity
  8
KESIT
100
AcDbPolyline
 90
        4
 70
     1
 43
0.0
 10
65.24
 20
10.96826875469454
 10
65.36
 20
10.96826875469454
 10
65.36
 20
11.12826875469454
 10
65.24
 20
11.12826875469454
  0
LWPOLYLINE
  5
4A7
330
17
100
AcDbEntity
  8
KESIT
100
AcDbPolyline
 90
        4
 70
     1
 43
0.0
 10
69.04
 20
10.96826875469454
 10
69.16
 20
10.96826875469454
 10
69.16
 20
11.12826875469454
 10
69.04
 20
11.12826875469454
  0
LWPOLYLINE
  5
4A8
330
17
100
AcDbEntity
  8
KK-ANOT
100
AcDbPolyline
 90
        4
 70
     1
 43
0.0
 10
63.86
 20
12.82826875469454
 10
64.14
 20
12.82826875469454
 10
64.14
 20
13.82826875469454
 10
63.86
 20
13.82826875469454
  0
LWPOLYLINE
  5
4A9
330
17
100
AcDbEntity
  8
KK-ANOT
100
AcDbPolyline
 90
        4
 70
     1
 43
0.0
 10
63.924
 20
12.96826875469454
 10
64.07600000000001
 20
12.96826875469454
 10
64.07600000000001
 20
13.68826875469454
 10
63.924
 20
13.68826875469454
  0
HATCH
  5
4AA
330
17
100
AcDbEntity
  8
KK-ANOT
100
AcDbHatch
 10
0.0
 20
0.0
 30
0.0
210
0.0
220
0.0
230
1.0
  2
ANSI31
 70
     0
 71
     0
 91
        1
 92
        3
 72
     0
 73
     1
 93
        4
 10
63.924
 20
12.96826875469454
 10
64.07600000000001
 20
12.96826875469454
 10
64.07600000000001
 20
13.68826875469454
 10
63.924
 20
13.68826875469454
 97
        0
 75
     1
 76
     1
 52
0.0
 41
0.02
 77
     0
 78
     1
 53
45.0
 43
0.0
 44
-5.371731245305454
 45
-0.0449012806
 46
0.0449012806
 79
     0
 98
        0
  0
LWPOLYLINE
  5
4AB
330
17
100
AcDbEntity
  8
KK-ANOT
100
AcDbPolyline
 90
        4
 70
     1
 43
0.0
 10
70.26
 20
12.82826875469454
 10
70.54000000000001
 20
12.82826875469454
 10
70.54000000000001
 20
13.82826875469454
 10
70.26
 20
13.82826875469454
  0
LWPOLYLINE
  5
4AC
330
17
100
AcDbEntity
  8
KK-ANOT
100
AcDbPolyline
 90
        4
 70
     1
 43
0.0
 10
70.32399999999999
 20
12.96826875469454
 10
70.476
 20
12.96826875469454
 10
70.476
 20
13.68826875469454
 10
70.32399999999999
 20
13.68826875469454
  0
HATCH
  5
4AD
330
17
100
AcDbEntity
  8
KK-ANOT
100
AcDbHatch
 10
0.0
 20
0.0
 30
0.0
210
0.0
220
0.0
230
1.0
  2
ANSI31
 70
     0
 71
     0
 91
        1
 92
        3
 72
     0
 73
     1
 93
        4
 10
70.32399999999999
 20
12.96826875469454
 10
70.476
 20
12.96826875469454
 10
70.476
 20
13.68826875469454
 10
70.32399999999999
 20
13.68826875469454
 97
        0
 75
     1
 76
     1
 52
0.0
 41
0.02
 77
     0
 78
     1
 53
45.0
 43
0.0
 44
-5.371731245305454
 45
-0.0449012806
 46
0.0449012806
 79
     0
 98
        0
  0
LWPOLYLINE
  5
4AE
330
17
100
AcDbEntity
  8
KK-OLCUM
100
AcDbPolyline
 90
        4
 70
     1
 43
0.0
 10
69.38000000000001
 20
13.12826875469454
 10
69.5
 20
13.12826875469454
 10
69.5
 20
13.52826875469454
 10
69.38000000000001
 20
13.52826875469454
  0
LWPOLYLINE
  5
4AF
330
17
100
AcDbEntity
  8
KK-OLCUM
100
AcDbPolyline
 90
        4
 70
     1
 43
0.0
 10
61.94000000000001
 20
16.52826875469454
 10
62.06
 20
16.52826875469454
 10
62.06
 20
18.42826875469454
 10
61.94000000000001
 20
18.42826875469454
  0
LWPOLYLINE
  5
4B0
330
17
100
AcDbEntity
  8
KK-OLCUM
100
AcDbPolyline
 90
        4
 70
     1
 43
0.0
 10
61.7
 20
18.12826875469454
 10
62.3
 20
18.12826875469454
 10
62.3
 20
18.82826875469454
 10
61.7
 20
18.82826875469454
  0
HATCH
  5
4B1
330
17
100
AcDbEntity
  8
KK-OLCUM
100
AcDbHatch
 10
0.0
 20
0.0
 30
0.0
210
0.0
220
0.0
230
1.0
  2
ANSI37
 70
     0
 71
     0
 91
        1
 92
        3
 72
     0
 73
     1
 93
        4
 10
61.7
 20
18.12826875469454
 10
62.3
 20
18.12826875469454
 10
62.3
 20
18.82826875469454
 10
61.7
 20
18.82826875469454
 97
        0
 75
     1
 76
     1
 52
0.0
 41
0.03
 77
     0
 78
     2
 53
45.0
 43
0.0
 44
-5.371731245305454
 45
-0.0673519209
 46
0.0673519209
 79
     0
 53
135.0
 43
0.0
 44
-5.371731245305454
 45
-0.0673519209
 46
-0.0673519209
 79
     0
 98
        0
  0
LWPOLYLINE
  5
4B2
330
17
100
AcDbEntity
  8
KESIT-INCE
100
AcDbPolyline
 90
        4
 70
     1
 43
0.0
 10
61.76000000000001
 20
15.32826875469454
 10
62.24
 20
15.32826875469454
 10
62.24
 20
16.52826875469454
 10
61.76000000000001
 20
16.52826875469454
  0
LWPOLYLINE
  5
4B3
330
17
100
AcDbEntity
  8
KK-KABLO
100
AcDbPolyline
 90
        3
 70
     0
 43
0.0
 10
64.0
 20
13.82826875469454
 10
64.0
 20
15.42826875469454
 10
62.04
 20
15.42826875469454
  0
LWPOLYLINE
  5
4B4
330
17
100
AcDbEntity
  8
KK-KABLO
100
AcDbPolyline
 90
        3
 70
     0
 43
0.0
 10
70.4
 20
13.82826875469454
 10
70.4
 20
15.32826875469454
 10
62.04
 20
15.32826875469454
  0
LWPOLYLINE
  5
4B5
330
17
100
AcDbEntity
  8
KK-KABLO
100
AcDbPolyline
 90
        3
 70
     0
 43
0.0
 10
66.44884549954257
 20
14.74098490326882
 10
66.44884549954257
 20
15.52826875469454
 10
62.04
 20
15.52826875469454
  0
LWPOLYLINE
  5
4B6
330
17
100
AcDbEntity
  8
KK-KABLO
100
AcDbPolyline
 90
        3
 70
     0
 43
0.0
 10
69.43999999999999
 20
13.52826875469454
 10
69.43999999999999
 20
15.22826875469454
 10
62.04
 20
15.22826875469454
  0
LWPOLYLINE
  5
4B7
330
17
100
AcDbEntity
  8
KK-KABLO
100
AcDbPolyline
 90
        2
 70
     0
 43
0.0
 10
62.04
 20
15.22826875469454
 10
62.04
 20
18.22826875469455
  0
LWPOLYLINE
  5
4B8
330
17
100
AcDbEntity
  8
KK-KABLO
 62
     2
100
AcDbPolyline
 90
        2
 70
     0
 43
0.0
 10
62.40000000000001
 20
15.92826875469454
 10
71.2
 20
15.92826875469454
  0
LWPOLYLINE
  5
4B9
330
17
100
AcDbEntity
  8
KESIT-INCE
100
AcDbPolyline
 90
        3
 70
     1
 43
0.0
 10
71.90000000000001
 20
16.52826875469454
 10
71.84000000000001
 20
16.62826875469454
 10
71.96000000000002
 20
16.62826875469454
  0
HATCH
  5
4BA
330
17
100
AcDbEntity
  8
KESIT-INCE
100
AcDbHatch
 10
0.0
 20
0.0
 30
0.0
210
0.0
220
0.0
230
1.0
  2
SOLID
 70
     1
 71
     0
 91
        1
 92
        3
 72
     0
 73
     1
 93
        3
 10
71.90000000000001
 20
16.52826875469454
 10
71.84000000000001
 20
16.62826875469454
 10
71.90000000000001
 20
16.62826875469454
 97
        0
 75
     1
 76
     1
 98
        0
450
        0
451
        0
460
0.0
461
0.0
452
        0
462
0.0
453
        0
470

  0
LWPOLYLINE
  5
4BB
330
17
100
AcDbEntity
  8
KESIT-INCE
100
AcDbPolyline
 90
        2
 70
     0
 43
0.0
 10
71.72
 20
16.52826875469454
 10
72.63000000000002
 20
16.52826875469454
  0
TEXT
  5
4BC
330
17
100
AcDbEntity
  8
YAZI
100
AcDbText
 10
72.0
 20
16.70787312031528
 30
0.0
 40
0.1
  1
±0.00
  7
ARIAL
 11
72.0
 21
16.67826875469454
 31
0.0
100
AcDbText
 73
     1
  0
LWPOLYLINE
  5
4BD
330
17
100
AcDbEntity
  8
KESIT-INCE
100
AcDbPolyline
 90
        3
 70
     1
 43
0.0
 10
71.90000000000001
 20
14.92826875469454
 10
71.84000000000001
 20
15.02826875469454
 10
71.96000000000002
 20
15.02826875469454
  0
HATCH
  5
4BE
330
17
100
AcDbEntity
  8
KESIT-INCE
100
AcDbHatch
 10
0.0
 20
0.0
 30
0.0
210
0.0
220
0.0
230
1.0
  2
SOLID
 70
     1
 71
     0
 91
        1
 92
        3
 72
     0
 73
     1
 93
        3
 10
71.90000000000001
 20
14.92826875469454
 10
71.84000000000001
 20
15.02826875469454
 10
71.90000000000001
 20
15.02826875469454
 97
        0
 75
     1
 76
     1
 98
        0
450
        0
451
        0
460
0.0
461
0.0
452
        0
462
0.0
453
        0
470

  0
LWPOLYLINE
  5
4BF
330
17
100
AcDbEntity
  8
KESIT-INCE
100
AcDbPolyline
 90
        2
 70
     0
 43
0.0
 10
71.72
 20
14.92826875469454
 10
72.63000000000002
 20
14.92826875469454
  0
TEXT
  5
4C0
330
17
100
AcDbEntity
  8
YAZI
100
AcDbText
 10
72.0
 20
15.10787312031528
 30
0.0
 40
0.1
  1
-0.80
  7
ARIAL
 11
72.0
 21
15.07826875469454
 31
0.0
100
AcDbText
 73
     1
  0
LWPOLYLINE
  5
4C1
330
17
100
AcDbEntity
  8
KESIT-INCE
100
AcDbPolyline
 90
        3
 70
     1
 43
0.0
 10
71.90000000000001
 20
13.32826875469454
 10
71.84000000000001
 20
13.42826875469455
 10
71.96000000000002
 20
13.42826875469455
  0
HATCH
  5
4C2
330
17
100
AcDbEntity
  8
KESIT-INCE
100
AcDbHatch
 10
0.0
 20
0.0
 30
0.0
210
0.0
220
0.0
230
1.0
  2
SOLID
 70
     1
 71
     0
 91
        1
 92
        3
 72
     0
 73
     1
 93
        3
 10
71.90000000000001
 20
13.32826875469454
 10
71.84000000000001
 20
13.42826875469455
 10
71.90000000000001
 20
13.42826875469455
 97
        0
 75
     1
 76
     1
 98
        0
450
        0
451
        0
460
0.0
461
0.0
452
        0
462
0.0
453
        0
470

  0
LWPOLYLINE
  5
4C3
330
17
100
AcDbEntity
  8
KESIT-INCE
100
AcDbPolyline
 90
        2
 70
     0
 43
0.0
 10
71.72
 20
13.32826875469454
 10
72.63000000000002
 20
13.32826875469454
  0
TEXT
  5
4C4
330
17
100
AcDbEntity
  8
YAZI
100
AcDbText
 10
72.0
 20
13.50787312031528
 30
0.0
 40
0.1
  1
-1.60
  7
ARIAL
 11
72.0
 21
13.47826875469454
 31
0.0
100
AcDbText
 73
     1
  0
LWPOLYLINE
  5
4C5
330
17
100
AcDbEntity
  8
KESIT-INCE
100
AcDbPolyline
 90
        3
 70
     1
 43
0.0
 10
71.90000000000001
 20
11.72826875469454
 10
71.84000000000001
 20
11.82826875469454
 10
71.96000000000002
 20
11.82826875469454
  0
HATCH
  5
4C6
330
17
100
AcDbEntity
  8
KESIT-INCE
100
AcDbHatch
 10
0.0
 20
0.0
 30
0.0
210
0.0
220
0.0
230
1.0
  2
SOLID
 70
     1
 71
     0
 91
        1
 92
        3
 72
     0
 73
     1
 93
        3
 10
71.90000000000001
 20
11.72826875469454
 10
71.84000000000001
 20
11.82826875469454
 10
71.90000000000001
 20
11.82826875469454
 97
        0
 75
     1
 76
     1
 98
        0
450
        0
451
        0
460
0.0
461
0.0
452
        0
462
0.0
453
        0
470

  0
LWPOLYLINE
  5
4C7
330
17
100
AcDbEntity
  8
KESIT-INCE
100
AcDbPolyline
 90
        2
 70
     0
 43
0.0
 10
71.72
 20
11.72826875469454
 10
72.63000000000002
 20
11.72826875469454
  0
TEXT
  5
4C8
330
17
100
AcDbEntity
  8
YAZI
100
AcDbText
 10
72.0
 20
11.90787312031527
 30
0.0
 40
0.1
  1
-2.40
  7
ARIAL
 11
72.0
 21
11.87826875469454
 31
0.0
100
AcDbText
 73
     1
  0
LWPOLYLINE
  5
4C9
330
17
100
AcDbEntity
  8
KESIT-INCE
100
AcDbPolyline
 90
        3
 70
     1
 43
0.0
 10
71.90000000000001
 20
11.12826875469454
 10
71.84000000000001
 20
11.22826875469455
 10
71.96000000000002
 20
11.22826875469455
  0
HATCH
  5
4CA
330
17
100
AcDbEntity
  8
KESIT-INCE
100
AcDbHatch
 10
0.0
 20
0.0
 30
0.0
210
0.0
220
0.0
230
1.0
  2
SOLID
 70
     1
 71
     0
 91
        1
 92
        3
 72
     0
 73
     1
 93
        3
 10
71.90000000000001
 20
11.12826875469454
 10
71.84000000000001
 20
11.22826875469455
 10
71.90000000000001
 20
11.22826875469455
 97
        0
 75
     1
 76
     1
 98
        0
450
        0
451
        0
460
0.0
461
0.0
452
        0
462
0.0
453
        0
470

  0
LWPOLYLINE
  5
4CB
330
17
100
AcDbEntity
  8
KESIT-INCE
100
AcDbPolyline
 90
        2
 70
     0
 43
0.0
 10
71.72
 20
11.12826875469454
 10
72.63000000000002
 20
11.12826875469454
  0
TEXT
  5
4CC
330
17
100
AcDbEntity
  8
YAZI
100
AcDbText
 10
72.0
 20
11.30787312031528
 30
0.0
 40
0.1
  1
-2.70
  7
ARIAL
 11
72.0
 21
11.27826875469454
 31
0.0
100
AcDbText
 73
     1
  0
LWPOLYLINE
  5
4CD
330
17
100
AcDbEntity
  8
KESIT-INCE
100
AcDbPolyline
 90
        3
 70
     1
 43
0.0
 10
71.90000000000001
 20
10.62826875469454
 10
71.84000000000001
 20
10.72826875469454
 10
71.96000000000002
 20
10.72826875469454
  0
HATCH
  5
4CE
330
17
100
AcDbEntity
  8
KESIT-INCE
100
AcDbHatch
 10
0.0
 20
0.0
 30
0.0
210
0.0
220
0.0
230
1.0
  2
SOLID
 70
     1
 71
     0
 91
        1
 92
        3
 72
     0
 73
     1
 93
        3
 10
71.90000000000001
 20
10.62826875469454
 10
71.84000000000001
 20
10.72826875469454
 10
71.90000000000001
 20
10.72826875469454
 97
        0
 75
     1
 76
     1
 98
        0
450
        0
451
        0
460
0.0
461
0.0
452
        0
462
0.0
453
        0
470

  0
LWPOLYLINE
  5
4CF
330
17
100
AcDbEntity
  8
KESIT-INCE
100
AcDbPolyline
 90
        2
 70
     0
 43
0.0
 10
71.72
 20
10.62826875469454
 10
72.63000000000002
 20
10.62826875469454
  0
TEXT
  5
4D0
330
17
100
AcDbEntity
  8
YAZI
100
AcDbText
 10
72.0
 20
10.80787312031528
 30
0.0
 40
0.1
  1
-2.95
  7
ARIAL
 11
72.0
 21
10.77826875469454
 31
0.0
100
AcDbText
 73
     1
  0
DIMENSION
  5
4D1
330
17
100
AcDbEntity
  8
OLCU
100
AcDbDimension
280
     0
  2
*D9
 10
67.90010000000006
 20
14.92826875469455
 30
0.0
 11
67.81904270122788
 21
15.72826875469453
 31
0.0
 70
    32
  1
<>
 71
     5
 42
79.99999999999989
 73
     0
 74
     0
 75
     0
  3
KK25
100
AcDbAlignedDimension
 13
67.9
 23
16.52826875469454
 33
0.0
 14
67.9
 24
14.92826875469454
 34
0.0
 50
270.0
100
AcDbRotatedDimension
  0
DIMENSION
  5
4E0
330
17
100
AcDbEntity
  8
OLCU
100
AcDbDimension
280
     0
  2
*D10
 10
66.50010000000006
 20
11.72826875469454
 30
0.0
 11
66.41904270122788
 21
13.32826875469453
 31
0.0
 70
    32
  1
<>
 71
     5
 42
160.0000000000002
 73
     0
 74
     0
 75
     0
  3
KK25
100
AcDbAlignedDimension
 13
66.5
 23
14.92826875469454
 33
0.0
 14
66.5
 24
11.72826875469454
 34
0.0
 50
270.0
100
AcDbRotatedDimension
  0
DIMENSION
  5
4EF
330
17
100
AcDbEntity
  8
OLCU
100
AcDbDimension
280
     0
  2
*D11
 10
66.95000000000006
 20
11.12826875469455
 30
0.0
 11
66.86890859481588
 21
11.42826875469453
 31
0.0
 70
    32
  1
<>
 71
     5
 42
29.99999999999989
 73
     0
 74
     0
 75
     0
  3
KK25
100
AcDbAlignedDimension
 13
67.2
 23
11.72826875469454
 33
0.0
 14
67.2
 24
11.12826875469454
 34
0.0
 50
270.0
100
AcDbRotatedDimension
  0
DIMENSION
  5
4FE
330
17
100
AcDbEntity
  8
OLCU
100
AcDbDimension
280
     0
  2
*D12
 10
70.4
 20
12.22826875469454
 30
0.0
 11
69.59999999999999
 21
12.30932605346671
 31
0.0
 70
    32
  1
<>
 71
     5
 42
80.00000000000042
 73
     0
 74
     0
 75
     0
  3
KK25
100
AcDbAlignedDimension
 13
68.79999999999999
 23
13.32826875469454
 33
0.0
 14
70.4
 24
13.32826875469454
 34
0.0
100
AcDbRotatedDimension
  0
DIMENSION
  5
50D
330
17
100
AcDbEntity
  8
OLCU
100
AcDbDimension
280
     0
  2
*D13
 10
70.19000000000007
 20
12.82826875469455
 30
0.0
 11
70.10894270122789
 21
13.32826875469453
 31
0.0
 70
    32
  1
<>
 71
     5
 42
50.0
 73
     0
 74
     0
 75
     0
  3
KK25
100
AcDbAlignedDimension
 13
70.54000000000001
 23
13.82826875469454
 33
0.0
 14
70.54000000000001
 24
12.82826875469454
 34
0.0
 50
270.0
100
AcDbRotatedDimension
  0
DIMENSION
  5
51C
330
17
100
AcDbEntity
  8
OLCU
100
AcDbDimension
280
     0
  2
*D14
 10
62.55000000000006
 20
15.42826875469455
 30
0.0
 11
62.4691473396999
 21
15.97826875469453
 31
0.0
 70
    32
  1
<>
 71
     5
 42
54.99999999999989
 73
     0
 74
     0
 75
     0
  3
KK25
100
AcDbAlignedDimension
 13
62.0
 23
16.52826875469454
 33
0.0
 14
62.0
 24
15.42826875469454
 34
0.0
 50
270.0
100
AcDbRotatedDimension
  0
LWPOLYLINE
  5
52B
330
17
100
AcDbEntity
  8
BALON
100
AcDbPolyline
 90
        3
 70
     0
 43
0.0
 10
62.0
 20
18.52826875469454
 10
60.90000000000001
 20
18.52826875469454
 10
58.96
 20
18.52826875469454
  0
HATCH
  5
52C
330
17
100
AcDbEntity
  8
BALON
 62
     7
100
AcDbHatch
 10
0.0
 20
0.0
 30
0.0
210
0.0
220
0.0
230
1.0
  2
SOLID
 70
     1
 71
     0
 91
        1
 92
        1
 93
        1
 72
     2
 10
62.0
 20
18.52826875469454
 40
0.025
 50
0.0
 51
360.0
 73
     1
 97
        0
 75
     1
 76
     1
 98
        0
450
        0
451
        0
460
0.0
461
0.0
452
        0
462
0.0
453
        0
470

  0
TEXT
  5
52D
330
17
100
AcDbEntity
  8
YAZI
100
AcDbText
 10
58.93455661664393
 20
18.59287312031528
 30
0.0
 40
0.1
  1
ÖK-1 ölçüm kutusu (direk üstü)
  7
ARIAL
 72
     2
 11
60.86000000000001
 21
18.56326875469454
 31
0.0
100
AcDbText
 73
     1
  0
LWPOLYLINE
  5
52E
330
17
100
AcDbEntity
  8
BALON
100
AcDbPolyline
 90
        3
 70
     0
 43
0.0
 10
61.40000000000001
 20
16.42826875469454
 10
60.90000000000001
 20
17.22826875469454
 10
59.64199999999999
 20
17.22826875469454
  0
HATCH
  5
52F
330
17
100
AcDbEntity
  8
BALON
 62
     7
100
AcDbHatch
 10
0.0
 20
0.0
 30
0.0
210
0.0
220
0.0
230
1.0
  2
SOLID
 70
     1
 71
     0
 91
        1
 92
        1
 93
        1
 72
     2
 10
61.40000000000001
 20
16.42826875469454
 40
0.025
 50
0.0
 51
360.0
 73
     1
 97
        0
 75
     1
 76
     1
 98
        0
450
        0
451
        0
460
0.0
461
0.0
452
        0
462
0.0
453
        0
470

  0
TEXT
  5
530
330
17
100
AcDbEntity
  8
YAZI
100
AcDbText
 10
59.55563437926331
 20
17.29287312031528
 30
0.0
 40
0.1
  1
Çakıl kaplama 10 cm
  7
ARIAL
 72
     2
 11
60.86000000000001
 21
17.26326875469454
 31
0.0
100
AcDbText
 73
     1
  0
LWPOLYLINE
  5
531
330
17
100
AcDbEntity
  8
BALON
100
AcDbPolyline
 90
        3
 70
     0
 43
0.0
 10
62.8
 20
15.92826875469454
 10
60.90000000000001
 20
15.92826875469454
 10
59.27
 20
15.92826875469454
  0
HATCH
  5
532
330
17
100
AcDbEntity
  8
BALON
 62
     7
100
AcDbHatch
 10
0.0
 20
0.0
 30
0.0
210
0.0
220
0.0
230
1.0
  2
SOLID
 70
     1
 71
     0
 91
        1
 92
        1
 93
        1
 72
     2
 10
62.8
 20
15.92826875469454
 40
0.025
 50
0.0
 51
360.0
 73
     1
 97
        0
 75
     1
 76
     1
 98
        0
450
        0
451
        0
460
0.0
461
0.0
452
        0
462
0.0
453
        0
470

  0
TEXT
  5
533
330
17
100
AcDbEntity
  8
YAZI
100
AcDbText
 10
59.26825375170533
 20
15.99287312031528
 30
0.0
 40
0.1
  1
Kablo ikaz bandı (-30 cm)
  7
ARIAL
 72
     2
 11
60.86000000000001
 21
15.96326875469454
 31
0.0
100
AcDbText
 73
     1
  0
LWPOLYLINE
  5
534
330
17
100
AcDbEntity
  8
BALON
100
AcDbPolyline
 90
        3
 70
     0
 43
0.0
 10
64.0
 20
13.32826875469454
 10
60.90000000000001
 20
13.32826875469454
 10
59.27
 20
13.32826875469454
  0
HATCH
  5
535
330
17
100
AcDbEntity
  8
BALON
 62
     7
100
AcDbHatch
 10
0.0
 20
0.0
 30
0.0
210
0.0
220
0.0
230
1.0
  2
SOLID
 70
     1
 71
     0
 91
        1
 92
        1
 93
        1
 72
     2
 10
64.0
 20
13.32826875469454
 40
0.025
 50
0.0
 51
360.0
 73
     1
 97
        0
 75
     1
 76
     1
 98
        0
450
        0
451
        0
460
0.0
461
0.0
452
        0
462
0.0
453
        0
470

  0
TEXT
  5
536
330
17
100
AcDbEntity
  8
YAZI
100
AcDbText
 10
59.55542974079127
 20
13.39287312031528
 30
0.0
 40
0.1
  1
MA-1  Mg anot 10 Lb
  7
ARIAL
 72
     2
 11
60.86000000000001
 21
13.36326875469454
 31
0.0
100
AcDbText
 73
     1
  0
TEXT
  5
537
330
17
100
AcDbEntity
  8
YAZI
100
AcDbText
 10
59.35358799454298
 20
13.19326875469454
 30
0.0
 40
0.1
  1
doğal zemine, ıslatılarak
  7
ARIAL
 72
     2
 11
60.86000000000001
 21
13.29326875469454
 31
0.0
100
AcDbText
 73
     3
  0
LWPOLYLINE
  5
538
330
17
100
AcDbEntity
  8
BALON
100
AcDbPolyline
 90
        3
 70
     0
 43
0.0
 10
65.928
 20
12.26026875469454
 10
60.90000000000001
 20
11.92826875469454
 10
58.96
 20
11.92826875469454
  0
HATCH
  5
539
330
17
100
AcDbEntity
  8
BALON
 62
     7
100
AcDbHatch
 10
0.0
 20
0.0
 30
0.0
210
0.0
220
0.0
230
1.0
  2
SOLID
 70
     1
 71
     0
 91
        1
 92
        1
 93
        1
 72
     2
 10
65.928
 20
12.26026875469454
 40
0.025
 50
0.0
 51
360.0
 73
     1
 97
        0
 75
     1
 76
     1
 98
        0
450
        0
451
        0
460
0.0
461
0.0
452
        0
462
0.0
453
        0
470

  0
TEXT
  5
53A
330
17
100
AcDbEntity
  8
YAZI
100
AcDbText
 10
59.01579809004093
 20
11.99287312031527
 30
0.0
 40
0.1
  1
Ankraj kayışı + izolasyon pedi
  7
ARIAL
 72
     2
 11
60.86000000000001
 21
11.96326875469454
 31
0.0
100
AcDbText
 73
     1
  0
LWPOLYLINE
  5
53B
330
17
100
AcDbEntity
  8
BALON
100
AcDbPolyline
 90
        3
 70
     0
 43
0.0
 10
66.0
 20
10.82826875469454
 10
60.90000000000001
 20
10.82826875469454
 10
59.70400000000001
 20
10.82826875469454
  0
HATCH
  5
53C
330
17
100
AcDbEntity
  8
BALON
 62
     7
100
AcDbHatch
 10
0.0
 20
0.0
 30
0.0
210
0.0
220
0.0
230
1.0
  2
SOLID
 70
     1
 71
     0
 91
        1
 92
        1
 93
        1
 72
     2
 10
66.0
 20
10.82826875469454
 40
0.025
 50
0.0
 51
360.0
 73
     1
 97
        0
 75
     1
 76
     1
 98
        0
450
        0
451
        0
460
0.0
461
0.0
452
        0
462
0.0
453
        0
470

  0
TEXT
  5
53D
330
17
100
AcDbEntity
  8
YAZI
100
AcDbText
 10
59.73387448840383
 20
10.89287312031528
 30
0.0
 40
0.1
  1
Beton ankraj plağı
  7
ARIAL
 72
     2
 11
60.86000000000001
 21
10.86326875469454
 31
0.0
100
AcDbText
 73
     1
  0
LWPOLYLINE
  5
53E
330
17
100
AcDbEntity
  8
BALON
100
AcDbPolyline
 90
        3
 70
     0
 43
0.0
 10
69.43999999999999
 20
13.32826875469454
 10
73.5
 20
14.52826875469454
 10
75.44
 20
14.52826875469454
  0
HATCH
  5
53F
330
17
100
AcDbEntity
  8
BALON
 62
     7
100
AcDbHatch
 10
0.0
 20
0.0
 30
0.0
210
0.0
220
0.0
230
1.0
  2
SOLID
 70
     1
 71
     0
 91
        1
 92
        1
 93
        1
 72
     2
 10
69.43999999999999
 20
13.32826875469454
 40
0.025
 50
0.0
 51
360.0
 73
     1
 97
        0
 75
     1
 76
     1
 98
        0
450
        0
451
        0
460
0.0
461
0.0
452
        0
462
0.0
453
        0
470

  0
TEXT
  5
540
330
17
100
AcDbEntity
  8
YAZI
100
AcDbText
 10
73.54
 20
14.59287312031528
 30
0.0
 40
0.1
  1
RE  Cu/CuSO4 referans elektrot
  7
ARIAL
 11
73.54
 21
14.56326875469454
 31
0.0
100
AcDbText
 73
     1
  0
LWPOLYLINE
  5
541
330
17
100
AcDbEntity
  8
BALON
100
AcDbPolyline
 90
        3
 70
     0
 43
0.0
 10
70.4
 20
13.32826875469454
 10
73.5
 20
13.92826875469454
 10
74.75799999999999
 20
13.92826875469454
  0
HATCH
  5
542
330
17
100
AcDbEntity
  8
BALON
 62
     7
100
AcDbHatch
 10
0.0
 20
0.0
 30
0.0
210
0.0
220
0.0
230
1.0
  2
SOLID
 70
     1
 71
     0
 91
        1
 92
        1
 93
        1
 72
     2
 10
70.4
 20
13.32826875469454
 40
0.025
 50
0.0
 51
360.0
 73
     1
 97
        0
 75
     1
 76
     1
 98
        0
450
        0
451
        0
460
0.0
461
0.0
452
        0
462
0.0
453
        0
470

  0
TEXT
  5
543
330
17
100
AcDbEntity
  8
YAZI
100
AcDbText
 10
73.54
 20
13.99287312031528
 30
0.0
 40
0.1
  1
MA-2  Mg anot 10 Lb
  7
ARIAL
 11
73.54
 21
13.96326875469454
 31
0.0
100
AcDbText
 73
     1
  0
LWPOLYLINE
  5
544
330
17
100
AcDbEntity
  8
BALON
100
AcDbPolyline
 90
        3
 70
     0
 43
0.0
 10
67.8
 20
11.42826875469454
 10
73.5
 20
11.42826875469454
 10
75.12999999999999
 20
11.42826875469454
  0
HATCH
  5
545
330
17
100
AcDbEntity
  8
BALON
 62
     7
100
AcDbHatch
 10
0.0
 20
0.0
 30
0.0
210
0.0
220
0.0
230
1.0
  2
SOLID
 70
     1
 71
     0
 91
        1
 92
        1
 93
        1
 72
     2
 10
67.8
 20
11.42826875469454
 40
0.025
 50
0.0
 51
360.0
 73
     1
 97
        0
 75
     1
 76
     1
 98
        0
450
        0
451
        0
460
0.0
461
0.0
452
        0
462
0.0
453
        0
470

  0
TEXT
  5
546
330
17
100
AcDbEntity
  8
YAZI
100
AcDbText
 10
73.54
 20
11.49287312031527
 30
0.0
 40
0.1
  1
Elenmiş kum yatak / dolgu
  7
ARIAL
 11
73.54
 21
11.46326875469454
 31
0.0
100
AcDbText
 73
     1
  0
LWPOLYLINE
  5
547
330
17
100
AcDbEntity
  8
BALON
100
AcDbPolyline
 90
        3
 70
     0
 43
0.0
 10
67.9
 20
14.02826875469454
 10
69.7
 20
18.62826875469454
 10
71.33
 20
18.62826875469454
  0
HATCH
  5
548
330
17
100
AcDbEntity
  8
BALON
 62
     7
100
AcDbHatch
 10
0.0
 20
0.0
 30
0.0
210
0.0
220
0.0
230
1.0
  2
SOLID
 70
     1
 71
     0
 91
        1
 92
        1
 93
        1
 72
     2
 10
67.9
 20
14.02826875469454
 40
0.025
 50
0.0
 51
360.0
 73
     1
 97
        0
 75
     1
 76
     1
 98
        0
450
        0
451
        0
460
0.0
461
0.0
452
        0
462
0.0
453
        0
470

  0
TEXT
  5
549
330
17
100
AcDbEntity
  8
YAZI
100
AcDbText
 10
69.74000000000001
 20
18.69287312031528
 30
0.0
 40
0.1
  1
LPG TANKI Ø160 cm (10 m³)
  7
ARIAL
 11
69.74000000000001
 21
18.66326875469454
 31
0.0
100
AcDbText
 73
     1
  0
TEXT
  5
54A
330
17
100
AcDbEntity
  8
YAZI
100
AcDbText
 10
69.74000000000001
 20
18.49326875469454
 30
0.0
 40
0.1
  1
fabrika kaplamalı
  7
ARIAL
 11
69.74000000000001
 21
18.59326875469454
 31
0.0
100
AcDbText
 73
     3
  0
LWPOLYLINE
  5
54B
330
17
100
AcDbEntity
  8
BALON
100
AcDbPolyline
 90
        3
 70
     0
 43
0.0
 10
66.44884549954257
 20
14.74098490326882
 10
69.0
 20
17.62826875469454
 10
71.002
 20
17.62826875469454
  0
HATCH
  5
54C
330
17
100
AcDbEntity
  8
BALON
 62
     7
100
AcDbHatch
 10
0.0
 20
0.0
 30
0.0
210
0.0
220
0.0
230
1.0
  2
SOLID
 70
     1
 71
     0
 91
        1
 92
        1
 93
        1
 72
     2
 10
66.44884549954257
 20
14.74098490326882
 40
0.025
 50
0.0
 51
360.0
 73
     1
 97
        0
 75
     1
 76
     1
 98
        0
450
        0
451
        0
460
0.0
461
0.0
452
        0
462
0.0
453
        0
470

  0
TEXT
  5
54D
330
17
100
AcDbEntity
  8
YAZI
100
AcDbText
 10
69.04
 20
17.69287312031528
 30
0.0
 40
0.1
  1
Termit kaynak bağlantısı (tank)
  7
ARIAL
 11
69.04
 21
17.66326875469454
 31
0.0
100
AcDbText
 73
     1
  0
TEXT
  5
54E
330
17
100
AcDbEntity
  8
BASLIK
100
AcDbText
 10
58.6
 20
7.8888605875566
 30
0.0
 40
0.1275
  1
DETAY-1: HAZIR DOLGULU Mg ANOT  (Ölçek 1/5)
  7
ARIAL
 11
58.6
 21
7.85111502139016
 31
0.0
100
AcDbText
 73
     1
  0
LWPOLYLINE
  5
54F
330
17
100
AcDbEntity
  8
BASLIK
100
AcDbPolyline
 90
        2
 70
     0
 43
0.0
 10
58.6
 20
7.80111502139016
 10
62.19915
 20
7.80111502139016
  0
LWPOLYLINE
  5
550
330
17
100
AcDbEntity
  8
YAZI
100
AcDbPolyline
 90
        2
 70
     0
 43
0.0
 10
58.6
 20
7.76111502139016
 10
62.19915
 20
7.76111502139016
  0
TEXT
  5
551
330
17
100
AcDbEntity
  8
YAZI
100
AcDbText
 10
58.6
 20
7.591115021390161
 30
0.0
 40
0.1
  1
Ölçüler mm'dir.
  7
ARIAL
 11
58.6
 21
7.69111502139016
 31
0.0
100
AcDbText
 73
     3
  0
LWPOLYLINE
  5
552
330
17
100
AcDbEntity
  8
DETAY
100
AcDbPolyline
 90
        6
 70
     1
 43
0.0
 10
60.6
 20
1.199999999999999
 10
62.0
 20
1.199999999999999
 10
62.0
 20
6.2
 10
61.50999999999999
 20
6.4
 10
61.09
 20
6.4
 10
60.6
 20
6.2
  0
HATCH
  5
553
330
17
100
AcDbEntity
  8
DETAY-TARAMA
100
AcDbHatch
 10
0.0
 20
0.0
 30
0.0
210
0.0
220
0.0
230
1.0
  2
DOTS
 70
     0
 71
     0
 91
        2
 92
        3
 72
     0
 73
     1
 93
        6
 10
60.6
 20
1.199999999999999
 10
62.0
 20
1.199999999999999
 10
62.0
 20
6.2
 10
61.50999999999999
 20
6.4
 10
61.09
 20
6.4
 10
60.6
 20
6.2
 97
        0
 92
        3
 72
     0
 73
     1
 93
        4
 10
60.92
 20
1.919999999999999
 10
61.68
 20
1.919999999999999
 10
61.68
 20
5.48
 10
60.92
 20
5.48
 97
        0
 75
     1
 76
     1
 52
0.0
 41
0.03
 77
     0
 78
     1
 53
0.0
 43
0.0
 44
0.0
 45
0.0238125
 46
0.047625
 79
     2
 49
0.0
 49
-0.047625
 98
        0
  0
LWPOLYLINE
  5
554
330
17
100
AcDbEntity
  8
KK-ANOT
100
AcDbPolyline
 90
        4
 70
     1
 43
0.0
 10
60.92
 20
1.919999999999999
 10
61.68
 20
1.919999999999999
 10
61.68
 20
5.48
 10
60.92
 20
5.48
  0
HATCH
  5
555
330
17
100
AcDbEntity
  8
KK-ANOT
100
AcDbHatch
 10
0.0
 20
0.0
 30
0.0
210
0.0
220
0.0
230
1.0
  2
ANSI31
 70
     0
 71
     0
 91
        1
 92
        3
 72
     0
 73
     1
 93
        4
 10
60.92
 20
1.919999999999999
 10
61.68
 20
1.919999999999999
 10
61.68
 20
5.48
 10
60.92
 20
5.48
 97
        0
 75
     1
 76
     1
 52
0.0
 41
0.04
 77
     0
 78
     1
 53
45.0
 43
0.0
 44
0.0
 45
-0.0898025612
 46
0.0898025612
 79
     0
 98
        0
  0
LWPOLYLINE
  5
556
330
17
100
AcDbEntity
  8
DETAY
100
AcDbPolyline
 90
        2
 70
     0
 43
0.0
 10
61.29999999999999
 20
1.77
 10
61.29999999999999
 20
5.629999999999999
  0
LWPOLYLINE
  5
557
330
17
100
AcDbEntity
  8
DETAY
100
AcDbPolyline
 90
        2
 70
     0
 43
0.0
 10
61.18
 20
6.4
 10
61.42
 20
6.4
  0
LWPOLYLINE
  5
558
330
17
100
AcDbEntity
  8
KK-KABLO
100
AcDbPolyline
 90
        4
 70
     0
 43
0.0
 10
61.29999999999999
 20
5.629999999999999
 10
61.29999999999999
 20
7.0
 10
61.7
 20
7.4
 10
62.3
 20
7.4
  0
DIMENSION
  5
559
330
17
100
AcDbEntity
  8
OLCU
100
AcDbDimension
280
     0
  2
*D15
 10
60.14999999999999
 20
1.199999999999999
 30
0.0
 11
60.06999999999999
 21
3.7
 31
0.0
 70
    32
  1
<>
 71
     5
 42
-1.0
 73
     0
 74
     0
 75
     0
  3
KK5
100
AcDbAlignedDimension
 13
60.6
 23
1.199999999999999
 33
0.0
 14
60.6
 24
6.2
 34
0.0
 50
90.0
100
AcDbRotatedDimension
  0
DIMENSION
  5
568
330
17
100
AcDbEntity
  8
OLCU
100
AcDbDimension
280
     0
  2
*D16
 10
60.6
 20
0.8
 30
0.0
 11
61.29999999999999
 21
0.8799999999999998
 31
0.0
 70
    32
  1
<>
 71
     5
 42
-1.0
 73
     0
 74
     0
 75
     0
  3
KK5
100
AcDbAlignedDimension
 13
60.6
 23
1.199999999999999
 33
0.0
 14
62.0
 24
1.199999999999999
 34
0.0
100
AcDbRotatedDimension
  0
DIMENSION
  5
577
330
17
100
AcDbEntity
  8
OLCU
100
AcDbDimension
280
     0
  2
*D17
 10
62.35
 20
1.919999999999999
 30
0.0
 11
62.27
 21
3.7
 31
0.0
 70
    32
  1
<>
 71
     5
 42
-1.0
 73
     0
 74
     0
 75
     0
  3
KK5
100
AcDbAlignedDimension
 13
61.68
 23
1.919999999999999
 33
0.0
 14
61.68
 24
5.48
 34
0.0
 50
90.0
100
AcDbRotatedDimension
  0
TEXT
  5
586
330
17
100
AcDbEntity
  8
YAZI
100
AcDbText
 10
60.09744713506139
 20
0.3225
 30
0.0
 40
0.1275
  1
Mg ANOT 10 Lb (MA-1, MA-2)
  7
ARIAL
 72
     1
 11
61.29999999999999
 21
0.45
 31
0.0
100
AcDbText
 73
     3
  0
LWPOLYLINE
  5
587
330
17
100
AcDbEntity
  8
DETAY
100
AcDbPolyline
 90
        6
 70
     1
 43
0.0
 10
64.90000000000001
 20
1.199999999999999
 10
65.9
 20
1.199999999999999
 10
65.9
 20
4.7
 10
65.55000000000001
 20
4.9
 10
65.25
 20
4.9
 10
64.90000000000001
 20
4.7
  0
HATCH
  5
588
330
17
100
AcDbEntity
  8
DETAY-TARAMA
100
AcDbHatch
 10
0.0
 20
0.0
 30
0.0
210
0.0
220
0.0
230
1.0
  2
DOTS
 70
     0
 71
     0
 91
        2
 92
        3
 72
     0
 73
     1
 93
        6
 10
64.90000000000001
 20
1.199999999999999
 10
65.9
 20
1.199999999999999
 10
65.9
 20
4.7
 10
65.55000000000001
 20
4.9
 10
65.25
 20
4.9
 10
64.90000000000001
 20
4.7
 97
        0
 92
        3
 72
     0
 73
     1
 93
        4
 10
65.14500000000001
 20
1.804999999999999
 10
65.655
 20
1.804999999999999
 10
65.655
 20
4.094999999999999
 10
65.14500000000001
 20
4.094999999999999
 97
        0
 75
     1
 76
     1
 52
0.0
 41
0.03
 77
     0
 78
     1
 53
0.0
 43
0.0
 44
0.0
 45
0.0238125
 46
0.047625
 79
     2
 49
0.0
 49
-0.047625
 98
        0
  0
LWPOLYLINE
  5
589
330
17
100
AcDbEntity
  8
KK-ANOT
100
AcDbPolyline
 90
        4
 70
     1
 43
0.0
 10
65.14500000000001
 20
1.804999999999999
 10
65.655
 20
1.804999999999999
 10
65.655
 20
4.094999999999999
 10
65.14500000000001
 20
4.094999999999999
  0
HATCH
  5
58A
330
17
100
AcDbEntity
  8
KK-ANOT
100
AcDbHatch
 10
0.0
 20
0.0
 30
0.0
210
0.0
220
0.0
230
1.0
  2
ANSI31
 70
     0
 71
     0
 91
        1
 92
        3
 72
     0
 73
     1
 93
        4
 10
65.14500000000001
 20
1.804999999999999
 10
65.655
 20
1.804999999999999
 10
65.655
 20
4.094999999999999
 10
65.14500000000001
 20
4.094999999999999
 97
        0
 75
     1
 76
     1
 52
0.0
 41
0.04
 77
     0
 78
     1
 53
45.0
 43
0.0
 44
0.0
 45
-0.0898025612
 46
0.0898025612
 79
     0
 98
        0
  0
LWPOLYLINE
  5
58B
330
17
100
AcDbEntity
  8
DETAY
100
AcDbPolyline
 90
        2
 70
     0
 43
0.0
 10
65.4
 20
1.655
 10
65.4
 20
4.245
  0
LWPOLYLINE
  5
58C
330
17
100
AcDbEntity
  8
DETAY
100
AcDbPolyline
 90
        2
 70
     0
 43
0.0
 10
65.28
 20
4.9
 10
65.52000000000001
 20
4.9
  0
LWPOLYLINE
  5
58D
330
17
100
AcDbEntity
  8
KK-KABLO
100
AcDbPolyline
 90
        4
 70
     0
 43
0.0
 10
65.4
 20
4.245
 10
65.4
 20
5.5
 10
65.80000000000001
 20
5.9
 10
66.4
 20
5.9
  0
DIMENSION
  5
58E
330
17
100
AcDbEntity
  8
OLCU
100
AcDbDimension
280
     0
  2
*D18
 10
64.45
 20
1.199999999999999
 30
0.0
 11
64.37000000000001
 21
2.95
 31
0.0
 70
    32
  1
<>
 71
     5
 42
-1.0
 73
     0
 74
     0
 75
     0
  3
KK5
100
AcDbAlignedDimension
 13
64.90000000000001
 23
1.199999999999999
 33
0.0
 14
64.90000000000001
 24
4.7
 34
0.0
 50
90.0
100
AcDbRotatedDimension
  0
DIMENSION
  5
59D
330
17
100
AcDbEntity
  8
OLCU
100
AcDbDimension
280
     0
  2
*D19
 10
64.90000000000001
 20
0.8
 30
0.0
 11
65.4
 21
0.8799999999999998
 31
0.0
 70
    32
  1
<>
 71
     5
 42
-1.0
 73
     0
 74
     0
 75
     0
  3
KK5
100
AcDbAlignedDimension
 13
64.90000000000001
 23
1.199999999999999
 33
0.0
 14
65.9
 24
1.199999999999999
 34
0.0
100
AcDbRotatedDimension
  0
DIMENSION
  5
5AC
330
17
100
AcDbEntity
  8
OLCU
100
AcDbDimension
280
     0
  2
*D20
 10
66.25
 20
1.804999999999999
 30
0.0
 11
66.17
 21
2.95
 31
0.0
 70
    32
  1
<>
 71
     5
 42
-1.0
 73
     0
 74
     0
 75
     0
  3
KK5
100
AcDbAlignedDimension
 13
65.655
 23
1.804999999999999
 33
0.0
 14
65.655
 24
4.094999999999999
 34
0.0
 50
90.0
100
AcDbRotatedDimension
  0
TEXT
  5
5BB
330
17
100
AcDbEntity
  8
YAZI
100
AcDbText
 10
64.17270378581173
 20
0.3225
 30
0.0
 40
0.1275
  1
Mg ANOT 3,5 Lb (MA-3, MA-4)
  7
ARIAL
 72
     1
 11
65.4
 21
0.45
 31
0.0
100
AcDbText
 73
     3
  0
LWPOLYLINE
  5
5BC
330
17
100
AcDbEntity
  8
BALON
100
AcDbPolyline
 90
        3
 70
     0
 43
0.0
 10
66.4
 20
5.9
 10
67.59999999999999
 20
7.0
 10
69.22999999999999
 20
7.0
  0
HATCH
  5
5BD
330
17
100
AcDbEntity
  8
BALON
 62
     7
100
AcDbHatch
 10
0.0
 20
0.0
 30
0.0
210
0.0
220
0.0
230
1.0
  2
SOLID
 70
     1
 71
     0
 91
        1
 92
        1
 93
        1
 72
     2
 10
66.4
 20
5.9
 40
0.025
 50
0.0
 51
360.0
 73
     1
 97
        0
 75
     1
 76
     1
 98
        0
450
        0
451
        0
460
0.0
461
0.0
452
        0
462
0.0
453
        0
470

  0
TEXT
  5
5BE
330
17
100
AcDbEntity
  8
YAZI
100
AcDbText
 10
67.64
 20
7.064604365620736
 30
0.0
 40
0.1
  1
NYY 1x6 mm² anot kablosu,
  7
ARIAL
 11
67.64
 21
7.035
 31
0.0
100
AcDbText
 73
     1
  0
TEXT
  5
5BF
330
17
100
AcDbEntity
  8
YAZI
100
AcDbText
 10
67.64
 20
6.865
 30
0.0
 40
0.1
  1
fabrika çıkışlı min. 3 m
  7
ARIAL
 11
67.64
 21
6.964999999999999
 31
0.0
100
AcDbText
 73
     3
  0
LWPOLYLINE
  5
5C0
330
17
100
AcDbEntity
  8
BALON
100
AcDbPolyline
 90
        3
 70
     0
 43
0.0
 10
65.52000000000001
 20
4.9
 10
67.59999999999999
 20
6.08
 10
68.3
 20
6.08
  0
HATCH
  5
5C1
330
17
100
AcDbEntity
  8
BALON
 62
     7
100
AcDbHatch
 10
0.0
 20
0.0
 30
0.0
210
0.0
220
0.0
230
1.0
  2
SOLID
 70
     1
 71
     0
 91
        1
 92
        1
 93
        1
 72
     2
 10
65.52000000000001
 20
4.9
 40
0.025
 50
0.0
 51
360.0
 73
     1
 97
        0
 75
     1
 76
     1
 98
        0
450
        0
451
        0
460
0.0
461
0.0
452
        0
462
0.0
453
        0
470

  0
TEXT
  5
5C2
330
17
100
AcDbEntity
  8
YAZI
100
AcDbText
 10
67.64
 20
6.144604365620736
 30
0.0
 40
0.1
  1
Torba bağı
  7
ARIAL
 11
67.64
 21
6.115
 31
0.0
100
AcDbText
 73
     1
  0
LWPOLYLINE
  5
5C3
330
17
100
AcDbEntity
  8
BALON
100
AcDbPolyline
 90
        3
 70
     0
 43
0.0
 10
65.4
 20
4.174999999999999
 10
67.59999999999999
 20
5.16
 10
69.53999999999999
 20
5.16
  0
HATCH
  5
5C4
330
17
100
AcDbEntity
  8
BALON
 62
     7
100
AcDbHatch
 10
0.0
 20
0.0
 30
0.0
210
0.0
220
0.0
230
1.0
  2
SOLID
 70
     1
 71
     0
 91
        1
 92
        1
 93
        1
 72
     2
 10
65.4
 20
4.174999999999999
 40
0.025
 50
0.0
 51
360.0
 73
     1
 97
        0
 75
     1
 76
     1
 98
        0
450
        0
451
        0
460
0.0
461
0.0
452
        0
462
0.0
453
        0
470

  0
TEXT
  5
5C5
330
17
100
AcDbEntity
  8
YAZI
100
AcDbText
 10
67.64
 20
5.224604365620736
 30
0.0
 40
0.1
  1
Kablo-çekirdek bağlantısı
  7
ARIAL
 11
67.64
 21
5.195
 31
0.0
100
AcDbText
 73
     1
  0
TEXT
  5
5C6
330
17
100
AcDbEntity
  8
YAZI
100
AcDbText
 10
67.64
 20
5.025
 30
0.0
 40
0.1
  1
gümüş lehim + epoksi izolasyon
  7
ARIAL
 11
67.64
 21
5.125
 31
0.0
100
AcDbText
 73
     3
  0
LWPOLYLINE
  5
5C7
330
17
100
AcDbEntity
  8
BALON
100
AcDbPolyline
 90
        3
 70
     0
 43
0.0
 10
65.78
 20
4.299999999999999
 10
67.59999999999999
 20
4.24
 10
69.91199999999999
 20
4.24
  0
HATCH
  5
5C8
330
17
100
AcDbEntity
  8
BALON
 62
     7
100
AcDbHatch
 10
0.0
 20
0.0
 30
0.0
210
0.0
220
0.0
230
1.0
  2
SOLID
 70
     1
 71
     0
 91
        1
 92
        1
 93
        1
 72
     2
 10
65.78
 20
4.299999999999999
 40
0.025
 50
0.0
 51
360.0
 73
     1
 97
        0
 75
     1
 76
     1
 98
        0
450
        0
451
        0
460
0.0
461
0.0
452
        0
462
0.0
453
        0
470

  0
TEXT
  5
5C9
330
17
100
AcDbEntity
  8
YAZI
100
AcDbText
 10
67.64
 20
4.304604365620736
 30
0.0
 40
0.1
  1
Hazır dolgu: %75 alçı + %20 bentonit
  7
ARIAL
 11
67.64
 21
4.275
 31
0.0
100
AcDbText
 73
     1
  0
TEXT
  5
5CA
330
17
100
AcDbEntity
  8
YAZI
100
AcDbText
 10
67.64
 20
4.105
 30
0.0
 40
0.1
  1
+ %5 sodyum sülfat
  7
ARIAL
 11
67.64
 21
4.205
 31
0.0
100
AcDbText
 73
     3
  0
LWPOLYLINE
  5
5CB
330
17
100
AcDbEntity
  8
BALON
100
AcDbPolyline
 90
        3
 70
     0
 43
0.0
 10
65.575
 20
3.064499999999999
 10
67.59999999999999
 20
3.319999999999999
 10
69.91199999999999
 20
3.319999999999999
  0
HATCH
  5
5CC
330
17
100
AcDbEntity
  8
BALON
 62
     7
100
AcDbHatch
 10
0.0
 20
0.0
 30
0.0
210
0.0
220
0.0
230
1.0
  2
SOLID
 70
     1
 71
     0
 91
        1
 92
        1
 93
        1
 72
     2
 10
65.575
 20
3.064499999999999
 40
0.025
 50
0.0
 51
360.0
 73
     1
 97
        0
 75
     1
 76
     1
 98
        0
450
        0
451
        0
460
0.0
461
0.0
452
        0
462
0.0
453
        0
470

  0
TEXT
  5
5CD
330
17
100
AcDbEntity
  8
YAZI
100
AcDbText
 10
67.64
 20
3.384604365620736
 30
0.0
 40
0.1
  1
Mg alaşım külçe, yüksek potansiyelli
  7
ARIAL
 11
67.64
 21
3.354999999999999
 31
0.0
100
AcDbText
 73
     1
  0
TEXT
  5
5CE
330
17
100
AcDbEntity
  8
YAZI
100
AcDbText
 10
67.64
 20
3.185
 30
0.0
 40
0.1
  1
(Ecorr ≤ -1,70 V Cu/CuSO4)
  7
ARIAL
 11
67.64
 21
3.285
 31
0.0
100
AcDbText
 73
     3
  0
LWPOLYLINE
  5
5CF
330
17
100
AcDbEntity
  8
BALON
100
AcDbPolyline
 90
        3
 70
     0
 43
0.0
 10
65.4
 20
1.704999999999999
 10
67.59999999999999
 20
2.399999999999999
 10
69.354
 20
2.399999999999999
  0
HATCH
  5
5D0
330
17
100
AcDbEntity
  8
BALON
 62
     7
100
AcDbHatch
 10
0.0
 20
0.0
 30
0.0
210
0.0
220
0.0
230
1.0
  2
SOLID
 70
     1
 71
     0
 91
        1
 92
        1
 93
        1
 72
     2
 10
65.4
 20
1.704999999999999
 40
0.025
 50
0.0
 51
360.0
 73
     1
 97
        0
 75
     1
 76
     1
 98
        0
450
        0
451
        0
460
0.0
461
0.0
452
        0
462
0.0
453
        0
470

  0
TEXT
  5
5D1
330
17
100
AcDbEntity
  8
YAZI
100
AcDbText
 10
67.64
 20
2.464604365620736
 30
0.0
 40
0.1
  1
Çelik çekirdek (galvanizli)
  7
ARIAL
 11
67.64
 21
2.435
 31
0.0
100
AcDbText
 73
     1
  0
LWPOLYLINE
  5
5D2
330
17
100
AcDbEntity
  8
BALON
100
AcDbPolyline
 90
        3
 70
     0
 43
0.0
 10
65.9
 20
1.45
 10
67.59999999999999
 20
1.479999999999999
 10
68.982
 20
1.479999999999999
  0
HATCH
  5
5D3
330
17
100
AcDbEntity
  8
BALON
 62
     7
100
AcDbHatch
 10
0.0
 20
0.0
 30
0.0
210
0.0
220
0.0
230
1.0
  2
SOLID
 70
     1
 71
     0
 91
        1
 92
        1
 93
        1
 72
     2
 10
65.9
 20
1.45
 40
0.025
 50
0.0
 51
360.0
 73
     1
 97
        0
 75
     1
 76
     1
 98
        0
450
        0
451
        0
460
0.0
461
0.0
452
        0
462
0.0
453
        0
470

  0
TEXT
  5
5D4
330
17
100
AcDbEntity
  8
YAZI
100
AcDbText
 10
67.64
 20
1.544604365620736
 30
0.0
 40
0.1
  1
Pamuklu / kağıt torba
  7
ARIAL
 11
67.64
 21
1.514999999999999
 31
0.0
100
AcDbText
 73
     1
  0
LWPOLYLINE
  5
5D5
330
17
100
AcDbEntity
  8
TABLO
100
AcDbPolyline
 90
        4
 70
     1
 43
0.0
 10
71.09999999999999
 20
3.88713903155849
 10
77.09999999999999
 20
3.88713903155849
 10
77.09999999999999
 20
4.247139031558491
 10
71.09999999999999
 20
4.247139031558491
  0
HATCH
  5
5D6
330
17
100
AcDbEntity
  8
TABLO-INCE
100
AcDbHatch
 10
0.0
 20
0.0
 30
0.0
210
0.0
220
0.0
230
1.0
  2
ANSI31
 70
     0
 71
     0
 91
        1
 92
        3
 72
     0
 73
     1
 93
        4
 10
71.09999999999999
 20
3.88713903155849
 10
77.09999999999999
 20
3.88713903155849
 10
77.09999999999999
 20
4.247139031558491
 10
71.09999999999999
 20
4.247139031558491
 97
        0
 75
     1
 76
     1
 52
0.0
 41
0.02
 77
     0
 78
     1
 53
45.0
 43
0.0
 44
-6.802860968441509
 45
-0.0449012806
 46
0.0449012806
 79
     0
 98
        0
  0
TEXT
  5
5D7
330
17
100
AcDbEntity
  8
YAZI
100
AcDbText
 10
71.30607094133697
 20
4.01713903155849
 30
0.0
 40
0.1
  1
ANOT
  7
ARIAL
 72
     1
 11
71.5
 21
4.06713903155849
 31
0.0
100
AcDbText
 73
     2
  0
TEXT
  5
5D8
330
17
100
AcDbEntity
  8
YAZI
100
AcDbText
 10
72.13530013642563
 20
4.01713903155849
 30
0.0
 40
0.1
  1
NET
  7
ARIAL
 72
     1
 11
72.27499999999998
 21
4.06713903155849
 31
0.0
100
AcDbText
 73
     2
  0
TEXT
  5
5D9
330
17
100
AcDbEntity
  8
YAZI
100
AcDbText
 10
72.84860163710778
 20
4.01713903155849
 30
0.0
 40
0.1
  1
TORBA mm
  7
ARIAL
 72
     1
 11
73.22499999999999
 21
4.06713903155849
 31
0.0
100
AcDbText
 73
     2
  0
TEXT
  5
5DA
330
17
100
AcDbEntity
  8
YAZI
100
AcDbText
 10
74.10630968622101
 20
4.01713903155849
 30
0.0
 40
0.1
  1
KÜLÇE mm
  7
ARIAL
 72
     1
 11
74.47499999999999
 21
4.06713903155849
 31
0.0
100
AcDbText
 73
     2
  0
TEXT
  5
5DB
330
17
100
AcDbEntity
  8
YAZI
100
AcDbText
 10
75.2388130968622
 20
4.01713903155849
 30
0.0
 40
0.1
  1
ADET
  7
ARIAL
 72
     1
 11
75.425
 21
4.06713903155849
 31
0.0
100
AcDbText
 73
     2
  0
TEXT
  5
5DC
330
17
100
AcDbEntity
  8
YAZI
100
AcDbText
 10
76.2369713506139
 20
4.01713903155849
 30
0.0
 40
0.1
  1
YERİ
  7
ARIAL
 72
     1
 11
76.39999999999997
 21
4.06713903155849
 31
0.0
100
AcDbText
 73
     2
  0
LWPOLYLINE
  5
5DD
330
17
100
AcDbEntity
  8
TABLO-INCE
100
AcDbPolyline
 90
        2
 70
     0
 43
0.0
 10
71.09999999999999
 20
3.587139031558491
 10
77.09999999999999
 20
3.587139031558491
  0
TEXT
  5
5DE
330
17
100
AcDbEntity
  8
YAZI
100
AcDbText
 10
71.32520463847203
 20
3.68713903155849
 30
0.0
 40
0.1
  1
10 Lb
  7
ARIAL
 72
     1
 11
71.5
 21
3.73713903155849
 31
0.0
100
AcDbText
 73
     2
  0
TEXT
  5
5DF
330
17
100
AcDbEntity
  8
YAZI
100
AcDbText
 10
72.08472032742154
 20
3.68713903155849
 30
0.0
 40
0.1
  1
4.5 kg
  7
ARIAL
 72
     1
 11
72.27499999999998
 21
3.73713903155849
 31
0.0
100
AcDbText
 73
     2
  0
TEXT
  5
5E0
330
17
100
AcDbEntity
  8
YAZI
100
AcDbText
 10
72.90266030013642
 20
3.68713903155849
 30
0.0
 40
0.1
  1
Ø140x500
  7
ARIAL
 72
     1
 11
73.22499999999999
 21
3.73713903155849
 31
0.0
100
AcDbText
 73
     2
  0
TEXT
  5
5E1
330
17
100
AcDbEntity
  8
YAZI
100
AcDbText
 10
74.1332196452933
 20
3.68713903155849
 30
0.0
 40
0.1
  1
76x76x356
  7
ARIAL
 72
     1
 11
74.47499999999999
 21
3.73713903155849
 31
0.0
100
AcDbText
 73
     2
  0
TEXT
  5
5E2
330
17
100
AcDbEntity
  8
YAZI
100
AcDbText
 10
75.38615279672578
 20
3.68713903155849
 30
0.0
 40
0.1
  1
2
  7
ARIAL
 72
     1
 11
75.425
 21
3.73713903155849
 31
0.0
100
AcDbText
 73
     2
  0
TEXT
  5
5E3
330
17
100
AcDbEntity
  8
YAZI
100
AcDbText
 10
76.24471350613913
 20
3.68713903155849
 30
0.0
 40
0.1
  1
Tank
  7
ARIAL
 72
     1
 11
76.39999999999997
 21
3.73713903155849
 31
0.0
100
AcDbText
 73
     2
  0
LWPOLYLINE
  5
5E4
330
17
100
AcDbEntity
  8
TABLO-INCE
100
AcDbPolyline
 90
        2
 70
     0
 43
0.0
 10
71.09999999999999
 20
3.28713903155849
 10
77.09999999999999
 20
3.28713903155849
  0
TEXT
  5
5E5
330
17
100
AcDbEntity
  8
YAZI
100
AcDbText
 10
71.30579809004093
 20
3.387139031558491
 30
0.0
 40
0.1
  1
3,5 Lb
  7
ARIAL
 72
     1
 11
71.5
 21
3.437139031558491
 31
0.0
100
AcDbText
 73
     2
  0
TEXT
  5
5E6
330
17
100
AcDbEntity
  8
YAZI
100
AcDbText
 10
72.08472032742154
 20
3.387139031558491
 30
0.0
 40
0.1
  1
1.6 kg
  7
ARIAL
 72
     1
 11
72.27499999999998
 21
3.437139031558491
 31
0.0
100
AcDbText
 73
     2
  0
TEXT
  5
5E7
330
17
100
AcDbEntity
  8
YAZI
100
AcDbText
 10
72.90266030013642
 20
3.387139031558491
 30
0.0
 40
0.1
  1
Ø100x350
  7
ARIAL
 72
     1
 11
73.22499999999999
 21
3.437139031558491
 31
0.0
100
AcDbText
 73
     2
  0
TEXT
  5
5E8
330
17
100
AcDbEntity
  8
YAZI
100
AcDbText
 10
74.1332196452933
 20
3.387139031558491
 30
0.0
 40
0.1
  1
51x51x229
  7
ARIAL
 72
     1
 11
74.47499999999999
 21
3.437139031558491
 31
0.0
100
AcDbText
 73
     2
  0
TEXT
  5
5E9
330
17
100
AcDbEntity
  8
YAZI
100
AcDbText
 10
75.38615279672578
 20
3.387139031558491
 30
0.0
 40
0.1
  1
2
  7
ARIAL
 72
     1
 11
75.425
 21
3.437139031558491
 31
0.0
100
AcDbText
 73
     2
  0
TEXT
  5
5EA
330
17
100
AcDbEntity
  8
YAZI
100
AcDbText
 10
75.92926330150065
 20
3.387139031558491
 30
0.0
 40
0.1
  1
Hat / dispenser
  7
ARIAL
 72
     1
 11
76.39999999999997
 21
3.437139031558491
 31
0.0
100
AcDbText
 73
     2
  0
LWPOLYLINE
  5
5EB
330
17
100
AcDbEntity
  8
TABLO
100
AcDbPolyline
 90
        4
 70
     1
 43
0.0
 10
71.09999999999999
 20
3.28713903155849
 10
77.09999999999999
 20
3.28713903155849
 10
77.09999999999999
 20
4.247139031558491
 10
71.09999999999999
 20
4.247139031558491
  0
LWPOLYLINE
  5
5EC
330
17
100
AcDbEntity
  8
TABLO-INCE
100
AcDbPolyline
 90
        2
 70
     0
 43
0.0
 10
71.89999999999997
 20
3.28713903155849
 10
71.89999999999997
 20
4.247139031558491
  0
LWPOLYLINE
  5
5ED
330
17
100
AcDbEntity
  8
TABLO-INCE
100
AcDbPolyline
 90
        2
 70
     0
 43
0.0
 10
72.64999999999997
 20
3.28713903155849
 10
72.64999999999997
 20
4.247139031558491
  0
LWPOLYLINE
  5
5EE
330
17
100
AcDbEntity
  8
TABLO-INCE
100
AcDbPolyline
 90
        2
 70
     0
 43
0.0
 10
73.79999999999999
 20
3.28713903155849
 10
73.79999999999999
 20
4.247139031558491
  0
LWPOLYLINE
  5
5EF
330
17
100
AcDbEntity
  8
TABLO-INCE
100
AcDbPolyline
 90
        2
 70
     0
 43
0.0
 10
75.14999999999997
 20
3.28713903155849
 10
75.14999999999997
 20
4.247139031558491
  0
LWPOLYLINE
  5
5F0
330
17
100
AcDbEntity
  8
TABLO-INCE
100
AcDbPolyline
 90
        2
 70
     0
 43
0.0
 10
75.69999999999997
 20
3.28713903155849
 10
75.69999999999997
 20
4.247139031558491
  0
TEXT
  5
5F1
330
17
100
AcDbEntity
  8
BASLIK
100
AcDbText
 10
78.59999999999999
 20
29.97054732744235
 30
0.0
 40
0.1275
  1
DETAY-2: ÖLÇÜM KUTUSU ÖK-1 BAĞLANTI ŞEMASI
  7
ARIAL
 11
78.59999999999999
 21
29.93280176127591
 31
0.0
100
AcDbText
 73
     1
  0
LWPOLYLINE
  5
5F2
330
17
100
AcDbEntity
  8
BASLIK
100
AcDbPolyline
 90
        2
 70
     0
 43
0.0
 10
78.59999999999999
 20
29.88280176127592
 10
82.12009999999999
 20
29.88280176127592
  0
LWPOLYLINE
  5
5F3
330
17
100
AcDbEntity
  8
YAZI
100
AcDbPolyline
 90
        2
 70
     0
 43
0.0
 10
78.59999999999999
 20
29.84280176127592
 10
82.12009999999999
 20
29.84280176127592
  0
TEXT
  5
5F4
330
17
100
AcDbEntity
  8
YAZI
100
AcDbText
 10
78.59999999999999
 20
29.67280176127591
 30
0.0
 40
0.1
  1
Ölçeksiz. ÖK-2 aynı düzende (MA-3, MA-4, hat).
  7
ARIAL
 11
78.59999999999999
 21
29.77280176127591
 31
0.0
100
AcDbText
 73
     3
  0
LWPOLYLINE
  5
5F5
330
17
100
AcDbEntity
  8
KK-OLCUM
100
AcDbPolyline
 90
        8
 70
     1
 43
0.0
 10
79.05
 20
23.78280176127591
 10
86.14999999999998
 20
23.78280176127591
 42
0.4142135623730951
 10
86.3
 20
23.93280176127591
 10
86.3
 20
28.63280176127592
 42
0.4142135623730951
 10
86.14999999999998
 20
28.78280176127591
 10
79.05
 20
28.78280176127591
 42
0.4142135623730951
 10
78.89999999999997
 20
28.63280176127592
 10
78.89999999999997
 20
23.93280176127591
 42
0.4142135623730951
  0
LWPOLYLINE
  5
5F6
330
17
100
AcDbEntity
  8
KK-OLCUM
100
AcDbPolyline
 90
        8
 70
     1
 43
0.0
 10
79.11999999999998
 20
23.90280176127591
 10
86.08
 20
23.90280176127591
 42
0.4142135623730951
 10
86.17999999999998
 20
24.00280176127592
 10
86.17999999999998
 20
28.56280176127592
 42
0.4142135623730951
 10
86.08
 20
28.66280176127592
 10
79.11999999999998
 20
28.66280176127592
 42
0.4142135623730951
 10
79.02
 20
28.56280176127592
 10
79.02
 20
24.00280176127592
 42
0.4142135623730951
  0
TEXT
  5
5F7
330
17
100
AcDbEntity
  8
YAZI
 62
     2
100
AcDbText
 10
81.40832196452931
 20
28.38280176127591
 30
0.0
 40
0.1
  1
IP65 POLYESTER KUTU - kilitli kapak
  7
ARIAL
 72
     1
 11
82.59999999999999
 21
28.43280176127591
 31
0.0
100
AcDbText
 73
     2
  0
LWPOLYLINE
  5
5F8
330
17
100
AcDbEntity
  8
DETAY
100
AcDbPolyline
 90
        4
 70
     1
 43
0.0
 10
79.49999999999999
 20
27.82280176127591
 10
85.7
 20
27.82280176127591
 10
85.7
 20
27.94280176127592
 10
79.49999999999999
 20
27.94280176127592
  0
HATCH
  5
5F9
330
17
100
AcDbEntity
  8
DETAY
100
AcDbHatch
 10
0.0
 20
0.0
 30
0.0
210
0.0
220
0.0
230
1.0
  2
SOLID
 70
     1
 71
     0
 91
        1
 92
        3
 72
     0
 73
     1
 93
        4
 10
79.49999999999999
 20
27.82280176127591
 10
85.7
 20
27.82280176127591
 10
85.7
 20
27.94280176127592
 10
79.49999999999999
 20
27.94280176127592
 97
        0
 75
     1
 76
     1
 98
        0
450
        0
451
        0
460
0.0
461
0.0
452
        0
462
0.0
453
        0
470

  0
TEXT
  5
5FA
330
17
100
AcDbEntity
  8
YAZI
100
AcDbText
 10
81.69467939972715
 20
28.11240612689666
 30
0.0
 40
0.1
  1
YAPI (TANK) BARASI - bakır
  7
ARIAL
 72
     1
 11
82.59999999999999
 21
28.08280176127592
 31
0.0
100
AcDbText
 73
     1
  0
CIRCLE
  5
5FB
330
17
100
AcDbEntity
  8
DETAY
100
AcDbCircle
 10
79.89999999999998
 20
25.03280176127591
 30
0.0
 40
0.12
  0
LWPOLYLINE
  5
5FC
330
17
100
AcDbEntity
  8
DETAY
100
AcDbPolyline
 90
        2
 70
     0
 43
0.0
 10
79.81999999999999
 20
24.95280176127592
 10
79.97999999999997
 20
25.11280176127592
  0
TEXT
  5
5FD
330
17
100
AcDbEntity
  8
YAZI
100
AcDbText
 10
79.81848567530693
 20
24.71280176127591
 30
0.0
 40
0.1
  1
T1
  7
ARIAL
 72
     1
 11
79.89999999999998
 21
24.81280176127591
 31
0.0
100
AcDbText
 73
     3
  0
LWPOLYLINE
  5
5FE
330
17
100
AcDbEntity
  8
KK-KABLO
100
AcDbPolyline
 90
        2
 70
     0
 43
0.0
 10
79.89999999999998
 20
24.91280176127592
 10
79.89999999999998
 20
23.18280176127592
  0
TEXT
  5
5FF
330
17
100
AcDbEntity
  8
YAZI
 62
     8
100
AcDbText
 10
79.42629604365618
 20
22.98280176127591
 30
0.0
 40
0.1
  1
Tank kablosu 1
  7
ARIAL
 72
     1
 11
79.89999999999998
 21
23.08280176127591
 31
0.0
100
AcDbText
 73
     3
  0
LWPOLYLINE
  5
600
330
17
100
AcDbEntity
  8
DETAY
100
AcDbPolyline
 90
        2
 70
     0
 43
0.0
 10
79.89999999999998
 20
25.15280176127591
 10
79.89999999999998
 20
27.82280176127591
  0
CIRCLE
  5
601
330
17
100
AcDbEntity
  8
DETAY
100
AcDbCircle
 10
81.3
 20
25.03280176127591
 30
0.0
 40
0.12
  0
LWPOLYLINE
  5
602
330
17
100
AcDbEntity
  8
DETAY
100
AcDbPolyline
 90
        2
 70
     0
 43
0.0
 10
81.21999999999999
 20
24.95280176127592
 10
81.37999999999999
 20
25.11280176127592
  0
TEXT
  5
603
330
17
100
AcDbEntity
  8
YAZI
100
AcDbText
 10
81.21848567530696
 20
24.71280176127591
 30
0.0
 40
0.1
  1
T2
  7
ARIAL
 72
     1
 11
81.3
 21
24.81280176127591
 31
0.0
100
AcDbText
 73
     3
  0
LWPOLYLINE
  5
604
330
17
100
AcDbEntity
  8
KK-KABLO
100
AcDbPolyline
 90
        2
 70
     0
 43
0.0
 10
81.3
 20
24.91280176127592
 10
81.3
 20
23.18280176127592
  0
TEXT
  5
605
330
17
100
AcDbEntity
  8
YAZI
 62
     8
100
AcDbText
 10
80.82629604365619
 20
22.98280176127591
 30
0.0
 40
0.1
  1
Tank kablosu 2
  7
ARIAL
 72
     1
 11
81.3
 21
23.08280176127591
 31
0.0
100
AcDbText
 73
     3
  0
LWPOLYLINE
  5
606
330
17
100
AcDbEntity
  8
DETAY
100
AcDbPolyline
 90
        2
 70
     0
 43
0.0
 10
81.3
 20
25.15280176127591
 10
81.3
 20
27.82280176127591
  0
CIRCLE
  5
607
330
17
100
AcDbEntity
  8
DETAY
100
AcDbCircle
 10
82.69999999999997
 20
25.03280176127591
 30
0.0
 40
0.12
  0
LWPOLYLINE
  5
608
330
17
100
AcDbEntity
  8
DETAY
100
AcDbPolyline
 90
        2
 70
     0
 43
0.0
 10
82.61999999999998
 20
24.95280176127592
 10
82.77999999999998
 20
25.11280176127592
  0
TEXT
  5
609
330
17
100
AcDbEntity
  8
YAZI
100
AcDbText
 10
82.53311732605729
 20
24.71280176127591
 30
0.0
 40
0.1
  1
MA-1
  7
ARIAL
 72
     1
 11
82.69999999999997
 21
24.81280176127591
 31
0.0
100
AcDbText
 73
     3
  0
LWPOLYLINE
  5
60A
330
17
100
AcDbEntity
  8
KK-KABLO
100
AcDbPolyline
 90
        2
 70
     0
 43
0.0
 10
82.69999999999997
 20
24.91280176127592
 10
82.69999999999997
 20
23.18280176127592
  0
TEXT
  5
60B
330
17
100
AcDbEntity
  8
YAZI
 62
     8
100
AcDbText
 10
82.36221009549792
 20
22.98280176127591
 30
0.0
 40
0.1
  1
Anot 10 Lb
  7
ARIAL
 72
     1
 11
82.69999999999997
 21
23.08280176127591
 31
0.0
100
AcDbText
 73
     3
  0
LWPOLYLINE
  5
60C
330
17
100
AcDbEntity
  8
DETAY
100
AcDbPolyline
 90
        2
 70
     0
 43
0.0
 10
82.69999999999997
 20
25.15280176127591
 10
82.69999999999997
 20
25.53280176127592
  0
LWPOLYLINE
  5
60D
330
17
100
AcDbEntity
  8
DETAY
100
AcDbPolyline
 90
        8
 70
     0
 43
0.0
 10
82.69999999999997
 20
25.53280176127592
 10
82.77999999999998
 20
25.59946842794258
 10
82.61999999999998
 20
25.73280176127591
 10
82.77999999999998
 20
25.86613509460924
 10
82.61999999999998
 20
25.99946842794258
 10
82.77999999999998
 20
26.13280176127592
 10
82.61999999999998
 20
26.26613509460925
 10
82.69999999999997
 20
26.33280176127592
  0
TEXT
  5
60E
330
17
100
AcDbEntity
  8
YAZI
100
AcDbText
 10
82.85
 20
25.88280176127591
 30
0.0
 40
0.1
  1
şönt 0,01 Ω
  7
ARIAL
 11
82.85
 21
25.93280176127591
 31
0.0
100
AcDbText
 73
     2
  0
LWPOLYLINE
  5
60F
330
17
100
AcDbEntity
  8
DETAY
100
AcDbPolyline
 90
        2
 70
     0
 43
0.0
 10
82.69999999999997
 20
26.33280176127592
 10
82.69999999999997
 20
26.58280176127592
  0
LWPOLYLINE
  5
610
330
17
100
AcDbEntity
  8
DETAY
100
AcDbPolyline
 90
        2
 70
     0
 43
0.0
 10
82.69999999999997
 20
26.58280176127592
 10
82.88
 20
26.88280176127591
  0
CIRCLE
  5
611
330
17
100
AcDbEntity
  8
DETAY
100
AcDbCircle
 10
82.69999999999997
 20
26.58280176127592
 30
0.0
 40
0.03
  0
CIRCLE
  5
612
330
17
100
AcDbEntity
  8
DETAY
100
AcDbCircle
 10
82.69999999999997
 20
27.03280176127591
 30
0.0
 40
0.03
  0
LWPOLYLINE
  5
613
330
17
100
AcDbEntity
  8
DETAY
100
AcDbPolyline
 90
        2
 70
     0
 43
0.0
 10
82.69999999999997
 20
27.03280176127591
 10
82.69999999999997
 20
27.82280176127591
  0
TEXT
  5
614
330
17
100
AcDbEntity
  8
YAZI
100
AcDbText
 10
82.23054570259206
 20
26.76280176127591
 30
0.0
 40
0.1
  1
köprü
  7
ARIAL
 72
     2
 11
82.57999999999999
 21
26.81280176127592
 31
0.0
100
AcDbText
 73
     2
  0
CIRCLE
  5
615
330
17
100
AcDbEntity
  8
DETAY
100
AcDbCircle
 10
84.1
 20
25.03280176127591
 30
0.0
 40
0.12
  0
LWPOLYLINE
  5
616
330
17
100
AcDbEntity
  8
DETAY
100
AcDbPolyline
 90
        2
 70
     0
 43
0.0
 10
84.01999999999999
 20
24.95280176127592
 10
84.17999999999997
 20
25.11280176127592
  0
TEXT
  5
617
330
17
100
AcDbEntity
  8
YAZI
100
AcDbText
 10
83.93311732605729
 20
24.71280176127591
 30
0.0
 40
0.1
  1
MA-2
  7
ARIAL
 72
     1
 11
84.1
 21
24.81280176127591
 31
0.0
100
AcDbText
 73
     3
  0
LWPOLYLINE
  5
618
330
17
100
AcDbEntity
  8
KK-KABLO
100
AcDbPolyline
 90
        2
 70
     0
 43
0.0
 10
84.1
 20
24.91280176127592
 10
84.1
 20
23.18280176127592
  0
TEXT
  5
619
330
17
100
AcDbEntity
  8
YAZI
 62
     8
100
AcDbText
 10
83.76221009549794
 20
22.98280176127591
 30
0.0
 40
0.1
  1
Anot 10 Lb
  7
ARIAL
 72
     1
 11
84.1
 21
23.08280176127591
 31
0.0
100
AcDbText
 73
     3
  0
LWPOLYLINE
  5
61A
330
17
100
AcDbEntity
  8
DETAY
100
AcDbPolyline
 90
        2
 70
     0
 43
0.0
 10
84.1
 20
25.15280176127591
 10
84.1
 20
25.53280176127592
  0
LWPOLYLINE
  5
61B
330
17
100
AcDbEntity
  8
DETAY
100
AcDbPolyline
 90
        8
 70
     0
 43
0.0
 10
84.1
 20
25.53280176127592
 10
84.17999999999997
 20
25.59946842794258
 10
84.01999999999999
 20
25.73280176127591
 10
84.17999999999997
 20
25.86613509460924
 10
84.01999999999999
 20
25.99946842794258
 10
84.17999999999997
 20
26.13280176127592
 10
84.01999999999999
 20
26.26613509460925
 10
84.1
 20
26.33280176127592
  0
TEXT
  5
61C
330
17
100
AcDbEntity
  8
YAZI
100
AcDbText
 10
84.25
 20
25.88280176127591
 30
0.0
 40
0.1
  1
şönt 0,01 Ω
  7
ARIAL
 11
84.25
 21
25.93280176127591
 31
0.0
100
AcDbText
 73
     2
  0
LWPOLYLINE
  5
61D
330
17
100
AcDbEntity
  8
DETAY
100
AcDbPolyline
 90
        2
 70
     0
 43
0.0
 10
84.1
 20
26.33280176127592
 10
84.1
 20
26.58280176127592
  0
LWPOLYLINE
  5
61E
330
17
100
AcDbEntity
  8
DETAY
100
AcDbPolyline
 90
        2
 70
     0
 43
0.0
 10
84.1
 20
26.58280176127592
 10
84.28
 20
26.88280176127591
  0
CIRCLE
  5
61F
330
17
100
AcDbEntity
  8
DETAY
100
AcDbCircle
 10
84.1
 20
26.58280176127592
 30
0.0
 40
0.03
  0
CIRCLE
  5
620
330
17
100
AcDbEntity
  8
DETAY
100
AcDbCircle
 10
84.1
 20
27.03280176127591
 30
0.0
 40
0.03
  0
LWPOLYLINE
  5
621
330
17
100
AcDbEntity
  8
DETAY
100
AcDbPolyline
 90
        2
 70
     0
 43
0.0
 10
84.1
 20
27.03280176127591
 10
84.1
 20
27.82280176127591
  0
TEXT
  5
622
330
17
100
AcDbEntity
  8
YAZI
100
AcDbText
 10
83.63054570259206
 20
26.76280176127591
 30
0.0
 40
0.1
  1
köprü
  7
ARIAL
 72
     2
 11
83.97999999999997
 21
26.81280176127592
 31
0.0
100
AcDbText
 73
     2
  0
CIRCLE
  5
623
330
17
100
AcDbEntity
  8
DETAY
100
AcDbCircle
 10
85.49999999999998
 20
25.03280176127591
 30
0.0
 40
0.12
  0
LWPOLYLINE
  5
624
330
17
100
AcDbEntity
  8
DETAY
100
AcDbPolyline
 90
        2
 70
     0
 43
0.0
 10
85.41999999999999
 20
24.95280176127592
 10
85.57999999999998
 20
25.11280176127592
  0
TEXT
  5
625
330
17
100
AcDbEntity
  8
YAZI
100
AcDbText
 10
85.40296725784447
 20
24.71280176127591
 30
0.0
 40
0.1
  1
RE
  7
ARIAL
 72
     1
 11
85.49999999999998
 21
24.81280176127591
 31
0.0
100
AcDbText
 73
     3
  0
LWPOLYLINE
  5
626
330
17
100
AcDbEntity
  8
KK-KABLO
100
AcDbPolyline
 90
        2
 70
     0
 43
0.0
 10
85.49999999999998
 20
24.91280176127592
 10
85.49999999999998
 20
23.18280176127592
  0
TEXT
  5
627
330
17
100
AcDbEntity
  8
YAZI
 62
     8
100
AcDbText
 10
84.96811050477488
 20
22.98280176127591
 30
0.0
 40
0.1
  1
Referans elektrot
  7
ARIAL
 72
     1
 11
85.49999999999998
 21
23.08280176127591
 31
0.0
100
AcDbText
 73
     3
  0
LWPOLYLINE
  5
628
330
17
100
AcDbEntity
  8
DETAY
100
AcDbPolyline
 90
        2
 70
     0
 43
0.0
 10
85.49999999999998
 20
25.15280176127591
 10
85.49999999999998
 20
25.83280176127592
  0
CIRCLE
  5
629
330
17
100
AcDbEntity
  8
DETAY
100
AcDbCircle
 10
85.49999999999998
 20
25.93280176127591
 30
0.0
 40
0.1
  0
TEXT
  5
62A
330
17
100
AcDbEntity
  8
YAZI
100
AcDbText
 10
85.31367667121417
 20
26.16240612689666
 30
0.0
 40
0.1
  1
ölçüm
  7
ARIAL
 72
     1
 11
85.49999999999998
 21
26.13280176127592
 31
0.0
100
AcDbText
 73
     1
  0
TEXT
  5
62B
330
17
100
AcDbEntity
  8
BASLIK
100
AcDbText
 10
88.0
 20
29.97054732744235
 30
0.0
 40
0.1275
  1
DETAY-3: İZOLE FLANŞ KİTİ (Ölçek 1/2,5)
  7
ARIAL
 11
88.0
 21
29.93280176127591
 31
0.0
100
AcDbText
 73
     1
  0
LWPOLYLINE
  5
62C
330
17
100
AcDbEntity
  8
BASLIK
100
AcDbPolyline
 90
        2
 70
     0
 43
0.0
 10
88.0
 20
29.88280176127592
 10
91.28294999999999
 20
29.88280176127592
  0
LWPOLYLINE
  5
62D
330
17
100
AcDbEntity
  8
YAZI
100
AcDbPolyline
 90
        2
 70
     0
 43
0.0
 10
88.0
 20
29.84280176127592
 10
91.28294999999999
 20
29.84280176127592
  0
TEXT
  5
62E
330
17
100
AcDbEntity
  8
YAZI
100
AcDbText
 10
88.0
 20
29.67280176127591
 30
0.0
 40
0.1
  1
DN32 PN40 - İF-1...İF-6
  7
ARIAL
 11
88.0
 21
29.77280176127591
 31
0.0
100
AcDbText
 73
     3
  0
LWPOLYLINE
  5
62F
330
17
100
AcDbEntity
  8
DETAY
100
AcDbPolyline
 90
        4
 70
     1
 43
0.0
 10
90.84000000000001
 20
25.35880176127591
 10
90.43999999999998
 20
25.35880176127591
 10
90.43999999999998
 20
24.38280176127591
 10
90.84000000000001
 20
24.38280176127591
  0
HATCH
  5
630
330
17
100
AcDbEntity
  8
DETAY-TARAMA
100
AcDbHatch
 10
0.0
 20
0.0
 30
0.0
210
0.0
220
0.0
230
1.0
  2
ANSI31
 70
     0
 71
     0
 91
        1
 92
        3
 72
     0
 73
     1
 93
        4
 10
90.84000000000001
 20
25.35880176127591
 10
90.43999999999998
 20
25.35880176127591
 10
90.43999999999998
 20
24.38280176127591
 10
90.84000000000001
 20
24.38280176127591
 97
        0
 75
     1
 76
     1
 52
0.0
 41
0.03
 77
     0
 78
     1
 53
45.0
 43
0.0
 44
-6.617198238724085
 45
-0.0673519209
 46
0.0673519209
 79
     0
 98
        0
  0
LWPOLYLINE
  5
631
330
17
100
AcDbEntity
  8
DETAY
100
AcDbPolyline
 90
        4
 70
     1
 43
0.0
 10
90.84000000000001
 20
26.20680176127591
 10
90.43999999999998
 20
26.20680176127591
 10
90.43999999999998
 20
27.18280176127591
 10
90.84000000000001
 20
27.18280176127591
  0
HATCH
  5
632
330
17
100
AcDbEntity
  8
DETAY-TARAMA
100
AcDbHatch
 10
0.0
 20
0.0
 30
0.0
210
0.0
220
0.0
230
1.0
  2
ANSI31
 70
     0
 71
     0
 91
        1
 92
        3
 72
     0
 73
     1
 93
        4
 10
90.84000000000001
 20
26.20680176127591
 10
90.43999999999998
 20
26.20680176127591
 10
90.43999999999998
 20
27.18280176127591
 10
90.84000000000001
 20
27.18280176127591
 97
        0
 75
     1
 76
     1
 52
0.0
 41
0.03
 77
     0
 78
     1
 53
45.0
 43
0.0
 44
-6.617198238724085
 45
-0.0673519209
 46
0.0673519209
 79
     0
 98
        0
  0
LWPOLYLINE
  5
633
330
17
100
AcDbEntity
  8
DETAY
100
AcDbPolyline
 90
        2
 70
     0
 43
0.0
 10
90.43999999999998
 20
26.20680176127591
 10
88.53999999999997
 20
26.20680176127591
  0
LWPOLYLINE
  5
634
330
17
100
AcDbEntity
  8
DETAY
100
AcDbPolyline
 90
        2
 70
     0
 43
0.0
 10
90.43999999999998
 20
25.35880176127591
 10
88.53999999999997
 20
25.35880176127591
  0
LWPOLYLINE
  5
635
330
17
100
AcDbEntity
  8
DETAY-INCE
100
AcDbPolyline
 90
        3
 70
     0
 43
0.0
 10
88.53999999999997
 20
26.28680176127592
 10
88.61999999999998
 20
25.78280176127591
 10
88.53999999999997
 20
25.27880176127592
  0
LWPOLYLINE
  5
636
330
17
100
AcDbEntity
  8
DETAY
100
AcDbPolyline
 90
        4
 70
     1
 43
0.0
 10
90.96
 20
25.35880176127591
 10
91.36000000000001
 20
25.35880176127591
 10
91.36000000000001
 20
24.38280176127591
 10
90.96
 20
24.38280176127591
  0
HATCH
  5
637
330
17
100
AcDbEntity
  8
DETAY-TARAMA
100
AcDbHatch
 10
0.0
 20
0.0
 30
0.0
210
0.0
220
0.0
230
1.0
  2
ANSI31
 70
     0
 71
     0
 91
        1
 92
        3
 72
     0
 73
     1
 93
        4
 10
90.96
 20
25.35880176127591
 10
91.36000000000001
 20
25.35880176127591
 10
91.36000000000001
 20
24.38280176127591
 10
90.96
 20
24.38280176127591
 97
        0
 75
     1
 76
     1
 52
90.0
 41
0.03
 77
     0
 78
     1
 53
135.0
 43
0.0
 44
-6.617198238724085
 45
-0.0673519209
 46
-0.0673519209
 79
     0
 98
        0
  0
LWPOLYLINE
  5
638
330
17
100
AcDbEntity
  8
DETAY
100
AcDbPolyline
 90
        4
 70
     1
 43
0.0
 10
90.96
 20
26.20680176127591
 10
91.36000000000001
 20
26.20680176127591
 10
91.36000000000001
 20
27.18280176127591
 10
90.96
 20
27.18280176127591
  0
HATCH
  5
639
330
17
100
AcDbEntity
  8
DETAY-TARAMA
100
AcDbHatch
 10
0.0
 20
0.0
 30
0.0
210
0.0
220
0.0
230
1.0
  2
ANSI31
 70
     0
 71
     0
 91
        1
 92
        3
 72
     0
 73
     1
 93
        4
 10
90.96
 20
26.20680176127591
 10
91.36000000000001
 20
26.20680176127591
 10
91.36000000000001
 20
27.18280176127591
 10
90.96
 20
27.18280176127591
 97
        0
 75
     1
 76
     1
 52
90.0
 41
0.03
 77
     0
 78
     1
 53
135.0
 43
0.0
 44
-6.617198238724085
 45
-0.0673519209
 46
-0.0673519209
 79
     0
 98
        0
  0
LWPOLYLINE
  5
63A
330
17
100
AcDbEntity
  8
DETAY
100
AcDbPolyline
 90
        2
 70
     0
 43
0.0
 10
91.36000000000001
 20
26.20680176127591
 10
93.26
 20
26.20680176127591
  0
LWPOLYLINE
  5
63B
330
17
100
AcDbEntity
  8
DETAY
100
AcDbPolyline
 90
        2
 70
     0
 43
0.0
 10
91.36000000000001
 20
25.35880176127591
 10
93.26
 20
25.35880176127591
  0
LWPOLYLINE
  5
63C
330
17
100
AcDbEntity
  8
DETAY-INCE
100
AcDbPolyline
 90
        3
 70
     0
 43
0.0
 10
93.26
 20
26.28680176127592
 10
93.18000000000001
 20
25.78280176127591
 10
93.26
 20
25.27880176127592
  0
LWPOLYLINE
  5
63D
330
17
100
AcDbEntity
  8
KK-IZOLASYON
100
AcDbPolyline
 90
        4
 70
     1
 43
0.0
 10
90.84000000000001
 20
26.20680176127591
 10
90.96
 20
26.20680176127591
 10
90.96
 20
27.16280176127591
 10
90.84000000000001
 20
27.16280176127591
  0
HATCH
  5
63E
330
17
100
AcDbEntity
  8
KK-IZOLASYON
 62
   140
100
AcDbHatch
 10
0.0
 20
0.0
 30
0.0
210
0.0
220
0.0
230
1.0
  2
SOLID
 70
     1
 71
     0
 91
        1
 92
        3
 72
     0
 73
     1
 93
        4
 10
90.84000000000001
 20
26.20680176127591
 10
90.96
 20
26.20680176127591
 10
90.96
 20
27.16280176127591
 10
90.84000000000001
 20
27.16280176127591
 97
        0
 75
     1
 76
     1
 98
        0
450
        0
451
        0
460
0.0
461
0.0
452
        0
462
0.0
453
        0
470

  0
LWPOLYLINE
  5
63F
330
17
100
AcDbEntity
  8
KK-IZOLASYON
100
AcDbPolyline
 90
        4
 70
     1
 43
0.0
 10
90.84000000000001
 20
25.35880176127591
 10
90.96
 20
25.35880176127591
 10
90.96
 20
24.40280176127592
 10
90.84000000000001
 20
24.40280176127592
  0
HATCH
  5
640
330
17
100
AcDbEntity
  8
KK-IZOLASYON
 62
   140
100
AcDbHatch
 10
0.0
 20
0.0
 30
0.0
210
0.0
220
0.0
230
1.0
  2
SOLID
 70
     1
 71
     0
 91
        1
 92
        3
 72
     0
 73
     1
 93
        4
 10
90.84000000000001
 20
25.35880176127591
 10
90.96
 20
25.35880176127591
 10
90.96
 20
24.40280176127592
 10
90.84000000000001
 20
24.40280176127592
 97
        0
 75
     1
 76
     1
 98
        0
450
        0
451
        0
460
0.0
461
0.0
452
        0
462
0.0
453
        0
470

  0
LWPOLYLINE
  5
641
330
17
100
AcDbEntity
  8
DETAY
100
AcDbPolyline
 90
        2
 70
     0
 43
0.0
 10
89.99
 20
26.76280176127592
 10
91.81
 20
26.76280176127592
  0
LWPOLYLINE
  5
642
330
17
100
AcDbEntity
  8
DETAY
100
AcDbPolyline
 90
        2
 70
     0
 43
0.0
 10
89.99
 20
27.00280176127591
 10
91.81
 20
27.00280176127591
  0
LWPOLYLINE
  5
643
330
17
100
AcDbEntity
  8
KK-IZOLASYON
100
AcDbPolyline
 90
        4
 70
     1
 43
0.0
 10
90.43999999999998
 20
26.72280176127592
 10
91.36000000000001
 20
26.72280176127592
 10
91.36000000000001
 20
27.04280176127591
 10
90.43999999999998
 20
27.04280176127591
  0
LWPOLYLINE
  5
644
330
17
100
AcDbEntity
  8
KK-IZOLASYON
100
AcDbPolyline
 90
        4
 70
     1
 43
0.0
 10
90.44
 20
26.52280176127592
 10
90.35999999999999
 20
26.52280176127592
 10
90.35999999999999
 20
27.24280176127591
 10
90.44
 20
27.24280176127591
  0
HATCH
  5
645
330
17
100
AcDbEntity
  8
KK-IZOLASYON
 62
   140
100
AcDbHatch
 10
0.0
 20
0.0
 30
0.0
210
0.0
220
0.0
230
1.0
  2
SOLID
 70
     1
 71
     0
 91
        1
 92
        3
 72
     0
 73
     1
 93
        4
 10
90.44
 20
26.52280176127592
 10
90.35999999999999
 20
26.52280176127592
 10
90.35999999999999
 20
27.24280176127591
 10
90.44
 20
27.24280176127591
 97
        0
 75
     1
 76
     1
 98
        0
450
        0
451
        0
460
0.0
461
0.0
452
        0
462
0.0
453
        0
470

  0
LWPOLYLINE
  5
646
330
17
100
AcDbEntity
  8
DETAY
100
AcDbPolyline
 90
        4
 70
     1
 43
0.0
 10
90.35999999999999
 20
26.52280176127592
 10
90.29999999999999
 20
26.52280176127592
 10
90.29999999999999
 20
27.24280176127591
 10
90.35999999999999
 20
27.24280176127591
  0
LWPOLYLINE
  5
647
330
17
100
AcDbEntity
  8
DETAY
100
AcDbPolyline
 90
        4
 70
     1
 43
0.0
 10
90.29999999999999
 20
26.60280176127591
 10
90.03999999999997
 20
26.60280176127591
 10
90.03999999999997
 20
27.16280176127592
 10
90.29999999999999
 20
27.16280176127592
  0
LWPOLYLINE
  5
648
330
17
100
AcDbEntity
  8
KK-IZOLASYON
100
AcDbPolyline
 90
        4
 70
     1
 43
0.0
 10
91.36000000000001
 20
26.52280176127592
 10
91.43999999999998
 20
26.52280176127592
 10
91.43999999999998
 20
27.24280176127591
 10
91.36000000000001
 20
27.24280176127591
  0
HATCH
  5
649
330
17
100
AcDbEntity
  8
KK-IZOLASYON
 62
   140
100
AcDbHatch
 10
0.0
 20
0.0
 30
0.0
210
0.0
220
0.0
230
1.0
  2
SOLID
 70
     1
 71
     0
 91
        1
 92
        3
 72
     0
 73
     1
 93
        4
 10
91.36000000000001
 20
26.52280176127592
 10
91.43999999999998
 20
26.52280176127592
 10
91.43999999999998
 20
27.24280176127591
 10
91.36000000000001
 20
27.24280176127591
 97
        0
 75
     1
 76
     1
 98
        0
450
        0
451
        0
460
0.0
461
0.0
452
        0
462
0.0
453
        0
470

  0
LWPOLYLINE
  5
64A
330
17
100
AcDbEntity
  8
DETAY
100
AcDbPolyline
 90
        4
 70
     1
 43
0.0
 10
91.43999999999998
 20
26.52280176127592
 10
91.5
 20
26.52280176127592
 10
91.5
 20
27.24280176127591
 10
91.43999999999998
 20
27.24280176127591
  0
LWPOLYLINE
  5
64B
330
17
100
AcDbEntity
  8
DETAY
100
AcDbPolyline
 90
        4
 70
     1
 43
0.0
 10
91.5
 20
26.60280176127591
 10
91.76
 20
26.60280176127591
 10
91.76
 20
27.16280176127592
 10
91.5
 20
27.16280176127592
  0
LWPOLYLINE
  5
64C
330
17
100
AcDbEntity
  8
DETAY
100
AcDbPolyline
 90
        2
 70
     0
 43
0.0
 10
89.99
 20
24.56280176127592
 10
91.81
 20
24.56280176127592
  0
LWPOLYLINE
  5
64D
330
17
100
AcDbEntity
  8
DETAY
100
AcDbPolyline
 90
        2
 70
     0
 43
0.0
 10
89.99
 20
24.80280176127592
 10
91.81
 20
24.80280176127592
  0
LWPOLYLINE
  5
64E
330
17
100
AcDbEntity
  8
KK-IZOLASYON
100
AcDbPolyline
 90
        4
 70
     1
 43
0.0
 10
90.43999999999998
 20
24.52280176127592
 10
91.36000000000001
 20
24.52280176127592
 10
91.36000000000001
 20
24.84280176127592
 10
90.43999999999998
 20
24.84280176127592
  0
LWPOLYLINE
  5
64F
330
17
100
AcDbEntity
  8
KK-IZOLASYON
100
AcDbPolyline
 90
        4
 70
     1
 43
0.0
 10
90.44
 20
24.32280176127592
 10
90.35999999999999
 20
24.32280176127592
 10
90.35999999999999
 20
25.04280176127592
 10
90.44
 20
25.04280176127592
  0
HATCH
  5
650
330
17
100
AcDbEntity
  8
KK-IZOLASYON
 62
   140
100
AcDbHatch
 10
0.0
 20
0.0
 30
0.0
210
0.0
220
0.0
230
1.0
  2
SOLID
 70
     1
 71
     0
 91
        1
 92
        3
 72
     0
 73
     1
 93
        4
 10
90.44
 20
24.32280176127592
 10
90.35999999999999
 20
24.32280176127592
 10
90.35999999999999
 20
25.04280176127592
 10
90.44
 20
25.04280176127592
 97
        0
 75
     1
 76
     1
 98
        0
450
        0
451
        0
460
0.0
461
0.0
452
        0
462
0.0
453
        0
470

  0
LWPOLYLINE
  5
651
330
17
100
AcDbEntity
  8
DETAY
100
AcDbPolyline
 90
        4
 70
     1
 43
0.0
 10
90.35999999999999
 20
24.32280176127592
 10
90.29999999999999
 20
24.32280176127592
 10
90.29999999999999
 20
25.04280176127592
 10
90.35999999999999
 20
25.04280176127592
  0
LWPOLYLINE
  5
652
330
17
100
AcDbEntity
  8
DETAY
100
AcDbPolyline
 90
        4
 70
     1
 43
0.0
 10
90.29999999999999
 20
24.40280176127592
 10
90.03999999999997
 20
24.40280176127592
 10
90.03999999999997
 20
24.96280176127591
 10
90.29999999999999
 20
24.96280176127591
  0
LWPOLYLINE
  5
653
330
17
100
AcDbEntity
  8
KK-IZOLASYON
100
AcDbPolyline
 90
        4
 70
     1
 43
0.0
 10
91.36000000000001
 20
24.32280176127592
 10
91.43999999999998
 20
24.32280176127592
 10
91.43999999999998
 20
25.04280176127592
 10
91.36000000000001
 20
25.04280176127592
  0
HATCH
  5
654
330
17
100
AcDbEntity
  8
KK-IZOLASYON
 62
   140
100
AcDbHatch
 10
0.0
 20
0.0
 30
0.0
210
0.0
220
0.0
230
1.0
  2
SOLID
 70
     1
 71
     0
 91
        1
 92
        3
 72
     0
 73
     1
 93
        4
 10
91.36000000000001
 20
24.32280176127592
 10
91.43999999999998
 20
24.32280176127592
 10
91.43999999999998
 20
25.04280176127592
 10
91.36000000000001
 20
25.04280176127592
 97
        0
 75
     1
 76
     1
 98
        0
450
        0
451
        0
460
0.0
461
0.0
452
        0
462
0.0
453
        0
470

  0
LWPOLYLINE
  5
655
330
17
100
AcDbEntity
  8
DETAY
100
AcDbPolyline
 90
        4
 70
     1
 43
0.0
 10
91.43999999999998
 20
24.32280176127592
 10
91.5
 20
24.32280176127592
 10
91.5
 20
25.04280176127592
 10
91.43999999999998
 20
25.04280176127592
  0
LWPOLYLINE
  5
656
330
17
100
AcDbEntity
  8
DETAY
100
AcDbPolyline
 90
        4
 70
     1
 43
0.0
 10
91.5
 20
24.40280176127592
 10
91.76
 20
24.40280176127592
 10
91.76
 20
24.96280176127591
 10
91.5
 20
24.96280176127591
  0
LWPOLYLINE
  5
657
330
17
100
AcDbEntity
  8
EKSEN
100
AcDbPolyline
 90
        2
 70
     0
 43
0.0
 10
88.49999999999999
 20
25.78280176127591
 10
93.3
 20
25.78280176127591
  0
LWPOLYLINE
  5
658
330
17
100
AcDbEntity
  8
BALON
100
AcDbPolyline
 90
        3
 70
     0
 43
0.0
 10
90.90000000000001
 20
26.45680176127591
 10
92.9
 20
28.38280176127592
 10
95.15
 20
28.38280176127592
  0
HATCH
  5
659
330
17
100
AcDbEntity
  8
BALON
 62
     7
100
AcDbHatch
 10
0.0
 20
0.0
 30
0.0
210
0.0
220
0.0
230
1.0
  2
SOLID
 70
     1
 71
     0
 91
        1
 92
        1
 93
        1
 72
     2
 10
90.90000000000001
 20
26.45680176127591
 40
0.025
 50
0.0
 51
360.0
 73
     1
 97
        0
 75
     1
 76
     1
 98
        0
450
        0
451
        0
460
0.0
461
0.0
452
        0
462
0.0
453
        0
470

  0
TEXT
  5
65A
330
17
100
AcDbEntity
  8
YAZI
100
AcDbText
 10
92.94
 20
28.44740612689665
 30
0.0
 40
0.1
  1
İzolasyon contası (fiber / neopren)
  7
ARIAL
 11
92.94
 21
28.41780176127591
 31
0.0
100
AcDbText
 73
     1
  0
LWPOLYLINE
  5
65B
330
17
100
AcDbEntity
  8
BALON
100
AcDbPolyline
 90
        3
 70
     0
 43
0.0
 10
90.95
 20
27.02280176127592
 10
92.9
 20
27.83280176127592
 10
94.46800000000001
 20
27.83280176127592
  0
HATCH
  5
65C
330
17
100
AcDbEntity
  8
BALON
 62
     7
100
AcDbHatch
 10
0.0
 20
0.0
 30
0.0
210
0.0
220
0.0
230
1.0
  2
SOLID
 70
     1
 71
     0
 91
        1
 92
        1
 93
        1
 72
     2
 10
90.95
 20
27.02280176127592
 40
0.025
 50
0.0
 51
360.0
 73
     1
 97
        0
 75
     1
 76
     1
 98
        0
450
        0
451
        0
460
0.0
461
0.0
452
        0
462
0.0
453
        0
470

  0
TEXT
  5
65D
330
17
100
AcDbEntity
  8
YAZI
100
AcDbText
 10
92.94
 20
27.89740612689665
 30
0.0
 40
0.1
  1
İzolasyon manşonu (G-10)
  7
ARIAL
 11
92.94
 21
27.86780176127591
 31
0.0
100
AcDbText
 73
     1
  0
LWPOLYLINE
  5
65E
330
17
100
AcDbEntity
  8
BALON
100
AcDbPolyline
 90
        3
 70
     0
 43
0.0
 10
91.4
 20
27.18280176127591
 10
92.9
 20
27.28280176127591
 10
94.28200000000002
 20
27.28280176127591
  0
HATCH
  5
65F
330
17
100
AcDbEntity
  8
BALON
 62
     7
100
AcDbHatch
 10
0.0
 20
0.0
 30
0.0
210
0.0
220
0.0
230
1.0
  2
SOLID
 70
     1
 71
     0
 91
        1
 92
        1
 93
        1
 72
     2
 10
91.4
 20
27.18280176127591
 40
0.025
 50
0.0
 51
360.0
 73
     1
 97
        0
 75
     1
 76
     1
 98
        0
450
        0
451
        0
460
0.0
461
0.0
452
        0
462
0.0
453
        0
470

  0
TEXT
  5
660
330
17
100
AcDbEntity
  8
YAZI
100
AcDbText
 10
92.94
 20
27.34740612689665
 30
0.0
 40
0.1
  1
İzolasyon pulu (G-10)
  7
ARIAL
 11
92.94
 21
27.31780176127591
 31
0.0
100
AcDbText
 73
     1
  0
LWPOLYLINE
  5
661
330
17
100
AcDbEntity
  8
BALON
100
AcDbPolyline
 90
        3
 70
     0
 43
0.0
 10
91.66
 20
27.08280176127592
 10
92.9
 20
26.73280176127592
 10
94.59199999999999
 20
26.73280176127592
  0
HATCH
  5
662
330
17
100
AcDbEntity
  8
BALON
 62
     7
100
AcDbHatch
 10
0.0
 20
0.0
 30
0.0
210
0.0
220
0.0
230
1.0
  2
SOLID
 70
     1
 71
     0
 91
        1
 92
        1
 93
        1
 72
     2
 10
91.66
 20
27.08280176127592
 40
0.025
 50
0.0
 51
360.0
 73
     1
 97
        0
 75
     1
 76
     1
 98
        0
450
        0
451
        0
460
0.0
461
0.0
452
        0
462
0.0
453
        0
470

  0
TEXT
  5
663
330
17
100
AcDbEntity
  8
YAZI
100
AcDbText
 10
92.94
 20
26.79740612689665
 30
0.0
 40
0.1
  1
Çelik pul + somun + cıvata
  7
ARIAL
 11
92.94
 21
26.76780176127592
 31
0.0
100
AcDbText
 73
     1
  0
LWPOLYLINE
  5
664
330
17
100
AcDbEntity
  8
BALON
100
AcDbPolyline
 90
        3
 70
     0
 43
0.0
 10
90.64
 20
24.68280176127592
 10
88.99999999999998
 20
23.88280176127592
 10
88.29999999999998
 20
23.88280176127592
  0
HATCH
  5
665
330
17
100
AcDbEntity
  8
BALON
 62
     7
100
AcDbHatch
 10
0.0
 20
0.0
 30
0.0
210
0.0
220
0.0
230
1.0
  2
SOLID
 70
     1
 71
     0
 91
        1
 92
        1
 93
        1
 72
     2
 10
90.64
 20
24.68280176127592
 40
0.025
 50
0.0
 51
360.0
 73
     1
 97
        0
 75
     1
 76
     1
 98
        0
450
        0
451
        0
460
0.0
461
0.0
452
        0
462
0.0
453
        0
470

  0
TEXT
  5
666
330
17
100
AcDbEntity
  8
YAZI
100
AcDbText
 10
88.2301227830832
 20
23.94740612689665
 30
0.0
 40
0.1
  1
Flanş PN40
  7
ARIAL
 72
     2
 11
88.95999999999999
 21
23.91780176127591
 31
0.0
100
AcDbText
 73
     1
  0
LWPOLYLINE
  5
667
330
17
100
AcDbEntity
  8
BALON
100
AcDbPolyline
 90
        3
 70
     0
 43
0.0
 10
89.29999999999999
 20
25.35880176127591
 10
88.99999999999998
 20
23.33280176127591
 10
88.29999999999998
 20
23.33280176127591
  0
HATCH
  5
668
330
17
100
AcDbEntity
  8
BALON
 62
     7
100
AcDbHatch
 10
0.0
 20
0.0
 30
0.0
210
0.0
220
0.0
230
1.0
  2
SOLID
 70
     1
 71
     0
 91
        1
 92
        1
 93
        1
 72
     2
 10
89.29999999999999
 20
25.35880176127591
 40
0.025
 50
0.0
 51
360.0
 73
     1
 97
        0
 75
     1
 76
     1
 98
        0
450
        0
451
        0
460
0.0
461
0.0
452
        0
462
0.0
453
        0
470

  0
TEXT
  5
669
330
17
100
AcDbEntity
  8
YAZI
100
AcDbText
 10
88.19124147339698
 20
23.39740612689665
 30
0.0
 40
0.1
  1
SCH80 boru
  7
ARIAL
 72
     2
 11
88.95999999999999
 21
23.36780176127591
 31
0.0
100
AcDbText
 73
     1
  0
TEXT
  5
66A
330
17
100
AcDbEntity
  8
BASLIK
100
AcDbText
 10
78.59999999999999
 20
21.88993162085834
 30
0.0
 40
0.1275
  1
DETAY-4: TANK KABLO BAĞLANTISI (Ölçek 1/5)
  7
ARIAL
 11
78.59999999999999
 21
21.8521860546919
 31
0.0
100
AcDbText
 73
     1
  0
LWPOLYLINE
  5
66B
330
17
100
AcDbEntity
  8
BASLIK
100
AcDbPolyline
 90
        2
 70
     0
 43
0.0
 10
78.59999999999999
 20
21.8021860546919
 10
82.12009999999999
 20
21.8021860546919
  0
LWPOLYLINE
  5
66C
330
17
100
AcDbEntity
  8
YAZI
100
AcDbPolyline
 90
        2
 70
     0
 43
0.0
 10
78.59999999999999
 20
21.7621860546919
 10
82.12009999999999
 20
21.7621860546919
  0
TEXT
  5
66D
330
17
100
AcDbEntity
  8
YAZI
100
AcDbText
 10
78.59999999999999
 20
21.5921860546919
 30
0.0
 40
0.1
  1
Termit kaynak / pin brazing
  7
ARIAL
 11
78.59999999999999
 21
21.6921860546919
 31
0.0
100
AcDbText
 73
     3
  0
LWPOLYLINE
  5
66E
330
17
100
AcDbEntity
  8
DETAY
100
AcDbPolyline
 90
        2
 70
     0
 43
0.0
 10
79.19999999999998
 20
19.3154754723565
 10
83.19999999999998
 20
19.3154754723565
  0
LWPOLYLINE
  5
66F
330
17
100
AcDbEntity
  8
DETAY
100
AcDbPolyline
 90
        2
 70
     0
 43
0.0
 10
79.19999999999998
 20
19.2154754723565
 10
83.19999999999998
 20
19.2154754723565
  0
HATCH
  5
670
330
17
100
AcDbEntity
  8
DETAY-TARAMA
100
AcDbHatch
 10
0.0
 20
0.0
 30
0.0
210
0.0
220
0.0
230
1.0
  2
ANSI31
 70
     0
 71
     0
 91
        1
 92
        3
 72
     0
 73
     1
 93
        4
 10
79.19999999999998
 20
19.2154754723565
 10
83.19999999999998
 20
19.2154754723565
 10
83.19999999999998
 20
19.3154754723565
 10
79.19999999999998
 20
19.3154754723565
 97
        0
 75
     1
 76
     1
 52
0.0
 41
0.02
 77
     0
 78
     1
 53
45.0
 43
0.0
 44
-5.284524527643498
 45
-0.0449012806
 46
0.0449012806
 79
     0
 98
        0
  0
LWPOLYLINE
  5
671
330
17
100
AcDbEntity
  8
DETAY-INCE
100
AcDbPolyline
 90
        2
 70
     0
 43
0.0
 10
79.19999999999998
 20
19.3654754723565
 10
80.64999999999997
 20
19.3654754723565
  0
LWPOLYLINE
  5
672
330
17
100
AcDbEntity
  8
DETAY-INCE
100
AcDbPolyline
 90
        2
 70
     0
 43
0.0
 10
81.74999999999998
 20
19.3654754723565
 10
83.19999999999998
 20
19.3654754723565
  0
ARC
  5
673
330
17
100
AcDbEntity
  8
DETAY
100
AcDbCircle
 10
81.19999999999997
 20
19.3154754723565
 30
0.0
 40
0.55
100
AcDbArc
 50
0.0
 51
180.0
  0
LWPOLYLINE
  5
674
330
17
100
AcDbEntity
  8
DETAY
100
AcDbPolyline
 90
        4
 70
     1
 43
0.0
 10
81.01999999999998
 20
19.3154754723565
 10
81.07999999999998
 20
19.4354754723565
 10
81.31999999999999
 20
19.4354754723565
 10
81.37999999999999
 20
19.3154754723565
  0
HATCH
  5
675
330
17
100
AcDbEntity
  8
DETAY
100
AcDbHatch
 10
0.0
 20
0.0
 30
0.0
210
0.0
220
0.0
230
1.0
  2
SOLID
 70
     1
 71
     0
 91
        1
 92
        3
 72
     0
 73
     1
 93
        4
 10
81.01999999999998
 20
19.3154754723565
 10
81.07999999999998
 20
19.4354754723565
 10
81.31999999999999
 20
19.4354754723565
 10
81.37999999999999
 20
19.3154754723565
 97
        0
 75
     1
 76
     1
 98
        0
450
        0
451
        0
460
0.0
461
0.0
452
        0
462
0.0
453
        0
470

  0
LWPOLYLINE
  5
676
330
17
100
AcDbEntity
  8
KK-KABLO
100
AcDbPolyline
 90
        5
 70
     0
 43
0.0
 10
81.19999999999997
 20
19.4354754723565
 10
81.39999999999998
 20
19.6154754723565
 10
82.09999999999999
 20
19.6154754723565
 10
82.49999999999998
 20
20.1154754723565
 10
83.19999999999998
 20
20.1154754723565
  0
LWPOLYLINE
  5
677
330
17
100
AcDbEntity
  8
BALON
100
AcDbPolyline
 90
        3
 70
     0
 43
0.0
 10
79.69999999999997
 20
19.2654754723565
 10
79.99999999999999
 20
18.5654754723565
 10
78.74199999999998
 20
18.5654754723565
  0
HATCH
  5
678
330
17
100
AcDbEntity
  8
BALON
 62
     7
100
AcDbHatch
 10
0.0
 20
0.0
 30
0.0
210
0.0
220
0.0
230
1.0
  2
SOLID
 70
     1
 71
     0
 91
        1
 92
        1
 93
        1
 72
     2
 10
79.69999999999997
 20
19.2654754723565
 40
0.025
 50
0.0
 51
360.0
 73
     1
 97
        0
 75
     1
 76
     1
 98
        0
450
        0
451
        0
460
0.0
461
0.0
452
        0
462
0.0
453
        0
470

  0
TEXT
  5
679
330
17
100
AcDbEntity
  8
YAZI
100
AcDbText
 10
78.85768076398361
 20
18.63007983797724
 30
0.0
 40
0.1
  1
Tank cidarı (çelik)
  7
ARIAL
 72
     2
 11
79.95999999999998
 21
18.6004754723565
 31
0.0
100
AcDbText
 73
     1
  0
LWPOLYLINE
  5
67A
330
17
100
AcDbEntity
  8
BALON
100
AcDbPolyline
 90
        3
 70
     0
 43
0.0
 10
79.99999999999999
 20
19.3654754723565
 10
80.19999999999997
 20
19.9654754723565
 10
79.06599999999997
 20
19.9654754723565
  0
HATCH
  5
67B
330
17
100
AcDbEntity
  8
BALON
 62
     7
100
AcDbHatch
 10
0.0
 20
0.0
 30
0.0
210
0.0
220
0.0
230
1.0
  2
SOLID
 70
     1
 71
     0
 91
        1
 92
        1
 93
        1
 72
     2
 10
79.99999999999999
 20
19.3654754723565
 40
0.025
 50
0.0
 51
360.0
 73
     1
 97
        0
 75
     1
 76
     1
 98
        0
450
        0
451
        0
460
0.0
461
0.0
452
        0
462
0.0
453
        0
470

  0
TEXT
  5
67C
330
17
100
AcDbEntity
  8
YAZI
100
AcDbText
 10
79.01866302864937
 20
20.03007983797724
 30
0.0
 40
0.1
  1
Fabrika kaplaması
  7
ARIAL
 72
     2
 11
80.15999999999998
 21
20.0004754723565
 31
0.0
100
AcDbText
 73
     1
  0
LWPOLYLINE
  5
67D
330
17
100
AcDbEntity
  8
BALON
100
AcDbPolyline
 90
        3
 70
     0
 43
0.0
 10
81.19999999999997
 20
19.3754754723565
 10
80.84999999999999
 20
18.41547547235651
 10
81.73599999999998
 20
18.41547547235651
  0
HATCH
  5
67E
330
17
100
AcDbEntity
  8
BALON
 62
     7
100
AcDbHatch
 10
0.0
 20
0.0
 30
0.0
210
0.0
220
0.0
230
1.0
  2
SOLID
 70
     1
 71
     0
 91
        1
 92
        1
 93
        1
 72
     2
 10
81.19999999999997
 20
19.3754754723565
 40
0.025
 50
0.0
 51
360.0
 73
     1
 97
        0
 75
     1
 76
     1
 98
        0
450
        0
451
        0
460
0.0
461
0.0
452
        0
462
0.0
453
        0
470

  0
TEXT
  5
67F
330
17
100
AcDbEntity
  8
YAZI
100
AcDbText
 10
80.89
 20
18.48007983797725
 30
0.0
 40
0.1
  1
Termit kaynak
  7
ARIAL
 11
80.89
 21
18.45047547235651
 31
0.0
100
AcDbText
 73
     1
  0
LWPOLYLINE
  5
680
330
17
100
AcDbEntity
  8
BALON
100
AcDbPolyline
 90
        3
 70
     0
 43
0.0
 10
80.89999999999998
 20
19.7854754723565
 10
80.29999999999999
 20
20.4654754723565
 10
78.48399999999998
 20
20.4654754723565
  0
HATCH
  5
681
330
17
100
AcDbEntity
  8
BALON
 62
     7
100
AcDbHatch
 10
0.0
 20
0.0
 30
0.0
210
0.0
220
0.0
230
1.0
  2
SOLID
 70
     1
 71
     0
 91
        1
 92
        1
 93
        1
 72
     2
 10
80.89999999999998
 20
19.7854754723565
 40
0.025
 50
0.0
 51
360.0
 73
     1
 97
        0
 75
     1
 76
     1
 98
        0
450
        0
451
        0
460
0.0
461
0.0
452
        0
462
0.0
453
        0
470

  0
TEXT
  5
682
330
17
100
AcDbEntity
  8
YAZI
100
AcDbText
 10
78.47418826739424
 20
20.53007983797724
 30
0.0
 40
0.1
  1
Epoksi kaplama tamir başlığı
  7
ARIAL
 72
     2
 11
80.25999999999998
 21
20.5004754723565
 31
0.0
100
AcDbText
 73
     1
  0
LWPOLYLINE
  5
683
330
17
100
AcDbEntity
  8
BALON
100
AcDbPolyline
 90
        3
 70
     0
 43
0.0
 10
82.79999999999999
 20
20.1154754723565
 10
83.1
 20
20.5654754723565
 10
83.92399999999998
 20
20.5654754723565
  0
HATCH
  5
684
330
17
100
AcDbEntity
  8
BALON
 62
     7
100
AcDbHatch
 10
0.0
 20
0.0
 30
0.0
210
0.0
220
0.0
230
1.0
  2
SOLID
 70
     1
 71
     0
 91
        1
 92
        1
 93
        1
 72
     2
 10
82.79999999999999
 20
20.1154754723565
 40
0.025
 50
0.0
 51
360.0
 73
     1
 97
        0
 75
     1
 76
     1
 98
        0
450
        0
451
        0
460
0.0
461
0.0
452
        0
462
0.0
453
        0
470

  0
TEXT
  5
685
330
17
100
AcDbEntity
  8
YAZI
100
AcDbText
 10
83.14
 20
20.63007983797724
 30
0.0
 40
0.1
  1
NYY 1x10 mm²
  7
ARIAL
 11
83.14
 21
20.6004754723565
 31
0.0
100
AcDbText
 73
     1
  0
TEXT
  5
686
330
17
100
AcDbEntity
  8
BASLIK
100
AcDbText
 10
88.0
 20
21.88993162085834
 30
0.0
 40
0.1275
  1
DETAY-5: KALICI REFERANS ELEKTROT (Ölçek 1/10)
  7
ARIAL
 11
88.0
 21
21.8521860546919
 31
0.0
100
AcDbText
 73
     1
  0
LWPOLYLINE
  5
687
330
17
100
AcDbEntity
  8
BASLIK
100
AcDbPolyline
 90
        2
 70
     0
 43
0.0
 10
88.0
 20
21.8021860546919
 10
91.83629999999999
 20
21.8021860546919
  0
LWPOLYLINE
  5
688
330
17
100
AcDbEntity
  8
YAZI
100
AcDbPolyline
 90
        2
 70
     0
 43
0.0
 10
88.0
 20
21.7621860546919
 10
91.83629999999999
 20
21.7621860546919
  0
TEXT
  5
689
330
17
100
AcDbEntity
  8
YAZI
100
AcDbText
 10
88.0
 20
21.5921860546919
 30
0.0
 40
0.1
  1
Cu/CuSO4, tank yanına, tank ekseni kotunda
  7
ARIAL
 11
88.0
 21
21.6921860546919
 31
0.0
100
AcDbText
 73
     3
  0
LWPOLYLINE
  5
68A
330
17
100
AcDbEntity
  8
DETAY
100
AcDbPolyline
 90
        4
 70
     1
 43
0.0
 10
89.62000000000001
 20
18.1154754723565
 10
90.38
 20
18.1154754723565
 10
90.38
 20
19.6154754723565
 10
89.62000000000001
 20
19.6154754723565
  0
HATCH
  5
68B
330
17
100
AcDbEntity
  8
DETAY-TARAMA
100
AcDbHatch
 10
0.0
 20
0.0
 30
0.0
210
0.0
220
0.0
230
1.0
  2
DOTS
 70
     0
 71
     0
 91
        2
 92
        3
 72
     0
 73
     1
 93
        4
 10
89.62000000000001
 20
18.1154754723565
 10
90.38
 20
18.1154754723565
 10
90.38
 20
19.6154754723565
 10
89.62000000000001
 20
19.6154754723565
 97
        0
 92
        3
 72
     0
 73
     1
 93
        4
 10
89.87
 20
18.3654754723565
 10
90.12999999999999
 20
18.3654754723565
 10
90.12999999999999
 20
19.3654754723565
 10
89.87
 20
19.3654754723565
 97
        0
 75
     1
 76
     1
 52
0.0
 41
0.03
 77
     0
 78
     1
 53
0.0
 43
0.0
 44
-5.284524527643498
 45
0.0238125
 46
0.047625
 79
     2
 49
0.0
 49
-0.047625
 98
        0
  0
LWPOLYLINE
  5
68C
330
17
100
AcDbEntity
  8
KK-OLCUM
100
AcDbPolyline
 90
        4
 70
     1
 43
0.0
 10
89.87
 20
18.3654754723565
 10
90.12999999999999
 20
18.3654754723565
 10
90.12999999999999
 20
19.3654754723565
 10
89.87
 20
19.3654754723565
  0
LWPOLYLINE
  5
68D
330
17
100
AcDbEntity
  8
KK-OLCUM
100
AcDbPolyline
 90
        4
 70
     1
 43
0.0
 10
89.9
 20
18.3654754723565
 10
90.09999999999999
 20
18.3654754723565
 10
90.09999999999999
 20
18.5154754723565
 10
89.9
 20
18.5154754723565
  0
HATCH
  5
68E
330
17
100
AcDbEntity
  8
KK-OLCUM
 62
     8
100
AcDbHatch
 10
0.0
 20
0.0
 30
0.0
210
0.0
220
0.0
230
1.0
  2
SOLID
 70
     1
 71
     0
 91
        1
 92
        3
 72
     0
 73
     1
 93
        4
 10
89.9
 20
18.3654754723565
 10
90.09999999999999
 20
18.3654754723565
 10
90.09999999999999
 20
18.5154754723565
 10
89.9
 20
18.5154754723565
 97
        0
 75
     1
 76
     1
 98
        0
450
        0
451
        0
460
0.0
461
0.0
452
        0
462
0.0
453
        0
470

  0
LWPOLYLINE
  5
68F
330
17
100
AcDbEntity
  8
DETAY
100
AcDbPolyline
 90
        2
 70
     0
 43
0.0
 10
90.0
 20
18.5154754723565
 10
90.0
 20
19.3154754723565
  0
LWPOLYLINE
  5
690
330
17
100
AcDbEntity
  8
KK-KABLO
100
AcDbPolyline
 90
        4
 70
     0
 43
0.0
 10
90.0
 20
19.3654754723565
 10
90.0
 20
20.2154754723565
 10
90.5
 20
20.6154754723565
 10
91.2
 20
20.6154754723565
  0
DIMENSION
  5
691
330
17
100
AcDbEntity
  8
OLCU
100
AcDbDimension
280
     0
  2
*D21
 10
89.32000000000007
 20
19.61547547235651
 30
0.0
 11
89.23890859481589
 21
18.86547547235647
 31
0.0
 70
    32
  1
<>
 71
     5
 42
300.0
 73
     0
 74
     0
 75
     0
  3
KK10
100
AcDbAlignedDimension
 13
89.62000000000001
 23
18.1154754723565
 33
0.0
 14
89.62000000000001
 24
19.6154754723565
 34
0.0
 50
90.0
100
AcDbRotatedDimension
  0
DIMENSION
  5
6A0
330
17
100
AcDbEntity
  8
OLCU
100
AcDbDimension
280
     0
  2
*D22
 10
90.38
 20
17.8154754723565
 30
0.0
 11
90.0
 21
17.89653277112867
 31
0.0
 70
    32
  1
<>
 71
     5
 42
151.9999999999981
 73
     0
 74
     0
 75
     0
  3
KK10
100
AcDbAlignedDimension
 13
89.62000000000001
 23
18.1154754723565
 33
0.0
 14
90.38
 24
18.1154754723565
 34
0.0
100
AcDbRotatedDimension
  0
LWPOLYLINE
  5
6AF
330
17
100
AcDbEntity
  8
BALON
100
AcDbPolyline
 90
        3
 70
     0
 43
0.0
 10
90.0
 20
18.4354754723565
 10
91.09999999999999
 20
18.3654754723565
 10
92.42
 20
18.3654754723565
  0
HATCH
  5
6B0
330
17
100
AcDbEntity
  8
BALON
 62
     7
100
AcDbHatch
 10
0.0
 20
0.0
 30
0.0
210
0.0
220
0.0
230
1.0
  2
SOLID
 70
     1
 71
     0
 91
        1
 92
        1
 93
        1
 72
     2
 10
90.0
 20
18.4354754723565
 40
0.025
 50
0.0
 51
360.0
 73
     1
 97
        0
 75
     1
 76
     1
 98
        0
450
        0
451
        0
460
0.0
461
0.0
452
        0
462
0.0
453
        0
470

  0
TEXT
  5
6B1
330
17
100
AcDbEntity
  8
YAZI
100
AcDbText
 10
91.14
 20
18.43007983797724
 30
0.0
 40
0.1
  1
Seramik gözenekli uç
  7
ARIAL
 11
91.14
 21
18.4004754723565
 31
0.0
100
AcDbText
 73
     1
  0
LWPOLYLINE
  5
6B2
330
17
100
AcDbEntity
  8
BALON
100
AcDbPolyline
 90
        3
 70
     0
 43
0.0
 10
90.05
 20
18.9154754723565
 10
91.09999999999999
 20
18.8654754723565
 10
93.102
 20
18.8654754723565
  0
HATCH
  5
6B3
330
17
100
AcDbEntity
  8
BALON
 62
     7
100
AcDbHatch
 10
0.0
 20
0.0
 30
0.0
210
0.0
220
0.0
230
1.0
  2
SOLID
 70
     1
 71
     0
 91
        1
 92
        1
 93
        1
 72
     2
 10
90.05
 20
18.9154754723565
 40
0.025
 50
0.0
 51
360.0
 73
     1
 97
        0
 75
     1
 76
     1
 98
        0
450
        0
451
        0
460
0.0
461
0.0
452
        0
462
0.0
453
        0
470

  0
TEXT
  5
6B4
330
17
100
AcDbEntity
  8
YAZI
100
AcDbText
 10
91.14
 20
18.93007983797724
 30
0.0
 40
0.1
  1
Cu çubuk + CuSO4 doygun çözelti
  7
ARIAL
 11
91.14
 21
18.9004754723565
 31
0.0
100
AcDbText
 73
     1
  0
LWPOLYLINE
  5
6B5
330
17
100
AcDbEntity
  8
BALON
100
AcDbPolyline
 90
        3
 70
     0
 43
0.0
 10
90.29999999999999
 20
19.2154754723565
 10
91.09999999999999
 20
19.3654754723565
 10
92.916
 20
19.3654754723565
  0
HATCH
  5
6B6
330
17
100
AcDbEntity
  8
BALON
 62
     7
100
AcDbHatch
 10
0.0
 20
0.0
 30
0.0
210
0.0
220
0.0
230
1.0
  2
SOLID
 70
     1
 71
     0
 91
        1
 92
        1
 93
        1
 72
     2
 10
90.29999999999999
 20
19.2154754723565
 40
0.025
 50
0.0
 51
360.0
 73
     1
 97
        0
 75
     1
 76
     1
 98
        0
450
        0
451
        0
460
0.0
461
0.0
452
        0
462
0.0
453
        0
470

  0
TEXT
  5
6B7
330
17
100
AcDbEntity
  8
YAZI
100
AcDbText
 10
91.14
 20
19.43007983797724
 30
0.0
 40
0.1
  1
Özel dolgu (jips + bentonit)
  7
ARIAL
 11
91.14
 21
19.4004754723565
 31
0.0
100
AcDbText
 73
     1
  0
LWPOLYLINE
  5
6B8
330
17
100
AcDbEntity
  8
BALON
100
AcDbPolyline
 90
        3
 70
     0
 43
0.0
 10
90.90000000000001
 20
20.6154754723565
 10
91.4
 20
21.0154754723565
 10
93.65
 20
21.0154754723565
  0
HATCH
  5
6B9
330
17
100
AcDbEntity
  8
BALON
 62
     7
100
AcDbHatch
 10
0.0
 20
0.0
 30
0.0
210
0.0
220
0.0
230
1.0
  2
SOLID
 70
     1
 71
     0
 91
        1
 92
        1
 93
        1
 72
     2
 10
90.90000000000001
 20
20.6154754723565
 40
0.025
 50
0.0
 51
360.0
 73
     1
 97
        0
 75
     1
 76
     1
 98
        0
450
        0
451
        0
460
0.0
461
0.0
452
        0
462
0.0
453
        0
470

  0
TEXT
  5
6BA
330
17
100
AcDbEntity
  8
YAZI
100
AcDbText
 10
91.44
 20
21.08007983797724
 30
0.0
 40
0.1
  1
Kablo 1x6 mm² (ÖK-1 RE terminaline)
  7
ARIAL
 11
91.44
 21
21.0504754723565
 31
0.0
100
AcDbText
 73
     1
  0
TEXT
  5
6BB
330
17
100
AcDbEntity
  8
BASLIK
100
AcDbText
 10
78.59999999999999
 20
16.92443833961168
 30
0.0
 40
0.1275
  1
KATODİK KORUMA HESABI
  7
ARIAL
 11
78.59999999999999
 21
16.88669277344525
 31
0.0
100
AcDbText
 73
     1
  0
LWPOLYLINE
  5
6BC
330
17
100
AcDbEntity
  8
BASLIK
100
AcDbPolyline
 90
        2
 70
     0
 43
0.0
 10
78.59999999999999
 20
16.83669277344525
 10
80.46004999999999
 20
16.83669277344525
  0
LWPOLYLINE
  5
6BD
330
17
100
AcDbEntity
  8
YAZI
100
AcDbPolyline
 90
        2
 70
     0
 43
0.0
 10
78.59999999999999
 20
16.79669277344524
 10
80.46004999999999
 20
16.79669277344524
  0
LWPOLYLINE
  5
6BE
330
17
100
AcDbEntity
  8
TABLO
100
AcDbPolyline
 90
        4
 70
     1
 43
0.0
 10
78.59999999999999
 20
16.27669277344525
 10
96.70000000000001
 20
16.27669277344525
 10
96.70000000000001
 20
16.63669277344524
 10
78.59999999999999
 20
16.63669277344524
  0
HATCH
  5
6BF
330
17
100
AcDbEntity
  8
TABLO-INCE
100
AcDbHatch
 10
0.0
 20
0.0
 30
0.0
210
0.0
220
0.0
230
1.0
  2
ANSI31
 70
     0
 71
     0
 91
        1
 92
        3
 72
     0
 73
     1
 93
        4
 10
78.59999999999999
 20
16.27669277344525
 10
96.70000000000001
 20
16.27669277344525
 10
96.70000000000001
 20
16.63669277344524
 10
78.59999999999999
 20
16.63669277344524
 97
        0
 75
     1
 76
     1
 52
0.0
 41
0.02
 77
     0
 78
     1
 53
45.0
 43
0.0
 44
-4.113307226554752
 45
-0.0449012806
 46
0.0449012806
 79
     0
 98
        0
  0
TEXT
  5
6C0
330
17
100
AcDbEntity
  8
YAZI
100
AcDbText
 10
83.26531377899042
 20
16.40669277344525
 30
0.0
 40
0.1
  1
PARAMETRE
  7
ARIAL
 72
     1
 11
83.69999999999997
 21
16.45669277344525
 31
0.0
100
AcDbText
 73
     2
  0
TEXT
  5
6C1
330
17
100
AcDbEntity
  8
YAZI
100
AcDbText
 10
92.50160300136426
 20
16.40669277344525
 30
0.0
 40
0.1
  1
DEĞER
  7
ARIAL
 72
     1
 11
92.75
 21
16.45669277344525
 31
0.0
100
AcDbText
 73
     2
  0
LWPOLYLINE
  5
6C2
330
17
100
AcDbEntity
  8
TABLO-INCE
100
AcDbPolyline
 90
        2
 70
     0
 43
0.0
 10
78.59999999999999
 20
15.97669277344525
 10
96.70000000000001
 20
15.97669277344525
  0
TEXT
  5
6C3
330
17
100
AcDbEntity
  8
YAZI
100
AcDbText
 10
78.67999999999998
 20
16.07669277344524
 30
0.0
 40
0.1
  1
Korunan yapı
  7
ARIAL
 11
78.67999999999998
 21
16.12669277344524
 31
0.0
100
AcDbText
 73
     2
  0
TEXT
  5
6C4
330
17
100
AcDbEntity
  8
YAZI
100
AcDbText
 10
88.87999999999999
 20
16.07669277344524
 30
0.0
 40
0.1
  1
LPG tankı 10 m³ + toprak altı LPG hatları
  7
ARIAL
 11
88.87999999999999
 21
16.12669277344524
 31
0.0
100
AcDbText
 73
     2
  0
LWPOLYLINE
  5
6C5
330
17
100
AcDbEntity
  8
TABLO-INCE
100
AcDbPolyline
 90
        2
 70
     0
 43
0.0
 10
78.59999999999999
 20
15.67669277344524
 10
96.70000000000001
 20
15.67669277344524
  0
TEXT
  5
6C6
330
17
100
AcDbEntity
  8
YAZI
100
AcDbText
 10
78.67999999999998
 20
15.77669277344525
 30
0.0
 40
0.1
  1
Tank yüzeyi (Ø1,60 x 5,40 m, 2:1 bombeli)
  7
ARIAL
 11
78.67999999999998
 21
15.82669277344525
 31
0.0
100
AcDbText
 73
     2
  0
TEXT
  5
6C7
330
17
100
AcDbEntity
  8
YAZI
100
AcDbText
 10
88.87999999999999
 20
15.77669277344525
 30
0.0
 40
0.1
  1
At = 28.7 m²
  7
ARIAL
 11
88.87999999999999
 21
15.82669277344525
 31
0.0
100
AcDbText
 73
     2
  0
LWPOLYLINE
  5
6C8
330
17
100
AcDbEntity
  8
TABLO-INCE
100
AcDbPolyline
 90
        2
 70
     0
 43
0.0
 10
78.59999999999999
 20
15.37669277344524
 10
96.70000000000001
 20
15.37669277344524
  0
TEXT
  5
6C9
330
17
100
AcDbEntity
  8
YAZI
100
AcDbText
 10
78.67999999999998
 20
15.47669277344525
 30
0.0
 40
0.1
  1
Hat yüzeyi (26 m, ort. Ø42 mm)
  7
ARIAL
 11
78.67999999999998
 21
15.52669277344525
 31
0.0
100
AcDbText
 73
     2
  0
TEXT
  5
6CA
330
17
100
AcDbEntity
  8
YAZI
100
AcDbText
 10
88.87999999999999
 20
15.47669277344525
 30
0.0
 40
0.1
  1
Ah = 3.5 m²
  7
ARIAL
 11
88.87999999999999
 21
15.52669277344525
 31
0.0
100
AcDbText
 73
     2
  0
LWPOLYLINE
  5
6CB
330
17
100
AcDbEntity
  8
TABLO-INCE
100
AcDbPolyline
 90
        2
 70
     0
 43
0.0
 10
78.59999999999999
 20
15.07669277344525
 10
96.70000000000001
 20
15.07669277344525
  0
TEXT
  5
6CC
330
17
100
AcDbEntity
  8
YAZI
100
AcDbText
 10
78.67999999999998
 20
15.17669277344525
 30
0.0
 40
0.1
  1
Toplam yüzey
  7
ARIAL
 11
78.67999999999998
 21
15.22669277344524
 31
0.0
100
AcDbText
 73
     2
  0
TEXT
  5
6CD
330
17
100
AcDbEntity
  8
YAZI
100
AcDbText
 10
88.87999999999999
 20
15.17669277344525
 30
0.0
 40
0.1
  1
A = 32.2 m²
  7
ARIAL
 11
88.87999999999999
 21
15.22669277344524
 31
0.0
100
AcDbText
 73
     2
  0
LWPOLYLINE
  5
6CE
330
17
100
AcDbEntity
  8
TABLO-INCE
100
AcDbPolyline
 90
        2
 70
     0
 43
0.0
 10
78.59999999999999
 20
14.77669277344524
 10
96.70000000000001
 20
14.77669277344524
  0
TEXT
  5
6CF
330
17
100
AcDbEntity
  8
YAZI
100
AcDbText
 10
78.67999999999998
 20
14.87669277344524
 30
0.0
 40
0.1
  1
Çıplak çelik akım yoğunluğu (zemin)
  7
ARIAL
 11
78.67999999999998
 21
14.92669277344524
 31
0.0
100
AcDbText
 73
     2
  0
TEXT
  5
6D0
330
17
100
AcDbEntity
  8
YAZI
100
AcDbText
 10
88.87999999999999
 20
14.87669277344524
 30
0.0
 40
0.1
  1
ib = 20 mA/m²
  7
ARIAL
 11
88.87999999999999
 21
14.92669277344524
 31
0.0
100
AcDbText
 73
     2
  0
LWPOLYLINE
  5
6D1
330
17
100
AcDbEntity
  8
TABLO-INCE
100
AcDbPolyline
 90
        2
 70
     0
 43
0.0
 10
78.59999999999999
 20
14.47669277344524
 10
96.70000000000001
 20
14.47669277344524
  0
TEXT
  5
6D2
330
17
100
AcDbEntity
  8
YAZI
100
AcDbText
 10
78.67999999999998
 20
14.57669277344524
 30
0.0
 40
0.1
  1
Ortalama kaplama verimi / emniyet katsayısı
  7
ARIAL
 11
78.67999999999998
 21
14.62669277344524
 31
0.0
100
AcDbText
 73
     2
  0
TEXT
  5
6D3
330
17
100
AcDbEntity
  8
YAZI
100
AcDbText
 10
88.87999999999999
 20
14.57669277344524
 30
0.0
 40
0.1
  1
%95  /  1.25
  7
ARIAL
 11
88.87999999999999
 21
14.62669277344524
 31
0.0
100
AcDbText
 73
     2
  0
LWPOLYLINE
  5
6D4
330
17
100
AcDbEntity
  8
TABLO-INCE
100
AcDbPolyline
 90
        2
 70
     0
 43
0.0
 10
78.59999999999999
 20
14.17669277344525
 10
96.70000000000001
 20
14.17669277344525
  0
TEXT
  5
6D5
330
17
100
AcDbEntity
  8
YAZI
100
AcDbText
 10
78.67999999999998
 20
14.27669277344525
 30
0.0
 40
0.1
  1
Tasarım akım yoğunluğu  i = ib x (1-η) x k
  7
ARIAL
 11
78.67999999999998
 21
14.32669277344525
 31
0.0
100
AcDbText
 73
     2
  0
TEXT
  5
6D6
330
17
100
AcDbEntity
  8
YAZI
100
AcDbText
 10
88.87999999999999
 20
14.27669277344525
 30
0.0
 40
0.1
  1
i = 1.25 mA/m²
  7
ARIAL
 11
88.87999999999999
 21
14.32669277344525
 31
0.0
100
AcDbText
 73
     2
  0
LWPOLYLINE
  5
6D7
330
17
100
AcDbEntity
  8
TABLO-INCE
100
AcDbPolyline
 90
        2
 70
     0
 43
0.0
 10
78.59999999999999
 20
13.87669277344524
 10
96.70000000000001
 20
13.87669277344524
  0
TEXT
  5
6D8
330
17
100
AcDbEntity
  8
YAZI
100
AcDbText
 10
78.67999999999998
 20
13.97669277344524
 30
0.0
 40
0.1
  1
Gerekli koruma akımı  I = A x i
  7
ARIAL
 11
78.67999999999998
 21
14.02669277344525
 31
0.0
100
AcDbText
 73
     2
  0
TEXT
  5
6D9
330
17
100
AcDbEntity
  8
YAZI
100
AcDbText
 10
88.87999999999999
 20
13.97669277344524
 30
0.0
 40
0.1
  1
I = 40 mA
  7
ARIAL
 11
88.87999999999999
 21
14.02669277344525
 31
0.0
100
AcDbText
 73
     2
  0
LWPOLYLINE
  5
6DA
330
17
100
AcDbEntity
  8
TABLO-INCE
100
AcDbPolyline
 90
        2
 70
     0
 43
0.0
 10
78.59999999999999
 20
13.57669277344524
 10
96.70000000000001
 20
13.57669277344524
  0
TEXT
  5
6DB
330
17
100
AcDbEntity
  8
YAZI
100
AcDbText
 10
78.67999999999998
 20
13.67669277344524
 30
0.0
 40
0.1
  1
Zemin özdirenci
  7
ARIAL
 11
78.67999999999998
 21
13.72669277344524
 31
0.0
100
AcDbText
 73
     2
  0
TEXT
  5
6DC
330
17
100
AcDbEntity
  8
YAZI
100
AcDbText
 10
88.87999999999999
 20
13.67669277344524
 30
0.0
 40
0.1
  1
ρ = 30 Ω·m
  7
ARIAL
 11
88.87999999999999
 21
13.72669277344524
 31
0.0
100
AcDbText
 73
     2
  0
LWPOLYLINE
  5
6DD
330
17
100
AcDbEntity
  8
TABLO-INCE
100
AcDbPolyline
 90
        2
 70
     0
 43
0.0
 10
78.59999999999999
 20
13.27669277344524
 10
96.70000000000001
 20
13.27669277344524
  0
TEXT
  5
6DE
330
17
100
AcDbEntity
  8
YAZI
100
AcDbText
 10
78.67999999999998
 20
13.37669277344524
 30
0.0
 40
0.1
  1
Anot direnci (Dwight)  R = ρ/(2πL)·[ln(8L/d) - 1]
  7
ARIAL
 11
78.67999999999998
 21
13.42669277344524
 31
0.0
100
AcDbText
 73
     2
  0
TEXT
  5
6DF
330
17
100
AcDbEntity
  8
YAZI
100
AcDbText
 10
88.87999999999999
 20
13.37669277344524
 30
0.0
 40
0.1
  1
10 Lb: 22.5 Ω  /  3,5 Lb: 31.8 Ω
  7
ARIAL
 11
88.87999999999999
 21
13.42669277344524
 31
0.0
100
AcDbText
 73
     2
  0
LWPOLYLINE
  5
6E0
330
17
100
AcDbEntity
  8
TABLO-INCE
100
AcDbPolyline
 90
        2
 70
     0
 43
0.0
 10
78.59999999999999
 20
12.97669277344524
 10
96.70000000000001
 20
12.97669277344524
  0
TEXT
  5
6E1
330
17
100
AcDbEntity
  8
YAZI
100
AcDbText
 10
78.67999999999998
 20
13.07669277344524
 30
0.0
 40
0.1
  1
Sürücü gerilim  ΔE = |-1.75| - |-0.85|
  7
ARIAL
 11
78.67999999999998
 21
13.12669277344524
 31
0.0
100
AcDbText
 73
     2
  0
TEXT
  5
6E2
330
17
100
AcDbEntity
  8
YAZI
100
AcDbText
 10
88.87999999999999
 20
13.07669277344524
 30
0.0
 40
0.1
  1
ΔE = 0.90 V
  7
ARIAL
 11
88.87999999999999
 21
13.12669277344524
 31
0.0
100
AcDbText
 73
     2
  0
LWPOLYLINE
  5
6E3
330
17
100
AcDbEntity
  8
TABLO-INCE
100
AcDbPolyline
 90
        2
 70
     0
 43
0.0
 10
78.59999999999999
 20
12.67669277344524
 10
96.70000000000001
 20
12.67669277344524
  0
TEXT
  5
6E4
330
17
100
AcDbEntity
  8
YAZI
100
AcDbText
 10
78.67999999999998
 20
12.77669277344524
 30
0.0
 40
0.1
  1
Anot çıkış akımı  Ia = ΔE / R
  7
ARIAL
 11
78.67999999999998
 21
12.82669277344524
 31
0.0
100
AcDbText
 73
     2
  0
TEXT
  5
6E5
330
17
100
AcDbEntity
  8
YAZI
100
AcDbText
 10
88.87999999999999
 20
12.77669277344524
 30
0.0
 40
0.1
  1
10 Lb: 40 mA  /  3,5 Lb: 28 mA
  7
ARIAL
 11
88.87999999999999
 21
12.82669277344524
 31
0.0
100
AcDbText
 73
     2
  0
LWPOLYLINE
  5
6E6
330
17
100
AcDbEntity
  8
TABLO-INCE
100
AcDbPolyline
 90
        2
 70
     0
 43
0.0
 10
78.59999999999999
 20
12.37669277344524
 10
96.70000000000001
 20
12.37669277344524
  0
TEXT
  5
6E7
330
17
100
AcDbEntity
  8
YAZI
 62
    30
100
AcDbText
 10
78.67999999999998
 20
12.47669277344524
 30
0.0
 40
0.1
  1
Toplam anot kapasitesi (2 x 10 Lb + 2 x 3,5 Lb)
  7
ARIAL
 11
78.67999999999998
 21
12.52669277344524
 31
0.0
100
AcDbText
 73
     2
  0
TEXT
  5
6E8
330
17
100
AcDbEntity
  8
YAZI
 62
    30
100
AcDbText
 10
88.87999999999999
 20
12.47669277344524
 30
0.0
 40
0.1
  1
137 mA  ≥  40 mA  UYGUN
  7
ARIAL
 11
88.87999999999999
 21
12.52669277344524
 31
0.0
100
AcDbText
 73
     2
  0
LWPOLYLINE
  5
6E9
330
17
100
AcDbEntity
  8
TABLO-INCE
100
AcDbPolyline
 90
        2
 70
     0
 43
0.0
 10
78.59999999999999
 20
12.07669277344524
 10
96.70000000000001
 20
12.07669277344524
  0
TEXT
  5
6EA
330
17
100
AcDbEntity
  8
YAZI
 62
    30
100
AcDbText
 10
78.67999999999998
 20
12.17669277344524
 30
0.0
 40
0.1
  1
Gerekli anot kütlesi (20 yıl, Q=1230 Ah/kg, u=0.85)
  7
ARIAL
 11
78.67999999999998
 21
12.22669277344524
 31
0.0
100
AcDbText
 73
     2
  0
TEXT
  5
6EB
330
17
100
AcDbEntity
  8
YAZI
 62
    30
100
AcDbText
 10
88.87999999999999
 20
12.17669277344524
 30
0.0
 40
0.1
  1
6.7 kg  ≤  12.2 kg  UYGUN
  7
ARIAL
 11
88.87999999999999
 21
12.22669277344524
 31
0.0
100
AcDbText
 73
     2
  0
LWPOLYLINE
  5
6EC
330
17
100
AcDbEntity
  8
TABLO-INCE
100
AcDbPolyline
 90
        2
 70
     0
 43
0.0
 10
78.59999999999999
 20
11.77669277344524
 10
96.70000000000001
 20
11.77669277344524
  0
TEXT
  5
6ED
330
17
100
AcDbEntity
  8
YAZI
 62
    30
100
AcDbText
 10
78.67999999999998
 20
11.87669277344524
 30
0.0
 40
0.1
  1
Hesaplanan anot ömrü  t = M·Q·u / (I·8760)
  7
ARIAL
 11
78.67999999999998
 21
11.92669277344524
 31
0.0
100
AcDbText
 73
     2
  0
TEXT
  5
6EE
330
17
100
AcDbEntity
  8
YAZI
 62
    30
100
AcDbText
 10
88.87999999999999
 20
11.87669277344524
 30
0.0
 40
0.1
  1
t ≈ 36 yıl  ≥  20 yıl  UYGUN
  7
ARIAL
 11
88.87999999999999
 21
11.92669277344524
 31
0.0
100
AcDbText
 73
     2
  0
LWPOLYLINE
  5
6EF
330
17
100
AcDbEntity
  8
TABLO
100
AcDbPolyline
 90
        4
 70
     1
 43
0.0
 10
78.59999999999999
 20
11.77669277344524
 10
96.70000000000001
 20
11.77669277344524
 10
96.70000000000001
 20
16.63669277344524
 10
78.59999999999999
 20
16.63669277344524
  0
LWPOLYLINE
  5
6F0
330
17
100
AcDbEntity
  8
TABLO-INCE
100
AcDbPolyline
 90
        2
 70
     0
 43
0.0
 10
88.8
 20
11.77669277344524
 10
88.8
 20
16.63669277344524
  0
TEXT
  5
6F1
330
17
100
AcDbEntity
  8
YAZI
 62
     3
100
AcDbText
 10
78.59999999999999
 20
11.42669277344525
 30
0.0
 40
0.1
  1
Sonuç: 4 adet Mg anot ile tank ve hatlar için gerekli koruma akımı ve 20 yıllık ömür sağlanmaktadır.
  7
ARIAL
 11
78.59999999999999
 21
11.52669277344525
 31
0.0
100
AcDbText
 73
     3
  0
TEXT
  5
6F2
330
17
100
AcDbEntity
  8
YAZI
 62
     3
100
AcDbText
 10
78.59999999999999
 20
11.19669277344525
 30
0.0
 40
0.1
  1
Devreye alma ve periyodik ölçümlerde Eoff ≤ -850 mV sağlanamazsa ilave anot tesis edilecektir.
  7
ARIAL
 11
78.59999999999999
 21
11.29669277344524
 31
0.0
100
AcDbText
 73
     3
  0
LWPOLYLINE
  5
6F3
330
17
100
AcDbEntity
  8
PAFTA
370
    25
100
AcDbPolyline
 90
        4
 70
     1
 43
0.0
 10
-12.26
 20
-0.71
 10
97.59999999999999
 20
-0.71
 10
97.59999999999999
 20
30.390741329911
 10
-12.26
 20
30.390741329911
  0
LWPOLYLINE
  5
6F4
330
17
100
AcDbEntity
  8
ANTET-INCE
100
AcDbPolyline
 90
        2
 70
     0
 43
0.0
 10
39.9
 20
-0.71
 10
39.9
 20
30.390741329911
  0
LWPOLYLINE
  5
6F5
330
17
100
AcDbEntity
  8
ANTET-INCE
100
AcDbPolyline
 90
        2
 70
     0
 43
0.0
 10
58.2
 20
-0.71
 10
58.2
 20
30.390741329911
  0
LWPOLYLINE
  5
6F6
330
17
100
AcDbEntity
  8
ANTET-INCE
100
AcDbPolyline
 90
        2
 70
     0
 43
0.0
 10
78.2
 20
-0.71
 10
78.2
 20
30.390741329911
  0
LWPOLYLINE
  5
6F7
330
17
100
AcDbEntity
  8
ANTET-INCE
100
AcDbPolyline
 90
        2
 70
     0
 43
0.0
 10
39.9
 20
10.49315907107029
 10
58.2
 20
10.49315907107029
  0
LWPOLYLINE
  5
6F8
330
17
100
AcDbEntity
  8
ANTET-INCE
100
AcDbPolyline
 90
        2
 70
     0
 43
0.0
 10
58.2
 20
20.33401306745
 10
78.2
 20
20.33401306745
  0
LWPOLYLINE
  5
6F9
330
17
100
AcDbEntity
  8
ANTET-INCE
100
AcDbPolyline
 90
        2
 70
     0
 43
0.0
 10
58.2
 20
9.244843618799404
 10
78.2
 20
9.244843618799404
  0
LWPOLYLINE
  5
6FA
330
17
100
AcDbEntity
  8
ANTET-INCE
100
AcDbPolyline
 90
        2
 70
     0
 43
0.0
 10
78.2
 20
22.5521860546919
 10
97.59999999999999
 20
22.5521860546919
  0
LWPOLYLINE
  5
6FB
330
17
100
AcDbEntity
  8
ANTET-INCE
100
AcDbPolyline
 90
        2
 70
     0
 43
0.0
 10
78.2
 20
17.53669277344524
 10
97.59999999999999
 20
17.53669277344524
  0
LWPOLYLINE
  5
6FC
330
17
100
AcDbEntity
  8
ANTET-INCE
100
AcDbPolyline
 90
        2
 70
     0
 43
0.0
 10
87.2
 20
22.38280176127592
 10
87.2
 20
30.32522977164517
  0
LWPOLYLINE
  5
6FD
330
17
100
AcDbEntity
  8
ANTET-INCE
100
AcDbPolyline
 90
        2
 70
     0
 43
0.0
 10
87.2
 20
17.53669277344524
 10
87.2
 20
24.88669277344525
  0
TEXT
  5
6FE
330
17
100
AcDbEntity
  8
BASLIK
100
AcDbText
 10
78.43466135587423
 20
10.74131802082725
 30
0.0
 40
0.1275
  1
DEVREYE ALMA / PERİYODİK ÖLÇÜM FORMU
  7
ARIAL
 11
78.43466135587423
 21
10.70357245466081
 31
0.0
100
AcDbText
 73
     1
  0
LWPOLYLINE
  5
6FF
330
17
100
AcDbEntity
  8
BASLIK
100
AcDbPolyline
 90
        2
 70
     0
 43
0.0
 10
78.43466135587423
 20
10.6535724546608
 10
81.48046135587422
 20
10.6535724546608
  0
LWPOLYLINE
  5
700
330
17
100
AcDbEntity
  8
YAZI
100
AcDbPolyline
 90
        2
 70
     0
 43
0.0
 10
78.43466135587423
 20
10.61357245466081
 10
81.48046135587422
 20
10.61357245466081
  0
LWPOLYLINE
  5
701
330
17
100
AcDbEntity
  8
TABLO
100
AcDbPolyline
 90
        4
 70
     1
 43
0.0
 10
78.43466135587423
 20
10.0435724546608
 10
97.53466135587423
 20
10.0435724546608
 10
97.53466135587423
 20
10.4035724546608
 10
78.43466135587423
 20
10.4035724546608
  0
HATCH
  5
702
330
17
100
AcDbEntity
  8
TABLO-INCE
100
AcDbHatch
 10
0.0
 20
0.0
 30
0.0
210
0.0
220
0.0
230
1.0
  2
ANSI31
 70
     0
 71
     0
 91
        1
 92
        3
 72
     0
 73
     1
 93
        4
 10
78.43466135587423
 20
10.0435724546608
 10
97.53466135587423
 20
10.0435724546608
 10
97.53466135587423
 20
10.4035724546608
 10
78.43466135587423
 20
10.4035724546608
 97
        0
 75
     1
 76
     1
 52
0.0
 41
0.02
 77
     0
 78
     1
 53
45.0
 43
-0.165338644125768
 44
-2.346427545339192
 45
-0.0449012806
 46
0.0449012806
 79
     0
 98
        0
  0
TEXT
  5
703
330
17
100
AcDbEntity
  8
YAZI
100
AcDbText
 10
79.5063871403217
 20
10.1735724546608
 30
0.0
 40
0.1
  1
ÖLÇÜM NOKTASI
  7
ARIAL
 72
     1
 11
80.08466135587424
 21
10.2235724546608
 31
0.0
100
AcDbText
 73
     2
  0
TEXT
  5
704
330
17
100
AcDbEntity
  8
YAZI
100
AcDbText
 10
84.68241033268187
 20
10.1735724546608
 30
0.0
 40
0.1
  1
ÖLÇÜM
  7
ARIAL
 72
     1
 11
84.93466135587423
 21
10.2235724546608
 31
0.0
100
AcDbText
 73
     2
  0
TEXT
  5
705
330
17
100
AcDbEntity
  8
YAZI
100
AcDbText
 10
89.37852220171325
 20
10.1735724546608
 30
0.0
 40
0.1
  1
KRİTER
  7
ARIAL
 72
     1
 11
89.63466135587422
 21
10.2235724546608
 31
0.0
100
AcDbText
 73
     2
  0
TEXT
  5
706
330
17
100
AcDbEntity
  8
YAZI
100
AcDbText
 10
92.20471592613344
 20
10.1735724546608
 30
0.0
 40
0.1
  1
ÖLÇÜLEN
  7
ARIAL
 72
     1
 11
92.53466135587423
 21
10.2235724546608
 31
0.0
100
AcDbText
 73
     2
  0
TEXT
  5
707
330
17
100
AcDbEntity
  8
YAZI
100
AcDbText
 10
95.29994102845268
 20
10.1735724546608
 30
0.0
 40
0.1
  1
TARİH / İMZA
  7
ARIAL
 72
     1
 11
95.73466135587423
 21
10.2235724546608
 31
0.0
100
AcDbText
 73
     2
  0
LWPOLYLINE
  5
708
330
17
100
AcDbEntity
  8
TABLO-INCE
100
AcDbPolyline
 90
        2
 70
     0
 43
0.0
 10
78.43466135587423
 20
9.743572454660807
 10
97.53466135587423
 20
9.743572454660807
  0
TEXT
  5
709
330
17
100
AcDbEntity
  8
YAZI
100
AcDbText
 10
78.51466135587421
 20
9.843572454660806
 30
0.0
 40
0.1
  1
ÖK-1 / T1
  7
ARIAL
 11
78.51466135587421
 21
9.893572454660807
 31
0.0
100
AcDbText
 73
     2
  0
TEXT
  5
70A
330
17
100
AcDbEntity
  8
YAZI
100
AcDbText
 10
81.8146613558742
 20
9.843572454660806
 30
0.0
 40
0.1
  1
Tank-zemin potansiyeli Eon / Eoff
  7
ARIAL
 11
81.8146613558742
 21
9.893572454660807
 31
0.0
100
AcDbText
 73
     2
  0
TEXT
  5
70B
330
17
100
AcDbEntity
  8
YAZI
100
AcDbText
 10
89.16927936405976
 20
9.843572454660806
 30
0.0
 40
0.1
  1
Eoff ≤ -850 mV
  7
ARIAL
 72
     1
 11
89.63466135587422
 21
9.893572454660807
 31
0.0
100
AcDbText
 73
     2
  0
TEXT
  5
70C
330
17
100
AcDbEntity
  8
YAZI
100
AcDbText
 10
92.70000000000001
 20
12.19
 30
0.0
 40
0.1
  1

  7
ARIAL
 72
     1
 11
92.70000000000001
 21
12.24
 31
0.0
100
AcDbText
 73
     2
  0
TEXT
  5
70D
330
17
100
AcDbEntity
  8
YAZI
100
AcDbText
 10
95.90000000000001
 20
12.19
 30
0.0
 40
0.1
  1

  7
ARIAL
 72
     1
 11
95.90000000000001
 21
12.24
 31
0.0
100
AcDbText
 73
     2
  0
LWPOLYLINE
  5
70E
330
17
100
AcDbEntity
  8
TABLO-INCE
100
AcDbPolyline
 90
        2
 70
     0
 43
0.0
 10
78.43466135587423
 20
9.443572454660806
 10
97.53466135587423
 20
9.443572454660806
  0
TEXT
  5
70F
330
17
100
AcDbEntity
  8
YAZI
100
AcDbText
 10
78.51466135587421
 20
9.543572454660806
 30
0.0
 40
0.1
  1
ÖK-1 / MA-1
  7
ARIAL
 11
78.51466135587421
 21
9.593572454660806
 31
0.0
100
AcDbText
 73
     2
  0
TEXT
  5
710
330
17
100
AcDbEntity
  8
YAZI
100
AcDbText
 10
81.8146613558742
 20
9.543572454660806
 30
0.0
 40
0.1
  1
Anot akımı (şönt mV / 0,01 Ω)
  7
ARIAL
 11
81.8146613558742
 21
9.593572454660806
 31
0.0
100
AcDbText
 73
     2
  0
TEXT
  5
711
330
17
100
AcDbEntity
  8
YAZI
100
AcDbText
 10
89.41133257006249
 20
9.543572454660806
 30
0.0
 40
0.1
  1
> 0 mA
  7
ARIAL
 72
     1
 11
89.63466135587422
 21
9.593572454660806
 31
0.0
100
AcDbText
 73
     2
  0
TEXT
  5
712
330
17
100
AcDbEntity
  8
YAZI
100
AcDbText
 10
92.70000000000001
 20
11.89
 30
0.0
 40
0.1
  1

  7
ARIAL
 72
     1
 11
92.70000000000001
 21
11.94
 31
0.0
100
AcDbText
 73
     2
  0
TEXT
  5
713
330
17
100
AcDbEntity
  8
YAZI
100
AcDbText
 10
95.90000000000001
 20
11.89
 30
0.0
 40
0.1
  1

  7
ARIAL
 72
     1
 11
95.90000000000001
 21
11.94
 31
0.0
100
AcDbText
 73
     2
  0
LWPOLYLINE
  5
714
330
17
100
AcDbEntity
  8
TABLO-INCE
100
AcDbPolyline
 90
        2
 70
     0
 43
0.0
 10
78.43466135587423
 20
9.143572454660805
 10
97.53466135587423
 20
9.143572454660805
  0
TEXT
  5
715
330
17
100
AcDbEntity
  8
YAZI
100
AcDbText
 10
78.51466135587421
 20
9.243572454660807
 30
0.0
 40
0.1
  1
ÖK-1 / MA-2
  7
ARIAL
 11
78.51466135587421
 21
9.293572454660807
 31
0.0
100
AcDbText
 73
     2
  0
TEXT
  5
716
330
17
100
AcDbEntity
  8
YAZI
100
AcDbText
 10
81.8146613558742
 20
9.243572454660807
 30
0.0
 40
0.1
  1
Anot akımı (şönt mV / 0,01 Ω)
  7
ARIAL
 11
81.8146613558742
 21
9.293572454660807
 31
0.0
100
AcDbText
 73
     2
  0
TEXT
  5
717
330
17
100
AcDbEntity
  8
YAZI
100
AcDbText
 10
89.41133257006249
 20
9.243572454660807
 30
0.0
 40
0.1
  1
> 0 mA
  7
ARIAL
 72
     1
 11
89.63466135587422
 21
9.293572454660807
 31
0.0
100
AcDbText
 73
     2
  0
TEXT
  5
718
330
17
100
AcDbEntity
  8
YAZI
100
AcDbText
 10
92.70000000000001
 20
11.59
 30
0.0
 40
0.1
  1

  7
ARIAL
 72
     1
 11
92.70000000000001
 21
11.64
 31
0.0
100
AcDbText
 73
     2
  0
TEXT
  5
719
330
17
100
AcDbEntity
  8
YAZI
100
AcDbText
 10
95.90000000000001
 20
11.59
 30
0.0
 40
0.1
  1

  7
ARIAL
 72
     1
 11
95.90000000000001
 21
11.64
 31
0.0
100
AcDbText
 73
     2
  0
LWPOLYLINE
  5
71A
330
17
100
AcDbEntity
  8
TABLO-INCE
100
AcDbPolyline
 90
        2
 70
     0
 43
0.0
 10
78.43466135587423
 20
8.843572454660804
 10
97.53466135587423
 20
8.843572454660804
  0
TEXT
  5
71B
330
17
100
AcDbEntity
  8
YAZI
100
AcDbText
 10
78.51466135587421
 20
8.943572454660804
 30
0.0
 40
0.1
  1
ÖK-2 / Hat
  7
ARIAL
 11
78.51466135587421
 21
8.993572454660805
 31
0.0
100
AcDbText
 73
     2
  0
TEXT
  5
71C
330
17
100
AcDbEntity
  8
YAZI
100
AcDbText
 10
81.8146613558742
 20
8.943572454660804
 30
0.0
 40
0.1
  1
Hat-zemin potansiyeli Eon / Eoff
  7
ARIAL
 11
81.8146613558742
 21
8.993572454660805
 31
0.0
100
AcDbText
 73
     2
  0
TEXT
  5
71D
330
17
100
AcDbEntity
  8
YAZI
100
AcDbText
 10
89.16927936405976
 20
8.943572454660804
 30
0.0
 40
0.1
  1
Eoff ≤ -850 mV
  7
ARIAL
 72
     1
 11
89.63466135587422
 21
8.993572454660805
 31
0.0
100
AcDbText
 73
     2
  0
TEXT
  5
71E
330
17
100
AcDbEntity
  8
YAZI
100
AcDbText
 10
92.70000000000001
 20
11.29
 30
0.0
 40
0.1
  1

  7
ARIAL
 72
     1
 11
92.70000000000001
 21
11.34
 31
0.0
100
AcDbText
 73
     2
  0
TEXT
  5
71F
330
17
100
AcDbEntity
  8
YAZI
100
AcDbText
 10
95.90000000000001
 20
11.29
 30
0.0
 40
0.1
  1

  7
ARIAL
 72
     1
 11
95.90000000000001
 21
11.34
 31
0.0
100
AcDbText
 73
     2
  0
LWPOLYLINE
  5
720
330
17
100
AcDbEntity
  8
TABLO-INCE
100
AcDbPolyline
 90
        2
 70
     0
 43
0.0
 10
78.43466135587423
 20
8.543572454660802
 10
97.53466135587423
 20
8.543572454660802
  0
TEXT
  5
721
330
17
100
AcDbEntity
  8
YAZI
100
AcDbText
 10
78.51466135587421
 20
8.643572454660802
 30
0.0
 40
0.1
  1
ÖK-2 / MA-3, MA-4
  7
ARIAL
 11
78.51466135587421
 21
8.693572454660802
 31
0.0
100
AcDbText
 73
     2
  0
TEXT
  5
722
330
17
100
AcDbEntity
  8
YAZI
100
AcDbText
 10
81.8146613558742
 20
8.643572454660802
 30
0.0
 40
0.1
  1
Anot akımları
  7
ARIAL
 11
81.8146613558742
 21
8.693572454660802
 31
0.0
100
AcDbText
 73
     2
  0
TEXT
  5
723
330
17
100
AcDbEntity
  8
YAZI
100
AcDbText
 10
89.41133257006249
 20
8.643572454660802
 30
0.0
 40
0.1
  1
> 0 mA
  7
ARIAL
 72
     1
 11
89.63466135587422
 21
8.693572454660802
 31
0.0
100
AcDbText
 73
     2
  0
TEXT
  5
724
330
17
100
AcDbEntity
  8
YAZI
100
AcDbText
 10
92.70000000000001
 20
10.98999999999999
 30
0.0
 40
0.1
  1

  7
ARIAL
 72
     1
 11
92.70000000000001
 21
11.03999999999999
 31
0.0
100
AcDbText
 73
     2
  0
TEXT
  5
725
330
17
100
AcDbEntity
  8
YAZI
100
AcDbText
 10
95.90000000000001
 20
10.98999999999999
 30
0.0
 40
0.1
  1

  7
ARIAL
 72
     1
 11
95.90000000000001
 21
11.03999999999999
 31
0.0
100
AcDbText
 73
     2
  0
LWPOLYLINE
  5
726
330
17
100
AcDbEntity
  8
TABLO-INCE
100
AcDbPolyline
 90
        2
 70
     0
 43
0.0
 10
78.43466135587423
 20
8.243572454660803
 10
97.53466135587423
 20
8.243572454660803
  0
TEXT
  5
727
330
17
100
AcDbEntity
  8
YAZI
100
AcDbText
 10
78.51466135587421
 20
8.343572454660801
 30
0.0
 40
0.1
  1
İF-1 ... İF-6
  7
ARIAL
 11
78.51466135587421
 21
8.393572454660802
 31
0.0
100
AcDbText
 73
     2
  0
TEXT
  5
728
330
17
100
AcDbEntity
  8
YAZI
100
AcDbText
 10
81.8146613558742
 20
8.343572454660801
 30
0.0
 40
0.1
  1
İzolasyon kontrolü (potansiyel farkı)
  7
ARIAL
 11
81.8146613558742
 21
8.393572454660802
 31
0.0
100
AcDbText
 73
     2
  0
TEXT
  5
729
330
17
100
AcDbEntity
  8
YAZI
100
AcDbText
 10
89.29990692204066
 20
8.343572454660801
 30
0.0
 40
0.1
  1
Yalıtım var
  7
ARIAL
 72
     1
 11
89.63466135587422
 21
8.393572454660802
 31
0.0
100
AcDbText
 73
     2
  0
TEXT
  5
72A
330
17
100
AcDbEntity
  8
YAZI
100
AcDbText
 10
92.70000000000001
 20
10.68999999999999
 30
0.0
 40
0.1
  1

  7
ARIAL
 72
     1
 11
92.70000000000001
 21
10.73999999999999
 31
0.0
100
AcDbText
 73
     2
  0
TEXT
  5
72B
330
17
100
AcDbEntity
  8
YAZI
100
AcDbText
 10
95.90000000000001
 20
10.68999999999999
 30
0.0
 40
0.1
  1

  7
ARIAL
 72
     1
 11
95.90000000000001
 21
10.73999999999999
 31
0.0
100
AcDbText
 73
     2
  0
LWPOLYLINE
  5
72C
330
17
100
AcDbEntity
  8
TABLO-INCE
100
AcDbPolyline
 90
        2
 70
     0
 43
0.0
 10
78.43466135587423
 20
7.943572454660802
 10
97.53466135587423
 20
7.943572454660802
  0
TEXT
  5
72D
330
17
100
AcDbEntity
  8
YAZI
100
AcDbText
 10
78.51466135587421
 20
8.043572454660802
 30
0.0
 40
0.1
  1
Tank sahası
  7
ARIAL
 11
78.51466135587421
 21
8.093572454660803
 31
0.0
100
AcDbText
 73
     2
  0
TEXT
  5
72E
330
17
100
AcDbEntity
  8
YAZI
100
AcDbText
 10
81.8146613558742
 20
8.043572454660802
 30
0.0
 40
0.1
  1
Zemin özdirenci (Wenner)
  7
ARIAL
 11
81.8146613558742
 21
8.093572454660803
 31
0.0
100
AcDbText
 73
     2
  0
TEXT
  5
72F
330
17
100
AcDbEntity
  8
YAZI
100
AcDbText
 10
89.50099832722484
 20
8.043572454660802
 30
0.0
 40
0.1
  1
Ω·m
  7
ARIAL
 72
     1
 11
89.63466135587422
 21
8.093572454660803
 31
0.0
100
AcDbText
 73
     2
  0
TEXT
  5
730
330
17
100
AcDbEntity
  8
YAZI
100
AcDbText
 10
92.70000000000001
 20
10.38999999999999
 30
0.0
 40
0.1
  1

  7
ARIAL
 72
     1
 11
92.70000000000001
 21
10.43999999999999
 31
0.0
100
AcDbText
 73
     2
  0
TEXT
  5
731
330
17
100
AcDbEntity
  8
YAZI
100
AcDbText
 10
95.90000000000001
 20
10.38999999999999
 30
0.0
 40
0.1
  1

  7
ARIAL
 72
     1
 11
95.90000000000001
 21
10.43999999999999
 31
0.0
100
AcDbText
 73
     2
  0
LWPOLYLINE
  5
732
330
17
100
AcDbEntity
  8
TABLO
100
AcDbPolyline
 90
        4
 70
     1
 43
0.0
 10
78.43466135587423
 20
7.943572454660802
 10
97.53466135587423
 20
7.943572454660802
 10
97.53466135587423
 20
10.4035724546608
 10
78.43466135587423
 20
10.4035724546608
  0
LWPOLYLINE
  5
733
330
17
100
AcDbEntity
  8
TABLO-INCE
100
AcDbPolyline
 90
        2
 70
     0
 43
0.0
 10
81.73466135587421
 20
7.943572454660802
 10
81.73466135587421
 20
10.4035724546608
  0
LWPOLYLINE
  5
734
330
17
100
AcDbEntity
  8
TABLO-INCE
100
AcDbPolyline
 90
        2
 70
     0
 43
0.0
 10
88.13466135587423
 20
7.943572454660802
 10
88.13466135587423
 20
10.4035724546608
  0
LWPOLYLINE
  5
735
330
17
100
AcDbEntity
  8
TABLO-INCE
100
AcDbPolyline
 90
        2
 70
     0
 43
0.0
 10
91.13466135587422
 20
7.943572454660802
 10
91.13466135587422
 20
10.4035724546608
  0
LWPOLYLINE
  5
736
330
17
100
AcDbEntity
  8
TABLO-INCE
100
AcDbPolyline
 90
        2
 70
     0
 43
0.0
 10
93.93466135587422
 20
7.943572454660802
 10
93.93466135587422
 20
10.4035724546608
  0
LWPOLYLINE
  5
737
330
17
100
AcDbEntity
  8
ANTET
100
AcDbPolyline
 90
        4
 70
     1
 43
0.0
 10
78.2
 20
-0.71
 10
97.59999999999999
 20
-0.71
 10
97.59999999999999
 20
7.5
 10
78.2
 20
7.5
  0
LWPOLYLINE
  5
738
330
17
100
AcDbEntity
  8
ANTET
100
AcDbPolyline
 90
        2
 70
     0
 43
0.0
 10
78.2
 20
0.29
 10
97.59999999999999
 20
0.29
  0
LWPOLYLINE
  5
739
330
17
100
AcDbEntity
  8
ANTET-INCE
100
AcDbPolyline
 90
        2
 70
     0
 43
0.0
 10
78.2
 20
0.6700000000000001
 10
97.59999999999999
 20
0.6700000000000001
  0
LWPOLYLINE
  5
73A
330
17
100
AcDbEntity
  8
ANTET-INCE
100
AcDbPolyline
 90
        2
 70
     0
 43
0.0
 10
78.2
 20
1.05
 10
97.59999999999999
 20
1.05
  0
LWPOLYLINE
  5
73B
330
17
100
AcDbEntity
  8
ANTET
100
AcDbPolyline
 90
        2
 70
     0
 43
0.0
 10
78.2
 20
1.399999999999999
 10
97.59999999999999
 20
1.399999999999999
  0
LWPOLYLINE
  5
73C
330
17
100
AcDbEntity
  8
ANTET
100
AcDbPolyline
 90
        2
 70
     0
 43
0.0
 10
78.2
 20
3.7
 10
97.59999999999999
 20
3.7
  0
LWPOLYLINE
  5
73D
330
17
100
AcDbEntity
  8
ANTET
100
AcDbPolyline
 90
        2
 70
     0
 43
0.0
 10
78.2
 20
4.1
 10
97.59999999999999
 20
4.1
  0
LWPOLYLINE
  5
73E
330
17
100
AcDbEntity
  8
ANTET
100
AcDbPolyline
 90
        2
 70
     0
 43
0.0
 10
78.2
 20
4.65
 10
97.59999999999999
 20
4.65
  0
LWPOLYLINE
  5
73F
330
17
100
AcDbEntity
  8
ANTET
100
AcDbPolyline
 90
        2
 70
     0
 43
0.0
 10
78.2
 20
5.200000000000001
 10
97.59999999999999
 20
5.200000000000001
  0
LWPOLYLINE
  5
740
330
17
100
AcDbEntity
  8
ANTET
100
AcDbPolyline
 90
        2
 70
     0
 43
0.0
 10
78.2
 20
5.9
 10
97.59999999999999
 20
5.9
  0
LWPOLYLINE
  5
741
330
17
100
AcDbEntity
  8
ANTET
100
AcDbPolyline
 90
        2
 70
     0
 43
0.0
 10
78.2
 20
6.65
 10
97.59999999999999
 20
6.65
  0
TEXT
  5
742
330
17
100
AcDbEntity
  8
YAZI
 62
     8
100
AcDbText
 10
78.4
 20
7.23
 30
0.0
 40
0.1
  1
PROJE
  7
ARIAL
 11
78.4
 21
7.28
 31
0.0
100
AcDbText
 73
     2
  0
TEXT
  5
743
330
17
100
AcDbEntity
  8
YAZI
100
AcDbText
 10
78.4
 20
6.88625
 30
0.0
 40
0.1275
  1
AKARYAKIT VE LPG İKMAL İSTASYONU - LPG TANKI VE HATLARI KATODİK KORUMA PROJESİ
  7
ARIAL
 11
78.4
 21
6.95
 31
0.0
100
AcDbText
 73
     2
  0
TEXT
  5
744
330
17
100
AcDbEntity
  8
YAZI
 62
     8
100
AcDbText
 10
78.4
 20
6.4
 30
0.0
 40
0.1
  1
PAFTA İÇERİĞİ
  7
ARIAL
 11
78.4
 21
6.45
 31
0.0
100
AcDbText
 73
     2
  0
TEXT
  5
745
330
17
100
AcDbEntity
  8
YAZI
100
AcDbText
 10
78.4
 20
6.095
 30
0.0
 40
0.11
  1
Vaziyet ve KK uygulama planı, kesit A-A, perspektif, izometrik tesisat şeması, detaylar, hesap
  7
ARIAL
 11
78.4
 21
6.15
 31
0.0
100
AcDbText
 73
     2
  0
LWPOLYLINE
  5
746
330
17
100
AcDbEntity
  8
ANTET
100
AcDbPolyline
 90
        2
 70
     0
 43
0.0
 10
81.79999999999999
 20
4.1
 10
81.79999999999999
 20
5.9
  0
TEXT
  5
747
330
17
100
AcDbEntity
  8
YAZI
 62
     8
100
AcDbText
 10
78.4
 20
5.500000000000001
 30
0.0
 40
0.1
  1
İŞVEREN / MAL SAHİBİ
  7
ARIAL
 11
78.4
 21
5.550000000000001
 31
0.0
100
AcDbText
 73
     2
  0
TEXT
  5
748
330
17
100
AcDbEntity
  8
YAZI
100
AcDbText
 10
82.0
 20
5.486250000000001
 30
0.0
 40
0.1275
  1
ZİVER PETROL A.Ş.
  7
ARIAL
 11
82.0
 21
5.550000000000001
 31
0.0
100
AcDbText
 73
     2
  0
TEXT
  5
749
330
17
100
AcDbEntity
  8
YAZI
 62
     8
100
AcDbText
 10
78.4
 20
4.875000000000001
 30
0.0
 40
0.1
  1
ADRES
  7
ARIAL
 11
78.4
 21
4.925000000000001
 31
0.0
100
AcDbText
 73
     2
  0
TEXT
  5
74A
330
17
100
AcDbEntity
  8
YAZI
100
AcDbText
 10
82.0
 20
4.870000000000001
 30
0.0
 40
0.11
  1
Yenimahalle Mah. Hekimsuyu Cad. No:19/A  Gaziosmanpaşa / İSTANBUL
  7
ARIAL
 11
82.0
 21
4.925000000000001
 31
0.0
100
AcDbText
 73
     2
  0
TEXT
  5
74B
330
17
100
AcDbEntity
  8
YAZI
 62
     8
100
AcDbText
 10
78.4
 20
4.325
 30
0.0
 40
0.1
  1
PROJE KONUSU
  7
ARIAL
 11
78.4
 21
4.375
 31
0.0
100
AcDbText
 73
     2
  0
TEXT
  5
74C
330
17
100
AcDbEntity
  8
YAZI
100
AcDbText
 10
82.0
 20
4.32
 30
0.0
 40
0.11
  1
LPG tankı (10 m³) ve hatları galvanik anotlu katodik koruma sistemi
  7
ARIAL
 11
82.0
 21
4.375
 31
0.0
100
AcDbText
 73
     2
  0
LWPOLYLINE
  5
74D
330
17
100
AcDbEntity
  8
ANTET
100
AcDbPolyline
 90
        2
 70
     0
 43
0.0
 10
84.8
 20
1.399999999999999
 10
84.8
 20
4.1
  0
LWPOLYLINE
  5
74E
330
17
100
AcDbEntity
  8
ANTET
100
AcDbPolyline
 90
        2
 70
     0
 43
0.0
 10
91.79999999999999
 20
1.399999999999999
 10
91.79999999999999
 20
4.1
  0
TEXT
  5
74F
330
17
100
AcDbEntity
  8
YAZI
 62
     8
100
AcDbText
 10
78.4
 20
3.85
 30
0.0
 40
0.1
  1
ÇİZEN FİRMA
  7
ARIAL
 11
78.4
 21
3.9
 31
0.0
100
AcDbText
 73
     2
  0
TEXT
  5
750
330
17
100
AcDbEntity
  8
YAZI
 62
     8
100
AcDbText
 10
85.0
 20
3.85
 30
0.0
 40
0.1
  1
PROJE MÜELLİFİ
  7
ARIAL
 11
85.0
 21
3.9
 31
0.0
100
AcDbText
 73
     2
  0
TEXT
  5
751
330
17
100
AcDbEntity
  8
YAZI
 62
     8
100
AcDbText
 10
92.0
 20
3.85
 30
0.0
 40
0.1
  1
ONAY
  7
ARIAL
 11
92.0
 21
3.9
 31
0.0
100
AcDbText
 73
     2
  0
LWPOLYLINE
  5
752
330
17
100
AcDbEntity
  8
ANTET-LOGO
100
AcDbPolyline
 90
        4
 70
     1
 43
0.0
 10
78.55
 20
1.7
 10
84.45
 20
1.7
 10
84.45
 20
3.4
 10
78.55
 20
3.4
  0
LWPOLYLINE
  5
753
330
17
100
AcDbEntity
  8
ANTET-INCE
100
AcDbPolyline
 90
        4
 70
     1
 43
0.0
 10
78.62999999999999
 20
1.78
 10
84.37000000000001
 20
1.78
 10
84.37000000000001
 20
3.32
 10
78.62999999999999
 20
3.32
  0
TEXT
  5
754
330
17
100
AcDbEntity
  8
YAZI
100
AcDbText
 10
80.67359822646658
 20
2.766249999999999
 30
0.0
 40
0.1275
  1
SMA MÜHENDİSLİK
  7
ARIAL
 72
     1
 11
81.5
 21
2.83
 31
0.0
100
AcDbText
 73
     2
  0
LWPOLYLINE
  5
755
330
17
100
AcDbEntity
  8
ANTET-LOGO
100
AcDbPolyline
 90
        2
 70
     0
 43
0.0
 10
80.15
 20
2.6
 10
82.85
 20
2.6
  0
TEXT
  5
756
330
17
100
AcDbEntity
  8
YAZI
100
AcDbText
 10
80.32738744884039
 20
2.3
 30
0.0
 40
0.1
  1
BÜRO TESCİL NO: 34341110000786
  7
ARIAL
 72
     1
 11
81.5
 21
2.35
 31
0.0
100
AcDbText
 73
     2
  0
TEXT
  5
757
330
17
100
AcDbEntity
  8
YAZI
100
AcDbText
 10
85.0
 20
3.186249999999999
 30
0.0
 40
0.1275
  1
ABDULLAH SUPHİ AYDIN
  7
ARIAL
 11
85.0
 21
3.25
 31
0.0
100
AcDbText
 73
     2
  0
TEXT
  5
758
330
17
100
AcDbEntity
  8
YAZI
100
AcDbText
 10
85.0
 20
2.794999999999999
 30
0.0
 40
0.11
  1
EMO SİCİL NO: 34 34 5644
  7
ARIAL
 11
85.0
 21
2.85
 31
0.0
100
AcDbText
 73
     2
  0
TEXT
  5
759
330
17
100
AcDbEntity
  8
YAZI
100
AcDbText
 10
85.0
 20
2.444999999999999
 30
0.0
 40
0.11
  1
BÜRO TESCİL NO: 34341110000786
  7
ARIAL
 11
85.0
 21
2.5
 31
0.0
100
AcDbText
 73
     2
  0
TEXT
  5
75A
330
17
100
AcDbEntity
  8
YAZI
 62
     8
100
AcDbText
 10
85.0
 20
1.7
 30
0.0
 40
0.1
  1
İMZA:
  7
ARIAL
 11
85.0
 21
1.75
 31
0.0
100
AcDbText
 73
     2
  0
LWPOLYLINE
  5
75B
330
17
100
AcDbEntity
  8
ANTET-INCE
100
AcDbPolyline
 90
        2
 70
     0
 43
0.0
 10
85.8
 20
1.68
 10
91.4
 20
1.68
  0
TEXT
  5
75C
330
17
100
AcDbEntity
  8
YAZI
 62
     8
100
AcDbText
 10
78.4
 20
1.175
 30
0.0
 40
0.1
  1
REVİZYONLAR
  7
ARIAL
 11
78.4
 21
1.225
 31
0.0
100
AcDbText
 73
     2
  0
LWPOLYLINE
  5
75D
330
17
100
AcDbEntity
  8
ANTET-INCE
100
AcDbPolyline
 90
        2
 70
     0
 43
0.0
 10
79.2
 20
0.29
 10
79.2
 20
1.05
  0
LWPOLYLINE
  5
75E
330
17
100
AcDbEntity
  8
ANTET-INCE
100
AcDbPolyline
 90
        2
 70
     0
 43
0.0
 10
81.2
 20
0.29
 10
81.2
 20
1.05
  0
LWPOLYLINE
  5
75F
330
17
100
AcDbEntity
  8
ANTET-INCE
100
AcDbPolyline
 90
        2
 70
     0
 43
0.0
 10
91.79999999999999
 20
0.29
 10
91.79999999999999
 20
1.05
  0
LWPOLYLINE
  5
760
330
17
100
AcDbEntity
  8
ANTET-INCE
100
AcDbPolyline
 90
        2
 70
     0
 43
0.0
 10
94.50000000000001
 20
0.29
 10
94.50000000000001
 20
1.05
  0
TEXT
  5
761
330
17
100
AcDbEntity
  8
YAZI
 62
     8
100
AcDbText
 10
78.55637789904502
 20
0.8100000000000001
 30
0.0
 40
0.1
  1
REV
  7
ARIAL
 72
     1
 11
78.7
 21
0.8600000000000001
 31
0.0
100
AcDbText
 73
     2
  0
TEXT
  5
762
330
17
100
AcDbEntity
  8
YAZI
100
AcDbText
 10
78.61070941336972
 20
0.43
 30
0.0
 40
0.1
  1
R1
  7
ARIAL
 72
     1
 11
78.7
 21
0.48
 31
0.0
100
AcDbText
 73
     2
  0
TEXT
  5
763
330
17
100
AcDbEntity
  8
YAZI
 62
     8
100
AcDbText
 10
79.99045020463848
 20
0.8100000000000001
 30
0.0
 40
0.1
  1
TARİH
  7
ARIAL
 72
     1
 11
80.20000000000001
 21
0.8600000000000001
 31
0.0
100
AcDbText
 73
     2
  0
TEXT
  5
764
330
17
100
AcDbEntity
  8
YAZI
100
AcDbText
 10
79.9475102319236
 20
0.43
 30
0.0
 40
0.1
  1
10.2026
  7
ARIAL
 72
     1
 11
80.20000000000001
 21
0.48
 31
0.0
100
AcDbText
 73
     2
  0
TEXT
  5
765
330
17
100
AcDbEntity
  8
YAZI
 62
     8
100
AcDbText
 10
86.14675989085949
 20
0.8100000000000001
 30
0.0
 40
0.1
  1
AÇIKLAMA
  7
ARIAL
 72
     1
 11
86.5
 21
0.8600000000000001
 31
0.0
100
AcDbText
 73
     2
  0
TEXT
  5
766
330
17
100
AcDbEntity
  8
YAZI
100
AcDbText
 10
85.96036834924966
 20
0.43
 30
0.0
 40
0.1
  1
Uygulama projesi
  7
ARIAL
 72
     1
 11
86.5
 21
0.48
 31
0.0
100
AcDbText
 73
     2
  0
TEXT
  5
767
330
17
100
AcDbEntity
  8
YAZI
 62
     8
100
AcDbText
 10
92.94045020463848
 20
0.8100000000000001
 30
0.0
 40
0.1
  1
ÇİZEN
  7
ARIAL
 72
     1
 11
93.15000000000001
 21
0.8600000000000001
 31
0.0
100
AcDbText
 73
     2
  0
TEXT
  5
768
330
17
100
AcDbEntity
  8
YAZI
100
AcDbText
 10
92.99853342428377
 20
0.43
 30
0.0
 40
0.1
  1
SMA
  7
ARIAL
 72
     1
 11
93.15000000000001
 21
0.48
 31
0.0
100
AcDbText
 73
     2
  0
TEXT
  5
769
330
17
100
AcDbEntity
  8
YAZI
 62
     8
100
AcDbText
 10
95.71234652114597
 20
0.8100000000000001
 30
0.0
 40
0.1
  1
KONTROL
  7
ARIAL
 72
     1
 11
96.05
 21
0.8600000000000001
 31
0.0
100
AcDbText
 73
     2
  0
TEXT
  5
76A
330
17
100
AcDbEntity
  8
YAZI
100
AcDbText
 10
95.85211459754432
 20
0.43
 30
0.0
 40
0.1
  1
A.S.A.
  7
ARIAL
 72
     1
 11
96.05
 21
0.48
 31
0.0
100
AcDbText
 73
     2
  0
LWPOLYLINE
  5
76B
330
17
100
AcDbEntity
  8
ANTET
100
AcDbPolyline
 90
        2
 70
     0
 43
0.0
 10
82.60000000000003
 20
-0.71
 10
82.60000000000003
 20
0.29
  0
LWPOLYLINE
  5
76C
330
17
100
AcDbEntity
  8
ANTET
100
AcDbPolyline
 90
        2
 70
     0
 43
0.0
 10
86.2
 20
-0.71
 10
86.2
 20
0.29
  0
LWPOLYLINE
  5
76D
330
17
100
AcDbEntity
  8
ANTET
100
AcDbPolyline
 90
        2
 70
     0
 43
0.0
 10
89.8
 20
-0.71
 10
89.8
 20
0.29
  0
LWPOLYLINE
  5
76E
330
17
100
AcDbEntity
  8
ANTET
100
AcDbPolyline
 90
        2
 70
     0
 43
0.0
 10
93.0
 20
-0.71
 10
93.0
 20
0.29
  0
TEXT
  5
76F
330
17
100
AcDbEntity
  8
YAZI
 62
     8
100
AcDbText
 10
78.35000000000002
 20
0.0600000000000001
 30
0.0
 40
0.1
  1
ÖLÇEK
  7
ARIAL
 11
78.35000000000002
 21
0.11
 31
0.0
100
AcDbText
 73
     2
  0
TEXT
  5
770
330
17
100
AcDbEntity
  8
YAZI
100
AcDbText
 10
79.39526347203275
 20
-0.42375
 30
0.0
 40
0.1275
  1
1/50 (aksi belirtilmedikçe)
  7
ARIAL
 72
     1
 11
80.4
 21
-0.36
 31
0.0
100
AcDbText
 73
     2
  0
TEXT
  5
771
330
17
100
AcDbEntity
  8
YAZI
 62
     8
100
AcDbText
 10
82.75000000000002
 20
0.0600000000000001
 30
0.0
 40
0.1
  1
TARİH
  7
ARIAL
 11
82.75000000000002
 21
0.11
 31
0.0
100
AcDbText
 73
     2
  0
TEXT
  5
772
330
17
100
AcDbEntity
  8
YAZI
100
AcDbText
 10
84.07807554570259
 20
-0.42375
 30
0.0
 40
0.1275
  1
10.2026
  7
ARIAL
 72
     1
 11
84.40000000000001
 21
-0.36
 31
0.0
100
AcDbText
 73
     2
  0
TEXT
  5
773
330
17
100
AcDbEntity
  8
YAZI
 62
     8
100
AcDbText
 10
86.35000000000003
 20
0.0600000000000001
 30
0.0
 40
0.1
  1
PAFTA NO
  7
ARIAL
 11
86.35000000000003
 21
0.11
 31
0.0
100
AcDbText
 73
     2
  0
TEXT
  5
774
330
17
100
AcDbEntity
  8
YAZI
100
AcDbText
 10
87.75247953615279
 20
-0.42375
 30
0.0
 40
0.1275
  1
KK-01
  7
ARIAL
 72
     1
 11
88.0
 21
-0.36
 31
0.0
100
AcDbText
 73
     2
  0
TEXT
  5
775
330
17
100
AcDbEntity
  8
YAZI
 62
     8
100
AcDbText
 10
89.95
 20
0.0600000000000001
 30
0.0
 40
0.1
  1
REVİZYON
  7
ARIAL
 11
89.95
 21
0.11
 31
0.0
100
AcDbText
 73
     2
  0
TEXT
  5
776
330
17
100
AcDbEntity
  8
YAZI
100
AcDbText
 10
91.28615450204639
 20
-0.42375
 30
0.0
 40
0.1275
  1
R1
  7
ARIAL
 72
     1
 11
91.4
 21
-0.36
 31
0.0
100
AcDbText
 73
     2
  0
TEXT
  5
777
330
17
100
AcDbEntity
  8
YAZI
 62
     8
100
AcDbText
 10
93.15000000000001
 20
0.0600000000000001
 30
0.0
 40
0.1
  1
PAFTA
  7
ARIAL
 11
93.15000000000001
 21
0.11
 31
0.0
100
AcDbText
 73
     2
  0
TEXT
  5
778
330
17
100
AcDbEntity
  8
YAZI
100
AcDbText
 10
95.12670958390177
 20
-0.42375
 30
0.0
 40
0.1275
  1
1 / 1
  7
ARIAL
 72
     1
 11
95.29999999999999
 21
-0.36
 31
0.0
100
AcDbText
 73
     2
  0
ENDSEC
  0
SECTION
  2
OBJECTS
  0
DICTIONARY
  5
A
330
0
100
AcDbDictionary
281
     1
  3
ACAD_CIP_PREVIOUS_PRODUCT_INFO
350
79D
  3
ACAD_COLOR
350
B
  3
ACAD_DETAILVIEWSTYLE
350
794
  3
ACAD_GROUP
350
C
  3
ACAD_LAST_SAVED_VERSION_INFO
350
89D
  3
ACAD_LAYOUT
350
D
  3
ACAD_MATERIAL
350
E
  3
ACAD_MLEADERSTYLE
350
F
  3
ACAD_MLINESTYLE
350
10
  3
ACAD_PLOTSETTINGS
350
11
  3
ACAD_PLOTSTYLENAME
350
12
  3
ACAD_SCALELIST
350
14
  3
ACAD_SECTIONVIEWSTYLE
350
792
  3
ACAD_TABLESTYLE
350
15
  3
ACAD_VISUALSTYLE
350
16
  3
ACDB_RECOMPOSE_DATA
350
8CE
  3
AcDbVariableDictionary
350
8A7
  3
SMA_META
350
77B
  0
DICTIONARY
  5
8A1
330
1
100
AcDbDictionary
280
     1
281
     1
  3
ACAD_LAYERSTATES
360
8A2
  0
XRECORD
  5
79D
102
{ACAD_REACTORS
330
A
102
}
330
A
100
AcDbXrecord
280
     1
300
ACDLT
300
2027
300

  0
DICTIONARY
  5
B
330
A
100
AcDbDictionary
281
     1
  0
DICTIONARY
  5
794
102
{ACAD_REACTORS
330
A
102
}
330
A
100
AcDbDictionary
281
     1
  3
Metric50
350
795
  0
DICTIONARY
  5
C
330
A
100
AcDbDictionary
281
     1
  0
XRECORD
  5
89D
102
{ACAD_REACTORS
330
A
102
}
330
A
100
AcDbXrecord
280
     1
300
{2BA078A6-DA62-4C45-BD78-CDB71CB6707B}
301
{8E4AED8A-53B4-0F40-B396-5ADE5746B409}
302
{2BA078A6-DA62-4C45-BD78-CDB71CB6707B}
303
C:\Users\serhat.celik\Documents\TMO_MARDİN\r2.dxf
  0
DICTIONARY
  5
D
330
A
100
AcDbDictionary
281
     1
  3
Layout1
350
1E
  3
Model
350
1A
  0
DICTIONARY
  5
E
330
A
100
AcDbDictionary
281
     1
  3
ByBlock
350
1F
  3
ByLayer
350
20
  3
Global
350
21
  0
DICTIONARY
  5
F
330
A
100
AcDbDictionary
281
     1
  3
Standard
350
2C
  0
DICTIONARY
  5
10
330
A
100
AcDbDictionary
281
     1
  3
Standard
350
22
  0
DICTIONARY
  5
11
330
A
100
AcDbDictionary
281
     1
  0
ACDBDICTIONARYWDFLT
  5
12
330
A
100
AcDbDictionary
281
     1
  3
Normal
350
13
100
AcDbDictionaryWithDefault
340
13
  0
DICTIONARY
  5
14
330
A
100
AcDbDictionary
281
     1
  3
A0
350
781
  3
A1
350
782
  3
A2
350
783
  3
A3
350
784
  3
A4
350
785
  3
A5
350
786
  3
A6
350
787
  3
A7
350
788
  3
A8
350
789
  3
A9
350
78A
  3
B0
350
78B
  3
B1
350
78C
  3
B2
350
78D
  3
B3
350
78E
  3
B4
350
78F
  3
B5
350
790
  3
B6
350
791
  0
DICTIONARY
  5
792
102
{ACAD_REACTORS
330
A
102
}
330
A
100
AcDbDictionary
281
     1
  3
Metric50
350
793
  0
DICTIONARY
  5
15
330
A
100
AcDbDictionary
281
     1
  3
Standard
350
780
  0
DICTIONARY
  5
16
330
A
100
AcDbDictionary
281
     1
  3
2dWireframe
350
5A
  3
Basic
350
5B
  3
Brighten
350
5C
  3
ColorChange
350
5D
  3
Conceptual
350
5E
  3
Dim
350
5F
  3
EdgeColorOff
350
60
  3
Facepattern
350
61
  3
Flat
350
62
  3
FlatWithEdges
350
63
  3
Gouraud
350
64
  3
GouraudWithEdges
350
65
  3
Hidden
350
66
  3
JitterOff
350
67
  3
Linepattern
350
68
  3
Modeling
350
69
  3
OverhangOff
350
6A
  3
Realistic
350
6B
  3
Shaded
350
6C
  3
Shaded with edges
350
6D
  3
Shades of Gray
350
6E
  3
Sketchy
350
6F
  3
Thicken
350
70
  3
Wireframe
350
71
  3
X-Ray
350
72
  0
XRECORD
  5
8CE
102
{ACAD_REACTORS
330
A
102
}
330
A
100
AcDbXrecord
280
     1
 90
        1
330
780
  0
DICTIONARY
  5
8A7
102
{ACAD_REACTORS
330
A
102
}
330
A
100
AcDbDictionary
281
     1
  3
CANNOSCALE
350
8AC
  3
CMLEADERSTYLE
350
8A9
  3
CTABLESTYLE
350
8A8
  3
CVIEWDETAILSTYLE
350
8AA
  3
CVIEWSECTIONSTYLE
350
8AB
  0
DICTIONARY
  5
77B
330
A
100
AcDbDictionary
280
     1
281
     1
  3
SAVED_BY
360
77C
  0
DICTIONARY
  5
8A2
102
{ACAD_REACTORS
330
8A1
102
}
330
8A1
100
AcDbDictionary
281
     1
  0
ACDBDETAILVIEWSTYLE
  5
795
102
{ACAD_REACTORS
330
794
102
}
330
794
100
AcDbModelDocViewStyle
 70
     0
  3
Metric50
290
     0
300
Metric50
 90
        0
100
AcDbDetailViewStyle
 70
     0
 71
     0
 90
        3
 71
     1
340
29
 62
   256
 40
5.0
340
0
 62
   256
 40
5.0
300

 40
0.0
280
     1
 71
     2
340
26
 90
       25
 62
   256
 71
     3
340
29
 62
   256
 40
5.0
 90
        0
 40
15.0
 90
        1
300
%<\AcVar ViewDetailId>% (%<\AcVar ViewScale \f "%sn">%)
 71
     4
340
26
 90
       25
 62
   256
340
26
 90
       25
 62
   256
280
     0
  0
LAYOUT
  5
1E
330
D
100
AcDbPlotSettings
  1

  2
\\ymprint\YM12
  4
A3
  6

 40
7.5
 41
20.0
 42
7.5
 43
20.0
 44
420.0
 45
297.0
 46
0.0
 47
0.0
 48
0.0
 49
0.0
140
0.0
141
0.0
142
1.0
143
1.0
 70
     0
 72
     1
 73
     0
 74
     5
  7

 75
    16
147
1.0
 76
     0
 77
     2
 78
   300
148
0.0
149
0.0
100
AcDbLayout
  1
Layout1
 70
     1
 71
     1
 10
0.0
 20
0.0
 11
420.0
 21
297.0
 12
0.0
 22
0.0
 32
0.0
 14
1.000000000000000E+20
 24
1.000000000000000E+20
 34
1.000000000000000E+20
 15
-1.000000000000000E+20
 25
-1.000000000000000E+20
 35
-1.000000000000000E+20
146
0.0
 13
0.0
 23
0.0
 33
0.0
 16
1.0
 26
0.0
 36
0.0
 17
0.0
 27
1.0
 37
0.0
 76
     0
330
1B
  0
LAYOUT
  5
1A
330
D
100
AcDbPlotSettings
  1

  2
\\ymprint\YM12
  4
A3
  6

 40
7.5
 41
20.0
 42
7.5
 43
20.0
 44
420.0
 45
297.0
 46
0.0
 47
0.0
 48
0.0
 49
0.0
140
0.0
141
0.0
142
1.0
143
1.0
 70
  1024
 72
     1
 73
     0
 74
     5
  7

 75
    16
147
1.0
 76
     0
 77
     2
 78
   300
148
0.0
149
0.0
100
AcDbLayout
  1
Model
 70
     1
 71
     0
 10
0.0
 20
0.0
 11
420.0
 21
297.0
 12
0.0
 22
0.0
 32
0.0
 14
1.000000000000000E+20
 24
1.000000000000000E+20
 34
1.000000000000000E+20
 15
-1.000000000000000E+20
 25
-1.000000000000000E+20
 35
-1.000000000000000E+20
146
0.0
 13
0.0
 23
0.0
 33
0.0
 16
1.0
 26
0.0
 36
0.0
 17
0.0
 27
1.0
 37
0.0
 76
     1
330
17
331
23
  0
MATERIAL
  5
1F
102
{ACAD_REACTORS
330
E
102
}
330
E
100
AcDbMaterial
  1
ByBlock
 71
     1
 91
-1023410177
 73
     1
 78
     1
172
     1
176
     1
270
     1
273
     1
274
     1
 94
       63
  0
MATERIAL
  5
20
102
{ACAD_REACTORS
330
E
102
}
330
E
100
AcDbMaterial
  1
ByLayer
 71
     1
 91
-1023410177
 73
     1
 78
     1
172
     1
176
     1
270
     1
273
     1
274
     1
 94
       63
  0
MATERIAL
  5
21
102
{ACAD_REACTORS
330
E
102
}
330
E
100
AcDbMaterial
  1
Global
 71
     1
 91
-1023410177
 73
     1
 78
     1
172
     1
176
     1
270
     1
273
     1
274
     1
 94
       63
  0
MLEADERSTYLE
  5
2C
102
{ACAD_REACTORS
330
F
102
}
330
F
100
AcDbMLeaderStyle
179
     2
170
     2
171
     1
172
     0
 90
        2
 40
0.0
 41
0.0
173
     1
 91
-1056964608
 92
       -2
290
     1
 42
2.0
291
     1
 43
8.0
  3
Standard
 44
4.0
300

342
29
174
     1
178
     1
175
     1
176
     0
 93
-1056964608
 45
4.0
292
     0
297
     0
 46
4.0
 94
-1056964608
 47
1.0
 49
1.0
140
1.0
293
     1
141
0.0
294
     1
177
     0
142
1.0
295
     0
296
     0
143
3.75
271
     0
272
     9
273
     9
298
     0
  0
MLINESTYLE
  5
22
102
{ACAD_REACTORS
330
10
102
}
330
10
100
AcDbMlineStyle
  2
STANDARD
 70
     0
  3

 62
   256
 51
90.0
 52
90.0
 71
     2
 49
0.5
 62
   256
  6
BYLAYER
 49
-0.5
 62
   256
  6
BYLAYER
  0
ACDBPLACEHOLDER
  5
13
330
12
  0
SCALE
  5
781
102
{ACAD_REACTORS
330
14
102
}
330
14
100
AcDbScale
 70
     0
300
1:1
140
1.0
141
1.0
290
     1
  0
SCALE
  5
782
102
{ACAD_REACTORS
330
14
102
}
330
14
100
AcDbScale
 70
     0
300
1:2
140
1.0
141
2.0
290
     0
  0
SCALE
  5
783
102
{ACAD_REACTORS
330
14
102
}
330
14
100
AcDbScale
 70
     0
300
1:4
140
1.0
141
4.0
290
     0
  0
SCALE
  5
784
102
{ACAD_REACTORS
330
14
102
}
330
14
100
AcDbScale
 70
     0
300
1:5
140
1.0
141
5.0
290
     0
  0
SCALE
  5
785
102
{ACAD_REACTORS
330
14
102
}
330
14
100
AcDbScale
 70
     0
300
1:8
140
1.0
141
8.0
290
     0
  0
SCALE
  5
786
102
{ACAD_REACTORS
330
14
102
}
330
14
100
AcDbScale
 70
     0
300
1:10
140
1.0
141
10.0
290
     0
  0
SCALE
  5
787
102
{ACAD_REACTORS
330
14
102
}
330
14
100
AcDbScale
 70
     0
300
1:16
140
1.0
141
16.0
290
     0
  0
SCALE
  5
788
102
{ACAD_REACTORS
330
14
102
}
330
14
100
AcDbScale
 70
     0
300
1:20
140
1.0
141
20.0
290
     0
  0
SCALE
  5
789
102
{ACAD_REACTORS
330
14
102
}
330
14
100
AcDbScale
 70
     0
300
1:30
140
1.0
141
30.0
290
     0
  0
SCALE
  5
78A
102
{ACAD_REACTORS
330
14
102
}
330
14
100
AcDbScale
 70
     0
300
1:40
140
1.0
141
40.0
290
     0
  0
SCALE
  5
78B
102
{ACAD_REACTORS
330
14
102
}
330
14
100
AcDbScale
 70
     0
300
1:50
140
1.0
141
50.0
290
     0
  0
SCALE
  5
78C
102
{ACAD_REACTORS
330
14
102
}
330
14
100
AcDbScale
 70
     0
300
1:100
140
1.0
141
100.0
290
     0
  0
SCALE
  5
78D
102
{ACAD_REACTORS
330
14
102
}
330
14
100
AcDbScale
 70
     0
300
2:1
140
2.0
141
1.0
290
     0
  0
SCALE
  5
78E
102
{ACAD_REACTORS
330
14
102
}
330
14
100
AcDbScale
 70
     0
300
4:1
140
4.0
141
1.0
290
     0
  0
SCALE
  5
78F
102
{ACAD_REACTORS
330
14
102
}
330
14
100
AcDbScale
 70
     0
300
8:1
140
8.0
141
1.0
290
     0
  0
SCALE
  5
790
102
{ACAD_REACTORS
330
14
102
}
330
14
100
AcDbScale
 70
     0
300
10:1
140
10.0
141
1.0
290
     0
  0
SCALE
  5
791
102
{ACAD_REACTORS
330
14
102
}
330
14
100
AcDbScale
 70
     0
300
100:1
140
100.0
141
1.0
290
     0
  0
ACDBSECTIONVIEWSTYLE
  5
793
102
{ACAD_REACTORS
330
792
102
}
330
792
100
AcDbModelDocViewStyle
 70
     0
  3
Metric50
290
     0
300
Metric50
 90
        0
100
AcDbSectionViewStyle
 70
     0
 71
     0
 90
      102
 71
     1
340
29
 62
   256
 40
5.0
340
0
340
0
 62
   256
 40
5.0
300
I, O, Q, S, X, Z
 40
10.0
 90
        0
 40
2.5
 90
        0
 71
     2
340
26
 90
       25
 62
   256
340
26
 90
       50
 62
   256
 40
5.0
 40
2.5
 40
5.0
 71
     3
340
29
 62
   256
 40
5.0
 90
        0
 40
15.0
 90
        1
300
%<\AcVar ViewSectionStartId>%-%<\AcVar ViewSectionEndId>% (%<\AcVar ViewScale \f "%sn">%)
 71
     4
 62
   256
 62
   257
300
ANSI31
 40
1.0
 90
        0
290
     0
290
     0
 90
        6
 40
0.0
 40
1.570796326794896
 40
0.2617993877991494
 40
1.308996938995747
 40
-0.2617993877991494
 40
1.832595714594046
  0
TABLESTYLE
  5
780
102
{ACAD_XDICTIONARY
360
8CC
102
}
102
{ACAD_REACTORS
330
15
102
}
330
15
100
AcDbTableStyle
280
     0
  3
Standard
 70
     0
 71
     0
 40
1.5
 41
1.5
280
     0
281
     0
  7
Standard
140
4.5
170
     2
 62
     0
 63
     7
283
     0
 90
      512
 91
        0
  1

274
    -2
284
     1
 64
     0
275
    -2
285
     1
 65
     0
276
    -2
286
     1
 66
     0
277
    -2
287
     1
 67
     0
278
    -2
288
     1
 68
     0
279
    -2
289
     1
 69
     0
  7
Standard
140
6.0
170
     5
 62
     0
 63
     7
283
     0
 90
      512
 91
        0
  1

274
    -2
284
     1
 64
     0
275
    -2
285
     1
 65
     0
276
    -2
286
     1
 66
     0
277
    -2
287
     1
 67
     0
278
    -2
288
     1
 68
     0
279
    -2
289
     1
 69
     0
  7
Standard
140
4.5
170
     5
 62
     0
 63
     7
283
     0
 90
      512
 91
        0
  1

274
    -2
284
     1
 64
     0
275
    -2
285
     1
 65
     0
276
    -2
286
     1
 66
     0
277
    -2
287
     1
 67
     0
278
    -2
288
     1
 68
     0
279
    -2
289
     1
 69
     0
  0
VISUALSTYLE
  5
5A
102
{ACAD_REACTORS
330
16
102
}
330
16
100
AcDbVisualStyle
  2
2dWireframe
 70
     4
177
     3
291
     0
 70
    58
 90
        2
176
     1
 90
        2
176
     1
 90
        0
176
     1
 90
        0
176
     1
 40
0.6
176
     1
 40
30.0
176
     1
 62
     7
420
 16777215
176
     1
 90
        1
176
     1
 90
        4
176
     1
 62
     7
176
     1
 62
   257
176
     1
 90
        1
176
     1
 90
        1
176
     1
 40
1.0
176
     1
 90
        8
176
     1
 62
     7
176
     1
 40
1.0
176
     1
 90
        1
176
     1
 90
        6
176
     1
 90
        2
176
     1
 62
     7
176
     1
 90
        5
176
     1
 90
        0
176
     1
 90
        0
176
     1
290
     0
176
     1
 90
        1
176
     1
 40
0.0
176
     1
 90
        0
176
     1
290
     1
176
     1
290
     1
176
     1
290
     0
176
     1
290
     0
176
     1
290
     0
176
     1
290
     0
176
     1
290
     0
176
     1
290
     0
176
     1
290
     0
176
     1
 90
       50
176
     1
 40
0.0
176
     1
 40
1.0
176
     1
 90
        0
176
     1
 62
    18
420
        0
176
     1
 90
       50
176
     1
 90
        3
176
     1
 62
     5
420
      255
176
     1
290
     0
176
     1
 90
       50
176
     1
 90
       50
176
     1
 90
       50
176
     1
290
     0
176
     1
 90
       50
176
     1
 62
   256
176
     0
 40
1.0
176
     0
 90
        2
176
     1
  1
strokes_ogs.tif
176
     1
290
     0
176
     1
 40
1.0
176
     1
 40
1.0
176
     1
  0
VISUALSTYLE
  5
5B
102
{ACAD_REACTORS
330
16
102
}
330
16
100
AcDbVisualStyle
  2
Basic
 70
     7
177
     3
291
     0
 70
    58
 90
        2
176
     1
 90
        2
176
     1
 90
        0
176
     1
 90
        0
176
     1
 40
0.6
176
     1
 40
30.0
176
     1
 62
     7
420
 16777215
176
     1
 90
        1
176
     1
 90
        4
176
     1
 62
     7
176
     1
 62
   257
176
     1
 90
        1
176
     1
 90
        1
176
     1
 40
1.0
176
     1
 90
        8
176
     1
 62
     7
176
     1
 40
1.0
176
     1
 90
        1
176
     1
 90
        6
176
     1
 90
        2
176
     1
 62
     7
176
     1
 90
        5
176
     1
 90
        0
176
     1
 90
        0
176
     1
290
     0
176
     1
 90
        1
176
     1
 40
0.0
176
     1
 90
        0
176
     1
290
     0
176
     1
290
     1
176
     1
290
     1
176
     1
290
     0
176
     1
290
     0
176
     1
290
     0
176
     1
290
     0
176
     1
290
     0
176
     1
290
     0
176
     1
 90
       50
176
     1
 40
0.0
176
     1
 40
1.0
176
     1
 90
        0
176
     1
 62
    18
420
        0
176
     1
 90
       50
176
     1
 90
        3
176
     1
 62
     5
420
      255
176
     1
290
     0
176
     1
 90
       50
176
     1
 90
       50
176
     1
 90
       50
176
     1
290
     0
176
     1
 90
       50
176
     1
 62
   256
176
     0
 40
1.0
176
     0
 90
        2
176
     1
  1
strokes_ogs.tif
176
     1
290
     0
176
     1
 40
1.0
176
     1
 40
1.0
176
     1
  0
VISUALSTYLE
  5
5C
102
{ACAD_REACTORS
330
16
102
}
330
16
100
AcDbVisualStyle
  2
Brighten
 70
    12
177
     3
291
     0
 70
    58
 90
        2
176
     1
 90
        2
176
     1
 90
        0
176
     1
 90
        0
176
     1
 40
0.6
176
     1
 40
30.0
176
     1
 62
     7
420
 16777215
176
     1
 90
        1
176
     1
 90
        4
176
     1
 62
     7
176
     1
 62
   257
176
     1
 90
        1
176
     1
 90
        1
176
     1
 40
1.0
176
     1
 90
        8
176
     1
 62
     7
176
     1
 40
1.0
176
     1
 90
        1
176
     1
 90
        6
176
     1
 90
        2
176
     1
 62
     7
176
     1
 90
        5
176
     1
 90
        0
176
     1
 90
        0
176
     1
290
     0
176
     1
 90
        1
176
     1
 40
0.0
176
     1
 90
        0
176
     1
290
     0
176
     1
290
     1
176
     1
290
     1
176
     1
290
     0
176
     1
290
     0
176
     1
290
     0
176
     1
290
     0
176
     1
290
     0
176
     1
290
     0
176
     1
 90
       50
176
     1
 40
0.0
176
     1
 40
1.0
176
     1
 90
        0
176
     1
 62
    18
420
        0
176
     1
 90
       50
176
     1
 90
        3
176
     1
 62
     5
420
      255
176
     1
290
     0
176
     1
 90
       50
176
     1
 90
       50
176
     1
 90
       50
176
     1
290
     0
176
     1
 90
       50
176
     1
 62
   256
176
     0
 40
1.0
176
     0
 90
        2
176
     1
  1
strokes_ogs.tif
176
     1
290
     0
176
     1
 40
1.0
176
     1
 40
1.0
176
     1
  0
VISUALSTYLE
  5
5D
102
{ACAD_REACTORS
330
16
102
}
330
16
100
AcDbVisualStyle
  2
ColorChange
 70
    16
177
     3
291
     0
 70
    58
 90
        2
176
     1
 90
        2
176
     1
 90
        0
176
     1
 90
        0
176
     1
 40
0.6
176
     1
 40
30.0
176
     1
 62
     7
420
 16777215
176
     1
 90
        1
176
     1
 90
        4
176
     1
 62
     7
176
     1
 62
   257
176
     1
 90
        1
176
     1
 90
        1
176
     1
 40
1.0
176
     1
 90
        8
176
     1
 62
     7
176
     1
 40
1.0
176
     1
 90
        1
176
     1
 90
        6
176
     1
 90
        2
176
     1
 62
     7
176
     1
 90
        5
176
     1
 90
        0
176
     1
 90
        0
176
     1
290
     0
176
     1
 90
        1
176
     1
 40
0.0
176
     1
 90
        0
176
     1
290
     0
176
     1
290
     1
176
     1
290
     1
176
     1
290
     0
176
     1
290
     0
176
     1
290
     0
176
     1
290
     0
176
     1
290
     0
176
     1
290
     0
176
     1
 90
       50
176
     1
 40
0.0
176
     1
 40
1.0
176
     1
 90
        0
176
     1
 62
    18
420
        0
176
     1
 90
       50
176
     1
 90
        3
176
     1
 62
     5
420
      255
176
     1
290
     0
176
     1
 90
       50
176
     1
 90
       50
176
     1
 90
       50
176
     1
290
     0
176
     1
 90
       50
176
     1
 62
   256
176
     0
 40
1.0
176
     0
 90
        2
176
     1
  1
strokes_ogs.tif
176
     1
290
     0
176
     1
 40
1.0
176
     1
 40
1.0
176
     1
  0
VISUALSTYLE
  5
5E
102
{ACAD_REACTORS
330
16
102
}
330
16
100
AcDbVisualStyle
  2
Conceptual
 70
     9
177
     3
291
     0
 70
    58
 90
        2
176
     1
 90
        2
176
     1
 90
        0
176
     1
 90
        0
176
     1
 40
0.6
176
     1
 40
30.0
176
     1
 62
     7
420
 16777215
176
     1
 90
        1
176
     1
 90
        4
176
     1
 62
     7
176
     1
 62
   257
176
     1
 90
        1
176
     1
 90
        1
176
     1
 40
1.0
176
     1
 90
        8
176
     1
 62
     7
176
     1
 40
1.0
176
     1
 90
        1
176
     1
 90
        6
176
     1
 90
        2
176
     1
 62
     7
176
     1
 90
        5
176
     1
 90
        0
176
     1
 90
        0
176
     1
290
     0
176
     1
 90
        1
176
     1
 40
0.0
176
     1
 90
        0
176
     1
290
     0
176
     1
290
     1
176
     1
290
     1
176
     1
290
     0
176
     1
290
     0
176
     1
290
     0
176
     1
290
     0
176
     1
290
     0
176
     1
290
     0
176
     1
 90
       50
176
     1
 40
0.0
176
     1
 40
1.0
176
     1
 90
        0
176
     1
 62
    18
420
        0
176
     1
 90
       50
176
     1
 90
        3
176
     1
 62
     5
420
      255
176
     1
290
     0
176
     1
 90
       50
176
     1
 90
       50
176
     1
 90
       50
176
     1
290
     0
176
     1
 90
       50
176
     1
 62
   256
176
     0
 40
1.0
176
     0
 90
        2
176
     1
  1
strokes_ogs.tif
176
     1
290
     0
176
     1
 40
1.0
176
     1
 40
1.0
176
     1
  0
VISUALSTYLE
  5
5F
102
{ACAD_REACTORS
330
16
102
}
330
16
100
AcDbVisualStyle
  2
Dim
 70
    11
177
     3
291
     0
 70
    58
 90
        2
176
     1
 90
        2
176
     1
 90
        0
176
     1
 90
        0
176
     1
 40
0.6
176
     1
 40
30.0
176
     1
 62
     7
420
 16777215
176
     1
 90
        1
176
     1
 90
        4
176
     1
 62
     7
176
     1
 62
   257
176
     1
 90
        1
176
     1
 90
        1
176
     1
 40
1.0
176
     1
 90
        8
176
     1
 62
     7
176
     1
 40
1.0
176
     1
 90
        1
176
     1
 90
        6
176
     1
 90
        2
176
     1
 62
     7
176
     1
 90
        5
176
     1
 90
        0
176
     1
 90
        0
176
     1
290
     0
176
     1
 90
        1
176
     1
 40
0.0
176
     1
 90
        0
176
     1
290
     0
176
     1
290
     1
176
     1
290
     1
176
     1
290
     0
176
     1
290
     0
176
     1
290
     0
176
     1
290
     0
176
     1
290
     0
176
     1
290
     0
176
     1
 90
       50
176
     1
 40
0.0
176
     1
 40
1.0
176
     1
 90
        0
176
     1
 62
    18
420
        0
176
     1
 90
       50
176
     1
 90
        3
176
     1
 62
     5
420
      255
176
     1
290
     0
176
     1
 90
       50
176
     1
 90
       50
176
     1
 90
       50
176
     1
290
     0
176
     1
 90
       50
176
     1
 62
   256
176
     0
 40
1.0
176
     0
 90
        2
176
     1
  1
strokes_ogs.tif
176
     1
290
     0
176
     1
 40
1.0
176
     1
 40
1.0
176
     1
  0
VISUALSTYLE
  5
60
102
{ACAD_REACTORS
330
16
102
}
330
16
100
AcDbVisualStyle
  2
EdgeColorOff
 70
    22
177
     3
291
     0
 70
    58
 90
        2
176
     1
 90
        2
176
     1
 90
        0
176
     1
 90
        0
176
     1
 40
0.6
176
     1
 40
30.0
176
     1
 62
     7
420
 16777215
176
     1
 90
        1
176
     1
 90
        4
176
     1
 62
     7
176
     1
 62
   257
176
     1
 90
        1
176
     1
 90
        1
176
     1
 40
1.0
176
     1
 90
        8
176
     1
 62
     7
176
     1
 40
1.0
176
     1
 90
        1
176
     1
 90
        6
176
     1
 90
        2
176
     1
 62
     7
176
     1
 90
        5
176
     1
 90
        0
176
     1
 90
        0
176
     1
290
     0
176
     1
 90
        1
176
     1
 40
0.0
176
     1
 90
        0
176
     1
290
     0
176
     1
290
     1
176
     1
290
     1
176
     1
290
     0
176
     1
290
     0
176
     1
290
     0
176
     1
290
     0
176
     1
290
     0
176
     1
290
     0
176
     1
 90
       50
176
     1
 40
0.0
176
     1
 40
1.0
176
     1
 90
        0
176
     1
 62
    18
420
        0
176
     1
 90
       50
176
     1
 90
        3
176
     1
 62
     5
420
      255
176
     1
290
     0
176
     1
 90
       50
176
     1
 90
       50
176
     1
 90
       50
176
     1
290
     0
176
     1
 90
       50
176
     1
 62
   256
176
     0
 40
1.0
176
     0
 90
        2
176
     1
  1
strokes_ogs.tif
176
     1
290
     0
176
     1
 40
1.0
176
     1
 40
1.0
176
     1
  0
VISUALSTYLE
  5
61
102
{ACAD_REACTORS
330
16
102
}
330
16
100
AcDbVisualStyle
  2
Facepattern
 70
    15
177
     3
291
     0
 70
    58
 90
        2
176
     1
 90
        2
176
     1
 90
        0
176
     1
 90
        0
176
     1
 40
0.6
176
     1
 40
30.0
176
     1
 62
     7
420
 16777215
176
     1
 90
        1
176
     1
 90
        4
176
     1
 62
     7
176
     1
 62
   257
176
     1
 90
        1
176
     1
 90
        1
176
     1
 40
1.0
176
     1
 90
        8
176
     1
 62
     7
176
     1
 40
1.0
176
     1
 90
        1
176
     1
 90
        6
176
     1
 90
        2
176
     1
 62
     7
176
     1
 90
        5
176
     1
 90
        0
176
     1
 90
        0
176
     1
290
     0
176
     1
 90
        1
176
     1
 40
0.0
176
     1
 90
        0
176
     1
290
     0
176
     1
290
     1
176
     1
290
     1
176
     1
290
     0
176
     1
290
     0
176
     1
290
     0
176
     1
290
     0
176
     1
290
     0
176
     1
290
     0
176
     1
 90
       50
176
     1
 40
0.0
176
     1
 40
1.0
176
     1
 90
        0
176
     1
 62
    18
420
        0
176
     1
 90
       50
176
     1
 90
        3
176
     1
 62
     5
420
      255
176
     1
290
     0
176
     1
 90
       50
176
     1
 90
       50
176
     1
 90
       50
176
     1
290
     0
176
     1
 90
       50
176
     1
 62
   256
176
     0
 40
1.0
176
     0
 90
        2
176
     1
  1
strokes_ogs.tif
176
     1
290
     0
176
     1
 40
1.0
176
     1
 40
1.0
176
     1
  0
VISUALSTYLE
  5
62
102
{ACAD_REACTORS
330
16
102
}
330
16
100
AcDbVisualStyle
  2
Flat
 70
     0
177
     3
291
     0
 70
    58
 90
        2
176
     1
 90
        2
176
     1
 90
        0
176
     1
 90
        0
176
     1
 40
0.6
176
     1
 40
30.0
176
     1
 62
     7
420
 16777215
176
     1
 90
        1
176
     1
 90
        4
176
     1
 62
     7
176
     1
 62
   257
176
     1
 90
        1
176
     1
 90
        1
176
     1
 40
1.0
176
     1
 90
        8
176
     1
 62
     7
176
     1
 40
1.0
176
     1
 90
        1
176
     1
 90
        6
176
     1
 90
        2
176
     1
 62
     7
176
     1
 90
        5
176
     1
 90
        0
176
     1
 90
        0
176
     1
290
     0
176
     1
 90
        1
176
     1
 40
0.0
176
     1
 90
        0
176
     1
290
     0
176
     1
290
     1
176
     1
290
     1
176
     1
290
     0
176
     1
290
     0
176
     1
290
     0
176
     1
290
     0
176
     1
290
     0
176
     1
290
     0
176
     1
 90
       50
176
     1
 40
0.0
176
     1
 40
1.0
176
     1
 90
        0
176
     1
 62
    18
420
        0
176
     1
 90
       50
176
     1
 90
        3
176
     1
 62
     5
420
      255
176
     1
290
     0
176
     1
 90
       50
176
     1
 90
       50
176
     1
 90
       50
176
     1
290
     0
176
     1
 90
       50
176
     1
 62
   256
176
     0
 40
1.0
176
     0
 90
        2
176
     1
  1
strokes_ogs.tif
176
     1
290
     0
176
     1
 40
1.0
176
     1
 40
1.0
176
     1
  0
VISUALSTYLE
  5
63
102
{ACAD_REACTORS
330
16
102
}
330
16
100
AcDbVisualStyle
  2
FlatWithEdges
 70
     1
177
     3
291
     0
 70
    58
 90
        2
176
     1
 90
        2
176
     1
 90
        0
176
     1
 90
        0
176
     1
 40
0.6
176
     1
 40
30.0
176
     1
 62
     7
420
 16777215
176
     1
 90
        1
176
     1
 90
        4
176
     1
 62
     7
176
     1
 62
   257
176
     1
 90
        1
176
     1
 90
        1
176
     1
 40
1.0
176
     1
 90
        8
176
     1
 62
     7
176
     1
 40
1.0
176
     1
 90
        1
176
     1
 90
        6
176
     1
 90
        2
176
     1
 62
     7
176
     1
 90
        5
176
     1
 90
        0
176
     1
 90
        0
176
     1
290
     0
176
     1
 90
        1
176
     1
 40
0.0
176
     1
 90
        0
176
     1
290
     0
176
     1
290
     1
176
     1
290
     1
176
     1
290
     0
176
     1
290
     0
176
     1
290
     0
176
     1
290
     0
176
     1
290
     0
176
     1
290
     0
176
     1
 90
       50
176
     1
 40
0.0
176
     1
 40
1.0
176
     1
 90
        0
176
     1
 62
    18
420
        0
176
     1
 90
       50
176
     1
 90
        3
176
     1
 62
     5
420
      255
176
     1
290
     0
176
     1
 90
       50
176
     1
 90
       50
176
     1
 90
       50
176
     1
290
     0
176
     1
 90
       50
176
     1
 62
   256
176
     0
 40
1.0
176
     0
 90
        2
176
     1
  1
strokes_ogs.tif
176
     1
290
     0
176
     1
 40
1.0
176
     1
 40
1.0
176
     1
  0
VISUALSTYLE
  5
64
102
{ACAD_REACTORS
330
16
102
}
330
16
100
AcDbVisualStyle
  2
Gouraud
 70
     2
177
     3
291
     0
 70
    58
 90
        2
176
     1
 90
        2
176
     1
 90
        0
176
     1
 90
        0
176
     1
 40
0.6
176
     1
 40
30.0
176
     1
 62
     7
420
 16777215
176
     1
 90
        1
176
     1
 90
        4
176
     1
 62
     7
176
     1
 62
   257
176
     1
 90
        1
176
     1
 90
        1
176
     1
 40
1.0
176
     1
 90
        8
176
     1
 62
     7
176
     1
 40
1.0
176
     1
 90
        1
176
     1
 90
        6
176
     1
 90
        2
176
     1
 62
     7
176
     1
 90
        5
176
     1
 90
        0
176
     1
 90
        0
176
     1
290
     0
176
     1
 90
        1
176
     1
 40
0.0
176
     1
 90
        0
176
     1
290
     0
176
     1
290
     1
176
     1
290
     1
176
     1
290
     0
176
     1
290
     0
176
     1
290
     0
176
     1
290
     0
176
     1
290
     0
176
     1
290
     0
176
     1
 90
       50
176
     1
 40
0.0
176
     1
 40
1.0
176
     1
 90
        0
176
     1
 62
    18
420
        0
176
     1
 90
       50
176
     1
 90
        3
176
     1
 62
     5
420
      255
176
     1
290
     0
176
     1
 90
       50
176
     1
 90
       50
176
     1
 90
       50
176
     1
290
     0
176
     1
 90
       50
176
     1
 62
   256
176
     0
 40
1.0
176
     0
 90
        2
176
     1
  1
strokes_ogs.tif
176
     1
290
     0
176
     1
 40
1.0
176
     1
 40
1.0
176
     1
  0
VISUALSTYLE
  5
65
102
{ACAD_REACTORS
330
16
102
}
330
16
100
AcDbVisualStyle
  2
GouraudWithEdges
 70
     3
177
     3
291
     0
 70
    58
 90
        2
176
     1
 90
        2
176
     1
 90
        0
176
     1
 90
        0
176
     1
 40
0.6
176
     1
 40
30.0
176
     1
 62
     7
420
 16777215
176
     1
 90
        1
176
     1
 90
        4
176
     1
 62
     7
176
     1
 62
   257
176
     1
 90
        1
176
     1
 90
        1
176
     1
 40
1.0
176
     1
 90
        8
176
     1
 62
     7
176
     1
 40
1.0
176
     1
 90
        1
176
     1
 90
        6
176
     1
 90
        2
176
     1
 62
     7
176
     1
 90
        5
176
     1
 90
        0
176
     1
 90
        0
176
     1
290
     0
176
     1
 90
        1
176
     1
 40
0.0
176
     1
 90
        0
176
     1
290
     0
176
     1
290
     1
176
     1
290
     1
176
     1
290
     0
176
     1
290
     0
176
     1
290
     0
176
     1
290
     0
176
     1
290
     0
176
     1
290
     0
176
     1
 90
       50
176
     1
 40
0.0
176
     1
 40
1.0
176
     1
 90
        0
176
     1
 62
    18
420
        0
176
     1
 90
       50
176
     1
 90
        3
176
     1
 62
     5
420
      255
176
     1
290
     0
176
     1
 90
       50
176
     1
 90
       50
176
     1
 90
       50
176
     1
290
     0
176
     1
 90
       50
176
     1
 62
   256
176
     0
 40
1.0
176
     0
 90
        2
176
     1
  1
strokes_ogs.tif
176
     1
290
     0
176
     1
 40
1.0
176
     1
 40
1.0
176
     1
  0
VISUALSTYLE
  5
66
102
{ACAD_REACTORS
330
16
102
}
330
16
100
AcDbVisualStyle
  2
Hidden
 70
     6
177
     3
291
     0
 70
    58
 90
        2
176
     1
 90
        2
176
     1
 90
        0
176
     1
 90
        0
176
     1
 40
0.6
176
     1
 40
30.0
176
     1
 62
     7
420
 16777215
176
     1
 90
        1
176
     1
 90
        4
176
     1
 62
     7
176
     1
 62
   257
176
     1
 90
        1
176
     1
 90
        1
176
     1
 40
1.0
176
     1
 90
        8
176
     1
 62
     7
176
     1
 40
1.0
176
     1
 90
        1
176
     1
 90
        6
176
     1
 90
        2
176
     1
 62
     7
176
     1
 90
        5
176
     1
 90
        0
176
     1
 90
        0
176
     1
290
     0
176
     1
 90
        1
176
     1
 40
0.0
176
     1
 90
        0
176
     1
290
     0
176
     1
290
     1
176
     1
290
     1
176
     1
290
     0
176
     1
290
     0
176
     1
290
     0
176
     1
290
     0
176
     1
290
     0
176
     1
290
     0
176
     1
 90
       50
176
     1
 40
0.0
176
     1
 40
1.0
176
     1
 90
        0
176
     1
 62
    18
420
        0
176
     1
 90
       50
176
     1
 90
        3
176
     1
 62
     5
420
      255
176
     1
290
     0
176
     1
 90
       50
176
     1
 90
       50
176
     1
 90
       50
176
     1
290
     0
176
     1
 90
       50
176
     1
 62
   256
176
     0
 40
1.0
176
     0
 90
        2
176
     1
  1
strokes_ogs.tif
176
     1
290
     0
176
     1
 40
1.0
176
     1
 40
1.0
176
     1
  0
VISUALSTYLE
  5
67
102
{ACAD_REACTORS
330
16
102
}
330
16
100
AcDbVisualStyle
  2
JitterOff
 70
    20
177
     3
291
     0
 70
    58
 90
        2
176
     1
 90
        2
176
     1
 90
        0
176
     1
 90
        0
176
     1
 40
0.6
176
     1
 40
30.0
176
     1
 62
     7
420
 16777215
176
     1
 90
        1
176
     1
 90
        4
176
     1
 62
     7
176
     1
 62
   257
176
     1
 90
        1
176
     1
 90
        1
176
     1
 40
1.0
176
     1
 90
        8
176
     1
 62
     7
176
     1
 40
1.0
176
     1
 90
        1
176
     1
 90
        6
176
     1
 90
        2
176
     1
 62
     7
176
     1
 90
        5
176
     1
 90
        0
176
     1
 90
        0
176
     1
290
     0
176
     1
 90
        1
176
     1
 40
0.0
176
     1
 90
        0
176
     1
290
     0
176
     1
290
     1
176
     1
290
     1
176
     1
290
     0
176
     1
290
     0
176
     1
290
     0
176
     1
290
     0
176
     1
290
     0
176
     1
290
     0
176
     1
 90
       50
176
     1
 40
0.0
176
     1
 40
1.0
176
     1
 90
        0
176
     1
 62
    18
420
        0
176
     1
 90
       50
176
     1
 90
        3
176
     1
 62
     5
420
      255
176
     1
290
     0
176
     1
 90
       50
176
     1
 90
       50
176
     1
 90
       50
176
     1
290
     0
176
     1
 90
       50
176
     1
 62
   256
176
     0
 40
1.0
176
     0
 90
        2
176
     1
  1
strokes_ogs.tif
176
     1
290
     0
176
     1
 40
1.0
176
     1
 40
1.0
176
     1
  0
VISUALSTYLE
  5
68
102
{ACAD_REACTORS
330
16
102
}
330
16
100
AcDbVisualStyle
  2
Linepattern
 70
    14
177
     3
291
     0
 70
    58
 90
        2
176
     1
 90
        2
176
     1
 90
        0
176
     1
 90
        0
176
     1
 40
0.6
176
     1
 40
30.0
176
     1
 62
     7
420
 16777215
176
     1
 90
        1
176
     1
 90
        4
176
     1
 62
     7
176
     1
 62
   257
176
     1
 90
        1
176
     1
 90
        1
176
     1
 40
1.0
176
     1
 90
        8
176
     1
 62
     7
176
     1
 40
1.0
176
     1
 90
        1
176
     1
 90
        6
176
     1
 90
        2
176
     1
 62
     7
176
     1
 90
        5
176
     1
 90
        0
176
     1
 90
        0
176
     1
290
     0
176
     1
 90
        1
176
     1
 40
0.0
176
     1
 90
        0
176
     1
290
     0
176
     1
290
     1
176
     1
290
     1
176
     1
290
     0
176
     1
290
     0
176
     1
290
     0
176
     1
290
     0
176
     1
290
     0
176
     1
290
     0
176
     1
 90
       50
176
     1
 40
0.0
176
     1
 40
1.0
176
     1
 90
        0
176
     1
 62
    18
420
        0
176
     1
 90
       50
176
     1
 90
        3
176
     1
 62
     5
420
      255
176
     1
290
     0
176
     1
 90
       50
176
     1
 90
       50
176
     1
 90
       50
176
     1
290
     0
176
     1
 90
       50
176
     1
 62
   256
176
     0
 40
1.0
176
     0
 90
        2
176
     1
  1
strokes_ogs.tif
176
     1
290
     0
176
     1
 40
1.0
176
     1
 40
1.0
176
     1
  0
VISUALSTYLE
  5
69
102
{ACAD_REACTORS
330
16
102
}
330
16
100
AcDbVisualStyle
  2
Modeling
 70
    10
177
     3
291
     0
 70
    58
 90
        2
176
     1
 90
        2
176
     1
 90
        0
176
     1
 90
        0
176
     1
 40
0.6
176
     1
 40
30.0
176
     1
 62
     7
420
 16777215
176
     1
 90
        1
176
     1
 90
        4
176
     1
 62
     7
176
     1
 62
   257
176
     1
 90
        1
176
     1
 90
        1
176
     1
 40
1.0
176
     1
 90
        8
176
     1
 62
     7
176
     1
 40
1.0
176
     1
 90
        1
176
     1
 90
        6
176
     1
 90
        2
176
     1
 62
     7
176
     1
 90
        5
176
     1
 90
        0
176
     1
 90
        0
176
     1
290
     0
176
     1
 90
        1
176
     1
 40
0.0
176
     1
 90
        0
176
     1
290
     0
176
     1
290
     1
176
     1
290
     1
176
     1
290
     0
176
     1
290
     0
176
     1
290
     0
176
     1
290
     0
176
     1
290
     0
176
     1
290
     0
176
     1
 90
       50
176
     1
 40
0.0
176
     1
 40
1.0
176
     1
 90
        0
176
     1
 62
    18
420
        0
176
     1
 90
       50
176
     1
 90
        3
176
     1
 62
     5
420
      255
176
     1
290
     0
176
     1
 90
       50
176
     1
 90
       50
176
     1
 90
       50
176
     1
290
     0
176
     1
 90
       50
176
     1
 62
   256
176
     0
 40
1.0
176
     0
 90
        2
176
     1
  1
strokes_ogs.tif
176
     1
290
     0
176
     1
 40
1.0
176
     1
 40
1.0
176
     1
  0
VISUALSTYLE
  5
6A
102
{ACAD_REACTORS
330
16
102
}
330
16
100
AcDbVisualStyle
  2
OverhangOff
 70
    21
177
     3
291
     0
 70
    58
 90
        2
176
     1
 90
        2
176
     1
 90
        0
176
     1
 90
        0
176
     1
 40
0.6
176
     1
 40
30.0
176
     1
 62
     7
420
 16777215
176
     1
 90
        1
176
     1
 90
        4
176
     1
 62
     7
176
     1
 62
   257
176
     1
 90
        1
176
     1
 90
        1
176
     1
 40
1.0
176
     1
 90
        8
176
     1
 62
     7
176
     1
 40
1.0
176
     1
 90
        1
176
     1
 90
        6
176
     1
 90
        2
176
     1
 62
     7
176
     1
 90
        5
176
     1
 90
        0
176
     1
 90
        0
176
     1
290
     0
176
     1
 90
        1
176
     1
 40
0.0
176
     1
 90
        0
176
     1
290
     0
176
     1
290
     1
176
     1
290
     1
176
     1
290
     0
176
     1
290
     0
176
     1
290
     0
176
     1
290
     0
176
     1
290
     0
176
     1
290
     0
176
     1
 90
       50
176
     1
 40
0.0
176
     1
 40
1.0
176
     1
 90
        0
176
     1
 62
    18
420
        0
176
     1
 90
       50
176
     1
 90
        3
176
     1
 62
     5
420
      255
176
     1
290
     0
176
     1
 90
       50
176
     1
 90
       50
176
     1
 90
       50
176
     1
290
     0
176
     1
 90
       50
176
     1
 62
   256
176
     0
 40
1.0
176
     0
 90
        2
176
     1
  1
strokes_ogs.tif
176
     1
290
     0
176
     1
 40
1.0
176
     1
 40
1.0
176
     1
  0
VISUALSTYLE
  5
6B
102
{ACAD_REACTORS
330
16
102
}
330
16
100
AcDbVisualStyle
  2
Realistic
 70
     8
177
     3
291
     0
 70
    58
 90
        2
176
     1
 90
        2
176
     1
 90
        0
176
     1
 90
        0
176
     1
 40
0.6
176
     1
 40
30.0
176
     1
 62
     7
420
 16777215
176
     1
 90
        1
176
     1
 90
        4
176
     1
 62
     7
176
     1
 62
   257
176
     1
 90
        1
176
     1
 90
        1
176
     1
 40
1.0
176
     1
 90
        8
176
     1
 62
     7
176
     1
 40
1.0
176
     1
 90
        1
176
     1
 90
        6
176
     1
 90
        2
176
     1
 62
     7
176
     1
 90
        5
176
     1
 90
        0
176
     1
 90
        0
176
     1
290
     0
176
     1
 90
        1
176
     1
 40
0.0
176
     1
 90
        0
176
     1
290
     0
176
     1
290
     1
176
     1
290
     1
176
     1
290
     0
176
     1
290
     0
176
     1
290
     0
176
     1
290
     0
176
     1
290
     0
176
     1
290
     0
176
     1
 90
       50
176
     1
 40
0.0
176
     1
 40
1.0
176
     1
 90
        0
176
     1
 62
    18
420
        0
176
     1
 90
       50
176
     1
 90
        3
176
     1
 62
     5
420
      255
176
     1
290
     0
176
     1
 90
       50
176
     1
 90
       50
176
     1
 90
       50
176
     1
290
     0
176
     1
 90
       50
176
     1
 62
   256
176
     0
 40
1.0
176
     0
 90
        2
176
     1
  1
strokes_ogs.tif
176
     1
290
     0
176
     1
 40
1.0
176
     1
 40
1.0
176
     1
  0
VISUALSTYLE
  5
6C
102
{ACAD_REACTORS
330
16
102
}
330
16
100
AcDbVisualStyle
  2
Shaded
 70
    27
177
     3
291
     0
 70
    58
 90
        2
176
     1
 90
        2
176
     1
 90
        0
176
     1
 90
        0
176
     1
 40
0.6
176
     1
 40
30.0
176
     1
 62
     7
420
 16777215
176
     1
 90
        1
176
     1
 90
        4
176
     1
 62
     7
176
     1
 62
   257
176
     1
 90
        1
176
     1
 90
        1
176
     1
 40
1.0
176
     1
 90
        8
176
     1
 62
     7
176
     1
 40
1.0
176
     1
 90
        1
176
     1
 90
        6
176
     1
 90
        2
176
     1
 62
     7
176
     1
 90
        5
176
     1
 90
        0
176
     1
 90
        0
176
     1
290
     0
176
     1
 90
        1
176
     1
 40
0.0
176
     1
 90
        0
176
     1
290
     0
176
     1
290
     1
176
     1
290
     1
176
     1
290
     0
176
     1
290
     0
176
     1
290
     0
176
     1
290
     0
176
     1
290
     0
176
     1
290
     0
176
     1
 90
       50
176
     1
 40
0.0
176
     1
 40
1.0
176
     1
 90
        0
176
     1
 62
    18
420
        0
176
     1
 90
       50
176
     1
 90
        3
176
     1
 62
     5
420
      255
176
     1
290
     0
176
     1
 90
       50
176
     1
 90
       50
176
     1
 90
       50
176
     1
290
     0
176
     1
 90
       50
176
     1
 62
   256
176
     0
 40
1.0
176
     0
 90
        2
176
     1
  1
strokes_ogs.tif
176
     1
290
     0
176
     1
 40
1.0
176
     1
 40
1.0
176
     1
  0
VISUALSTYLE
  5
6D
102
{ACAD_REACTORS
330
16
102
}
330
16
100
AcDbVisualStyle
  2
Shaded with edges
 70
    26
177
     3
291
     0
 70
    58
 90
        2
176
     1
 90
        2
176
     1
 90
        0
176
     1
 90
        0
176
     1
 40
0.6
176
     1
 40
30.0
176
     1
 62
     7
420
 16777215
176
     1
 90
        1
176
     1
 90
        4
176
     1
 62
     7
176
     1
 62
   257
176
     1
 90
        1
176
     1
 90
        1
176
     1
 40
1.0
176
     1
 90
        8
176
     1
 62
     7
176
     1
 40
1.0
176
     1
 90
        1
176
     1
 90
        6
176
     1
 90
        2
176
     1
 62
     7
176
     1
 90
        5
176
     1
 90
        0
176
     1
 90
        0
176
     1
290
     0
176
     1
 90
        1
176
     1
 40
0.0
176
     1
 90
        0
176
     1
290
     0
176
     1
290
     1
176
     1
290
     1
176
     1
290
     0
176
     1
290
     0
176
     1
290
     0
176
     1
290
     0
176
     1
290
     0
176
     1
290
     0
176
     1
 90
       50
176
     1
 40
0.0
176
     1
 40
1.0
176
     1
 90
        0
176
     1
 62
    18
420
        0
176
     1
 90
       50
176
     1
 90
        3
176
     1
 62
     5
420
      255
176
     1
290
     0
176
     1
 90
       50
176
     1
 90
       50
176
     1
 90
       50
176
     1
290
     0
176
     1
 90
       50
176
     1
 62
   256
176
     0
 40
1.0
176
     0
 90
        2
176
     1
  1
strokes_ogs.tif
176
     1
290
     0
176
     1
 40
1.0
176
     1
 40
1.0
176
     1
  0
VISUALSTYLE
  5
6E
102
{ACAD_REACTORS
330
16
102
}
330
16
100
AcDbVisualStyle
  2
Shades of Gray
 70
    23
177
     3
291
     0
 70
    58
 90
        2
176
     1
 90
        2
176
     1
 90
        0
176
     1
 90
        0
176
     1
 40
0.6
176
     1
 40
30.0
176
     1
 62
     7
420
 16777215
176
     1
 90
        1
176
     1
 90
        4
176
     1
 62
     7
176
     1
 62
   257
176
     1
 90
        1
176
     1
 90
        1
176
     1
 40
1.0
176
     1
 90
        8
176
     1
 62
     7
176
     1
 40
1.0
176
     1
 90
        1
176
     1
 90
        6
176
     1
 90
        2
176
     1
 62
     7
176
     1
 90
        5
176
     1
 90
        0
176
     1
 90
        0
176
     1
290
     0
176
     1
 90
        1
176
     1
 40
0.0
176
     1
 90
        0
176
     1
290
     0
176
     1
290
     1
176
     1
290
     1
176
     1
290
     0
176
     1
290
     0
176
     1
290
     0
176
     1
290
     0
176
     1
290
     0
176
     1
290
     0
176
     1
 90
       50
176
     1
 40
0.0
176
     1
 40
1.0
176
     1
 90
        0
176
     1
 62
    18
420
        0
176
     1
 90
       50
176
     1
 90
        3
176
     1
 62
     5
420
      255
176
     1
290
     0
176
     1
 90
       50
176
     1
 90
       50
176
     1
 90
       50
176
     1
290
     0
176
     1
 90
       50
176
     1
 62
   256
176
     0
 40
1.0
176
     0
 90
        2
176
     1
  1
strokes_ogs.tif
176
     1
290
     0
176
     1
 40
1.0
176
     1
 40
1.0
176
     1
  0
VISUALSTYLE
  5
6F
102
{ACAD_REACTORS
330
16
102
}
330
16
100
AcDbVisualStyle
  2
Sketchy
 70
    24
177
     3
291
     0
 70
    58
 90
        2
176
     1
 90
        2
176
     1
 90
        0
176
     1
 90
        0
176
     1
 40
0.6
176
     1
 40
30.0
176
     1
 62
     7
420
 16777215
176
     1
 90
        1
176
     1
 90
        4
176
     1
 62
     7
176
     1
 62
   257
176
     1
 90
        1
176
     1
 90
        1
176
     1
 40
1.0
176
     1
 90
        8
176
     1
 62
     7
176
     1
 40
1.0
176
     1
 90
        1
176
     1
 90
        6
176
     1
 90
        2
176
     1
 62
     7
176
     1
 90
        5
176
     1
 90
        0
176
     1
 90
        0
176
     1
290
     0
176
     1
 90
        1
176
     1
 40
0.0
176
     1
 90
        0
176
     1
290
     0
176
     1
290
     1
176
     1
290
     1
176
     1
290
     0
176
     1
290
     0
176
     1
290
     0
176
     1
290
     0
176
     1
290
     0
176
     1
290
     0
176
     1
 90
       50
176
     1
 40
0.0
176
     1
 40
1.0
176
     1
 90
        0
176
     1
 62
    18
420
        0
176
     1
 90
       50
176
     1
 90
        3
176
     1
 62
     5
420
      255
176
     1
290
     0
176
     1
 90
       50
176
     1
 90
       50
176
     1
 90
       50
176
     1
290
     0
176
     1
 90
       50
176
     1
 62
   256
176
     0
 40
1.0
176
     0
 90
        2
176
     1
  1
strokes_ogs.tif
176
     1
290
     0
176
     1
 40
1.0
176
     1
 40
1.0
176
     1
  0
VISUALSTYLE
  5
70
102
{ACAD_REACTORS
330
16
102
}
330
16
100
AcDbVisualStyle
  2
Thicken
 70
    13
177
     3
291
     0
 70
    58
 90
        2
176
     1
 90
        2
176
     1
 90
        0
176
     1
 90
        0
176
     1
 40
0.6
176
     1
 40
30.0
176
     1
 62
     7
420
 16777215
176
     1
 90
        1
176
     1
 90
        4
176
     1
 62
     7
176
     1
 62
   257
176
     1
 90
        1
176
     1
 90
        1
176
     1
 40
1.0
176
     1
 90
        8
176
     1
 62
     7
176
     1
 40
1.0
176
     1
 90
        1
176
     1
 90
        6
176
     1
 90
        2
176
     1
 62
     7
176
     1
 90
        5
176
     1
 90
        0
176
     1
 90
        0
176
     1
290
     0
176
     1
 90
        1
176
     1
 40
0.0
176
     1
 90
        0
176
     1
290
     0
176
     1
290
     1
176
     1
290
     1
176
     1
290
     0
176
     1
290
     0
176
     1
290
     0
176
     1
290
     0
176
     1
290
     0
176
     1
290
     0
176
     1
 90
       50
176
     1
 40
0.0
176
     1
 40
1.0
176
     1
 90
        0
176
     1
 62
    18
420
        0
176
     1
 90
       50
176
     1
 90
        3
176
     1
 62
     5
420
      255
176
     1
290
     0
176
     1
 90
       50
176
     1
 90
       50
176
     1
 90
       50
176
     1
290
     0
176
     1
 90
       50
176
     1
 62
   256
176
     0
 40
1.0
176
     0
 90
        2
176
     1
  1
strokes_ogs.tif
176
     1
290
     0
176
     1
 40
1.0
176
     1
 40
1.0
176
     1
  0
VISUALSTYLE
  5
71
102
{ACAD_REACTORS
330
16
102
}
330
16
100
AcDbVisualStyle
  2
Wireframe
 70
     5
177
     3
291
     0
 70
    58
 90
        2
176
     1
 90
        2
176
     1
 90
        0
176
     1
 90
        0
176
     1
 40
0.6
176
     1
 40
30.0
176
     1
 62
     7
420
 16777215
176
     1
 90
        1
176
     1
 90
        4
176
     1
 62
     7
176
     1
 62
   257
176
     1
 90
        1
176
     1
 90
        1
176
     1
 40
1.0
176
     1
 90
        8
176
     1
 62
     7
176
     1
 40
1.0
176
     1
 90
        1
176
     1
 90
        6
176
     1
 90
        2
176
     1
 62
     7
176
     1
 90
        5
176
     1
 90
        0
176
     1
 90
        0
176
     1
290
     0
176
     1
 90
        1
176
     1
 40
0.0
176
     1
 90
        0
176
     1
290
     0
176
     1
290
     1
176
     1
290
     1
176
     1
290
     0
176
     1
290
     0
176
     1
290
     0
176
     1
290
     0
176
     1
290
     0
176
     1
290
     0
176
     1
 90
       50
176
     1
 40
0.0
176
     1
 40
1.0
176
     1
 90
        0
176
     1
 62
    18
420
        0
176
     1
 90
       50
176
     1
 90
        3
176
     1
 62
     5
420
      255
176
     1
290
     0
176
     1
 90
       50
176
     1
 90
       50
176
     1
 90
       50
176
     1
290
     0
176
     1
 90
       50
176
     1
 62
   256
176
     0
 40
1.0
176
     0
 90
        2
176
     1
  1
strokes_ogs.tif
176
     1
290
     0
176
     1
 40
1.0
176
     1
 40
1.0
176
     1
  0
VISUALSTYLE
  5
72
102
{ACAD_REACTORS
330
16
102
}
330
16
100
AcDbVisualStyle
  2
X-Ray
 70
    25
177
     3
291
     0
 70
    58
 90
        2
176
     1
 90
        2
176
     1
 90
        0
176
     1
 90
        0
176
     1
 40
0.6
176
     1
 40
30.0
176
     1
 62
     7
420
 16777215
176
     1
 90
        1
176
     1
 90
        4
176
     1
 62
     7
176
     1
 62
   257
176
     1
 90
        1
176
     1
 90
        1
176
     1
 40
1.0
176
     1
 90
        8
176
     1
 62
     7
176
     1
 40
1.0
176
     1
 90
        1
176
     1
 90
        6
176
     1
 90
        2
176
     1
 62
     7
176
     1
 90
        5
176
     1
 90
        0
176
     1
 90
        0
176
     1
290
     0
176
     1
 90
        1
176
     1
 40
0.0
176
     1
 90
        0
176
     1
290
     0
176
     1
290
     1
176
     1
290
     1
176
     1
290
     0
176
     1
290
     0
176
     1
290
     0
176
     1
290
     0
176
     1
290
     0
176
     1
290
     0
176
     1
 90
       50
176
     1
 40
0.0
176
     1
 40
1.0
176
     1
 90
        0
176
     1
 62
    18
420
        0
176
     1
 90
       50
176
     1
 90
        3
176
     1
 62
     5
420
      255
176
     1
290
     0
176
     1
 90
       50
176
     1
 90
       50
176
     1
 90
       50
176
     1
290
     0
176
     1
 90
       50
176
     1
 62
   256
176
     0
 40
1.0
176
     0
 90
        2
176
     1
  1
strokes_ogs.tif
176
     1
290
     0
176
     1
 40
1.0
176
     1
 40
1.0
176
     1
  0
DICTIONARYVAR
  5
8AC
102
{ACAD_REACTORS
330
8A7
102
}
330
8A7
100
DictionaryVariables
280
     0
  1
1:1
  0
DICTIONARYVAR
  5
8A9
102
{ACAD_REACTORS
330
8A7
102
}
330
8A7
100
DictionaryVariables
280
     0
  1
STANDARD
  0
DICTIONARYVAR
  5
8A8
102
{ACAD_REACTORS
330
8A7
102
}
330
8A7
100
DictionaryVariables
280
     0
  1
STANDARD
  0
DICTIONARYVAR
  5
8AA
102
{ACAD_REACTORS
330
8A7
102
}
330
8A7
100
DictionaryVariables
280
     0
  1
Metric50
  0
DICTIONARYVAR
  5
8AB
102
{ACAD_REACTORS
330
8A7
102
}
330
8A7
100
DictionaryVariables
280
     0
  1
Metric50
  0
DICTIONARYVAR
  5
77C
330
77B
100
DictionaryVariables
280
     0
  1
SMA MUHENDISLIK
  0
DICTIONARY
  5
8CC
330
780
100
AcDbDictionary
280
     1
281
     1
  3
ACAD_ROUNDTRIP_2008_TABLESTYLE_CELLSTYLEMAP
360
8CD
  0
CELLSTYLEMAP
  5
8CD
102
{ACAD_REACTORS
330
8CC
102
}
330
8CC
100
AcDbCellStyleMap
 90
        3
300
CELLSTYLE
  1
TABLEFORMAT_BEGIN
 90
        5
170
     1
 91
        0
 92
    32768
 62
   257
 93
        1
300
CONTENTFORMAT
  1
CONTENTFORMAT_BEGIN
 90
        0
 91
        0
 92
      512
 93
        0
300

 40
0.0
140
1.0
 94
        5
 62
     0
340
29
144
6.0
309
CONTENTFORMAT_END
171
     1
301
MARGIN
  1
CELLMARGIN_BEGIN
 40
1.5
 40
1.5
 40
1.5
 40
1.5
 40
4.5
 40
4.5
309
CELLMARGIN_END
 94
        6
 95
        1
302
GRIDFORMAT
  1
GRIDFORMAT_BEGIN
 90
        0
 91
        1
 62
     0
 92
       -2
340
0
 93
        0
 40
1.125
309
GRIDFORMAT_END
 95
        2
302
GRIDFORMAT
  1
GRIDFORMAT_BEGIN
 90
        0
 91
        1
 62
     0
 92
       -2
340
0
 93
        0
 40
1.125
309
GRIDFORMAT_END
 95
        4
302
GRIDFORMAT
  1
GRIDFORMAT_BEGIN
 90
        0
 91
        1
 62
     0
 92
       -2
340
0
 93
        0
 40
1.125
309
GRIDFORMAT_END
 95
        8
302
GRIDFORMAT
  1
GRIDFORMAT_BEGIN
 90
        0
 91
        1
 62
     0
 92
       -2
340
0
 93
        0
 40
1.125
309
GRIDFORMAT_END
 95
       16
302
GRIDFORMAT
  1
GRIDFORMAT_BEGIN
 90
        0
 91
        1
 62
     0
 92
       -2
340
0
 93
        0
 40
1.125
309
GRIDFORMAT_END
 95
       32
302
GRIDFORMAT
  1
GRIDFORMAT_BEGIN
 90
        0
 91
        1
 62
     0
 92
       -2
340
0
 93
        0
 40
1.125
309
GRIDFORMAT_END
309
TABLEFORMAT_END
  1
CELLSTYLE_BEGIN
 90
        1
 91
        1
300
_TITLE
309
CELLSTYLE_END
300
CELLSTYLE
  1
TABLEFORMAT_BEGIN
 90
        5
170
     1
 91
        0
 92
        0
 62
   257
 93
        1
300
CONTENTFORMAT
  1
CONTENTFORMAT_BEGIN
 90
        0
 91
        0
 92
      512
 93
        0
300

 40
0.0
140
1.0
 94
        5
 62
     0
340
29
144
4.5
309
CONTENTFORMAT_END
171
     1
301
MARGIN
  1
CELLMARGIN_BEGIN
 40
1.5
 40
1.5
 40
1.5
 40
1.5
 40
4.5
 40
4.5
309
CELLMARGIN_END
 94
        6
 95
        1
302
GRIDFORMAT
  1
GRIDFORMAT_BEGIN
 90
        0
 91
        1
 62
     0
 92
       -2
340
0
 93
        0
 40
1.125
309
GRIDFORMAT_END
 95
        2
302
GRIDFORMAT
  1
GRIDFORMAT_BEGIN
 90
        0
 91
        1
 62
     0
 92
       -2
340
0
 93
        0
 40
1.125
309
GRIDFORMAT_END
 95
        4
302
GRIDFORMAT
  1
GRIDFORMAT_BEGIN
 90
        0
 91
        1
 62
     0
 92
       -2
340
0
 93
        0
 40
1.125
309
GRIDFORMAT_END
 95
        8
302
GRIDFORMAT
  1
GRIDFORMAT_BEGIN
 90
        0
 91
        1
 62
     0
 92
       -2
340
0
 93
        0
 40
1.125
309
GRIDFORMAT_END
 95
       16
302
GRIDFORMAT
  1
GRIDFORMAT_BEGIN
 90
        0
 91
        1
 62
     0
 92
       -2
340
0
 93
        0
 40
1.125
309
GRIDFORMAT_END
 95
       32
302
GRIDFORMAT
  1
GRIDFORMAT_BEGIN
 90
        0
 91
        1
 62
     0
 92
       -2
340
0
 93
        0
 40
1.125
309
GRIDFORMAT_END
309
TABLEFORMAT_END
  1
CELLSTYLE_BEGIN
 90
        2
 91
        1
300
_HEADER
309
CELLSTYLE_END
300
CELLSTYLE
  1
TABLEFORMAT_BEGIN
 90
        5
170
     1
 91
        0
 92
        0
 62
   257
 93
        1
300
CONTENTFORMAT
  1
CONTENTFORMAT_BEGIN
 90
        0
 91
        0
 92
      512
 93
        0
300

 40
0.0
140
1.0
 94
        2
 62
     0
340
29
144
4.5
309
CONTENTFORMAT_END
171
     1
301
MARGIN
  1
CELLMARGIN_BEGIN
 40
1.5
 40
1.5
 40
1.5
 40
1.5
 40
4.5
 40
4.5
309
CELLMARGIN_END
 94
        6
 95
        1
302
GRIDFORMAT
  1
GRIDFORMAT_BEGIN
 90
        0
 91
        1
 62
     0
 92
       -2
340
0
 93
        0
 40
1.125
309
GRIDFORMAT_END
 95
        2
302
GRIDFORMAT
  1
GRIDFORMAT_BEGIN
 90
        0
 91
        1
 62
     0
 92
       -2
340
0
 93
        0
 40
1.125
309
GRIDFORMAT_END
 95
        4
302
GRIDFORMAT
  1
GRIDFORMAT_BEGIN
 90
        0
 91
        1
 62
     0
 92
       -2
340
0
 93
        0
 40
1.125
309
GRIDFORMAT_END
 95
        8
302
GRIDFORMAT
  1
GRIDFORMAT_BEGIN
 90
        0
 91
        1
 62
     0
 92
       -2
340
0
 93
        0
 40
1.125
309
GRIDFORMAT_END
 95
       16
302
GRIDFORMAT
  1
GRIDFORMAT_BEGIN
 90
        0
 91
        1
 62
     0
 92
       -2
340
0
 93
        0
 40
1.125
309
GRIDFORMAT_END
 95
       32
302
GRIDFORMAT
  1
GRIDFORMAT_BEGIN
 90
        0
 91
        1
 62
     0
 92
       -2
340
0
 93
        0
 40
1.125
309
GRIDFORMAT_END
309
TABLEFORMAT_END
  1
CELLSTYLE_BEGIN
 90
        3
 91
        2
300
_DATA
309
CELLSTYLE_END
  0
ENDSEC
  0
SECTION
  2
ACDSDATA
 70
     2
 71
     8
  0
ACDSSCHEMA
 90
        0
  1
AcDb_Thumbnail_Schema
  2
AcDbDs::ID
280
    10
 91
        8
  2
Thumbnail_Data
280
    15
 91
        0
101
ACDSRECORD
 95
        0
 90
        1
  2
AcDbDs::TreatedAsObjectData
280
     1
291
     1
101
ACDSRECORD
 95
        0
 90
        2
  2
AcDbDs::Legacy
280
     1
291
     1
101
ACDSRECORD
  1
AcDbDs::ID
 90
        3
  2
AcDs:Indexable
280
     1
291
     1
101
ACDSRECORD
  1
AcDbDs::ID
 90
        4
  2
AcDbDs::HandleAttribute
280
     7
282
     1
  0
ACDSSCHEMA
 90
        1
  1
AcDbDs::TreatedAsObjectDataSchema
  2
AcDbDs::TreatedAsObjectData
280
     1
 91
        0
  0
ACDSSCHEMA
 90
        2
  1
AcDbDs::LegacySchema
  2
AcDbDs::Legacy
280
     1
 91
        0
  0
ACDSSCHEMA
 90
        3
  1
AcDbDs::IndexedPropertySchema
  2
AcDs:Indexable
280
     1
 91
        0
  0
ACDSSCHEMA
 90
        4
  1
AcDbDs::HandleAttributeSchema
  2
AcDbDs::HandleAttribute
280
     7
 91
        1
284
     1
  0
ACDSRECORD
 90
        0
  2
AcDbDs::ID
280
    10
320
1A
  2
Thumbnail_Data
280
    15
 94
     2182
310
89504E470D0A1A0A0000000D49484452000001000000006C0803000000B2ED9CC100000300504C5445212830FFFFFF2128300000000000000000000000000000000000000000000000000000330000660000990000CC0000FF0033000033330033660033990033CC0033FF0066000066330066660066990066CC0066FF0099
310
000099330099660099990099CC0099FF00CC0000CC3300CC6600CC9900CCCC00CCFF00FF0000FF3300FF6600FF9900FFCC00FFFF3300003300333300663300993300CC3300FF3333003333333333663333993333CC3333FF3366003366333366663366993366CC3366FF3399003399333399663399993399CC3399FF33CC00
310
33CC3333CC6633CC9933CCCC33CCFF33FF0033FF3333FF6633FF9933FFCC33FFFF6600006600336600666600996600CC6600FF6633006633336633666633996633CC6633FF6666006666336666666666996666CC6666FF6699006699336699666699996699CC6699FF66CC0066CC3366CC6666CC9966CCCC66CCFF66FF0066
310
FF3366FF6666FF9966FFCC66FFFF9900009900339900669900999900CC9900FF9933009933339933669933999933CC9933FF9966009966339966669966999966CC9966FF9999009999339999669999999999CC9999FF99CC0099CC3399CC6699CC9999CCCC99CCFF99FF0099FF3399FF6699FF9999FFCC99FFFFCC0000CC00
310
33CC0066CC0099CC00CCCC00FFCC3300CC3333CC3366CC3399CC33CCCC33FFCC6600CC6633CC6666CC6699CC66CCCC66FFCC9900CC9933CC9966CC9999CC99CCCC99FFCCCC00CCCC33CCCC66CCCC99CCCCCCCCCCFFCCFF00CCFF33CCFF66CCFF99CCFFCCCCFFFFFF0000FF0033FF0066FF0099FF00CCFF00FFFF3300FF3333
310
FF3366FF3399FF33CCFF33FFFF6600FF6633FF6666FF6699FF66CCFF66FFFF9900FF9933FF9966FF9999FF99CCFF99FFFFCC00FFCC33FFCC66FFCC99FFCCCCFFCCFFFFFF00FFFF33FFFF66FFFF99FFFFCCFFFFFF0000000D0D0D1A1A1A2828283535354343435050505D5D5D6B6B6B787878868686939393A1A1A1AEAEAEBB
310
BBBBC9C9C9D6D6D6E4E4E4F1F1F1FFFFFF0000000000000000000000000000000000000000000000000000000000002E4550F1000003144944415478DAED993172E3300C4579031E436E74FF8E8D3A557B0036EED1B25F00A4485094C6594F66479CF92F4E1CCB76123C0120A8380700000000000000000000000000000000
310
00000000000000000000000000000000E02B52E58B37DAFB8922FD09F4E1713D425F1BFCEF026E9450A10440A44F495C2E32E5A535CE6DDBF448B4026E7EC1C305D8E89B0047F9AB3CDB04B812E7B61CE7BA0A88CBB2E8A1D9049CE26F02286B48BBF74640798FEF05BC45403934810053A8B48E7402F8A52AA0647C2E8C14
310
E5834E25A0FA2610D0B52A1ABBE26A4FB684F727AA806DE337C941CFD1A7E8BB1278131F4B4B72D308A851E6C48F72E425B82A808E9A9796F7CAEF52015E2B25A6A1092E6E1201ED110BE0648E24351E3357026AEFA76E25D57561E0E9028E05AC0A88A5CB9F04A801BE6D992240DB5CDA19B32EE4BB52140FCF804D046C46
310
40FC244014B4B1674423D75A9A620ED852E8056846DB57ACF6C922806A09E858606A408B9F54409A240342F89180D6F4640DF04D4034029273B3F580C00282BB11A0DFACDD80AC02BCDFF2ECC7A739F2CC4394AB810FB4E198E6D80B84F32AD0654013909A001E84B8CEB9EDA900AD0149049FA7C6B1253C5E009576760498
310
977F97FBFD950049019E884B49D0EE77FE199EAE4BE0F9BBC16EE743AE2D032F5DEE4601D17B3A3A5C96B76BA065589E4F40EA33E010205F880D0C02B40A5C5EF9CFD703CC5444B35C0F38F78026C0CBA9CE434FB85BF74DB444C766F2D80D99AB02B35CFB92DDA0F6807595F8B9DB1F918626C06E9E4623B39640995ABA49
310
5F4FFE22B107A23E0392B9206253FDEA3ADAC305D87335FEF1BCE07B9E144A09B89300C9715E11CCD239A3807CE5226501A7F29624500181CC66D964C04EBE8B3214E6CB8041404D810F02FAA6102E0C4C3107980C2817B30ADC0B730FB81350D73B6D95530AA82BD9958094B73ABA61B813D056BB1AFE74197034C1A10492
310
0E0179C3F4B904B85402F1ABA5B1E451600201E6545D0B70C786B108B073000BD8E5B3F6407D3ACCB40AFCF2BFC638FDDF493ECB6D967F115EEAF8259F0E000000000000000000000000000000FC237F0185374A1274CE74970000000049454E44AE426082461E2300D104189F2B6DCFEA803CCAE8A97B1080703407D05A4D
310
FC490EF080F12F005E9D0148AA6D1FB0E303B469EEEE3478DC0E6F1DE07592039B00947B3D07007895D430A625AF9205F2CBA5E59A7F63A4BBE8191DF06AFA4102B02CD6390B60DFB4A369771A57744DE3C700407BDD81FD4C1F02E365F1E480B4DED3E966535FC72CDE1C6DD40E0F36DD7863A49F067379470872AF0B0618
310
80839387C188BE1FC0E53BD275C1D3DA0562BB134BBAD20B9C0108D746E0E459B0FF99C7A794C6C012C78271FA4F5DCB3901A0B57A28804EEE1D9E502440001683E3C140EDE40F01E0017569F29BB89E012025E83C091F5547AC32C9002C02301701800E4E250EE1B10E3801C0EEE262CB0F5E13803F5701C4DA771F57682B
310
A3BB1C40AB9A903BC3C3FAB8056030271A8CFF328000BCEC83B52A3455B70160DFD1BA08209604F4CC007C07208FA37A1BDC0C09CC5E0FD802A8209AD34207D0C9D2BA87E7CB997FE100F36C00070E285F6860ABDB571DB089EB11007A69F0247EB5F602D70100F44A421E7FE7B3EE2A84AE008808540BE0A8178863DEA545
310
81CD9A24868D3F696D76DB11CD01A0BAA10D01743BDEF376B8779F81E65113FB89CD0880DB1C30F9ABB261FD9A1CFFF599B922F20596F9FC9548241289442291482412894422914824128944229148241289442291E8BAFE07387CCB4AAB63265E0000000049454E44AE426082A9542A954AA552A9542A954AA552A954AAFF
310
4B7F00CCC58203DD0B61200000000049454E44AE426082
  0
ENDSEC
  0
EOF
