  0
SECTION
  2
HEADER
  9
$ACADVER
  1
AC1032
  9
$ACADMAINTVER
 90
      427
  9
$DWGCODEPAGE
  3
ANSI_1252
  9
$LASTSAVEDBY
  1
serhat.celik
  9
$REQUIREDVERSIONS
160
                 0
  9
$INSBASE
 10
0.0
 20
0.0
 30
0.0
  9
$EXTMIN
 10
-12.2644273735923
 20
-6.0
 30
0.0
  9
$EXTMAX
 10
72.2173002839789
 20
41.0
 30
0.0
  9
$LIMMIN
 10
0.0
 20
0.0
  9
$LIMMAX
 10
420.0
 20
297.0
  9
$ORTHOMODE
 70
     1
  9
$REGENMODE
 70
     1
  9
$FILLMODE
 70
     1
  9
$QTEXTMODE
 70
     0
  9
$MIRRTEXT
 70
     1
  9
$LTSCALE
 40
0.5
  9
$ATTMODE
 70
     1
  9
$TEXTSIZE
 40
2.5
  9
$TRACEWID
 40
1.0
  9
$TEXTSTYLE
  7
OpenSans
  9
$CLAYER
  8
0
  9
$CELTYPE
  6
ByLayer
  9
$CECOLOR
 62
   256
  9
$CELTSCALE
 40
1.0
  9
$DISPSILH
 70
     0
  9
$DIMSCALE
 40
1.0
  9
$DIMASZ
 40
0.175
  9
$DIMEXO
 40
0.125
  9
$DIMDLI
 40
3.75
  9
$DIMRND
 40
0.0
  9
$DIMDLE
 40
0.0
  9
$DIMEXE
 40
0.375
  9
$DIMTP
 40
0.0
  9
$DIMTM
 40
0.0
  9
$DIMTXT
 40
0.25
  9
$DIMCEN
 40
2.5
  9
$DIMTSZ
 40
0.0
  9
$DIMTOL
 70
     0
  9
$DIMLIM
 70
     0
  9
$DIMTIH
 70
     0
  9
$DIMTOH
 70
     0
  9
$DIMSE1
 70
     0
  9
$DIMSE2
 70
     0
  9
$DIMTAD
 70
     1
  9
$DIMZIN
 70
    12
  9
$DIMBLK
  1
ARCHTICK
  9
$DIMASO
 70
     1
  9
$DIMSHO
 70
     1
  9
$DIMPOST
  1

  9
$DIMAPOST
  1

  9
$DIMALT
 70
     0
  9
$DIMALTD
 70
     3
  9
$DIMALTF
 40
0.03937007874
  9
$DIMLFAC
 40
100.0
  9
$DIMTOFL
 70
     1
  9
$DIMTVP
 40
0.0
  9
$DIMTIX
 70
     0
  9
$DIMSOXD
 70
     0
  9
$DIMSAH
 70
     0
  9
$DIMBLK1
  1

  9
$DIMBLK2
  1

  9
$DIMSTYLE
  2
EZDXF
  9
$DIMCLRD
 70
     0
  9
$DIMCLRE
 70
     0
  9
$DIMCLRT
 70
     0
  9
$DIMTFAC
 40
0.5
  9
$DIMGAP
 40
0.1
  9
$DIMJUST
 70
     0
  9
$DIMSD1
 70
     0
  9
$DIMSD2
 70
     0
  9
$DIMTOLJ
 70
     0
  9
$DIMTZIN
 70
     8
  9
$DIMALTZ
 70
     0
  9
$DIMALTTZ
 70
     0
  9
$DIMUPT
 70
     1
  9
$DIMDEC
 70
     2
  9
$DIMTDEC
 70
     2
  9
$DIMALTU
 70
     2
  9
$DIMALTTD
 70
     3
  9
$DIMTXSTY
  7
OpenSansCondensed-Light
  9
$DIMAUNIT
 70
     0
  9
$DIMADEC
 70
     2
  9
$DIMALTRND
 40
0.0
  9
$DIMAZIN
 70
     3
  9
$DIMDSEP
 70
    46
  9
$DIMATFIT
 70
     3
  9
$DIMFRAC
 70
     0
  9
$DIMLDRBLK
  1

  9
$DIMLUNIT
 70
     2
  9
$DIMLWD
 70
    -2
  9
$DIMLWE
 70
    -2
  9
$DIMTMOVE
 70
     2
  9
$DIMFXL
 40
1.0
  9
$DIMFXLON
 70
     0
  9
$DIMJOGANG
 40
0.785398163397
  9
$DIMTFILL
 70
     0
  9
$DIMTFILLCLR
 70
     0
  9
$DIMARCSYM
 70
     0
  9
$DIMLTYPE
  6

  9
$DIMLTEX1
  6

  9
$DIMLTEX2
  6

  9
$DIMTXTDIRECTION
 70
     0
  9
$LUNITS
 70
     2
  9
$LUPREC
 70
     4
  9
$SKETCHINC
 40
1.0
  9
$FILLETRAD
 40
10.0
  9
$AUNITS
 70
     0
  9
$AUPREC
 70
     2
  9
$MENU
  1
.
  9
$ELEVATION
 40
0.0
  9
$PELEVATION
 40
0.0
  9
$THICKNESS
 40
0.0
  9
$LIMCHECK
 70
     0
  9
$CHAMFERA
 40
0.0
  9
$CHAMFERB
 40
0.0
  9
$CHAMFERC
 40
0.0
  9
$CHAMFERD
 40
0.0
  9
$SKPOLY
 70
     0
  9
$TDCREATE
 40
2458532.278993056
  9
$TDUCREATE
 40
2458532.153996898
  9
$TDUPDATE
 40
2461321.606597222
  9
$TDUUPDATE
 40
2461321.481597222
  9
$TDINDWG
 40
0.1712731481
  9
$TDUSRTIMER
 40
0.1712731481
  9
$USRTIMER
 70
     1
  9
$ANGBASE
 50
0.0
  9
$ANGDIR
 70
     0
  9
$PDMODE
 70
     0
  9
$PDSIZE
 40
0.0
  9
$PLINEWID
 40
0.0
  9
$SPLFRAME
 70
     0
  9
$SPLINETYPE
 70
     6
  9
$SPLINESEGS
 70
     8
  9
$HANDSEED
  5
295
  9
$SURFTAB1
 70
     6
  9
$SURFTAB2
 70
     6
  9
$SURFTYPE
 70
     6
  9
$SURFU
 70
     6
  9
$SURFV
 70
     6
  9
$UCSBASE
  2

  9
$UCSNAME
  2

  9
$UCSORG
 10
0.0
 20
0.0
 30
0.0
  9
$UCSXDIR
 10
1.0
 20
0.0
 30
0.0
  9
$UCSYDIR
 10
0.0
 20
1.0
 30
0.0
  9
$UCSORTHOREF
  2

  9
$UCSORTHOVIEW
 70
     0
  9
$UCSORGTOP
 10
0.0
 20
0.0
 30
0.0
  9
$UCSORGBOTTOM
 10
0.0
 20
0.0
 30
0.0
  9
$UCSORGLEFT
 10
0.0
 20
0.0
 30
0.0
  9
$UCSORGRIGHT
 10
0.0
 20
0.0
 30
0.0
  9
$UCSORGFRONT
 10
0.0
 20
0.0
 30
0.0
  9
$UCSORGBACK
 10
0.0
 20
0.0
 30
0.0
  9
$PUCSBASE
  2

  9
$PUCSNAME
  2

  9
$PUCSORG
 10
0.0
 20
0.0
 30
0.0
  9
$PUCSXDIR
 10
1.0
 20
0.0
 30
0.0
  9
$PUCSYDIR
 10
0.0
 20
1.0
 30
0.0
  9
$PUCSORTHOREF
  2

  9
$PUCSORTHOVIEW
 70
     0
  9
$PUCSORGTOP
 10
0.0
 20
0.0
 30
0.0
  9
$PUCSORGBOTTOM
 10
0.0
 20
0.0
 30
0.0
  9
$PUCSORGLEFT
 10
0.0
 20
0.0
 30
0.0
  9
$PUCSORGRIGHT
 10
0.0
 20
0.0
 30
0.0
  9
$PUCSORGFRONT
 10
0.0
 20
0.0
 30
0.0
  9
$PUCSORGBACK
 10
0.0
 20
0.0
 30
0.0
  9
$USERI1
 70
     0
  9
$USERI2
 70
     0
  9
$USERI3
 70
     0
  9
$USERI4
 70
     0
  9
$USERI5
 70
     0
  9
$USERR1
 40
0.0
  9
$USERR2
 40
0.0
  9
$USERR3
 40
0.0
  9
$USERR4
 40
0.0
  9
$USERR5
 40
0.0
  9
$WORLDVIEW
 70
     1
  9
$SHADEDGE
 70
     3
  9
$SHADEDIF
 70
    70
  9
$TILEMODE
 70
     1
  9
$MAXACTVP
 70
    64
  9
$PINSBASE
 10
0.0
 20
0.0
 30
0.0
  9
$PLIMCHECK
 70
     0
  9
$PEXTMIN
 10
1.000000000000000E+20
 20
1.000000000000000E+20
 30
1.000000000000000E+20
  9
$PEXTMAX
 10
-1.000000000000000E+20
 20
-1.000000000000000E+20
 30
-1.000000000000000E+20
  9
$PLIMMIN
 10
0.0
 20
0.0
  9
$PLIMMAX
 10
420.0
 20
297.0
  9
$UNITMODE
 70
     0
  9
$VISRETAIN
 70
     1
  9
$PLINEGEN
 70
     0
  9
$PSLTSCALE
 70
     1
  9
$TREEDEPTH
 70
  3020
  9
$CMLSTYLE
  2
Standard
  9
$CMLJUST
 70
     0
  9
$CMLSCALE
 40
20.0
  9
$PROXYGRAPHICS
 70
     1
  9
$MEASUREMENT
 70
     1
  9
$CELWEIGHT
370
    -1
  9
$ENDCAPS
280
     0
  9
$JOINSTYLE
280
     0
  9
$LWDISPLAY
290
     0
  9
$INSUNITS
 70
     6
  9
$HYPERLINKBASE
  1

  9
$STYLESHEET
  1

  9
$XEDIT
290
     1
  9
$CEPSNTYPE
380
     0
  9
$PSTYLEMODE
290
     1
  9
$FINGERPRINTGUID
  2
{FA36C568-F3AA-43D5-8F36-406423C6945F}
  9
$VERSIONGUID
  2
{87CE7D45-F295-284D-8864-6FB138A8128F}
  9
$EXTNAMES
290
     1
  9
$PSVPSCALE
 40
0.0
  9
$OLESTARTUP
290
     0
  9
$SORTENTS
280
   127
  9
$INDEXCTL
280
     0
  9
$HIDETEXT
280
     1
  9
$XCLIPFRAME
280
     1
  9
$HALOGAP
280
     0
  9
$OBSCOLOR
 70
   257
  9
$OBSLTYPE
280
     0
  9
$INTERSECTIONDISPLAY
280
     0
  9
$INTERSECTIONCOLOR
 70
   257
  9
$DIMASSOC
280
     2
  9
$PROJECTNAME
  1

  9
$CAMERADISPLAY
290
     0
  9
$LENSLENGTH
 40
50.0
  9
$CAMERAHEIGHT
 40
0.0
  9
$STEPSPERSEC
 40
24.0
  9
$STEPSIZE
 40
100.0
  9
$3DDWFPREC
 40
2.0
  9
$PSOLWIDTH
 40
0.005
  9
$PSOLHEIGHT
 40
0.08
  9
$LOFTANG1
 40
1.570796326795
  9
$LOFTANG2
 40
1.570796326795
  9
$LOFTMAG1
 40
0.0
  9
$LOFTMAG2
 40
0.0
  9
$LOFTPARAM
 70
     7
  9
$LOFTNORMALS
280
     1
  9
$LATITUDE
 40
37.795
  9
$LONGITUDE
 40
-122.394
  9
$NORTHDIRECTION
 40
0.0
  9
$TIMEZONE
 70
 -8000
  9
$LIGHTGLYPHDISPLAY
280
     1
  9
$TILEMODELIGHTSYNCH
280
     1
  9
$CMATERIAL
347
20
  9
$SOLIDHIST
280
     0
  9
$SHOWHIST
280
     1
  9
$DWFFRAME
280
     2
  9
$DGNFRAME
280
     2
  9
$REALWORLDSCALE
290
     1
  9
$INTERFERECOLOR
 62
   256
  9
$INTERFEREOBJVS
345
6B
  9
$INTERFEREVPVS
346
71
  9
$CSHADOW
280
     0
  9
$SHADOWPLANELOCATION
 40
0.0
  0
ENDSEC
  0
SECTION
  2
CLASSES
  0
CLASS
  1
ACDBDICTIONARYWDFLT
  2
AcDbDictionaryWithDefault
  3
ObjectDBX Classes
 90
        0
 91
        1
280
     0
281
     0
  0
CLASS
  1
SUN
  2
AcDbSun
  3
SCENEOE
 90
     1153
 91
        0
280
     0
281
     0
  0
CLASS
  1
VISUALSTYLE
  2
AcDbVisualStyle
  3
ObjectDBX Classes
 90
     4095
 91
       25
280
     0
281
     0
  0
CLASS
  1
MATERIAL
  2
AcDbMaterial
  3
ObjectDBX Classes
 90
     1153
 91
        3
280
     0
281
     0
  0
CLASS
  1
SCALE
  2
AcDbScale
  3
ObjectDBX Classes
 90
     1153
 91
       17
280
     0
281
     0
  0
CLASS
  1
TABLESTYLE
  2
AcDbTableStyle
  3
ObjectDBX Classes
 90
     4095
 91
        1
280
     0
281
     0
  0
CLASS
  1
MLEADERSTYLE
  2
AcDbMLeaderStyle
  3
ACDB_MLEADERSTYLE_CLASS
 90
     4095
 91
        1
280
     0
281
     0
  0
CLASS
  1
DICTIONARYVAR
  2
AcDbDictionaryVar
  3
ObjectDBX Classes
 90
        0
 91
       22
280
     0
281
     0
  0
CLASS
  1
CELLSTYLEMAP
  2
AcDbCellStyleMap
  3
ObjectDBX Classes
 90
     1152
 91
       11
280
     0
281
     0
  0
CLASS
  1
MENTALRAYRENDERSETTINGS
  2
AcDbMentalRayRenderSettings
  3
SCENEOE
 90
     1024
 91
        0
280
     0
281
     0
  0
CLASS
  1
ACDBDETAILVIEWSTYLE
  2
AcDbDetailViewStyle
  3
ObjectDBX Classes
 90
     1025
 91
        1
280
     0
281
     0
  0
CLASS
  1
ACDBSECTIONVIEWSTYLE
  2
AcDbSectionViewStyle
  3
ObjectDBX Classes
 90
     1025
 91
        1
280
     0
281
     0
  0
CLASS
  1
RASTERVARIABLES
  2
AcDbRasterVariables
  3
ISM
 90
        0
 91
        0
280
     0
281
     0
  0
CLASS
  1
SORTENTSTABLE
  2
AcDbSortentsTable
  3
ObjectDBX Classes
 90
        0
 91
        4
280
     0
281
     0
  0
ENDSEC
  0
SECTION
  2
TABLES
  0
TABLE
  2
VPORT
  5
8
330
0
100
AcDbSymbolTable
 70
     1
  0
VPORT
  5
23
330
8
100
AcDbSymbolTableRecord
100
AcDbViewportTableRecord
  2
*Active
 70
     0
 10
0.0
 20
0.0
 11
1.0
 21
1.0
 12
35.78309010069124
 22
25.53881963299478
 13
0.0
 23
0.0
 14
0.5
 24
0.5
 15
0.5
 25
0.5
 16
0.0
 26
0.0
 36
1.0
 17
0.0
 27
0.0
 37
0.0
 40
15.12467862584117
 41
2.351715686274509
 42
50.0
 43
0.0
 44
0.0
 50
0.0
 51
0.0
 71
     0
 72
  1000
 73
     1
 74
     3
 75
     0
 76
     0
 77
     0
 78
     0
281
     0
 65
     0
110
0.0
120
0.0
130
0.0
111
1.0
121
0.0
131
0.0
112
0.0
122
1.0
132
0.0
 79
     0
146
0.0
348
5A
 60
     3
 61
     5
292
     1
282
     1
141
0.0
142
0.0
 63
   250
421
  3355443
1001
ACAD_NAV_VCDISPLAY
1070
     3
  0
ENDTAB
  0
TABLE
  2
LTYPE
  5
2
330
0
100
AcDbSymbolTable
 70
    21
  0
LTYPE
  5
24
330
2
100
AcDbSymbolTableRecord
100
AcDbLinetypeTableRecord
  2
ByBlock
 70
     0
  3

 72
    65
 73
     0
 40
0.0
  0
LTYPE
  5
25
330
2
100
AcDbSymbolTableRecord
100
AcDbLinetypeTableRecord
  2
ByLayer
 70
     0
  3

 72
    65
 73
     0
 40
0.0
  0
LTYPE
  5
26
330
2
100
AcDbSymbolTableRecord
100
AcDbLinetypeTableRecord
  2
Continuous
 70
     0
  3

 72
    65
 73
     0
 40
0.0
  0
LTYPE
  5
2F
330
2
100
AcDbSymbolTableRecord
100
AcDbLinetypeTableRecord
  2
CENTER
 70
     0
  3
Center ____ _ ____ _ ____ _ ____ _ ____ _ ____
 72
    65
 73
     4
 40
5.08
 49
3.174999999999999
 74
     0
 49
-0.635
 74
     0
 49
0.635
 74
     0
 49
-0.635
 74
     0
  0
LTYPE
  5
30
330
2
100
AcDbSymbolTableRecord
100
AcDbLinetypeTableRecord
  2
CENTERX2
 70
     0
  3
Center (2x) ________  __  ________  __  ________
 72
    65
 73
     4
 40
8.89
 49
6.349999999999999
 74
     0
 49
-0.635
 74
     0
 49
1.27
 74
     0
 49
-0.635
 74
     0
  0
LTYPE
  5
31
330
2
100
AcDbSymbolTableRecord
100
AcDbLinetypeTableRecord
  2
CENTER2
 70
     0
  3
Center (.5x) ____ _ ____ _ ____ _ ____ _ ____
 72
    65
 73
     4
 40
2.54
 49
1.586999999999999
 74
     0
 49
-0.318
 74
     0
 49
0.318
 74
     0
 49
-0.318
 74
     0
  0
LTYPE
  5
32
330
2
100
AcDbSymbolTableRecord
100
AcDbLinetypeTableRecord
  2
DASHED
 70
     0
  3
Dashed __ __ __ __ __ __ __ __ __ __ __ __ __ _
 72
    65
 73
     2
 40
1.524
 49
1.27
 74
     0
 49
-0.254
 74
     0
  0
LTYPE
  5
33
330
2
100
AcDbSymbolTableRecord
100
AcDbLinetypeTableRecord
  2
DASHEDX2
 70
     0
  3
Dashed (2x) ____  ____  ____  ____  ____  ____
 72
    65
 73
     2
 40
3.048
 49
2.54
 74
     0
 49
-0.508
 74
     0
  0
LTYPE
  5
34
330
2
100
AcDbSymbolTableRecord
100
AcDbLinetypeTableRecord
  2
DASHED2
 70
     0
  3
Dashed (.5x) _ _ _ _ _ _ _ _ _ _ _ _ _ _
 72
    65
 73
     2
 40
0.762
 49
0.635
 74
     0
 49
-0.127
 74
     0
  0
LTYPE
  5
35
330
2
100
AcDbSymbolTableRecord
100
AcDbLinetypeTableRecord
  2
PHANTOM
 70
     0
  3
Phantom ______  __  __  ______  __  __  ______
 72
    65
 73
     6
 40
6.349999999999999
 49
3.174999999999999
 74
     0
 49
-0.635
 74
     0
 49
0.635
 74
     0
 49
-0.635
 74
     0
 49
0.635
 74
     0
 49
-0.635
 74
     0
  0
LTYPE
  5
36
330
2
100
AcDbSymbolTableRecord
100
AcDbLinetypeTableRecord
  2
PHANTOMX2
 70
     0
  3
Phantom (2x)____________    ____    ____    ____________
 72
    65
 73
     6
 40
10.795
 49
6.349999999999999
 74
     0
 49
-0.635
 74
     0
 49
1.27
 74
     0
 49
-0.635
 74
     0
 49
1.27
 74
     0
 49
-0.635
 74
     0
  0
LTYPE
  5
37
330
2
100
AcDbSymbolTableRecord
100
AcDbLinetypeTableRecord
  2
PHANTOM2
 70
     0
  3
Phantom (.5x) ___ _ _ ___ _ _ ___ _ _ ___ _ _ ___
 72
    65
 73
     6
 40
3.174999999999999
 49
1.586999999999999
 74
     0
 49
-0.318
 74
     0
 49
0.318
 74
     0
 49
-0.318
 74
     0
 49
0.318
 74
     0
 49
-0.318
 74
     0
  0
LTYPE
  5
38
330
2
100
AcDbSymbolTableRecord
100
AcDbLinetypeTableRecord
  2
DASHDOT
 70
     0
  3
Dash dot __ . __ . __ . __ . __ . __ . __ . __
 72
    65
 73
     4
 40
3.556
 49
2.54
 74
     0
 49
-0.508
 74
     0
 49
0.0
 74
     0
 49
-0.508
 74
     0
  0
LTYPE
  5
39
330
2
100
AcDbSymbolTableRecord
100
AcDbLinetypeTableRecord
  2
DASHDOTX2
 70
     0
  3
Dash dot (2x) ____  .  ____  .  ____  .  ____
 72
    65
 73
     4
 40
6.096
 49
5.08
 74
     0
 49
-0.508
 74
     0
 49
0.0
 74
     0
 49
-0.508
 74
     0
  0
LTYPE
  5
3A
330
2
100
AcDbSymbolTableRecord
100
AcDbLinetypeTableRecord
  2
DASHDOT2
 70
     0
  3
Dash dot (.5x) _ . _ . _ . _ . _ . _ . _ . _
 72
    65
 73
     4
 40
1.778
 49
1.27
 74
     0
 49
-0.254
 74
     0
 49
0.0
 74
     0
 49
-0.254
 74
     0
  0
LTYPE
  5
3B
330
2
100
AcDbSymbolTableRecord
100
AcDbLinetypeTableRecord
  2
DOT
 70
     0
  3
Dot .  .  .  .  .  .  .  .  .  .  .  .  .  .  .  .
 72
    65
 73
     2
 40
0.508
 49
0.0
 74
     0
 49
-0.508
 74
     0
  0
LTYPE
  5
3C
330
2
100
AcDbSymbolTableRecord
100
AcDbLinetypeTableRecord
  2
DOTX2
 70
     0
  3
Dot (2x) .    .    .    .    .    .    .    . 
 72
    65
 73
     2
 40
1.016
 49
0.0
 74
     0
 49
-1.016
 74
     0
  0
LTYPE
  5
3D
330
2
100
AcDbSymbolTableRecord
100
AcDbLinetypeTableRecord
  2
DOT2
 70
     0
  3
Dot (.5) . . . . . . . . . . . . . . . . . . . 
 72
    65
 73
     2
 40
0.254
 49
0.0
 74
     0
 49
-0.254
 74
     0
  0
LTYPE
  5
3E
330
2
100
AcDbSymbolTableRecord
100
AcDbLinetypeTableRecord
  2
DIVIDE
 70
     0
  3
Divide __ . . __ . . __ . . __ . . __ . . __
 72
    65
 73
     6
 40
4.064
 49
2.54
 74
     0
 49
-0.508
 74
     0
 49
0.0
 74
     0
 49
-0.508
 74
     0
 49
0.0
 74
     0
 49
-0.508
 74
     0
  0
LTYPE
  5
3F
330
2
100
AcDbSymbolTableRecord
100
AcDbLinetypeTableRecord
  2
DIVIDEX2
 70
     0
  3
Divide (2x) ____  . .  ____  . .  ____  . .  ____
 72
    65
 73
     6
 40
6.604
 49
5.08
 74
     0
 49
-0.508
 74
     0
 49
0.0
 74
     0
 49
-0.508
 74
     0
 49
0.0
 74
     0
 49
-0.508
 74
     0
  0
LTYPE
  5
40
330
2
100
AcDbSymbolTableRecord
100
AcDbLinetypeTableRecord
  2
DIVIDE2
 70
     0
  3
Divide(.5x) _ . _ . _ . _ . _ . _ . _ . _
 72
    65
 73
     6
 40
2.032
 49
1.27
 74
     0
 49
-0.254
 74
     0
 49
0.0
 74
     0
 49
-0.254
 74
     0
 49
0.0
 74
     0
 49
-0.254
 74
     0
  0
ENDTAB
  0
TABLE
  2
LAYER
  5
1
102
{ACAD_XDICTIONARY
360
208
102
}
330
0
100
AcDbSymbolTable
 70
    17
  0
LAYER
  5
27
330
1
100
AcDbSymbolTableRecord
100
AcDbLayerTableRecord
  2
0
 70
     0
 62
     7
  6
Continuous
370
    -3
390
13
347
21
348
0
  0
LAYER
  5
28
330
1
100
AcDbSymbolTableRecord
100
AcDbLayerTableRecord
  2
Defpoints
 70
     0
 62
     7
  6
Continuous
290
     0
370
    -3
390
13
347
21
348
0
  0
LAYER
  5
8B
330
1
100
AcDbSymbolTableRecord
100
AcDbLayerTableRecord
  2
SINIR-YOL
 70
     0
 62
     8
  6
DASHED
370
    -3
390
13
347
21
348
0
  0
LAYER
  5
8C
330
1
100
AcDbSymbolTableRecord
100
AcDbLayerTableRecord
  2
BINA
 70
     0
 62
     7
  6
Continuous
370
    -3
390
13
347
21
348
0
  0
LAYER
  5
8D
330
1
100
AcDbSymbolTableRecord
100
AcDbLayerTableRecord
  2
KANOPI
 70
     0
 62
     4
  6
DASHED
370
    -3
390
13
347
21
348
0
  0
LAYER
  5
8E
330
1
100
AcDbSymbolTableRecord
100
AcDbLayerTableRecord
  2
POMPA-ADASI
 70
     0
 62
     3
  6
Continuous
370
    -3
390
13
347
21
348
0
  0
LAYER
  5
8F
330
1
100
AcDbSymbolTableRecord
100
AcDbLayerTableRecord
  2
LPG-SAHA
 70
     0
 62
     1
  6
Continuous
370
    -3
390
13
347
21
348
0
  0
LAYER
  5
90
330
1
100
AcDbSymbolTableRecord
100
AcDbLayerTableRecord
  2
LPG-TANK
 70
     0
 62
     1
  6
DASHED2
370
    -3
390
13
347
21
348
0
  0
LAYER
  5
91
330
1
100
AcDbSymbolTableRecord
100
AcDbLayerTableRecord
  2
LPG-HAT
 70
     0
 62
     6
  6
Continuous
370
    -3
390
13
347
21
348
0
  0
LAYER
  5
92
330
1
100
AcDbSymbolTableRecord
100
AcDbLayerTableRecord
  2
KK-ANOT
 70
     0
 62
    30
  6
Continuous
370
    -3
390
13
347
21
348
0
  0
LAYER
  5
93
330
1
100
AcDbSymbolTableRecord
100
AcDbLayerTableRecord
  2
KK-KABLO
 70
     0
 62
     5
  6
DASHED2
370
    -3
390
13
347
21
348
0
  0
LAYER
  5
94
330
1
100
AcDbSymbolTableRecord
100
AcDbLayerTableRecord
  2
KK-OLCUM
 70
     0
 62
     2
  6
Continuous
370
    -3
390
13
347
21
348
0
  0
LAYER
  5
95
330
1
100
AcDbSymbolTableRecord
100
AcDbLayerTableRecord
  2
KK-IZOLASYON
 70
     0
 62
   140
  6
Continuous
370
    -3
390
13
347
21
348
0
  0
LAYER
  5
96
330
1
100
AcDbSymbolTableRecord
100
AcDbLayerTableRecord
  2
OLCU
 70
     0
 62
     9
  6
Continuous
370
    -3
390
13
347
21
348
0
  0
LAYER
  5
97
330
1
100
AcDbSymbolTableRecord
100
AcDbLayerTableRecord
  2
YAZI
 70
     0
 62
     7
  6
Continuous
370
    -3
390
13
347
21
348
0
  0
LAYER
  5
98
330
1
100
AcDbSymbolTableRecord
100
AcDbLayerTableRecord
  2
PAFTA
 70
     0
 62
     7
  6
Continuous
370
    -3
390
13
347
21
348
0
  0
LAYER
  5
99
330
1
100
AcDbSymbolTableRecord
100
AcDbLayerTableRecord
  2
TEYIT
 70
     0
 62
    11
  6
Continuous
370
    -3
390
13
347
21
348
0
  0
ENDTAB
  0
TABLE
  2
STYLE
  5
5
330
0
100
AcDbSymbolTable
 70
    27
  0
STYLE
  5
29
330
5
100
AcDbSymbolTableRecord
100
AcDbTextStyleTableRecord
  2
Standard
 70
     0
 40
0.0
 41
1.0
 50
0.0
 71
     0
 42
2.5
  3
txt
  4

  0
STYLE
  5
41
330
5
100
AcDbSymbolTableRecord
100
AcDbTextStyleTableRecord
  2
OpenSans-Light
 70
     0
 40
0.0
 41
1.0
 50
0.0
 71
     0
 42
2.5
  3
OpenSans-Light.ttf
  4

  0
STYLE
  5
42
330
5
100
AcDbSymbolTableRecord
100
AcDbTextStyleTableRecord
  2
OpenSans-Light-Italic
 70
     0
 40
0.0
 41
1.0
 50
0.0
 71
     0
 42
2.5
  3
OpenSans-LightItalic.ttf
  4

  0
STYLE
  5
43
330
5
100
AcDbSymbolTableRecord
100
AcDbTextStyleTableRecord
  2
OpenSans
 70
     0
 40
0.0
 41
1.0
 50
0.0
 71
     0
 42
2.5
  3
OpenSans-Regular.ttf
  4

  0
STYLE
  5
44
330
5
100
AcDbSymbolTableRecord
100
AcDbTextStyleTableRecord
  2
OpenSans-Italic
 70
     0
 40
0.0
 41
1.0
 50
0.0
 71
     0
 42
2.5
  3
OpenSans-Italic.ttf
  4

  0
STYLE
  5
45
330
5
100
AcDbSymbolTableRecord
100
AcDbTextStyleTableRecord
  2
OpenSans-SemiBold
 70
     0
 40
0.0
 41
1.0
 50
0.0
 71
     0
 42
2.5
  3
OpenSans-SemiBold.ttf
  4

  0
STYLE
  5
46
330
5
100
AcDbSymbolTableRecord
100
AcDbTextStyleTableRecord
  2
OpenSans-SemiBoldItalic
 70
     0
 40
0.0
 41
1.0
 50
0.0
 71
     0
 42
2.5
  3
OpenSans-SemiBoldItalic.ttf
  4

  0
STYLE
  5
47
330
5
100
AcDbSymbolTableRecord
100
AcDbTextStyleTableRecord
  2
OpenSans-Bold
 70
     0
 40
0.0
 41
1.0
 50
0.0
 71
     0
 42
2.5
  3
OpenSans-Bold.ttf
  4

  0
STYLE
  5
48
330
5
100
AcDbSymbolTableRecord
100
AcDbTextStyleTableRecord
  2
OpenSans-BoldItalic
 70
     0
 40
0.0
 41
1.0
 50
0.0
 71
     0
 42
2.5
  3
OpenSans-BoldItalic.ttf
  4

  0
STYLE
  5
49
330
5
100
AcDbSymbolTableRecord
100
AcDbTextStyleTableRecord
  2
OpenSans-ExtraBold
 70
     0
 40
0.0
 41
1.0
 50
0.0
 71
     0
 42
2.5
  3
OpenSans-ExtraBold.ttf
  4

  0
STYLE
  5
4A
330
5
100
AcDbSymbolTableRecord
100
AcDbTextStyleTableRecord
  2
OpenSans-ExtraBoldItalic
 70
     0
 40
0.0
 41
1.0
 50
0.0
 71
     0
 42
2.5
  3
OpenSans-ExtraBoldItalic.ttf
  4

  0
STYLE
  5
4B
330
5
100
AcDbSymbolTableRecord
100
AcDbTextStyleTableRecord
  2
OpenSansCondensed-Bold
 70
     0
 40
0.0
 41
1.0
 50
0.0
 71
     0
 42
2.5
  3
OpenSansCondensed-Bold.ttf
  4

  0
STYLE
  5
4C
330
5
100
AcDbSymbolTableRecord
100
AcDbTextStyleTableRecord
  2
OpenSansCondensed-Light
 70
     0
 40
0.0
 41
1.0
 50
0.0
 71
     0
 42
2.5
  3
OpenSansCondensed-Light.ttf
  4

  0
STYLE
  5
4D
330
5
100
AcDbSymbolTableRecord
100
AcDbTextStyleTableRecord
  2
OpenSansCondensed-Italic
 70
     0
 40
0.0
 41
1.0
 50
0.0
 71
     0
 42
2.5
  3
OpenSansCondensed-LightItalic.ttf
  4

  0
STYLE
  5
4E
330
5
100
AcDbSymbolTableRecord
100
AcDbTextStyleTableRecord
  2
LiberationSans
 70
     0
 40
0.0
 41
1.0
 50
0.0
 71
     0
 42
2.5
  3
LiberationSans-Regular.ttf
  4

1001
ACAD
1000
Liberation Sans
1071
       34
  0
STYLE
  5
4F
330
5
100
AcDbSymbolTableRecord
100
AcDbTextStyleTableRecord
  2
LiberationSans-Bold
 70
     0
 40
0.0
 41
1.0
 50
0.0
 71
     0
 42
2.5
  3
LiberationSans-Bold.ttf
  4

1001
ACAD
1000
Liberation Sans
1071
 33554466
  0
STYLE
  5
50
330
5
100
AcDbSymbolTableRecord
100
AcDbTextStyleTableRecord
  2
LiberationSans-BoldItalic
 70
     0
 40
0.0
 41
1.0
 50
0.0
 71
     0
 42
2.5
  3
LiberationSans-BoldItalic.ttf
  4

1001
ACAD
1000
Liberation Sans
1071
 50331682
  0
STYLE
  5
51
330
5
100
AcDbSymbolTableRecord
100
AcDbTextStyleTableRecord
  2
LiberationSans-Italic
 70
     0
 40
0.0
 41
1.0
 50
0.0
 71
     0
 42
2.5
  3
LiberationSans-Italic.ttf
  4

1001
ACAD
1000
Liberation Sans
1071
 16777250
  0
STYLE
  5
52
330
5
100
AcDbSymbolTableRecord
100
AcDbTextStyleTableRecord
  2
LiberationSerif
 70
     0
 40
0.0
 41
1.0
 50
0.0
 71
     0
 42
2.5
  3
LiberationSerif-Regular.ttf
  4

  0
STYLE
  5
53
330
5
100
AcDbSymbolTableRecord
100
AcDbTextStyleTableRecord
  2
LiberationSerif-Bold
 70
     0
 40
0.0
 41
1.0
 50
0.0
 71
     0
 42
2.5
  3
LiberationSerif-Bold.ttf
  4

  0
STYLE
  5
54
330
5
100
AcDbSymbolTableRecord
100
AcDbTextStyleTableRecord
  2
LiberationSerif-BoldItalic
 70
     0
 40
0.0
 41
1.0
 50
0.0
 71
     0
 42
2.5
  3
LiberationSerif-BoldItalic.ttf
  4

  0
STYLE
  5
55
330
5
100
AcDbSymbolTableRecord
100
AcDbTextStyleTableRecord
  2
LiberationSerif-Italic
 70
     0
 40
0.0
 41
1.0
 50
0.0
 71
     0
 42
2.5
  3
LiberationSerif-Italic.ttf
  4

  0
STYLE
  5
56
330
5
100
AcDbSymbolTableRecord
100
AcDbTextStyleTableRecord
  2
LiberationMono
 70
     0
 40
0.0
 41
1.0
 50
0.0
 71
     0
 42
2.5
  3
LiberationMono-Regular.ttf
  4

  0
STYLE
  5
57
330
5
100
AcDbSymbolTableRecord
100
AcDbTextStyleTableRecord
  2
LiberationMono-Bold
 70
     0
 40
0.0
 41
1.0
 50
0.0
 71
     0
 42
2.5
  3
LiberationMono-Bold.ttf
  4

  0
STYLE
  5
58
330
5
100
AcDbSymbolTableRecord
100
AcDbTextStyleTableRecord
  2
LiberationMono-BoldItalic
 70
     0
 40
0.0
 41
1.0
 50
0.0
 71
     0
 42
2.5
  3
LiberationMono-BoldItalic.ttf
  4

  0
STYLE
  5
59
330
5
100
AcDbSymbolTableRecord
100
AcDbTextStyleTableRecord
  2
LiberationMono-Italic
 70
     0
 40
0.0
 41
1.0
 50
0.0
 71
     0
 42
2.5
  3
LiberationMono-Italic.ttf
  4

  0
STYLE
  5
8A
330
5
100
AcDbSymbolTableRecord
100
AcDbTextStyleTableRecord
  2
TR
 70
     0
 40
0.0
 41
1.0
 50
0.0
 71
     0
 42
2.5
  3
arial.ttf
  4

1001
ACAD
1000
Arial
1071
       34
  0
ENDTAB
  0
TABLE
  2
VIEW
  5
7
330
0
100
AcDbSymbolTable
 70
    12
  0
ENDTAB
  0
TABLE
  2
UCS
  5
6
330
0
100
AcDbSymbolTable
 70
     0
  0
ENDTAB
  0
TABLE
  2
APPID
  5
3
330
0
100
AcDbSymbolTable
 70
     5
  0
APPID
  5
2A
330
3
100
AcDbSymbolTableRecord
100
AcDbRegAppTableRecord
  2
ACAD
 70
     0
  0
APPID
  5
19B
330
3
100
AcDbSymbolTableRecord
100
AcDbRegAppTableRecord
  2
HATCHBACKGROUNDCOLOR
 70
     0
  0
APPID
  5
19C
330
3
100
AcDbSymbolTableRecord
100
AcDbRegAppTableRecord
  2
EZDXF
 70
     0
  0
APPID
  5
1BF
330
3
100
AcDbSymbolTableRecord
100
AcDbRegAppTableRecord
  2
ACAD_NAV_VCDISPLAY
 70
     0
  0
APPID
  5
1CD
330
3
100
AcDbSymbolTableRecord
100
AcDbRegAppTableRecord
  2
ACAD_EXEMPT_FROM_CAD_STANDARDS
 70
     0
  0
ENDTAB
  0
TABLE
  2
DIMSTYLE
  5
4
330
0
100
AcDbSymbolTable
 70
    13
100
AcDbDimStyleTable
 71
     1
340
73
  0
DIMSTYLE
105
2B
330
4
100
AcDbSymbolTableRecord
100
AcDbDimStyleTableRecord
  2
Standard
 70
     0
 41
2.5
 42
0.625
 43
3.75
 44
1.25
 49
2.5
 73
     0
 74
     0
 77
     1
 78
     8
 79
     3
140
2.5
141
2.5
143
0.03937007874
147
0.625
171
     3
172
     1
179
     2
271
     2
272
     2
274
     3
278
    44
283
     0
284
     8
  0
DIMSTYLE
105
73
102
{ACAD_REACTORS
330
E0
330
EF
102
}
330
4
100
AcDbSymbolTableRecord
100
AcDbDimStyleTableRecord
  2
EZDXF
 70
     0
 41
0.175
 42
0.125
 43
3.75
 44
0.375
 49
2.5
 73
     0
 74
     0
 77
     1
 78
    12
 79
     3
140
0.25
141
2.5
143
0.03937007874
144
100.0
146
0.5
147
0.1
171
     3
172
     1
179
     2
271
     2
272
     2
274
     3
279
     2
283
     0
284
     8
288
     1
340
4C
342
74
  0
DIMSTYLE
105
7C
330
4
100
AcDbSymbolTableRecord
100
AcDbDimStyleTableRecord
  2
EZ_M_100_H25_CM
 70
     0
 41
0.25
 42
0.125
 43
3.75
 44
0.375
 49
2.5
 73
     0
 74
     0
 77
     1
 78
    12
 79
     3
140
0.25
141
2.5
142
0.125
143
0.03937007874
144
100.0
146
0.5
147
0.1
171
     3
172
     1
179
     2
271
     2
272
     2
274
     3
279
     2
283
     0
284
     8
288
     1
340
4C
  0
DIMSTYLE
105
7D
330
4
100
AcDbSymbolTableRecord
100
AcDbDimStyleTableRecord
  2
EZ_M_50_H25_CM
 70
     0
 41
0.125
 43
3.75
 44
0.1875
 49
2.5
 73
     0
 74
     0
 77
     1
 78
    12
 79
     3
140
0.125
141
2.5
142
0.0625
143
0.03937007874
144
100.0
146
0.5
147
0.05
171
     3
172
     1
179
     2
271
     2
272
     2
274
     3
279
     2
283
     0
284
     8
288
     1
340
4C
  0
DIMSTYLE
105
7E
330
4
100
AcDbSymbolTableRecord
100
AcDbDimStyleTableRecord
  2
EZ_M_25_H25_CM
 70
     0
 41
0.0625
 42
0.03125
 43
3.75
 44
0.09375
 49
2.5
 73
     0
 74
     0
 77
     1
 78
    12
 79
     3
140
0.0625
141
2.5
142
0.03125
143
0.03937007874
144
100.0
146
0.5
147
0.025
171
     3
172
     1
179
     2
271
     2
272
     2
274
     3
279
     2
283
     0
284
     8
288
     1
340
4C
  0
DIMSTYLE
105
7F
330
4
100
AcDbSymbolTableRecord
100
AcDbDimStyleTableRecord
  2
EZ_M_20_H25_CM
 70
     0
 41
0.05
 42
0.025
 43
3.75
 44
0.075
 49
2.5
 73
     0
 74
     0
 77
     1
 78
    12
 79
     3
140
0.05
141
2.5
142
0.025
143
0.03937007874
144
100.0
146
0.5
147
0.02
171
     3
172
     1
179
     2
271
     2
272
     2
274
     3
279
     2
283
     0
284
     8
288
     1
340
4C
  0
DIMSTYLE
105
80
330
4
100
AcDbSymbolTableRecord
100
AcDbDimStyleTableRecord
  2
EZ_M_10_H25_CM
 70
     0
 41
0.025
 42
0.0125
 43
3.75
 44
0.0375
 49
2.5
 73
     0
 74
     0
 77
     1
 78
    12
 79
     3
140
0.025
141
2.5
142
0.0125
143
0.03937007874
144
100.0
146
0.5
147
0.01
171
     3
172
     1
179
     2
271
     2
272
     2
274
     3
279
     2
283
     0
284
     8
288
     1
340
4C
  0
DIMSTYLE
105
81
330
4
100
AcDbSymbolTableRecord
100
AcDbDimStyleTableRecord
  2
EZ_M_5_H25_CM
 70
     0
 41
0.0125
 42
0.00625
 43
3.75
 44
0.01875
 49
2.5
 73
     0
 74
     0
 77
     1
 78
    12
 79
     3
140
0.0125
141
2.5
142
0.00625
143
0.03937007874
144
100.0
146
0.5
147
0.005
171
     3
172
     1
179
     2
271
     2
272
     2
274
     3
279
     2
283
     0
284
     8
288
     1
340
4C
  0
DIMSTYLE
105
82
330
4
100
AcDbSymbolTableRecord
100
AcDbDimStyleTableRecord
  2
EZ_M_1_H25_CM
 70
     0
 41
0.0025
 42
0.00125
 43
3.75
 44
0.00375
 49
2.5
 73
     0
 74
     0
 77
     1
 78
    12
 79
     3
140
0.0025
141
2.5
142
0.00125
143
0.03937007874
144
100.0
146
0.5
147
0.001
171
     3
172
     1
179
     2
271
     2
272
     2
274
     3
279
     2
283
     0
284
     8
288
     1
340
4C
  0
DIMSTYLE
105
83
330
4
100
AcDbSymbolTableRecord
100
AcDbDimStyleTableRecord
  2
EZ_RADIUS
 70
     0
 41
0.25
 42
0.125
 43
3.75
 44
0.375
 49
2.5
 73
     0
 74
     0
 77
     1
 78
    12
 79
     3
140
0.25
141
0.0
143
0.03937007874
144
100.0
146
0.5
147
0.1
171
     3
179
     2
271
     2
272
     2
274
     3
279
     1
283
     0
284
     8
288
     1
340
4C
342
84
  0
DIMSTYLE
105
88
330
4
100
AcDbSymbolTableRecord
100
AcDbDimStyleTableRecord
  2
EZ_RADIUS_INSIDE
 70
     0
 41
0.25
 42
0.125
 43
3.75
 44
0.375
 49
2.5
 73
     0
 74
     0
 78
    12
 79
     3
140
0.25
141
0.0
143
0.03937007874
144
100.0
146
0.5
147
0.1
171
     3
174
     1
179
     2
271
     2
272
     2
274
     3
283
     0
284
     8
288
     1
289
     0
340
4C
342
84
  0
DIMSTYLE
105
89
330
4
100
AcDbSymbolTableRecord
100
AcDbDimStyleTableRecord
  2
EZ_CURVED
 70
     0
 41
0.25
 42
0.125
 43
3.75
 44
0.375
 49
2.5
 73
     0
 74
     0
 77
     1
 78
    12
 79
     2
 90
        2
140
0.25
141
2.5
143
0.03937007874
144
100.0
146
0.5
147
0.1
171
     3
172
     1
179
     2
271
     2
272
     2
274
     3
279
     2
283
     0
284
     8
288
     1
340
4C
  0
ENDTAB
  0
TABLE
  2
BLOCK_RECORD
  5
9
330
0
100
AcDbSymbolTable
 70
    14
  0
BLOCK_RECORD
  5
17
102
{ACAD_XDICTIONARY
360
200
102
}
330
9
100
AcDbSymbolTableRecord
100
AcDbBlockTableRecord
  2
*Model_Space
340
1A
 70
     0
280
     1
281
     0
  0
BLOCK_RECORD
  5
1B
330
9
100
AcDbSymbolTableRecord
100
AcDbBlockTableRecord
  2
*Paper_Space
340
1E
 70
     0
280
     1
281
     0
  0
BLOCK_RECORD
  5
74
330
9
100
AcDbSymbolTableRecord
100
AcDbBlockTableRecord
  2
_ARCHTICK
340
0
102
{BLKREFS
331
D7
331
E6
331
F5
331
F7
331
B0
331
B2
331
D9
331
E8
331
104
331
106
331
1DC
331
1DD
102
}
 70
     0
280
     1
281
     0
  0
BLOCK_RECORD
  5
78
330
9
100
AcDbSymbolTableRecord
100
AcDbBlockTableRecord
  2
_CLOSEDFILLED
340
0
 70
     0
280
     1
281
     0
  0
BLOCK_RECORD
  5
84
330
9
100
AcDbSymbolTableRecord
100
AcDbBlockTableRecord
  2
_CLOSEDBLANK
340
0
 70
     0
280
     1
281
     0
  0
BLOCK_RECORD
  5
AB
330
9
100
AcDbSymbolTableRecord
100
AcDbBlockTableRecord
  2
*D3
340
0
 70
     0
280
     1
281
     0
  0
BLOCK_RECORD
  5
D2
330
9
100
AcDbSymbolTableRecord
100
AcDbBlockTableRecord
  2
*D4
340
0
 70
     0
280
     1
281
     0
  0
BLOCK_RECORD
  5
E1
330
9
100
AcDbSymbolTableRecord
100
AcDbBlockTableRecord
  2
*D5
340
0
 70
     0
280
     1
281
     0
  0
BLOCK_RECORD
  5
F0
330
9
100
AcDbSymbolTableRecord
100
AcDbBlockTableRecord
  2
*D6
340
0
 70
     0
280
     1
281
     0
  0
BLOCK_RECORD
  5
FF
330
9
100
AcDbSymbolTableRecord
100
AcDbBlockTableRecord
  2
*D7
340
0
 70
     0
280
     1
281
     0
  0
BLOCK_RECORD
  5
1D5
330
9
100
AcDbSymbolTableRecord
100
AcDbBlockTableRecord
  2
*D8
340
0
 70
     0
280
     1
281
     0
  0
ENDTAB
  0
ENDSEC
  0
SECTION
  2
BLOCKS
  0
BLOCK
  5
18
330
17
100
AcDbEntity
  8
0
100
AcDbBlockBegin
  2
*Model_Space
 70
     0
 10
0.0
 20
0.0
 30
0.0
  3
*Model_Space
  1

  0
ENDBLK
  5
19
330
17
100
AcDbEntity
  8
0
100
AcDbBlockEnd
  0
BLOCK
  5
1C
330
1B
100
AcDbEntity
 67
     1
  8
0
100
AcDbBlockBegin
  2
*Paper_Space
 70
     0
 10
0.0
 20
0.0
 30
0.0
  3
*Paper_Space
  1

  0
ENDBLK
  5
1D
330
1B
100
AcDbEntity
 67
     1
  8
0
100
AcDbBlockEnd
  0
BLOCK
  5
75
330
74
100
AcDbEntity
  8
0
100
AcDbBlockBegin
  2
_ARCHTICK
 70
     0
 10
0.0
 20
0.0
 30
0.0
  3
_ARCHTICK
  1

  0
LWPOLYLINE
  5
77
330
74
100
AcDbEntity
  8
0
  6
ByBlock
 62
     0
100
AcDbPolyline
 90
        2
 70
     0
 43
0.15
 10
-0.5
 20
-0.5
 10
0.5
 20
0.5
  0
ENDBLK
  5
76
330
74
100
AcDbEntity
  8
0
100
AcDbBlockEnd
  0
BLOCK
  5
79
330
78
100
AcDbEntity
  8
0
100
AcDbBlockBegin
  2
_CLOSEDFILLED
 70
     0
 10
0.0
 20
0.0
 30
0.0
  3
_CLOSEDFILLED
  1

  0
SOLID
  5
7B
330
78
100
AcDbEntity
  8
0
  6
ByBlock
 62
     0
100
AcDbTrace
 10
-1.0
 20
0.1643989837240253
 30
0.0
 11
0.0
 21
0.0
 31
0.0
 12
-1.0
 22
-0.1643989837240253
 32
0.0
 13
-1.0
 23
-0.1643989837240253
 33
0.0
  0
ENDBLK
  5
7A
330
78
100
AcDbEntity
  8
0
100
AcDbBlockEnd
  0
BLOCK
  5
85
330
84
100
AcDbEntity
  8
0
100
AcDbBlockBegin
  2
_CLOSEDBLANK
 70
     0
 10
0.0
 20
0.0
 30
0.0
  3
_CLOSEDBLANK
  1

  0
LWPOLYLINE
  5
87
330
84
100
AcDbEntity
  8
0
  6
ByBlock
 62
     0
100
AcDbPolyline
 90
        3
 70
     1
 43
0.0
 10
-1.0
 20
0.1643989837240253
 10
0.0
 20
0.0
 10
-1.0
 20
-0.1643989837240253
  0
ENDBLK
  5
86
330
84
100
AcDbEntity
  8
0
100
AcDbBlockEnd
  0
BLOCK
  5
AC
330
AB
100
AcDbEntity
  8
0
100
AcDbBlockBegin
  2
*D3
 70
     1
 10
0.0
 20
0.0
 30
0.0
  3
*D3
  1

  0
LINE
  5
AE
330
AB
100
AcDbEntity
  8
0
440
 16777216
100
AcDbLine
 10
17.78915524898245
 20
6.199410217660799
 30
0.0
 11
17.71866436736843
 21
6.845576632455996
 31
0.0
  0
LINE
  5
AF
330
AB
100
AcDbEntity
  8
0
440
 16777216
100
AcDbLine
 10
23.28915524898246
 20
6.7994102176608
 30
0.0
 11
23.21866436736844
 21
7.445576632455997
 31
0.0
  0
INSERT
  5
B0
330
AB
100
AcDbEntity
  8
OLCU
440
 16777216
100
AcDbBlockReference
  2
_ARCHTICK
 10
17.73493149389475
 20
6.696461305964795
 30
0.0
 41
0.25
 42
0.25
 50
186.2258290644257
  0
INSERT
  5
B2
330
AB
100
AcDbEntity
  8
OLCU
440
 16777216
100
AcDbBlockReference
  2
_ARCHTICK
 10
23.23493149389475
 20
7.296461305964797
 30
0.0
 41
0.25
 42
0.25
 50
6.225829064425772
  0
LINE
  5
B4
330
AB
100
AcDbEntity
  8
0
440
 16777216
100
AcDbLine
 10
17.73493149389475
 20
6.696461305964795
 30
0.0
 11
23.23493149389475
 21
7.296461305964797
 31
0.0
  0
MTEXT
  5
B5
330
AB
100
AcDbEntity
  8
OLCU
440
 16777216
100
AcDbMText
 10
20.4599885665544
 20
7.225104806584635
 30
0.0
 40
0.3
 41
0.0
 46
0.0
 71
     5
 72
     5
  1
7.00 (kroki)
  7
OpenSansCondensed-Light
 11
0.9941021766079947
 21
0.1084475101754177
 31
0.0
 73
     1
 44
1.0
  0
POINT
  5
B6
330
AB
100
AcDbEntity
  8
Defpoints
440
 16777216
100
AcDbPoint
 10
17.73493149389475
 20
6.696461305964795
 30
0.0
  0
POINT
  5
B7
330
AB
100
AcDbEntity
  8
Defpoints
440
 16777216
100
AcDbPoint
 10
17.8
 20
6.099999999999999
 30
0.0
  0
POINT
  5
B8
330
AB
100
AcDbEntity
  8
Defpoints
440
 16777216
100
AcDbPoint
 10
23.3
 20
6.7
 30
0.0
  0
ENDBLK
  5
AD
330
AB
100
AcDbEntity
  8
0
100
AcDbBlockEnd
  0
BLOCK
  5
D3
330
D2
100
AcDbEntity
  8
0
100
AcDbBlockBegin
  2
*D4
 70
     1
 10
0.0
 20
0.0
 30
0.0
  3
*D4
  1

  0
LINE
  5
D5
330
D2
100
AcDbEntity
  8
0
440
 16777216
100
AcDbLine
 10
26.3
 20
11.1
 30
0.0
 11
26.3
 21
11.55
 31
0.0
  0
LINE
  5
D6
330
D2
100
AcDbEntity
  8
0
440
 16777216
100
AcDbLine
 10
32.3
 20
11.1
 30
0.0
 11
32.3
 21
11.55
 31
0.0
  0
INSERT
  5
D7
330
D2
100
AcDbEntity
  8
OLCU
440
 16777216
100
AcDbBlockReference
  2
_ARCHTICK
 10
26.3
 20
11.4
 30
0.0
 41
0.25
 42
0.25
 50
180.0
  0
INSERT
  5
D9
330
D2
100
AcDbEntity
  8
OLCU
440
 16777216
100
AcDbBlockReference
  2
_ARCHTICK
 10
32.3
 20
11.4
 30
0.0
 41
0.25
 42
0.25
  0
LINE
  5
DB
330
D2
100
AcDbEntity
  8
0
440
 16777216
100
AcDbLine
 10
26.3
 20
11.4
 30
0.0
 11
32.3
 21
11.4
 31
0.0
  0
MTEXT
  5
DC
330
D2
100
AcDbEntity
  8
OLCU
440
 16777216
100
AcDbMText
 10
29.3
 20
11.63
 30
0.0
 40
0.3
 41
0.0
 46
0.0
 71
     5
 72
     5
  1
6.00
  7
OpenSansCondensed-Light
 73
     1
 44
1.0
  0
POINT
  5
DD
330
D2
100
AcDbEntity
  8
Defpoints
440
 16777216
100
AcDbPoint
 10
26.3
 20
11.4
 30
0.0
  0
POINT
  5
DE
330
D2
100
AcDbEntity
  8
Defpoints
440
 16777216
100
AcDbPoint
 10
26.3
 20
11.0
 30
0.0
  0
POINT
  5
DF
330
D2
100
AcDbEntity
  8
Defpoints
440
 16777216
100
AcDbPoint
 10
32.3
 20
11.0
 30
0.0
  0
ENDBLK
  5
D4
330
D2
100
AcDbEntity
  8
0
100
AcDbBlockEnd
  0
BLOCK
  5
E2
330
E1
100
AcDbEntity
  8
0
100
AcDbBlockBegin
  2
*D5
 70
     1
 10
0.0
 20
0.0
 30
0.0
  3
*D5
  1

  0
LINE
  5
E4
330
E1
100
AcDbEntity
  8
0
440
 16777216
100
AcDbLine
 10
32.20000000000001
 20
11.0
 30
0.0
 11
31.65
 21
11.0
 31
0.0
  0
LINE
  5
E5
330
E1
100
AcDbEntity
  8
0
440
 16777216
100
AcDbLine
 10
32.20000000000001
 20
7.0
 30
0.0
 11
31.65
 21
7.0
 31
0.0
  0
INSERT
  5
E6
330
E1
100
AcDbEntity
  8
OLCU
440
 16777216
100
AcDbBlockReference
  2
_ARCHTICK
 10
31.8
 20
11.0
 30
0.0
 41
0.25
 42
0.25
 50
90.0
  0
INSERT
  5
E8
330
E1
100
AcDbEntity
  8
OLCU
440
 16777216
100
AcDbBlockReference
  2
_ARCHTICK
 10
31.8
 20
7.0
 30
0.0
 41
0.25
 42
0.25
 50
270.0
  0
LINE
  5
EA
330
E1
100
AcDbEntity
  8
0
440
 16777216
100
AcDbLine
 10
31.8
 20
11.0
 30
0.0
 11
31.8
 21
7.0
 31
0.0
  0
MTEXT
  5
EB
330
E1
100
AcDbEntity
  8
OLCU
440
 16777216
100
AcDbMText
 10
32.02999999999999
 20
9.0
 30
0.0
 40
0.3
 41
0.0
 46
0.0
 71
     5
 72
     5
  1
4.00
  7
OpenSansCondensed-Light
 11
0.0000000000000001
 21
-1.0
 31
0.0
 73
     1
 44
1.0
  0
POINT
  5
EC
330
E1
100
AcDbEntity
  8
Defpoints
440
 16777216
100
AcDbPoint
 10
31.8
 20
11.0
 30
0.0
  0
POINT
  5
ED
330
E1
100
AcDbEntity
  8
Defpoints
440
 16777216
100
AcDbPoint
 10
32.3
 20
11.0
 30
0.0
  0
POINT
  5
EE
330
E1
100
AcDbEntity
  8
Defpoints
440
 16777216
100
AcDbPoint
 10
32.3
 20
7.0
 30
0.0
  0
ENDBLK
  5
E3
330
E1
100
AcDbEntity
  8
0
100
AcDbBlockEnd
  0
BLOCK
  5
F1
330
F0
100
AcDbEntity
  8
0
100
AcDbBlockBegin
  2
*D6
 70
     1
 10
0.0
 20
0.0
 30
0.0
  3
*D6
  1

  0
LINE
  5
F3
330
F0
100
AcDbEntity
  8
0
440
 16777216
100
AcDbLine
 10
32.22928932188134
 20
7.070710678118655
 30
0.0
 11
31.9110912703474
 21
7.388908729652599
 31
0.0
  0
LINE
  5
F4
330
F0
100
AcDbEntity
  8
0
440
 16777216
100
AcDbLine
 10
31.38076118445749
 20
6.222182540694797
 30
0.0
 11
31.06256313292355
 21
6.540380592228746
 31
0.0
  0
INSERT
  5
F5
330
F0
100
AcDbEntity
  8
OLCU
440
 16777216
100
AcDbBlockReference
  2
_ARCHTICK
 10
32.01715728752538
 20
7.282842712474617
 30
0.0
 41
0.25
 42
0.25
 50
45.00000000000006
  0
INSERT
  5
F7
330
F0
100
AcDbEntity
  8
OLCU
440
 16777216
100
AcDbBlockReference
  2
_ARCHTICK
 10
31.16862915010152
 20
6.434314575050763
 30
0.0
 41
0.25
 42
0.25
 50
225.0
  0
LINE
  5
F9
330
F0
100
AcDbEntity
  8
0
440
 16777216
100
AcDbLine
 10
32.01715728752538
 20
7.282842712474617
 30
0.0
 11
31.16862915010152
 21
6.434314575050763
 31
0.0
  0
MTEXT
  5
FA
330
F0
100
AcDbEntity
  8
OLCU
440
 16777216
100
AcDbMText
 10
31.86159379566434
 20
6.589878066911802
 30
0.0
 40
0.3
 41
0.0
 46
0.0
 71
     5
 72
     5
  1
1.20
  7
OpenSansCondensed-Light
 11
-0.7071067811865469
 21
-0.7071067811865483
 31
0.0
 73
     1
 44
1.0
  0
POINT
  5
FB
330
F0
100
AcDbEntity
  8
Defpoints
440
 16777216
100
AcDbPoint
 10
32.01715728752538
 20
7.282842712474617
 30
0.0
  0
POINT
  5
FC
330
F0
100
AcDbEntity
  8
Defpoints
440
 16777216
100
AcDbPoint
 10
32.3
 20
7.0
 30
0.0
  0
POINT
  5
FD
330
F0
100
AcDbEntity
  8
Defpoints
440
 16777216
100
AcDbPoint
 10
31.45147186257615
 20
6.151471862576142
 30
0.0
  0
ENDBLK
  5
F2
330
F0
100
AcDbEntity
  8
0
100
AcDbBlockEnd
  0
BLOCK
  5
100
330
FF
100
AcDbEntity
  8
0
100
AcDbBlockBegin
  2
*D7
 70
     1
 10
0.0
 20
0.0
 30
0.0
  3
*D7
  1

  0
LINE
  5
102
330
FF
100
AcDbEntity
  8
0
440
 16777216
100
AcDbLine
 10
26.3
 20
6.051471862576142
 30
0.0
 11
26.3
 21
5.101471862576141
 31
0.0
  0
LINE
  5
103
330
FF
100
AcDbEntity
  8
0
440
 16777216
100
AcDbLine
 10
31.45147186257615
 20
6.051471862576142
 30
0.0
 11
31.45147186257615
 21
5.101471862576141
 31
0.0
  0
INSERT
  5
104
330
FF
100
AcDbEntity
  8
OLCU
440
 16777216
100
AcDbBlockReference
  2
_ARCHTICK
 10
26.3
 20
5.251471862576143
 30
0.0
 41
0.25
 42
0.25
 50
180.0
  0
INSERT
  5
106
330
FF
100
AcDbEntity
  8
OLCU
440
 16777216
100
AcDbBlockReference
  2
_ARCHTICK
 10
31.45147186257615
 20
5.251471862576143
 30
0.0
 41
0.25
 42
0.25
  0
LINE
  5
108
330
FF
100
AcDbEntity
  8
0
440
 16777216
100
AcDbLine
 10
26.3
 20
5.251471862576143
 30
0.0
 11
31.45147186257615
 21
5.251471862576143
 31
0.0
  0
MTEXT
  5
109
330
FF
100
AcDbEntity
  8
OLCU
440
 16777216
100
AcDbMText
 10
28.87573593128807
 20
5.481471862576143
 30
0.0
 40
0.3
 41
0.0
 46
0.0
 71
     5
 72
     5
  1
5.15
  7
OpenSansCondensed-Light
 73
     1
 44
1.0
  0
POINT
  5
10A
330
FF
100
AcDbEntity
  8
Defpoints
440
 16777216
100
AcDbPoint
 10
26.3
 20
5.251471862576143
 30
0.0
  0
POINT
  5
10B
330
FF
100
AcDbEntity
  8
Defpoints
440
 16777216
100
AcDbPoint
 10
26.3
 20
6.151471862576142
 30
0.0
  0
POINT
  5
10C
330
FF
100
AcDbEntity
  8
Defpoints
440
 16777216
100
AcDbPoint
 10
31.45147186257615
 20
6.151471862576142
 30
0.0
  0
ENDBLK
  5
101
330
FF
100
AcDbEntity
  8
0
100
AcDbBlockEnd
  0
BLOCK
  5
1D6
330
1D5
100
AcDbEntity
  8
0
100
AcDbBlockBegin
  2
*D8
 70
     1
 10
0.0
 20
0.0
 30
0.0
  3
*D8
  1

  0
LINE
  5
1D8
330
1D5
100
AcDbEntity
  8
0
 62
     0
440
 16777216
370
    -2
100
AcDbLine
 10
41.89175012622583
 20
27.68812354438753
 30
0.0
 11
39.62355751311772
 21
27.68812354438752
 31
0.0
  0
LINE
  5
1D9
330
1D5
100
AcDbEntity
  8
0
 62
     0
440
 16777216
370
    -2
100
AcDbLine
 10
41.88323570075228
 20
27.94446309836987
 30
0.0
 11
39.62355751311772
 21
27.94446309836986
 31
0.0
  0
LINE
  5
1DA
330
1D5
100
AcDbEntity
  8
0
 62
     0
440
 16777216
370
    -2
100
AcDbLine
 10
39.99855751311772
 20
27.68812354438752
 30
0.0
 11
39.99855751311772
 21
27.94446309836986
 31
0.0
  0
MTEXT
  5
1DB
330
1D5
100
AcDbEntity
  8
0
 62
     0
440
 16777216
100
AcDbMText
 10
39.9985575131177
 20
27.58763151018684
 30
0.0
 40
0.25
 41
0.0
 46
0.0
 71
     5
 72
     1
  1
25.63
  7
OpenSansCondensed-Light
 11
0.0000000000000001
 21
1.0
 31
0.0
 73
     1
 44
1.0
  0
INSERT
  5
1DC
330
1D5
100
AcDbEntity
  8
0
 62
     0
440
 16777216
370
    -2
100
AcDbBlockReference
  2
_ARCHTICK
 10
39.99855751311772
 20
27.68812354438752
 30
0.0
 41
0.175
 42
0.175
 43
0.175
 50
270.0
  0
INSERT
  5
1DD
330
1D5
100
AcDbEntity
  8
0
 62
     0
440
 16777216
370
    -2
100
AcDbBlockReference
  2
_ARCHTICK
 10
39.99855751311772
 20
27.94446309836986
 30
0.0
 41
0.175
 42
0.175
 43
0.175
 50
90.0
  0
POINT
  5
1DE
330
1D5
100
AcDbEntity
  8
Defpoints
 62
     0
440
 16777216
100
AcDbPoint
 10
42.01675012622582
 20
27.68812354438753
 30
0.0
  0
POINT
  5
1DF
330
1D5
100
AcDbEntity
  8
Defpoints
 62
     0
440
 16777216
100
AcDbPoint
 10
42.00823570075228
 20
27.94446309836987
 30
0.0
  0
POINT
  5
1E0
330
1D5
100
AcDbEntity
  8
Defpoints
 62
     0
440
 16777216
100
AcDbPoint
 10
39.99855751311772
 20
27.94446309836986
 30
0.0
  0
ENDBLK
  5
1D7
330
1D5
100
AcDbEntity
  8
0
100
AcDbBlockEnd
  0
ENDSEC
  0
SECTION
  2
ENTITIES
  0
LWPOLYLINE
  5
9A
330
17
100
AcDbEntity
  8
SINIR-YOL
100
AcDbPolyline
 90
        2
 70
     0
 43
0.0
 10
31.9
 20
35.76
 10
38.3
 20
36.6
  0
LWPOLYLINE
  5
9B
330
17
100
AcDbEntity
  8
SINIR-YOL
100
AcDbPolyline
 90
        4
 70
     0
 43
0.0
 10
32.9
 20
35.5
 10
33.2
 20
31.8
 10
35.8
 20
25.0
 10
37.7
 20
20.4
  0
LWPOLYLINE
  5
9C
330
17
100
AcDbEntity
  8
SINIR-YOL
100
AcDbPolyline
 90
        4
 70
     0
 43
0.0
 10
31.8
 20
33.9
 10
34.0
 20
29.4
 10
36.0
 20
24.2
 10
37.4
 20
20.6
  0
LWPOLYLINE
  5
9D
330
17
100
AcDbEntity
  8
SINIR-YOL
100
AcDbPolyline
 90
        3
 70
     0
 43
0.0
 10
37.76
 20
20.1
 10
37.7
 20
11.0
 10
37.56
 20
1.7
  0
LWPOLYLINE
  5
9E
330
17
100
AcDbEntity
  8
SINIR-YOL
100
AcDbPolyline
 90
        5
 70
     0
 43
0.0
 10
-3.328473603968634
 20
1.084419201206856
 10
18.0
 20
1.399999999999999
 10
25.0
 20
0.9
 10
30.0
 20
0.4
 10
36.0
 20
0.1
  0
LWPOLYLINE
  5
9F
330
17
100
AcDbEntity
  8
SINIR-YOL
100
AcDbPolyline
 90
        2
 70
     0
 43
0.0
 10
34.70000000000001
 20
0.4
 10
37.6
 20
2.0
  0
LWPOLYLINE
  5
A2
330
17
100
AcDbEntity
  8
BINA
100
AcDbPolyline
 90
        6
 70
     1
 43
0.0
 10
7.837052565342855
 20
28.20603148846498
 10
22.43705256534286
 20
29.26603148846498
 10
22.43705256534286
 20
31.76603148846498
 10
21.53705256534285
 20
32.42603148846498
 10
16.13705256534285
 20
31.86603148846498
 10
11.83705256534285
 20
30.36603148846498
  0
LWPOLYLINE
  5
A8
330
17
100
AcDbEntity
  8
BINA
100
AcDbPolyline
 90
        2
 70
     0
 43
0.0
 10
17.8
 20
6.099999999999999
 10
17.63344481605351
 20
3.601672240802675
  0
TEXT
  5
A9
330
17
100
AcDbEntity
  8
BINA
100
AcDbText
 10
6.932513112314113
 20
4.775
 30
0.0
 40
0.45
  1
MARKET 
  7
TR
 72
     1
 11
8.329631120499652
 21
5.0
 31
0.0
100
AcDbText
 73
     2
  0
LWPOLYLINE
  5
B9
330
17
100
AcDbEntity
  8
TEYIT
100
AcDbPolyline
 90
        4
 70
     1
 43
0.0
 10
34.3
 20
12.3
 10
36.4
 20
12.3
 10
36.4
 20
17.5
 10
34.3
 20
17.5
  0
LWPOLYLINE
  5
BA
330
17
100
AcDbEntity
  8
TEYIT
100
AcDbPolyline
 90
        2
 70
     0
 43
0.0
 10
34.1
 20
16.6
 10
36.8
 20
16.6
  0
TEXT
  5
BB
330
17
100
AcDbEntity
  8
TEYIT
100
AcDbText
 10
33.96773533424284
 20
18.05
 30
0.0
 40
0.3
  1
ARAÇ YIKAMA
  7
TR
 72
     1
 11
35.4
 21
18.2
 31
0.0
100
AcDbText
 73
     2
  0
LWPOLYLINE
  5
BC
330
17
100
AcDbEntity
  8
POMPA-ADASI
100
AcDbPolyline
 90
        4
 70
     1
 43
0.0
 10
5.599999999999999
 20
23.69
 10
11.6
 20
23.69
 10
11.6
 20
25.19
 10
5.599999999999999
 20
25.19
  0
LWPOLYLINE
  5
BD
330
17
100
AcDbEntity
  8
POMPA-ADASI
100
AcDbPolyline
 90
        4
 70
     1
 43
0.0
 10
6.5
 20
24.14
 10
7.5
 20
24.14
 10
7.5
 20
24.74
 10
6.5
 20
24.74
  0
LWPOLYLINE
  5
BE
330
17
100
AcDbEntity
  8
POMPA-ADASI
100
AcDbPolyline
 90
        4
 70
     1
 43
0.0
 10
9.699999999999999
 20
24.14
 10
10.7
 20
24.14
 10
10.7
 20
24.74
 10
9.699999999999999
 20
24.74
  0
TEXT
  5
BF
330
17
100
AcDbEntity
  8
POMPA-ADASI
100
AcDbText
 10
5.625716234652114
 20
25.36500000000001
 30
0.0
 40
0.35
  1
ADA-1  BENZİN/MOTORİN
  7
TR
 72
     1
 11
8.599999999999999
 21
25.54000000000001
 31
0.0
100
AcDbText
 73
     2
  0
LWPOLYLINE
  5
C0
330
17
100
AcDbEntity
  8
POMPA-ADASI
100
AcDbPolyline
 90
        4
 70
     1
 43
0.0
 10
17.44
 20
23.25
 10
23.44
 20
23.25
 10
23.44
 20
24.75
 10
17.44
 20
24.75
  0
LWPOLYLINE
  5
C1
330
17
100
AcDbEntity
  8
POMPA-ADASI
100
AcDbPolyline
 90
        4
 70
     1
 43
0.0
 10
18.34
 20
23.7
 10
19.34
 20
23.7
 10
19.34
 20
24.3
 10
18.34
 20
24.3
  0
LWPOLYLINE
  5
C2
330
17
100
AcDbEntity
  8
POMPA-ADASI
100
AcDbPolyline
 90
        4
 70
     1
 43
0.0
 10
21.54000000000001
 20
23.7
 10
22.54000000000001
 20
23.7
 10
22.54000000000001
 20
24.3
 10
21.54000000000001
 20
24.3
  0
TEXT
  5
C3
330
17
100
AcDbEntity
  8
POMPA-ADASI
100
AcDbText
 10
17.46571623465212
 20
24.925
 30
0.0
 40
0.35
  1
ADA-2  BENZİN/MOTORİN
  7
TR
 72
     1
 11
20.44
 21
25.1
 31
0.0
100
AcDbText
 73
     2
  0
LWPOLYLINE
  5
C4
330
17
100
AcDbEntity
  8
POMPA-ADASI
100
AcDbPolyline
 90
        4
 70
     1
 43
0.0
 10
6.74
 20
13.81
 10
12.74
 20
13.81
 10
12.74
 20
15.31
 10
6.74
 20
15.31
  0
LWPOLYLINE
  5
C5
330
17
100
AcDbEntity
  8
POMPA-ADASI
100
AcDbPolyline
 90
        4
 70
     1
 43
0.0
 10
7.640000000000001
 20
14.26
 10
8.64
 20
14.26
 10
8.64
 20
14.86
 10
7.640000000000001
 20
14.86
  0
LWPOLYLINE
  5
C6
330
17
100
AcDbEntity
  8
POMPA-ADASI
100
AcDbPolyline
 90
        4
 70
     1
 43
0.0
 10
10.84
 20
14.26
 10
11.84
 20
14.26
 10
11.84
 20
14.86
 10
10.84
 20
14.86
  0
TEXT
  5
C7
330
17
100
AcDbEntity
  8
POMPA-ADASI
100
AcDbText
 10
6.765716234652114
 20
15.485
 30
0.0
 40
0.35
  1
ADA-3  BENZİN/MOTORİN
  7
TR
 72
     1
 11
9.74
 21
15.66
 31
0.0
100
AcDbText
 73
     2
  0
LWPOLYLINE
  5
C8
330
17
100
AcDbEntity
  8
POMPA-ADASI
100
AcDbPolyline
 90
        4
 70
     1
 43
0.0
 10
16.84
 20
13.65
 10
22.84
 20
13.65
 10
22.84
 20
15.15
 10
16.84
 20
15.15
  0
LWPOLYLINE
  5
C9
330
17
100
AcDbEntity
  8
POMPA-ADASI
100
AcDbPolyline
 90
        4
 70
     1
 43
0.0
 10
17.74
 20
14.1
 10
18.74
 20
14.1
 10
18.74
 20
14.7
 10
17.74
 20
14.7
  0
LWPOLYLINE
  5
CA
330
17
100
AcDbEntity
  8
POMPA-ADASI
100
AcDbPolyline
 90
        4
 70
     1
 43
0.0
 10
20.94
 20
14.1
 10
21.94
 20
14.1
 10
21.94
 20
14.7
 10
20.94
 20
14.7
  0
TEXT
  5
CB
330
17
100
AcDbEntity
  8
POMPA-ADASI
100
AcDbText
 10
16.94653137789904
 20
15.325
 30
0.0
 40
0.35
  1
ADA-4  LPG DİSPENSERİ
  7
TR
 72
     1
 11
19.84
 21
15.5
 31
0.0
100
AcDbText
 73
     2
  0
LWPOLYLINE
  5
CC
330
17
100
AcDbEntity
  8
KANOPI
100
AcDbPolyline
 90
        4
 70
     1
 43
0.0
 10
3.6
 20
11.9
 10
25.44
 20
11.9
 10
25.44
 20
28.44
 10
3.6
 20
28.44
  0
LWPOLYLINE
  5
CE
330
17
100
AcDbEntity
  8
LPG-SAHA
100
AcDbPolyline
 90
        5
 70
     1
 43
0.0
 10
26.3
 20
11.0
 10
32.3
 20
11.0
 10
32.3
 20
7.0
 10
31.45147186257615
 20
6.151471862576142
 10
26.3
 20
6.151471862576142
  0
LWPOLYLINE
  5
CF
330
17
100
AcDbEntity
  8
LPG-SAHA
100
AcDbPolyline
 90
        5
 70
     1
 43
0.0
 10
26.45
 20
10.85
 10
32.15
 20
10.85
 10
32.15
 20
7.0
 10
31.45147186257615
 20
6.301471862576142
 10
26.45
 20
6.301471862576142
  0
TEXT
  5
D0
330
17
100
AcDbEntity
  8
LPG-SAHA
100
AcDbText
 10
27.14303766118968
 20
12.53819057383862
 30
0.0
 40
0.35
  1
LPG TANK SAHASI
  7
TR
 72
     1
 11
29.31680983035749
 21
12.71319057383862
 31
0.0
100
AcDbText
 73
     2
  0
DIMENSION
  5
E0
330
17
100
AcDbEntity
  8
OLCU
100
AcDbDimension
280
     0
  2
*D5
 10
31.8
 20
11.0
 30
0.0
 11
32.02999999999999
 21
9.0
 31
0.0
 70
    32
  1
4.00
 71
     5
 42
-1.0
 73
     0
 74
     0
 75
     0
  3
EZDXF
100
AcDbAlignedDimension
 13
32.3
 23
11.0
 33
0.0
 14
32.3
 24
7.0
 34
0.0
 50
-90.0
100
AcDbRotatedDimension
1001
ACAD
1000
DSTYLE
1002
{
1070
   140
1040
0.3
1070
    41
1040
0.25
1070
   271
1070
     2
1070
    44
1040
0.15
1070
    42
1040
0.1
1070
   147
1040
0.08
1002
}
  0
DIMENSION
  5
EF
330
17
100
AcDbEntity
  8
OLCU
100
AcDbDimension
280
     0
  2
*D6
 10
32.01715728752538
 20
7.282842712474617
 30
0.0
 11
31.86159379566434
 21
6.589878066911802
 31
0.0
 70
    32
  1
1.20
 71
     5
 42
-1.0
 73
     0
 74
     0
 75
     0
  3
EZDXF
100
AcDbAlignedDimension
 13
32.3
 23
7.0
 33
0.0
 14
31.45147186257615
 24
6.151471862576142
 34
0.0
 50
-134.9999999999999
100
AcDbRotatedDimension
1001
ACAD
1000
DSTYLE
1002
{
1070
   140
1040
0.3
1070
    41
1040
0.25
1070
   271
1070
     2
1070
    44
1040
0.15
1070
    42
1040
0.1
1070
   147
1040
0.08
1002
}
  0
LWPOLYLINE
  5
10D
330
17
100
AcDbEntity
  8
LPG-SAHA
100
AcDbPolyline
 90
        2
 70
     0
 43
0.0
 10
26.9
 20
5.551471862576144
 10
27.70000000000001
 20
5.551471862576144
  0
LWPOLYLINE
  5
110
330
17
100
AcDbEntity
  8
LPG-SAHA
100
AcDbPolyline
 90
        2
 70
     0
 43
0.0
 10
31.1
 20
5.551471862576144
 10
31.9
 20
5.551471862576144
  0
LWPOLYLINE
  5
111
330
17
100
AcDbEntity
  8
LPG-TANK
100
AcDbPolyline
 90
        2
 70
     0
 43
0.0
 10
27.4
 20
7.575735931288071
 10
31.2
 20
7.575735931288071
  0
LWPOLYLINE
  5
112
330
17
100
AcDbEntity
  8
LPG-TANK
100
AcDbPolyline
 90
        2
 70
     0
 43
0.0
 10
27.4
 20
9.175735931288073
 10
31.2
 20
9.175735931288073
  0
ARC
  5
113
330
17
100
AcDbEntity
  8
LPG-TANK
100
AcDbCircle
 10
27.4
 20
8.375735931288071
 30
0.0
 40
0.8
100
AcDbArc
 50
90.0
 51
270.0
  0
ARC
  5
114
330
17
100
AcDbEntity
  8
LPG-TANK
100
AcDbCircle
 10
31.2
 20
8.375735931288071
 30
0.0
 40
0.8
100
AcDbArc
 50
270.0
 51
90.0
  0
CIRCLE
  5
115
330
17
100
AcDbEntity
  8
LPG-SAHA
100
AcDbCircle
 10
29.9
 20
8.375735931288071
 30
0.0
 40
0.3
  0
TEXT
  5
116
330
17
100
AcDbEntity
  8
LPG-TANK
100
AcDbText
 10
26.86178717598909
 20
8.265735931288071
 30
0.0
 40
0.22
  1
LPG TANKI 10 m³
  7
TR
 72
     1
 11
28.1
 21
8.375735931288071
 31
0.0
100
AcDbText
 73
     2
  0
TEXT
  5
117
330
17
100
AcDbEntity
  8
LPG-TANK
100
AcDbText
 10
25.96983233920888
 20
4.988184342597704
 30
0.0
 40
0.25
  1
Tank: 10 m³ (plaka poz 25), hesapta Ø1.60 x L5.40 m 
  7
TR
 72
     1
 11
30.1630451632198
 21
5.113184342597704
 31
0.0
100
AcDbText
 73
     2
  0
TEXT
  5
118
330
17
100
AcDbEntity
  8
LPG-SAHA
100
AcDbText
 10
29.36208731241473
 20
8.735735931288072
 30
0.0
 40
0.18
  1
MENHOL
  7
TR
 72
     1
 11
29.9
 21
8.825735931288072
 31
0.0
100
AcDbText
 73
     2
  0
LWPOLYLINE
  5
119
330
17
100
AcDbEntity
  8
LPG-SAHA
100
AcDbPolyline
 90
        4
 70
     1
 43
0.0
 10
26.7
 20
9.9
 10
27.9
 20
9.9
 10
27.9
 20
10.4
 10
26.7
 20
10.4
  0
TEXT
  5
11A
330
17
100
AcDbEntity
  8
LPG-SAHA
100
AcDbText
 10
26.76211091080127
 20
10.5457418321405
 30
0.0
 40
0.18
  1
KADEMELİ POMPA
  7
TR
 72
     1
 11
27.88717230234288
 21
10.6357418321405
 31
0.0
100
AcDbText
 73
     2
  0
LWPOLYLINE
  5
11B
330
17
100
AcDbEntity
  8
LPG-HAT
100
AcDbPolyline
 90
        3
 70
     0
 43
0.0
 10
29.9
 20
8.375735931288071
 10
29.9
 20
10.15
 10
27.3
 20
10.15
  0
LWPOLYLINE
  5
11C
330
17
100
AcDbEntity
  8
LPG-HAT
100
AcDbPolyline
 90
        5
 70
     0
 43
0.0
 10
27.3
 20
10.15
 10
26.25
 20
10.15
 10
25.25
 20
10.15
 10
22.94
 20
12.9
 10
21.44
 20
14.1
  0
LWPOLYLINE
  5
11D
330
17
100
AcDbEntity
  8
LPG-HAT
100
AcDbPolyline
 90
        5
 70
     0
 43
0.0
 10
27.3
 20
10.0
 10
26.25
 20
10.0
 10
25.25
 20
10.0
 10
22.94
 20
12.75
 10
21.44
 20
13.95
  0
LWPOLYLINE
  5
11E
330
17
100
AcDbEntity
  8
LPG-HAT
100
AcDbPolyline
 90
        2
 70
     0
 43
0.0
 10
24.095
 20
11.525
 10
23.35
 20
8.15
  0
MTEXT
  5
11F
330
17
100
AcDbEntity
  8
LPG-HAT
100
AcDbMText
 10
17.52740685090521
 20
9.244314949861109
 30
0.0
 40
0.22
 41
0.0
 46
0.0
 71
     1
 72
     5
  1
LPG HATLARI: BASMA + GERİ DÖNÜŞ\PSCH80 dikişsiz çelik, toprak altı, kaplamalı
  7
TR
 73
     1
 44
1.0
  0
LWPOLYLINE
  5
120
330
17
100
AcDbEntity
  8
OLCU
100
AcDbPolyline
 90
        2
 70
     0
 43
0.0
 10
22.84
 20
13.65
 10
26.3
 20
11.0
  0
TEXT
  5
121
330
17
100
AcDbEntity
  8
OLCU
100
AcDbText
 10
25.3
 20
13.09
 30
0.0
 40
0.22
  1
dispenser-tank sahası ≈ 4.4 m (krokide 5+5 m) - mesafeler TEYİT
  7
TR
 11
25.3
 21
13.2
 31
0.0
100
AcDbText
 73
     2
  0
LWPOLYLINE
  5
122
330
17
100
AcDbEntity
  8
KK-IZOLASYON
100
AcDbPolyline
 90
        2
 70
     0
 43
0.0
 10
29.85
 20
8.575735931288072
 10
29.85
 20
9.075735931288072
  0
LWPOLYLINE
  5
123
330
17
100
AcDbEntity
  8
KK-IZOLASYON
100
AcDbPolyline
 90
        2
 70
     0
 43
0.0
 10
29.95000000000001
 20
8.575735931288072
 10
29.95000000000001
 20
9.075735931288072
  0
TEXT
  5
124
330
17
100
AcDbEntity
  8
KK-IZOLASYON
100
AcDbText
 10
29.67647339699864
 20
9.185735931288071
 30
0.0
 40
0.18
  1
İF-1
  7
TR
 72
     1
 11
29.9
 21
9.275735931288071
 31
0.0
100
AcDbText
 73
     2
  0
LWPOLYLINE
  5
125
330
17
100
AcDbEntity
  8
KK-IZOLASYON
100
AcDbPolyline
 90
        2
 70
     0
 43
0.0
 10
26.2
 20
9.9
 10
26.2
 20
10.4
  0
LWPOLYLINE
  5
126
330
17
100
AcDbEntity
  8
KK-IZOLASYON
100
AcDbPolyline
 90
        2
 70
     0
 43
0.0
 10
26.3
 20
9.9
 10
26.3
 20
10.4
  0
TEXT
  5
127
330
17
100
AcDbEntity
  8
KK-IZOLASYON
100
AcDbText
 10
26.02647339699864
 20
10.51
 30
0.0
 40
0.18
  1
İF-2
  7
TR
 72
     1
 11
26.25
 21
10.6
 31
0.0
100
AcDbText
 73
     2
  0
LWPOLYLINE
  5
128
330
17
100
AcDbEntity
  8
KK-IZOLASYON
100
AcDbPolyline
 90
        2
 70
     0
 43
0.0
 10
21.39
 20
13.55
 10
21.39
 20
14.05
  0
LWPOLYLINE
  5
129
330
17
100
AcDbEntity
  8
KK-IZOLASYON
100
AcDbPolyline
 90
        2
 70
     0
 43
0.0
 10
21.49
 20
13.55
 10
21.49
 20
14.05
  0
TEXT
  5
12A
330
17
100
AcDbEntity
  8
KK-IZOLASYON
100
AcDbText
 10
21.21647339699864
 20
14.16
 30
0.0
 40
0.18
  1
İF-3
  7
TR
 72
     1
 11
21.44
 21
14.25
 31
0.0
100
AcDbText
 73
     2
  0
CIRCLE
  5
12B
330
17
100
AcDbEntity
  8
KK-ANOT
100
AcDbCircle
 10
28.20000000000001
 20
9.975735931288074
 30
0.0
 40
0.1
  0
CIRCLE
  5
12C
330
17
100
AcDbEntity
  8
KK-ANOT
100
AcDbCircle
 10
28.20000000000001
 20
9.975735931288074
 30
0.0
 40
0.2
  0
HATCH
  5
12D
330
17
100
AcDbEntity
  8
KK-ANOT
 62
    30
100
AcDbHatch
 10
0.0
 20
0.0
 30
0.0
210
0.0
220
0.0
230
1.0
  2
SOLID
 70
     1
 71
     0
 91
        1
 92
        3
 72
     0
 73
     1
 93
       16
 10
28.3
 20
9.975735931288074
 10
28.29238795325113
 20
10.01400427452458
 10
28.27071067811866
 20
10.04644660940672
 10
28.23826834323652
 20
10.0681238845392
 10
28.20000000000001
 20
10.07573593128807
 10
28.16173165676349
 20
10.0681238845392
 10
28.12928932188135
 20
10.04644660940672
 10
28.10761204674888
 20
10.01400427452458
 10
28.1
 20
9.975735931288074
 10
28.10761204674888
 20
9.937467588051564
 10
28.12928932188135
 20
9.905025253169419
 10
28.16173165676349
 20
9.883347978036944
 10
28.20000000000001
 20
9.875735931288076
 10
28.23826834323652
 20
9.883347978036944
 10
28.27071067811866
 20
9.905025253169419
 10
28.29238795325113
 20
9.937467588051564
 97
        0
 75
     0
 76
     1
 98
        0
450
        0
451
        0
460
0.0
461
0.0
452
        0
462
0.0
453
        0
470

  0
TEXT
  5
12E
330
17
100
AcDbEntity
  8
KK-ANOT
100
AcDbText
 10
27.50707025920874
 20
10.27073593128807
 30
0.0
 40
0.17
  1
MA-1 (10 Lb)
  7
TR
 72
     1
 11
28.20000000000001
 21
10.35573593128807
 31
0.0
100
AcDbText
 73
     2
  0
CIRCLE
  5
12F
330
17
100
AcDbEntity
  8
KK-ANOT
100
AcDbCircle
 10
28.20000000000001
 20
6.775735931288071
 30
0.0
 40
0.1
  0
CIRCLE
  5
130
330
17
100
AcDbEntity
  8
KK-ANOT
100
AcDbCircle
 10
28.20000000000001
 20
6.775735931288071
 30
0.0
 40
0.2
  0
HATCH
  5
131
330
17
100
AcDbEntity
  8
KK-ANOT
 62
    30
100
AcDbHatch
 10
0.0
 20
0.0
 30
0.0
210
0.0
220
0.0
230
1.0
  2
SOLID
 70
     1
 71
     0
 91
        1
 92
        3
 72
     0
 73
     1
 93
       16
 10
28.3
 20
6.775735931288071
 10
28.29238795325113
 20
6.814004274524582
 10
28.27071067811866
 20
6.846446609406727
 10
28.23826834323652
 20
6.868123884539202
 10
28.20000000000001
 20
6.875735931288072
 10
28.16173165676349
 20
6.868123884539202
 10
28.12928932188135
 20
6.846446609406727
 10
28.10761204674888
 20
6.814004274524582
 10
28.1
 20
6.775735931288071
 10
28.10761204674888
 20
6.737467588051563
 10
28.12928932188135
 20
6.705025253169418
 10
28.16173165676349
 20
6.683347978036945
 10
28.20000000000001
 20
6.675735931288074
 10
28.23826834323652
 20
6.683347978036945
 10
28.27071067811866
 20
6.705025253169418
 10
28.29238795325113
 20
6.737467588051563
 97
        0
 75
     0
 76
     1
 98
        0
450
        0
451
        0
460
0.0
461
0.0
452
        0
462
0.0
453
        0
470

  0
TEXT
  5
132
330
17
100
AcDbEntity
  8
KK-ANOT
100
AcDbText
 10
27.50707025920874
 20
6.310735931288073
 30
0.0
 40
0.17
  1
MA-2 (10 Lb)
  7
TR
 72
     1
 11
28.20000000000001
 21
6.395735931288073
 31
0.0
100
AcDbText
 73
     2
  0
CIRCLE
  5
133
330
17
100
AcDbEntity
  8
KK-ANOT
100
AcDbCircle
 10
31.0
 20
9.975735931288074
 30
0.0
 40
0.1
  0
CIRCLE
  5
134
330
17
100
AcDbEntity
  8
KK-ANOT
100
AcDbCircle
 10
31.0
 20
9.975735931288074
 30
0.0
 40
0.2
  0
HATCH
  5
135
330
17
100
AcDbEntity
  8
KK-ANOT
 62
    30
100
AcDbHatch
 10
0.0
 20
0.0
 30
0.0
210
0.0
220
0.0
230
1.0
  2
SOLID
 70
     1
 71
     0
 91
        1
 92
        3
 72
     0
 73
     1
 93
       16
 10
31.1
 20
9.975735931288074
 10
31.09238795325113
 20
10.01400427452458
 10
31.07071067811865
 20
10.04644660940672
 10
31.03826834323652
 20
10.0681238845392
 10
31.0
 20
10.07573593128807
 10
30.96173165676349
 20
10.0681238845392
 10
30.92928932188134
 20
10.04644660940672
 10
30.90761204674887
 20
10.01400427452458
 10
30.9
 20
9.975735931288074
 10
30.90761204674887
 20
9.937467588051564
 10
30.92928932188134
 20
9.905025253169419
 10
30.96173165676349
 20
9.883347978036944
 10
31.0
 20
9.875735931288076
 10
31.03826834323652
 20
9.883347978036944
 10
31.07071067811865
 20
9.905025253169419
 10
31.09238795325113
 20
9.937467588051564
 97
        0
 75
     0
 76
     1
 98
        0
450
        0
451
        0
460
0.0
461
0.0
452
        0
462
0.0
453
        0
470

  0
TEXT
  5
136
330
17
100
AcDbEntity
  8
KK-ANOT
100
AcDbText
 10
30.30707025920873
 20
10.27073593128807
 30
0.0
 40
0.17
  1
MA-3 (10 Lb)
  7
TR
 72
     1
 11
31.0
 21
10.35573593128807
 31
0.0
100
AcDbText
 73
     2
  0
CIRCLE
  5
137
330
17
100
AcDbEntity
  8
KK-ANOT
100
AcDbCircle
 10
31.0
 20
6.775735931288071
 30
0.0
 40
0.1
  0
CIRCLE
  5
138
330
17
100
AcDbEntity
  8
KK-ANOT
100
AcDbCircle
 10
31.0
 20
6.775735931288071
 30
0.0
 40
0.2
  0
HATCH
  5
139
330
17
100
AcDbEntity
  8
KK-ANOT
 62
    30
100
AcDbHatch
 10
0.0
 20
0.0
 30
0.0
210
0.0
220
0.0
230
1.0
  2
SOLID
 70
     1
 71
     0
 91
        1
 92
        3
 72
     0
 73
     1
 93
       16
 10
31.1
 20
6.775735931288071
 10
31.09238795325113
 20
6.814004274524582
 10
31.07071067811865
 20
6.846446609406727
 10
31.03826834323652
 20
6.868123884539202
 10
31.0
 20
6.875735931288072
 10
30.96173165676349
 20
6.868123884539202
 10
30.92928932188134
 20
6.846446609406727
 10
30.90761204674887
 20
6.814004274524582
 10
30.9
 20
6.775735931288071
 10
30.90761204674887
 20
6.737467588051563
 10
30.92928932188134
 20
6.705025253169418
 10
30.96173165676349
 20
6.683347978036945
 10
31.0
 20
6.675735931288074
 10
31.03826834323652
 20
6.683347978036945
 10
31.07071067811865
 20
6.705025253169418
 10
31.09238795325113
 20
6.737467588051563
 97
        0
 75
     0
 76
     1
 98
        0
450
        0
451
        0
460
0.0
461
0.0
452
        0
462
0.0
453
        0
470

  0
TEXT
  5
13A
330
17
100
AcDbEntity
  8
KK-ANOT
100
AcDbText
 10
30.30707025920873
 20
6.310735931288073
 30
0.0
 40
0.17
  1
MA-4 (10 Lb)
  7
TR
 72
     1
 11
31.0
 21
6.395735931288073
 31
0.0
100
AcDbText
 73
     2
  0
CIRCLE
  5
13B
330
17
100
AcDbEntity
  8
KK-ANOT
100
AcDbCircle
 10
22.64
 20
13.1
 30
0.0
 40
0.1
  0
CIRCLE
  5
13C
330
17
100
AcDbEntity
  8
KK-ANOT
100
AcDbCircle
 10
22.64
 20
13.1
 30
0.0
 40
0.2
  0
HATCH
  5
13D
330
17
100
AcDbEntity
  8
KK-ANOT
 62
    30
100
AcDbHatch
 10
0.0
 20
0.0
 30
0.0
210
0.0
220
0.0
230
1.0
  2
SOLID
 70
     1
 71
     0
 91
        1
 92
        3
 72
     0
 73
     1
 93
       16
 10
22.74
 20
13.1
 10
22.73238795325113
 20
13.13826834323651
 10
22.71071067811865
 20
13.17071067811865
 10
22.67826834323651
 20
13.19238795325113
 10
22.64
 20
13.2
 10
22.60173165676349
 20
13.19238795325113
 10
22.56928932188134
 20
13.17071067811865
 10
22.54761204674887
 20
13.13826834323651
 10
22.54
 20
13.1
 10
22.54761204674887
 20
13.06173165676349
 10
22.56928932188134
 20
13.02928932188134
 10
22.60173165676349
 20
13.00761204674887
 10
22.64
 20
13.0
 10
22.67826834323651
 20
13.00761204674887
 10
22.71071067811865
 20
13.02928932188134
 10
22.73238795325113
 20
13.06173165676349
 97
        0
 75
     0
 76
     1
 98
        0
450
        0
451
        0
460
0.0
461
0.0
452
        0
462
0.0
453
        0
470

  0
TEXT
  5
13E
330
17
100
AcDbEntity
  8
KK-ANOT
100
AcDbText
 10
21.91407912687585
 20
12.635
 30
0.0
 40
0.17
  1
MA-5 (3,5 Lb)
  7
TR
 72
     1
 11
22.64
 21
12.72
 31
0.0
100
AcDbText
 73
     2
  0
CIRCLE
  5
13F
330
17
100
AcDbEntity
  8
KK-ANOT
100
AcDbCircle
 10
20.44
 20
13.1
 30
0.0
 40
0.1
  0
CIRCLE
  5
140
330
17
100
AcDbEntity
  8
KK-ANOT
100
AcDbCircle
 10
20.44
 20
13.1
 30
0.0
 40
0.2
  0
HATCH
  5
141
330
17
100
AcDbEntity
  8
KK-ANOT
 62
    30
100
AcDbHatch
 10
0.0
 20
0.0
 30
0.0
210
0.0
220
0.0
230
1.0
  2
SOLID
 70
     1
 71
     0
 91
        1
 92
        3
 72
     0
 73
     1
 93
       16
 10
20.54000000000001
 20
13.1
 10
20.53238795325113
 20
13.13826834323651
 10
20.51071067811866
 20
13.17071067811865
 10
20.47826834323651
 20
13.19238795325113
 10
20.44
 20
13.2
 10
20.40173165676349
 20
13.19238795325113
 10
20.36928932188135
 20
13.17071067811865
 10
20.34761204674887
 20
13.13826834323651
 10
20.34
 20
13.1
 10
20.34761204674887
 20
13.06173165676349
 10
20.36928932188135
 20
13.02928932188134
 10
20.40173165676349
 20
13.00761204674887
 10
20.44
 20
13.0
 10
20.47826834323651
 20
13.00761204674887
 10
20.51071067811866
 20
13.02928932188134
 10
20.53238795325113
 20
13.06173165676349
 97
        0
 75
     0
 76
     1
 98
        0
450
        0
451
        0
460
0.0
461
0.0
452
        0
462
0.0
453
        0
470

  0
TEXT
  5
142
330
17
100
AcDbEntity
  8
KK-ANOT
100
AcDbText
 10
19.71407912687585
 20
12.635
 30
0.0
 40
0.17
  1
MA-6 (3,5 Lb)
  7
TR
 72
     1
 11
20.44
 21
12.72
 31
0.0
100
AcDbText
 73
     2
  0
LWPOLYLINE
  5
143
330
17
100
AcDbEntity
  8
KK-OLCUM
100
AcDbPolyline
 90
        4
 70
     1
 43
0.0
 10
25.5
 20
6.501471862576143
 10
25.9
 20
6.501471862576143
 10
25.9
 20
6.801471862576142
 10
25.5
 20
6.801471862576142
  0
LWPOLYLINE
  5
144
330
17
100
AcDbEntity
  8
KK-OLCUM
100
AcDbPolyline
 90
        2
 70
     0
 43
0.0
 10
25.5
 20
6.501471862576143
 10
25.9
 20
6.801471862576142
  0
TEXT
  5
145
330
17
100
AcDbEntity
  8
KK-OLCUM
100
AcDbText
 10
25.37394270122783
 20
6.151471862576143
 30
0.0
 40
0.2
  1
ÖK-1
  7
TR
 72
     1
 11
25.7
 21
6.251471862576143
 31
0.0
100
AcDbText
 73
     2
  0
LWPOLYLINE
  5
146
330
17
100
AcDbEntity
  8
KK-OLCUM
100
AcDbPolyline
 90
        4
 70
     1
 43
0.0
 10
21.34
 20
11.95
 10
21.74
 20
11.95
 10
21.74
 20
12.25
 10
21.34
 20
12.25
  0
LWPOLYLINE
  5
147
330
17
100
AcDbEntity
  8
KK-OLCUM
100
AcDbPolyline
 90
        2
 70
     0
 43
0.0
 10
21.34
 20
11.95
 10
21.74
 20
12.25
  0
TEXT
  5
148
330
17
100
AcDbEntity
  8
KK-OLCUM
100
AcDbText
 10
21.21394270122784
 20
11.6
 30
0.0
 40
0.2
  1
ÖK-2
  7
TR
 72
     1
 11
21.54000000000001
 21
11.7
 31
0.0
100
AcDbText
 73
     2
  0
CIRCLE
  5
149
330
17
100
AcDbEntity
  8
KK-OLCUM
100
AcDbCircle
 10
29.6
 20
7.225735931288074
 30
0.0
 40
0.12
  0
TEXT
  5
14A
330
17
100
AcDbEntity
  8
KK-OLCUM
100
AcDbText
 10
29.74474761255116
 20
7.145735931288074
 30
0.0
 40
0.16
  1
RE
  7
TR
 72
     1
 11
29.9
 21
7.225735931288074
 31
0.0
100
AcDbText
 73
     2
  0
LWPOLYLINE
  5
14B
330
17
100
AcDbEntity
  8
KK-KABLO
100
AcDbPolyline
 90
        4
 70
     0
 43
0.0
 10
28.20000000000001
 20
9.975735931288074
 10
26.6
 20
9.975735931288074
 10
26.6
 20
6.651471862576142
 10
25.9
 20
6.651471862576142
  0
LWPOLYLINE
  5
14C
330
17
100
AcDbEntity
  8
KK-KABLO
100
AcDbPolyline
 90
        4
 70
     0
 43
0.0
 10
28.20000000000001
 20
6.775735931288071
 10
26.6
 20
6.775735931288071
 10
26.6
 20
6.651471862576142
 10
25.9
 20
6.651471862576142
  0
LWPOLYLINE
  5
14D
330
17
100
AcDbEntity
  8
KK-KABLO
100
AcDbPolyline
 90
        4
 70
     0
 43
0.0
 10
31.0
 20
9.975735931288074
 10
26.6
 20
9.975735931288074
 10
26.6
 20
6.651471862576142
 10
25.9
 20
6.651471862576142
  0
LWPOLYLINE
  5
14E
330
17
100
AcDbEntity
  8
KK-KABLO
100
AcDbPolyline
 90
        4
 70
     0
 43
0.0
 10
31.0
 20
6.775735931288071
 10
26.6
 20
6.775735931288071
 10
26.6
 20
6.651471862576142
 10
25.9
 20
6.651471862576142
  0
LWPOLYLINE
  5
14F
330
17
100
AcDbEntity
  8
KK-KABLO
100
AcDbPolyline
 90
        3
 70
     0
 43
0.0
 10
26.9
 20
7.575735931288071
 10
26.9
 20
6.701471862576142
 10
25.9
 20
6.701471862576142
  0
LWPOLYLINE
  5
150
330
17
100
AcDbEntity
  8
KK-KABLO
100
AcDbPolyline
 90
        3
 70
     0
 43
0.0
 10
29.6
 20
7.225735931288074
 10
29.6
 20
6.601471862576142
 10
25.9
 20
6.601471862576142
  0
LWPOLYLINE
  5
151
330
17
100
AcDbEntity
  8
KK-KABLO
100
AcDbPolyline
 90
        3
 70
     0
 43
0.0
 10
22.64
 20
13.1
 10
22.64
 20
12.1
 10
21.74
 20
12.1
  0
LWPOLYLINE
  5
152
330
17
100
AcDbEntity
  8
KK-KABLO
100
AcDbPolyline
 90
        3
 70
     0
 43
0.0
 10
20.44
 20
13.1
 10
20.44
 20
12.1
 10
21.34
 20
12.1
  0
LWPOLYLINE
  5
153
330
17
100
AcDbEntity
  8
KK-KABLO
100
AcDbPolyline
 90
        2
 70
     0
 43
0.0
 10
21.54000000000001
 20
12.25
 10
21.54000000000001
 20
13.95
  0
TEXT
  5
154
330
17
100
AcDbEntity
  8
YAZI
100
AcDbText
 10
39.7690836379079
 20
28.53861775206269
 30
0.0
 40
0.5
  1
LEJANT
  7
TR
100
AcDbText
  0
LWPOLYLINE
  5
155
330
17
100
AcDbEntity
  8
SINIR-YOL
100
AcDbPolyline
 90
        2
 70
     0
 43
0.0
 10
39.7690836379079
 20
27.53861775206269
 10
41.26908363790789
 20
27.53861775206269
  0
TEXT
  5
156
330
17
100
AcDbEntity
  8
YAZI
100
AcDbText
 10
41.76908363790789
 20
27.39861775206269
 30
0.0
 40
0.28
  1
Yol / parsel sınırı
  7
TR
 11
41.76908363790789
 21
27.53861775206269
 31
0.0
100
AcDbText
 73
     2
  0
LWPOLYLINE
  5
157
330
17
100
AcDbEntity
  8
BINA
100
AcDbPolyline
 90
        2
 70
     0
 43
0.0
 10
39.7690836379079
 20
26.93861775206269
 10
41.26908363790789
 20
26.93861775206269
  0
TEXT
  5
158
330
17
100
AcDbEntity
  8
YAZI
100
AcDbText
 10
41.76908363790789
 20
26.79861775206269
 30
0.0
 40
0.28
  1
Bina / yapı
  7
TR
 11
41.76908363790789
 21
26.93861775206269
 31
0.0
100
AcDbText
 73
     2
  0
LWPOLYLINE
  5
159
330
17
100
AcDbEntity
  8
KANOPI
100
AcDbPolyline
 90
        2
 70
     0
 43
0.0
 10
39.7690836379079
 20
26.33861775206269
 10
41.26908363790789
 20
26.33861775206269
  0
TEXT
  5
15A
330
17
100
AcDbEntity
  8
YAZI
100
AcDbText
 10
41.76908363790789
 20
26.19861775206269
 30
0.0
 40
0.28
  1
Kanopi izdüşümü
  7
TR
 11
41.76908363790789
 21
26.33861775206269
 31
0.0
100
AcDbText
 73
     2
  0
LWPOLYLINE
  5
15B
330
17
100
AcDbEntity
  8
POMPA-ADASI
100
AcDbPolyline
 90
        2
 70
     0
 43
0.0
 10
39.7690836379079
 20
25.7386177520627
 10
41.26908363790789
 20
25.7386177520627
  0
TEXT
  5
15C
330
17
100
AcDbEntity
  8
YAZI
100
AcDbText
 10
41.76908363790789
 20
25.5986177520627
 30
0.0
 40
0.28
  1
Pompa adası / dispenser
  7
TR
 11
41.76908363790789
 21
25.7386177520627
 31
0.0
100
AcDbText
 73
     2
  0
LWPOLYLINE
  5
15D
330
17
100
AcDbEntity
  8
LPG-SAHA
100
AcDbPolyline
 90
        2
 70
     0
 43
0.0
 10
39.7690836379079
 20
25.13861775206269
 10
41.26908363790789
 20
25.13861775206269
  0
TEXT
  5
15E
330
17
100
AcDbEntity
  8
YAZI
100
AcDbText
 10
41.76908363790789
 20
24.99861775206269
 30
0.0
 40
0.28
  1
LPG tank sahası, çit
  7
TR
 11
41.76908363790789
 21
25.13861775206269
 31
0.0
100
AcDbText
 73
     2
  0
LWPOLYLINE
  5
15F
330
17
100
AcDbEntity
  8
LPG-TANK
100
AcDbPolyline
 90
        2
 70
     0
 43
0.0
 10
39.7690836379079
 20
24.53861775206269
 10
41.26908363790789
 20
24.53861775206269
  0
TEXT
  5
160
330
17
100
AcDbEntity
  8
YAZI
100
AcDbText
 10
41.76908363790789
 20
24.39861775206269
 30
0.0
 40
0.28
  1
LPG tankı (yeraltı)
  7
TR
 11
41.76908363790789
 21
24.53861775206269
 31
0.0
100
AcDbText
 73
     2
  0
LWPOLYLINE
  5
161
330
17
100
AcDbEntity
  8
LPG-HAT
100
AcDbPolyline
 90
        2
 70
     0
 43
0.0
 10
39.7690836379079
 20
23.93861775206269
 10
41.26908363790789
 20
23.93861775206269
  0
TEXT
  5
162
330
17
100
AcDbEntity
  8
YAZI
100
AcDbText
 10
41.76908363790789
 20
23.79861775206269
 30
0.0
 40
0.28
  1
LPG hattı
  7
TR
 11
41.76908363790789
 21
23.93861775206269
 31
0.0
100
AcDbText
 73
     2
  0
LWPOLYLINE
  5
163
330
17
100
AcDbEntity
  8
KK-ANOT
100
AcDbPolyline
 90
        2
 70
     0
 43
0.0
 10
39.7690836379079
 20
23.33861775206269
 10
41.26908363790789
 20
23.33861775206269
  0
TEXT
  5
164
330
17
100
AcDbEntity
  8
YAZI
100
AcDbText
 10
41.76908363790789
 20
23.19861775206269
 30
0.0
 40
0.28
  1
Mg anot (MA)
  7
TR
 11
41.76908363790789
 21
23.33861775206269
 31
0.0
100
AcDbText
 73
     2
  0
LWPOLYLINE
  5
165
330
17
100
AcDbEntity
  8
KK-KABLO
100
AcDbPolyline
 90
        2
 70
     0
 43
0.0
 10
39.7690836379079
 20
22.73861775206269
 10
41.26908363790789
 20
22.73861775206269
  0
TEXT
  5
166
330
17
100
AcDbEntity
  8
YAZI
100
AcDbText
 10
41.76908363790789
 20
22.59861775206269
 30
0.0
 40
0.28
  1
KK kablosu (NYY 1x10 mm²)
  7
TR
 11
41.76908363790789
 21
22.73861775206269
 31
0.0
100
AcDbText
 73
     2
  0
LWPOLYLINE
  5
167
330
17
100
AcDbEntity
  8
KK-OLCUM
100
AcDbPolyline
 90
        2
 70
     0
 43
0.0
 10
39.7690836379079
 20
22.13861775206269
 10
41.26908363790789
 20
22.13861775206269
  0
TEXT
  5
168
330
17
100
AcDbEntity
  8
YAZI
100
AcDbText
 10
41.76908363790789
 20
21.99861775206269
 30
0.0
 40
0.28
  1
Ölçüm kutusu (ÖK) / referans elektrot
  7
TR
 11
41.76908363790789
 21
22.13861775206269
 31
0.0
100
AcDbText
 73
     2
  0
LWPOLYLINE
  5
169
330
17
100
AcDbEntity
  8
KK-IZOLASYON
100
AcDbPolyline
 90
        2
 70
     0
 43
0.0
 10
39.7690836379079
 20
21.53861775206269
 10
41.26908363790789
 20
21.53861775206269
  0
TEXT
  5
16A
330
17
100
AcDbEntity
  8
YAZI
100
AcDbText
 10
41.76908363790789
 20
21.39861775206269
 30
0.0
 40
0.28
  1
İzolasyon flanşı (İF)
  7
TR
 11
41.76908363790789
 21
21.53861775206269
 31
0.0
100
AcDbText
 73
     2
  0
LWPOLYLINE
  5
16B
330
17
100
AcDbEntity
  8
TEYIT
100
AcDbPolyline
 90
        2
 70
     0
 43
0.0
 10
39.7690836379079
 20
20.93861775206269
 10
41.26908363790789
 20
20.93861775206269
  0
TEXT
  5
16C
330
17
100
AcDbEntity
  8
YAZI
100
AcDbText
 10
41.76908363790789
 20
20.79861775206269
 30
0.0
 40
0.28
  1
Krokiden okunamayan / teyit edilecek
  7
TR
 11
41.76908363790789
 21
20.93861775206269
 31
0.0
100
AcDbText
 73
     2
  0
MTEXT
  5
16D
330
17
100
AcDbEntity
  8
YAZI
100
AcDbMText
 10
49.85890779637521
 20
29.67201040468353
 30
0.0
 40
0.26
 41
26.0
 46
0.0
 71
     1
 72
     5
  3
KATODİK KORUMA TASARIM ÖZETİ (TASLAK)\PSistem: Galvanik (kurban) anotlu katodik koruma - yeraltı LPG tankı + toprak altı LPG hatları\PStandartlar: TS EN 13636 (yeraltı tank/boru KK), TS EN 12954, TS EN 13509 (ölçüm), TS EN 12068 (kaplama)\PKoruma kri
  3
teri: Ekoff ≤ -850 mV (Cu/CuSO4), aşırı koruma sınırı -1200 mV (kaplama)\P\PSAHA PLAKASINDAN: Poz 25 LPG stok tankı 10 m³ | Poz 24 2 ad. 10 Lb Mg anot | Poz 17 2 ad. 3,5 Lb Mg anot\P                  Poz 13 6 ad. izole flanş kiti | hatlar SCH80 dikiş
  3
siz çelik 1" ve 1 1/2"\P\PTank yüzeyi (10 m³, Ø1.6 x 5.4 m kabul): 31.6 m²\PHat yüzeyi (2 x ~14 m)  : 3.7 m²\PToplam yüzey           : 35.2 m²\PAkım yoğunluğu         : 20 mA/m² x %10 kaplama hasarı x 1.3 emniyet\PGerekli akım           : 92 mA\PZemi
  3
n özdirenci (kabul): 30 Ω·m  (SAHADA ÖLÇÜLECEK)\PAnot direnci (Dwight)  : 10 Lb 19.6 Ω -> 46 mA | 3,5 Lb 29.4 Ω -> 31 mA\PAnot sayısı            : 4 x 10 Lb (tank) + 2 x 3,5 Lb (dispenser) = 6 adet\PToplam kapasite        : 245 mA  (≥ 92 mA  OK)\PGer
  3
ekli anot kütlesi   : 15.4 kg / 20 yıl  -> tesis edilen 21.2 kg\PHesaplanan ömür        : ≈ 28 yıl  (plakadaki 2x10 Lb + 2x3,5 Lb ile ≈ 16 yıl)\P\PNOTLAR\P1. Anotlar tank alt seviyesinde, tank yüzeyinden ~0.8-1.5 m mesafede, düşey; ıslatılarak gömüle
  3
cek.\P2. Tank anotları ÖK-1, dispenser anotları ÖK-2 içinde şönt (0.01 Ω) üzerinden tank bağlantısına bağlanacak (akım ölçülebilir).\P3. Tank bağlantısı 2 ayrı kablo ile (yedekli), termit/pin kaynağı ile yapılacak; kaynak yeri kaplanacak.\P4. İzole f
  3
lanş kitleri: tank çıkışları (İF-1), saha çıkışı (İF-2), dispenser girişi (İF-3); plakada toplam 6 ad.\P5. Tank topraklaması KK'yı kısa devre etmemesi için DC dekuplör (polarizasyon hücresi) üzerinden.\P6. Kalıcı Cu/CuSO4 referans elektrot tank yanın
  3
a; ÖK-1'de ölçüm terminali.\P7. Devreye alma: doğal potansiyel, ON/OFF ölçümleri, anot akımları raporlanacak; yılda 1 periyodik ölçüm.\P8. Kroki ölçeksizdir; yerleşim ~50 px = 1 m kabulü ile çizildi. TÜM ÖLÇÜLER VE GÜVENLİK MESAFELERİ\P    (LPG Piyas
  1
ası Teknik Düzenlemeler / TS 11939) SAHADA TEYİT EDİLECEKTİR.
  7
TR
 73
     1
 44
1.0
  0
TEXT
  5
16E
330
17
100
AcDbEntity
  8
YAZI
100
AcDbText
 10
43.99112714357852
 20
13.47741253141075
 30
0.0
 40
0.35
  1
DETAY-A: Mg ANOT MONTAJI (ölçeksiz)
  7
TR
100
AcDbText
  0
LWPOLYLINE
  5
16F
330
17
100
AcDbEntity
  8
PAFTA
100
AcDbPolyline
 90
        2
 70
     0
 43
0.0
 10
43.99112714357852
 20
12.87741253141075
 10
49.99112714357853
 20
12.87741253141075
  0
TEXT
  5
170
330
17
100
AcDbEntity
  8
YAZI
100
AcDbText
 10
50.19112714357852
 20
12.77741253141075
 30
0.0
 40
0.2
  1
zemin kotu
  7
TR
 11
50.19112714357852
 21
12.87741253141075
 31
0.0
100
AcDbText
 73
     2
  0
LWPOLYLINE
  5
171
330
17
100
AcDbEntity
  8
KK-ANOT
100
AcDbPolyline
 90
        4
 70
     1
 43
0.0
 10
44.99112714357852
 20
9.877412531410755
 10
45.59112714357852
 20
9.877412531410755
 10
45.59112714357852
 20
11.37741253141075
 10
44.99112714357852
 20
11.37741253141075
  0
LWPOLYLINE
  5
172
330
17
100
AcDbEntity
  8
KK-ANOT
100
AcDbPolyline
 90
        4
 70
     1
 43
0.0
 10
45.19112714357852
 20
10.12741253141075
 10
45.39112714357854
 20
10.12741253141075
 10
45.39112714357854
 20
11.12741253141075
 10
45.19112714357852
 20
11.12741253141075
  0
LWPOLYLINE
  5
173
330
17
100
AcDbEntity
  8
KK-KABLO
100
AcDbPolyline
 90
        3
 70
     0
 43
0.0
 10
45.29112714357852
 20
11.37741253141075
 10
45.29112714357852
 20
12.37741253141075
 10
47.99112714357852
 20
12.37741253141075
  0
LWPOLYLINE
  5
174
330
17
100
AcDbEntity
  8
KK-OLCUM
100
AcDbPolyline
 90
        4
 70
     1
 43
0.0
 10
47.99112714357852
 20
12.07741253141075
 10
48.79112714357852
 20
12.07741253141075
 10
48.79112714357852
 20
12.67741253141075
 10
47.99112714357852
 20
12.67741253141075
  0
TEXT
  5
175
330
17
100
AcDbEntity
  8
KK-OLCUM
100
AcDbText
 10
48.18928539733023
 20
12.27741253141075
 30
0.0
 40
0.2
  1
ÖK
  7
TR
 72
     1
 11
48.39112714357852
 21
12.37741253141075
 31
0.0
100
AcDbText
 73
     2
  0
MTEXT
  5
176
330
17
100
AcDbEntity
  8
YAZI
100
AcDbMText
 10
45.89112714357852
 20
11.27741253141075
 30
0.0
 40
0.18
 41
0.0
 46
0.0
 71
     1
 72
     5
  1
Mg anot 10 Lb / 3,5 Lb\Pbentonit-alçı-\Psodyum sülfat dolgu\PNYY 1x10 mm² kablo\Pmin. 0.8 m derinlik
  7
TR
 73
     1
 44
1.0
  0
TEXT
  5
177
330
17
100
AcDbEntity
  8
YAZI
100
AcDbText
 10
54.99112714357853
 20
13.47741253141075
 30
0.0
 40
0.35
  1
DETAY-B: ÖLÇÜM KUTUSU ÖK-1 BAĞLANTI ŞEMASI
  7
TR
100
AcDbText
  0
LWPOLYLINE
  5
178
330
17
100
AcDbEntity
  8
KK-OLCUM
100
AcDbPolyline
 90
        4
 70
     1
 43
0.0
 10
54.99112714357853
 20
8.677412531410755
 10
62.99112714357852
 20
8.677412531410755
 10
62.99112714357852
 20
13.07741253141075
 10
54.99112714357853
 20
13.07741253141075
  0
LWPOLYLINE
  5
179
330
17
100
AcDbEntity
  8
KK-OLCUM
100
AcDbPolyline
 90
        2
 70
     0
 43
0.0
 10
55.99112714357852
 20
12.47741253141075
 10
61.99112714357852
 20
12.47741253141075
  0
TEXT
  5
17A
330
17
100
AcDbEntity
  8
KK-OLCUM
100
AcDbText
 10
57.52782564289639
 20
12.62741253141075
 30
0.0
 40
0.2
  1
TANK BARASI (T1+T2)
  7
TR
 72
     1
 11
58.99112714357852
 21
12.72741253141075
 31
0.0
100
AcDbText
 73
     2
  0
LWPOLYLINE
  5
17B
330
17
100
AcDbEntity
  8
KK-OLCUM
100
AcDbPolyline
 90
        4
 70
     1
 43
0.0
 10
56.04112714357852
 20
11.17741253141075
 10
56.34112714357852
 20
11.17741253141075
 10
56.34112714357852
 20
11.97741253141075
 10
56.04112714357852
 20
11.97741253141075
  0
LWPOLYLINE
  5
17C
330
17
100
AcDbEntity
  8
KK-OLCUM
100
AcDbPolyline
 90
        2
 70
     0
 43
0.0
 10
56.19112714357853
 20
11.97741253141075
 10
56.19112714357853
 20
12.47741253141075
  0
LWPOLYLINE
  5
17D
330
17
100
AcDbEntity
  8
KK-KABLO
100
AcDbPolyline
 90
        2
 70
     0
 43
0.0
 10
56.19112714357853
 20
11.17741253141075
 10
56.19112714357853
 20
10.17741253141075
  0
TEXT
  5
17E
330
17
100
AcDbEntity
  8
KK-ANOT
100
AcDbText
 10
55.89073833048167
 20
9.837412531410755
 30
0.0
 40
0.18
  1
MA-1
  7
TR
 72
     1
 11
56.19112714357853
 21
9.927412531410755
 31
0.0
100
AcDbText
 73
     2
  0
TEXT
  5
17F
330
17
100
AcDbEntity
  8
KK-OLCUM
100
AcDbText
 10
56.71112714357853
 20
11.39257624218838
 30
0.0
 40
0.14
  1
şönt
 50
90.0
  7
TR
 72
     1
 11
56.64112714357854
 21
11.57741253141075
 31
0.0
100
AcDbText
 73
     2
  0
LWPOLYLINE
  5
180
330
17
100
AcDbEntity
  8
KK-OLCUM
100
AcDbPolyline
 90
        4
 70
     1
 43
0.0
 10
57.64112714357853
 20
11.17741253141075
 10
57.94112714357853
 20
11.17741253141075
 10
57.94112714357853
 20
11.97741253141075
 10
57.64112714357853
 20
11.97741253141075
  0
LWPOLYLINE
  5
181
330
17
100
AcDbEntity
  8
KK-OLCUM
100
AcDbPolyline
 90
        2
 70
     0
 43
0.0
 10
57.79112714357852
 20
11.97741253141075
 10
57.79112714357852
 20
12.47741253141075
  0
LWPOLYLINE
  5
182
330
17
100
AcDbEntity
  8
KK-KABLO
100
AcDbPolyline
 90
        2
 70
     0
 43
0.0
 10
57.79112714357852
 20
11.17741253141075
 10
57.79112714357852
 20
10.17741253141075
  0
TEXT
  5
183
330
17
100
AcDbEntity
  8
KK-ANOT
100
AcDbText
 10
57.49073833048166
 20
9.837412531410755
 30
0.0
 40
0.18
  1
MA-2
  7
TR
 72
     1
 11
57.79112714357852
 21
9.927412531410755
 31
0.0
100
AcDbText
 73
     2
  0
TEXT
  5
184
330
17
100
AcDbEntity
  8
KK-OLCUM
100
AcDbText
 10
58.31112714357853
 20
11.39257624218838
 30
0.0
 40
0.14
  1
şönt
 50
90.0
  7
TR
 72
     1
 11
58.24112714357853
 21
11.57741253141075
 31
0.0
100
AcDbText
 73
     2
  0
LWPOLYLINE
  5
185
330
17
100
AcDbEntity
  8
KK-OLCUM
100
AcDbPolyline
 90
        4
 70
     1
 43
0.0
 10
59.24112714357853
 20
11.17741253141075
 10
59.54112714357852
 20
11.17741253141075
 10
59.54112714357852
 20
11.97741253141075
 10
59.24112714357853
 20
11.97741253141075
  0
LWPOLYLINE
  5
186
330
17
100
AcDbEntity
  8
KK-OLCUM
100
AcDbPolyline
 90
        2
 70
     0
 43
0.0
 10
59.39112714357854
 20
11.97741253141075
 10
59.39112714357854
 20
12.47741253141075
  0
LWPOLYLINE
  5
187
330
17
100
AcDbEntity
  8
KK-KABLO
100
AcDbPolyline
 90
        2
 70
     0
 43
0.0
 10
59.39112714357854
 20
11.17741253141075
 10
59.39112714357854
 20
10.17741253141075
  0
TEXT
  5
188
330
17
100
AcDbEntity
  8
KK-ANOT
100
AcDbText
 10
59.09073833048168
 20
9.837412531410755
 30
0.0
 40
0.18
  1
MA-3
  7
TR
 72
     1
 11
59.39112714357854
 21
9.927412531410755
 31
0.0
100
AcDbText
 73
     2
  0
TEXT
  5
189
330
17
100
AcDbEntity
  8
KK-OLCUM
100
AcDbText
 10
59.91112714357853
 20
11.39257624218838
 30
0.0
 40
0.14
  1
şönt
 50
90.0
  7
TR
 72
     1
 11
59.84112714357853
 21
11.57741253141075
 31
0.0
100
AcDbText
 73
     2
  0
LWPOLYLINE
  5
18A
330
17
100
AcDbEntity
  8
KK-OLCUM
100
AcDbPolyline
 90
        4
 70
     1
 43
0.0
 10
60.84112714357853
 20
11.17741253141075
 10
61.14112714357852
 20
11.17741253141075
 10
61.14112714357852
 20
11.97741253141075
 10
60.84112714357853
 20
11.97741253141075
  0
LWPOLYLINE
  5
18B
330
17
100
AcDbEntity
  8
KK-OLCUM
100
AcDbPolyline
 90
        2
 70
     0
 43
0.0
 10
60.99112714357852
 20
11.97741253141075
 10
60.99112714357852
 20
12.47741253141075
  0
LWPOLYLINE
  5
18C
330
17
100
AcDbEntity
  8
KK-KABLO
100
AcDbPolyline
 90
        2
 70
     0
 43
0.0
 10
60.99112714357852
 20
11.17741253141075
 10
60.99112714357852
 20
10.17741253141075
  0
TEXT
  5
18D
330
17
100
AcDbEntity
  8
KK-ANOT
100
AcDbText
 10
60.69073833048166
 20
9.837412531410755
 30
0.0
 40
0.18
  1
MA-4
  7
TR
 72
     1
 11
60.99112714357852
 21
9.927412531410755
 31
0.0
100
AcDbText
 73
     2
  0
TEXT
  5
18E
330
17
100
AcDbEntity
  8
KK-OLCUM
100
AcDbText
 10
61.51112714357853
 20
11.39257624218838
 30
0.0
 40
0.14
  1
şönt
 50
90.0
  7
TR
 72
     1
 11
61.44112714357852
 21
11.57741253141075
 31
0.0
100
AcDbText
 73
     2
  0
TEXT
  5
18F
330
17
100
AcDbEntity
  8
KK-OLCUM
100
AcDbText
 10
58.2303495173848
 20
9.177412531410755
 30
0.0
 40
0.2
  1
RE terminali
  7
TR
 72
     1
 11
58.99112714357852
 21
9.277412531410755
 31
0.0
100
AcDbText
 73
     2
  0
LWPOLYLINE
  5
190
330
17
100
AcDbEntity
  8
PAFTA
100
AcDbPolyline
 90
        4
 70
     1
 43
0.0
 10
-12.2644273735923
 20
-0.7094265322289175
 10
71.54527492453325
 20
-0.7094265322289175
 10
72.0
 20
37.2987517903548
 10
-11.80970229812555
 20
37.2987517903548
  0
LWPOLYLINE
  5
191
330
17
100
AcDbEntity
  8
PAFTA
100
AcDbPolyline
 90
        4
 70
     1
 43
0.0
 10
49.22973195911618
 20
1.015589126400755
 10
71.22973195911618
 20
1.015589126400755
 10
71.22973195911618
 20
6.015589126400755
 10
49.22973195911618
 20
6.015589126400755
  0
LWPOLYLINE
  5
192
330
17
100
AcDbEntity
  8
PAFTA
100
AcDbPolyline
 90
        2
 70
     0
 43
0.0
 10
49.22973195911618
 20
2.015589126400755
 10
71.22973195911618
 20
2.015589126400755
  0
LWPOLYLINE
  5
193
330
17
100
AcDbEntity
  8
PAFTA
100
AcDbPolyline
 90
        2
 70
     0
 43
0.0
 10
49.22973195911618
 20
3.015589126400755
 10
71.22973195911618
 20
3.015589126400755
  0
LWPOLYLINE
  5
194
330
17
100
AcDbEntity
  8
PAFTA
100
AcDbPolyline
 90
        2
 70
     0
 43
0.0
 10
49.22973195911618
 20
4.515589126400755
 10
71.22973195911618
 20
4.515589126400755
  0
TEXT
  5
195
330
17
100
AcDbEntity
  8
PAFTA
100
AcDbText
 10
55.57502527425942
 20
5.090589126400755
 30
0.0
 40
0.45
  1
AKARYAKIT + LPG İSTASYONU
  7
TR
 72
     1
 11
60.22973195911617
 21
5.315589126400754
 31
0.0
100
AcDbText
 73
     2
  0
TEXT
  5
196
330
17
100
AcDbEntity
  8
PAFTA
100
AcDbText
 10
52.14064601095792
 20
3.565589126400754
 30
0.0
 40
0.4
  1
YERLEŞİM PLANI ve LPG TANKI KATODİK KORUMA PROJESİ
  7
TR
 72
     1
 11
60.22973195911617
 21
3.765589126400755
 31
0.0
100
AcDbText
 73
     2
  0
TEXT
  5
197
330
17
100
AcDbEntity
  8
PAFTA
100
AcDbText
 10
53.83068693865233
 20
2.365589126400755
 30
0.0
 40
0.3
  1
ÖLÇEK: 1/100 (1 birim = 1 m)    PAFTA: KK-01    REV: T0 (TASLAK)
  7
TR
 72
     1
 11
60.22973195911617
 21
2.515589126400755
 31
0.0
100
AcDbText
 73
     2
  0
TEXT
  5
198
330
17
100
AcDbEntity
  8
PAFTA
100
AcDbText
 10
55.11776060850227
 20
1.365589126400755
 30
0.0
 40
0.3
  1
TARİH: 07.10.2026   ÇİZEN: -   KONTROL: -   ONAY: -
  7
TR
 72
     1
 11
60.22973195911617
 21
1.515589126400755
 31
0.0
100
AcDbText
 73
     2
  0
TEXT
  5
1E7
330
17
100
AcDbEntity
  8
LPG-SAHA
100
AcDbText
 10
26.61601380676582
 20
12.00742750976451
 30
0.0
 40
0.35
  1
 (tel çitli, çarpma bariyerli)
  7
TR
 72
     1
 11
29.40085350662939
 21
12.18242750976451
 31
0.0
100
AcDbText
 73
     2
  0
LWPOLYLINE
  5
1EE
330
17
100
AcDbEntity
  8
0
100
AcDbPolyline
 90
        4
 70
     1
 43
0.0
 10
-10.96961470225233
 20
6.687211577489051
 10
-2.740556631615618
 20
6.687211577489051
 10
-2.740556631615618
 20
11.36466745414282
 10
-10.96961470225233
 20
11.36466745414282
  0
CIRCLE
  5
1EF
330
17
100
AcDbEntity
  8
0
100
AcDbCircle
 10
-9.877222127193817
 20
9.92543647058801
 30
0.0
 40
0.5657604362592418
  0
CIRCLE
  5
1F0
330
17
100
AcDbEntity
  8
0
100
AcDbCircle
 10
-8.436252806084667
 20
9.92543647058801
 30
0.0
 40
0.5657604362592418
  0
CIRCLE
  5
1F1
330
17
100
AcDbEntity
  8
0
100
AcDbCircle
 10
-7.132516311764447
 20
9.92543647058801
 30
0.0
 40
0.5657604362592418
  0
CIRCLE
  5
1F2
330
17
100
AcDbEntity
  8
0
100
AcDbCircle
 10
-5.772633888948803
 20
9.92543647058801
 30
0.0
 40
0.5657604362592418
  0
TEXT
  5
1FE
330
17
100
AcDbEntity
  8
BINA
100
AcDbText
 10
-10.05791023901559
 20
7.597174013412303
 30
0.0
 40
0.45
  1
TANK ALANI
  7
TR
 72
     1
 11
-8.22383793342214
 21
7.822174013412302
 31
0.0
100
AcDbText
 73
     2
  0
LWPOLYLINE
  5
1FF
330
17
100
AcDbEntity
  8
BINA
100
AcDbPolyline
 90
        4
 70
     0
 43
0.0
 10
17.8
 20
6.099999999999999
 10
23.3
 20
6.7
 10
23.6
 20
3.9
 10
17.6
 20
3.6
  0
LWPOLYLINE
  5
202
330
17
100
AcDbEntity
  8
0
100
AcDbPolyline
 90
        4
 70
     1
 43
0.0
 10
17.63344481605351
 20
2.789316934337421
 10
3.882160620695685
 20
2.789316934337421
 10
3.882160620695685
 20
8.685964866248923
 10
17.63344481605351
 20
8.685964866248923
  0
LWPOLYLINE
  5
203
330
17
100
AcDbEntity
  8
0
100
AcDbPolyline
 90
        2
 70
     0
 43
0.0
 10
13.23117500776607
 20
2.789316934337421
 10
13.23117500776607
 20
8.685964866248923
  0
TEXT
  5
266
330
17
100
AcDbEntity
  8
BINA
100
AcDbText
 10
19.67952490481539
 20
4.433955768527539
 30
0.0
 40
0.45
  1
DEPO
  7
TR
 72
     1
 11
20.57031617357392
 21
4.658955768527539
 31
0.0
100
AcDbText
 73
     2
  0
TEXT
  5
276
330
17
100
AcDbEntity
  8
BINA
100
AcDbText
 10
14.5593761020973
 20
5.017918151098808
 30
0.0
 40
0.45
  1
DEPO
  7
TR
 72
     1
 11
15.45016737085583
 21
5.242918151098807
 31
0.0
100
AcDbText
 73
     2
  0
ENDSEC
  0
SECTION
  2
OBJECTS
  0
DICTIONARY
  5
A
330
0
100
AcDbDictionary
281
     1
  3
ACAD_CIP_PREVIOUS_PRODUCT_INFO
350
1BE
  3
ACAD_COLOR
350
B
  3
ACAD_DETAILVIEWSTYLE
350
1B5
  3
ACAD_GROUP
350
C
  3
ACAD_LAST_SAVED_VERSION_INFO
350
204
  3
ACAD_LAYOUT
350
D
  3
ACAD_MATERIAL
350
E
  3
ACAD_MLEADERSTYLE
350
F
  3
ACAD_MLINESTYLE
350
10
  3
ACAD_PLOTSETTINGS
350
11
  3
ACAD_PLOTSTYLENAME
350
12
  3
ACAD_SCALELIST
350
14
  3
ACAD_SECTIONVIEWSTYLE
350
1B3
  3
ACAD_TABLESTYLE
350
15
  3
ACAD_VISUALSTYLE
350
16
  3
ACDB_RECOMPOSE_DATA
350
294
  3
AcDbVariableDictionary
350
1F3
  3
EZDXF_META
350
2D
  0
DICTIONARY
  5
208
330
1
100
AcDbDictionary
280
     1
281
     1
  3
ACAD_LAYERSTATES
360
209
  0
DICTIONARY
  5
200
330
17
100
AcDbDictionary
280
     1
281
     1
  3
ACAD_SORTENTS
360
201
  0
XRECORD
  5
1BE
102
{ACAD_REACTORS
330
A
102
}
330
A
100
AcDbXrecord
280
     1
300
ACDLT
300
2027
300

  0
DICTIONARY
  5
B
330
A
100
AcDbDictionary
281
     1
  0
DICTIONARY
  5
1B5
102
{ACAD_REACTORS
330
A
102
}
330
A
100
AcDbDictionary
281
     1
  3
Metric50
350
1B6
  0
DICTIONARY
  5
C
330
A
100
AcDbDictionary
281
     1
  0
XRECORD
  5
204
102
{ACAD_REACTORS
330
A
102
}
330
A
100
AcDbXrecord
280
     1
300
{87CE7D45-F295-284D-8864-6FB138A8128F}
301
{8E4AED8A-53B4-0F40-B396-5ADE5746B409}
302
{87CE7D45-F295-284D-8864-6FB138A8128F}
303
C:\Users\serhat.celik\Documents\TMO_MARDİN\TASLAK3.dxf
  0
DICTIONARY
  5
D
330
A
100
AcDbDictionary
281
     1
  3
Layout1
350
1E
  3
Model
350
1A
  0
DICTIONARY
  5
E
330
A
100
AcDbDictionary
281
     1
  3
ByBlock
350
1F
  3
ByLayer
350
20
  3
Global
350
21
  0
DICTIONARY
  5
F
330
A
100
AcDbDictionary
281
     1
  3
Standard
350
2C
  0
DICTIONARY
  5
10
330
A
100
AcDbDictionary
281
     1
  3
Standard
350
22
  0
DICTIONARY
  5
11
330
A
100
AcDbDictionary
281
     1
  0
ACDBDICTIONARYWDFLT
  5
12
330
A
100
AcDbDictionary
281
     1
  3
Normal
350
13
100
AcDbDictionaryWithDefault
340
13
  0
DICTIONARY
  5
14
330
A
100
AcDbDictionary
281
     1
  3
A0
350
1A2
  3
A1
350
1A3
  3
A2
350
1A4
  3
A3
350
1A5
  3
A4
350
1A6
  3
A5
350
1A7
  3
A6
350
1A8
  3
A7
350
1A9
  3
A8
350
1AA
  3
A9
350
1AB
  3
B0
350
1AC
  3
B1
350
1AD
  3
B2
350
1AE
  3
B3
350
1AF
  3
B4
350
1B0
  3
B5
350
1B1
  3
B6
350
1B2
  0
DICTIONARY
  5
1B3
102
{ACAD_REACTORS
330
A
102
}
330
A
100
AcDbDictionary
281
     1
  3
Metric50
350
1B4
  0
DICTIONARY
  5
15
330
A
100
AcDbDictionary
281
     1
  3
Standard
350
1A1
  0
DICTIONARY
  5
16
330
A
100
AcDbDictionary
281
     1
  3
2dWireframe
350
5A
  3
Basic
350
5B
  3
Brighten
350
5C
  3
ColorChange
350
5D
  3
Conceptual
350
5E
  3
Dim
350
5F
  3
EdgeColorOff
350
60
  3
Facepattern
350
61
  3
Flat
350
62
  3
FlatWithEdges
350
63
  3
Gouraud
350
64
  3
GouraudWithEdges
350
65
  3
Hidden
350
66
  3
JitterOff
350
67
  3
Linepattern
350
68
  3
Modeling
350
69
  3
OverhangOff
350
6A
  3
Realistic
350
6B
  3
Shaded
350
6C
  3
Shaded with edges
350
6D
  3
Shades of Gray
350
6E
  3
Sketchy
350
6F
  3
Thicken
350
70
  3
Wireframe
350
71
  3
X-Ray
350
72
  0
XRECORD
  5
294
102
{ACAD_REACTORS
330
A
102
}
330
A
100
AcDbXrecord
280
     1
 90
        1
330
1A1
  0
DICTIONARY
  5
1F3
102
{ACAD_REACTORS
330
A
102
}
330
A
100
AcDbDictionary
281
     1
  3
CANNOSCALE
350
1F8
  3
CMLEADERSTYLE
350
1F5
  3
CTABLESTYLE
350
1F4
  3
CVIEWDETAILSTYLE
350
1F6
  3
CVIEWSECTIONSTYLE
350
1F7
  0
DICTIONARY
  5
2D
330
A
100
AcDbDictionary
280
     1
281
     1
  3
CREATED_BY_EZDXF
360
2E
  3
WRITTEN_BY_EZDXF
360
19D
  0
DICTIONARY
  5
209
102
{ACAD_REACTORS
330
208
102
}
330
208
100
AcDbDictionary
281
     1
  0
SORTENTSTABLE
  5
201
102
{ACAD_REACTORS
330
200
102
}
330
200
100
AcDbSortentsTable
330
17
331
A8
  5
A9
331
A9
  5
B9
331
B9
  5
BA
331
BA
  5
BB
331
BB
  5
BC
331
BC
  5
BD
331
BD
  5
BE
331
BE
  5
BF
331
BF
  5
C0
331
C0
  5
C1
331
C1
  5
C2
331
C2
  5
C3
331
C3
  5
C4
331
C4
  5
C5
331
C5
  5
C6
331
C6
  5
C7
331
C7
  5
C8
331
C8
  5
C9
331
C9
  5
CA
331
CA
  5
CB
331
CB
  5
CC
331
CC
  5
CE
331
CE
  5
CF
331
CF
  5
D0
331
D0
  5
E0
331
E0
  5
EF
331
EF
  5
10D
331
10D
  5
110
331
110
  5
111
331
111
  5
112
331
112
  5
113
331
113
  5
114
331
114
  5
115
331
115
  5
116
331
116
  5
117
331
117
  5
118
331
118
  5
119
331
119
  5
11A
331
11A
  5
11B
331
11B
  5
11C
331
11C
  5
11D
331
11D
  5
11E
331
11E
  5
11F
331
11F
  5
120
331
120
  5
121
331
121
  5
122
331
122
  5
123
331
123
  5
124
331
124
  5
125
331
125
  5
126
331
126
  5
127
331
127
  5
128
331
128
  5
129
331
129
  5
12A
331
12A
  5
12B
331
12B
  5
12C
331
12C
  5
12D
331
12D
  5
12E
331
12E
  5
12F
331
12F
  5
130
331
130
  5
131
331
131
  5
132
331
132
  5
133
331
133
  5
134
331
134
  5
135
331
135
  5
136
331
136
  5
137
331
137
  5
138
331
138
  5
139
331
139
  5
13A
331
13A
  5
13B
331
13B
  5
13C
331
13C
  5
13D
331
13D
  5
13E
331
13E
  5
13F
331
13F
  5
140
331
140
  5
141
331
141
  5
142
331
142
  5
143
331
143
  5
144
331
144
  5
145
331
145
  5
146
331
146
  5
147
331
147
  5
148
331
148
  5
149
331
149
  5
14A
331
14A
  5
14B
331
14B
  5
14C
331
14C
  5
14D
331
14D
  5
14E
331
14E
  5
14F
331
14F
  5
150
331
150
  5
151
331
151
  5
152
331
152
  5
153
331
153
  5
154
331
154
  5
155
331
155
  5
156
331
156
  5
157
331
157
  5
158
331
158
  5
159
331
159
  5
15A
331
15A
  5
15B
331
15B
  5
15C
331
15C
  5
15D
331
15D
  5
15E
331
15E
  5
15F
331
15F
  5
160
331
160
  5
161
331
161
  5
162
331
162
  5
163
331
163
  5
164
331
164
  5
165
331
165
  5
166
331
166
  5
167
331
167
  5
168
331
168
  5
169
331
169
  5
16A
331
16A
  5
16B
331
16B
  5
16C
331
16C
  5
16D
331
16D
  5
16E
331
16E
  5
16F
331
16F
  5
170
331
170
  5
171
331
171
  5
172
331
172
  5
173
331
173
  5
174
331
174
  5
175
331
175
  5
176
331
176
  5
177
331
177
  5
178
331
178
  5
179
331
179
  5
17A
331
17A
  5
17B
331
17B
  5
17C
331
17C
  5
17D
331
17D
  5
17E
331
17E
  5
17F
331
17F
  5
180
331
180
  5
181
331
181
  5
182
331
182
  5
183
331
183
  5
184
331
184
  5
185
331
185
  5
186
331
186
  5
187
331
187
  5
188
331
188
  5
189
331
189
  5
18A
331
18A
  5
18B
331
18B
  5
18C
331
18C
  5
18D
331
18D
  5
18E
331
18E
  5
18F
331
18F
  5
190
331
190
  5
191
331
191
  5
192
331
192
  5
193
331
193
  5
194
331
194
  5
195
331
195
  5
196
331
196
  5
197
331
197
  5
198
331
198
  5
1E7
331
1E7
  5
1EE
331
1EE
  5
1EF
331
1EF
  5
1F0
331
1F0
  5
1F1
331
1F1
  5
1F2
331
1F2
  5
1FE
331
1FE
  5
1FF
331
1FF
  5
A8
  0
ACDBDETAILVIEWSTYLE
  5
1B6
102
{ACAD_REACTORS
330
1B5
102
}
330
1B5
100
AcDbModelDocViewStyle
 70
     0
  3
Metric50
290
     0
300
Metric50
 90
        0
100
AcDbDetailViewStyle
 70
     0
 71
     0
 90
        3
 71
     1
340
29
 62
   256
 40
5.0
340
0
 62
   256
 40
5.0
300

 40
0.0
280
     1
 71
     2
340
26
 90
       25
 62
   256
 71
     3
340
29
 62
   256
 40
5.0
 90
        0
 40
15.0
 90
        1
300
%<\AcVar ViewDetailId>% (%<\AcVar ViewScale \f "%sn">%)
 71
     4
340
26
 90
       25
 62
   256
340
26
 90
       25
 62
   256
280
     0
  0
LAYOUT
  5
1E
330
D
100
AcDbPlotSettings
  1

  2
\\ymprint\YM12
  4
A3
  6

 40
7.5
 41
20.0
 42
7.5
 43
20.0
 44
420.0
 45
297.0
 46
0.0
 47
0.0
 48
0.0
 49
0.0
140
0.0
141
0.0
142
1.0
143
1.0
 70
     0
 72
     1
 73
     0
 74
     5
  7

 75
    16
147
1.0
 76
     0
 77
     2
 78
   300
148
0.0
149
0.0
100
AcDbLayout
  1
Layout1
 70
     1
 71
     1
 10
0.0
 20
0.0
 11
420.0
 21
297.0
 12
0.0
 22
0.0
 32
0.0
 14
1.000000000000000E+20
 24
1.000000000000000E+20
 34
1.000000000000000E+20
 15
-1.000000000000000E+20
 25
-1.000000000000000E+20
 35
-1.000000000000000E+20
146
0.0
 13
0.0
 23
0.0
 33
0.0
 16
1.0
 26
0.0
 36
0.0
 17
0.0
 27
1.0
 37
0.0
 76
     0
330
1B
  0
LAYOUT
  5
1A
330
D
100
AcDbPlotSettings
  1

  2
\\ymprint\YM12
  4
A3
  6

 40
7.5
 41
20.0
 42
7.5
 43
20.0
 44
420.0
 45
297.0
 46
0.0
 47
0.0
 48
0.0
 49
0.0
140
0.0
141
0.0
142
1.0
143
1.0
 70
  1024
 72
     1
 73
     0
 74
     5
  7

 75
    16
147
1.0
 76
     0
 77
     2
 78
   300
148
0.0
149
0.0
100
AcDbLayout
  1
Model
 70
     1
 71
     0
 10
0.0
 20
0.0
 11
420.0
 21
297.0
 12
0.0
 22
0.0
 32
0.0
 14
1.000000000000000E+20
 24
1.000000000000000E+20
 34
1.000000000000000E+20
 15
-1.000000000000000E+20
 25
-1.000000000000000E+20
 35
-1.000000000000000E+20
146
0.0
 13
0.0
 23
0.0
 33
0.0
 16
1.0
 26
0.0
 36
0.0
 17
0.0
 27
1.0
 37
0.0
 76
     1
330
17
331
23
  0
MATERIAL
  5
1F
102
{ACAD_REACTORS
330
E
102
}
330
E
100
AcDbMaterial
  1
ByBlock
 71
     1
 91
-1023410177
 73
     1
 78
     1
172
     1
176
     1
270
     1
273
     1
274
     1
 94
       63
  0
MATERIAL
  5
20
102
{ACAD_REACTORS
330
E
102
}
330
E
100
AcDbMaterial
  1
ByLayer
 71
     1
 91
-1023410177
 73
     1
 78
     1
172
     1
176
     1
270
     1
273
     1
274
     1
 94
       63
  0
MATERIAL
  5
21
102
{ACAD_REACTORS
330
E
102
}
330
E
100
AcDbMaterial
  1
Global
 71
     1
 91
-1023410177
 73
     1
 78
     1
172
     1
176
     1
270
     1
273
     1
274
     1
 94
       63
  0
MLEADERSTYLE
  5
2C
102
{ACAD_REACTORS
330
F
102
}
330
F
100
AcDbMLeaderStyle
179
     2
170
     2
171
     1
172
     0
 90
        2
 40
0.0
 41
0.0
173
     1
 91
-1056964608
 92
       -2
290
     1
 42
2.0
291
     1
 43
8.0
  3
Standard
 44
4.0
300

342
29
174
     1
178
     1
175
     1
176
     0
 93
-1056964608
 45
4.0
292
     0
297
     0
 46
4.0
 94
-1056964608
 47
1.0
 49
1.0
140
1.0
293
     1
141
0.0
294
     1
177
     0
142
1.0
295
     0
296
     0
143
3.75
271
     0
272
     9
273
     9
298
     0
  0
MLINESTYLE
  5
22
102
{ACAD_REACTORS
330
10
102
}
330
10
100
AcDbMlineStyle
  2
STANDARD
 70
     0
  3

 62
   256
 51
90.0
 52
90.0
 71
     2
 49
0.5
 62
   256
  6
BYLAYER
 49
-0.5
 62
   256
  6
BYLAYER
  0
ACDBPLACEHOLDER
  5
13
330
12
  0
SCALE
  5
1A2
102
{ACAD_REACTORS
330
14
102
}
330
14
100
AcDbScale
 70
     0
300
1:1
140
1.0
141
1.0
290
     1
  0
SCALE
  5
1A3
102
{ACAD_REACTORS
330
14
102
}
330
14
100
AcDbScale
 70
     0
300
1:2
140
1.0
141
2.0
290
     0
  0
SCALE
  5
1A4
102
{ACAD_REACTORS
330
14
102
}
330
14
100
AcDbScale
 70
     0
300
1:4
140
1.0
141
4.0
290
     0
  0
SCALE
  5
1A5
102
{ACAD_REACTORS
330
14
102
}
330
14
100
AcDbScale
 70
     0
300
1:5
140
1.0
141
5.0
290
     0
  0
SCALE
  5
1A6
102
{ACAD_REACTORS
330
14
102
}
330
14
100
AcDbScale
 70
     0
300
1:8
140
1.0
141
8.0
290
     0
  0
SCALE
  5
1A7
102
{ACAD_REACTORS
330
14
102
}
330
14
100
AcDbScale
 70
     0
300
1:10
140
1.0
141
10.0
290
     0
  0
SCALE
  5
1A8
102
{ACAD_REACTORS
330
14
102
}
330
14
100
AcDbScale
 70
     0
300
1:16
140
1.0
141
16.0
290
     0
  0
SCALE
  5
1A9
102
{ACAD_REACTORS
330
14
102
}
330
14
100
AcDbScale
 70
     0
300
1:20
140
1.0
141
20.0
290
     0
  0
SCALE
  5
1AA
102
{ACAD_REACTORS
330
14
102
}
330
14
100
AcDbScale
 70
     0
300
1:30
140
1.0
141
30.0
290
     0
  0
SCALE
  5
1AB
102
{ACAD_REACTORS
330
14
102
}
330
14
100
AcDbScale
 70
     0
300
1:40
140
1.0
141
40.0
290
     0
  0
SCALE
  5
1AC
102
{ACAD_REACTORS
330
14
102
}
330
14
100
AcDbScale
 70
     0
300
1:50
140
1.0
141
50.0
290
     0
  0
SCALE
  5
1AD
102
{ACAD_REACTORS
330
14
102
}
330
14
100
AcDbScale
 70
     0
300
1:100
140
1.0
141
100.0
290
     0
  0
SCALE
  5
1AE
102
{ACAD_REACTORS
330
14
102
}
330
14
100
AcDbScale
 70
     0
300
2:1
140
2.0
141
1.0
290
     0
  0
SCALE
  5
1AF
102
{ACAD_REACTORS
330
14
102
}
330
14
100
AcDbScale
 70
     0
300
4:1
140
4.0
141
1.0
290
     0
  0
SCALE
  5
1B0
102
{ACAD_REACTORS
330
14
102
}
330
14
100
AcDbScale
 70
     0
300
8:1
140
8.0
141
1.0
290
     0
  0
SCALE
  5
1B1
102
{ACAD_REACTORS
330
14
102
}
330
14
100
AcDbScale
 70
     0
300
10:1
140
10.0
141
1.0
290
     0
  0
SCALE
  5
1B2
102
{ACAD_REACTORS
330
14
102
}
330
14
100
AcDbScale
 70
     0
300
100:1
140
100.0
141
1.0
290
     0
  0
ACDBSECTIONVIEWSTYLE
  5
1B4
102
{ACAD_REACTORS
330
1B3
102
}
330
1B3
100
AcDbModelDocViewStyle
 70
     0
  3
Metric50
290
     0
300
Metric50
 90
        0
100
AcDbSectionViewStyle
 70
     0
 71
     0
 90
      102
 71
     1
340
29
 62
   256
 40
5.0
340
0
340
0
 62
   256
 40
5.0
300
I, O, Q, S, X, Z
 40
10.0
 90
        0
 40
2.5
 90
        0
 71
     2
340
26
 90
       25
 62
   256
340
26
 90
       50
 62
   256
 40
5.0
 40
2.5
 40
5.0
 71
     3
340
29
 62
   256
 40
5.0
 90
        0
 40
15.0
 90
        1
300
%<\AcVar ViewSectionStartId>%-%<\AcVar ViewSectionEndId>% (%<\AcVar ViewScale \f "%sn">%)
 71
     4
 62
   256
 62
   257
300
ANSI31
 40
1.0
 90
        0
290
     0
290
     0
 90
        6
 40
0.0
 40
1.570796326794896
 40
0.2617993877991494
 40
1.308996938995747
 40
-0.2617993877991494
 40
1.832595714594046
  0
TABLESTYLE
  5
1A1
102
{ACAD_XDICTIONARY
360
292
102
}
102
{ACAD_REACTORS
330
15
102
}
330
15
100
AcDbTableStyle
280
     0
  3
Standard
 70
     0
 71
     0
 40
1.5
 41
1.5
280
     0
281
     0
  7
Standard
140
4.5
170
     2
 62
     0
 63
     7
283
     0
 90
      512
 91
        0
  1

274
    -2
284
     1
 64
     0
275
    -2
285
     1
 65
     0
276
    -2
286
     1
 66
     0
277
    -2
287
     1
 67
     0
278
    -2
288
     1
 68
     0
279
    -2
289
     1
 69
     0
  7
Standard
140
6.0
170
     5
 62
     0
 63
     7
283
     0
 90
      512
 91
        0
  1

274
    -2
284
     1
 64
     0
275
    -2
285
     1
 65
     0
276
    -2
286
     1
 66
     0
277
    -2
287
     1
 67
     0
278
    -2
288
     1
 68
     0
279
    -2
289
     1
 69
     0
  7
Standard
140
4.5
170
     5
 62
     0
 63
     7
283
     0
 90
      512
 91
        0
  1

274
    -2
284
     1
 64
     0
275
    -2
285
     1
 65
     0
276
    -2
286
     1
 66
     0
277
    -2
287
     1
 67
     0
278
    -2
288
     1
 68
     0
279
    -2
289
     1
 69
     0
  0
VISUALSTYLE
  5
5A
102
{ACAD_REACTORS
330
16
102
}
330
16
100
AcDbVisualStyle
  2
2dWireframe
 70
     4
177
     3
291
     0
 70
    58
 90
        2
176
     1
 90
        2
176
     1
 90
        0
176
     1
 90
        0
176
     1
 40
0.6
176
     1
 40
30.0
176
     1
 62
     7
420
 16777215
176
     1
 90
        1
176
     1
 90
        4
176
     1
 62
     7
176
     1
 62
   257
176
     1
 90
        1
176
     1
 90
        1
176
     1
 40
1.0
176
     1
 90
        8
176
     1
 62
     7
176
     1
 40
1.0
176
     1
 90
        1
176
     1
 90
        6
176
     1
 90
        2
176
     1
 62
     7
176
     1
 90
        5
176
     1
 90
        0
176
     1
 90
        0
176
     1
290
     0
176
     1
 90
        1
176
     1
 40
0.0
176
     1
 90
        0
176
     1
290
     1
176
     1
290
     1
176
     1
290
     0
176
     1
290
     0
176
     1
290
     0
176
     1
290
     0
176
     1
290
     0
176
     1
290
     0
176
     1
290
     0
176
     1
 90
       50
176
     1
 40
0.0
176
     1
 40
1.0
176
     1
 90
        0
176
     1
 62
    18
420
        0
176
     1
 90
       50
176
     1
 90
        3
176
     1
 62
     5
420
      255
176
     1
290
     0
176
     1
 90
       50
176
     1
 90
       50
176
     1
 90
       50
176
     1
290
     0
176
     1
 90
       50
176
     1
 62
   256
176
     0
 40
1.0
176
     0
 90
        2
176
     1
  1
strokes_ogs.tif
176
     1
290
     0
176
     1
 40
1.0
176
     1
 40
1.0
176
     1
  0
VISUALSTYLE
  5
5B
102
{ACAD_REACTORS
330
16
102
}
330
16
100
AcDbVisualStyle
  2
Basic
 70
     7
177
     3
291
     0
 70
    58
 90
        2
176
     1
 90
        2
176
     1
 90
        0
176
     1
 90
        0
176
     1
 40
0.6
176
     1
 40
30.0
176
     1
 62
     7
420
 16777215
176
     1
 90
        1
176
     1
 90
        4
176
     1
 62
     7
176
     1
 62
   257
176
     1
 90
        1
176
     1
 90
        1
176
     1
 40
1.0
176
     1
 90
        8
176
     1
 62
     7
176
     1
 40
1.0
176
     1
 90
        1
176
     1
 90
        6
176
     1
 90
        2
176
     1
 62
     7
176
     1
 90
        5
176
     1
 90
        0
176
     1
 90
        0
176
     1
290
     0
176
     1
 90
        1
176
     1
 40
0.0
176
     1
 90
        0
176
     1
290
     0
176
     1
290
     1
176
     1
290
     1
176
     1
290
     0
176
     1
290
     0
176
     1
290
     0
176
     1
290
     0
176
     1
290
     0
176
     1
290
     0
176
     1
 90
       50
176
     1
 40
0.0
176
     1
 40
1.0
176
     1
 90
        0
176
     1
 62
    18
420
        0
176
     1
 90
       50
176
     1
 90
        3
176
     1
 62
     5
420
      255
176
     1
290
     0
176
     1
 90
       50
176
     1
 90
       50
176
     1
 90
       50
176
     1
290
     0
176
     1
 90
       50
176
     1
 62
   256
176
     0
 40
1.0
176
     0
 90
        2
176
     1
  1
strokes_ogs.tif
176
     1
290
     0
176
     1
 40
1.0
176
     1
 40
1.0
176
     1
  0
VISUALSTYLE
  5
5C
102
{ACAD_REACTORS
330
16
102
}
330
16
100
AcDbVisualStyle
  2
Brighten
 70
    12
177
     3
291
     0
 70
    58
 90
        2
176
     1
 90
        2
176
     1
 90
        0
176
     1
 90
        0
176
     1
 40
0.6
176
     1
 40
30.0
176
     1
 62
     7
420
 16777215
176
     1
 90
        1
176
     1
 90
        4
176
     1
 62
     7
176
     1
 62
   257
176
     1
 90
        1
176
     1
 90
        1
176
     1
 40
1.0
176
     1
 90
        8
176
     1
 62
     7
176
     1
 40
1.0
176
     1
 90
        1
176
     1
 90
        6
176
     1
 90
        2
176
     1
 62
     7
176
     1
 90
        5
176
     1
 90
        0
176
     1
 90
        0
176
     1
290
     0
176
     1
 90
        1
176
     1
 40
0.0
176
     1
 90
        0
176
     1
290
     0
176
     1
290
     1
176
     1
290
     1
176
     1
290
     0
176
     1
290
     0
176
     1
290
     0
176
     1
290
     0
176
     1
290
     0
176
     1
290
     0
176
     1
 90
       50
176
     1
 40
0.0
176
     1
 40
1.0
176
     1
 90
        0
176
     1
 62
    18
420
        0
176
     1
 90
       50
176
     1
 90
        3
176
     1
 62
     5
420
      255
176
     1
290
     0
176
     1
 90
       50
176
     1
 90
       50
176
     1
 90
       50
176
     1
290
     0
176
     1
 90
       50
176
     1
 62
   256
176
     0
 40
1.0
176
     0
 90
        2
176
     1
  1
strokes_ogs.tif
176
     1
290
     0
176
     1
 40
1.0
176
     1
 40
1.0
176
     1
  0
VISUALSTYLE
  5
5D
102
{ACAD_REACTORS
330
16
102
}
330
16
100
AcDbVisualStyle
  2
ColorChange
 70
    16
177
     3
291
     0
 70
    58
 90
        2
176
     1
 90
        2
176
     1
 90
        0
176
     1
 90
        0
176
     1
 40
0.6
176
     1
 40
30.0
176
     1
 62
     7
420
 16777215
176
     1
 90
        1
176
     1
 90
        4
176
     1
 62
     7
176
     1
 62
   257
176
     1
 90
        1
176
     1
 90
        1
176
     1
 40
1.0
176
     1
 90
        8
176
     1
 62
     7
176
     1
 40
1.0
176
     1
 90
        1
176
     1
 90
        6
176
     1
 90
        2
176
     1
 62
     7
176
     1
 90
        5
176
     1
 90
        0
176
     1
 90
        0
176
     1
290
     0
176
     1
 90
        1
176
     1
 40
0.0
176
     1
 90
        0
176
     1
290
     0
176
     1
290
     1
176
     1
290
     1
176
     1
290
     0
176
     1
290
     0
176
     1
290
     0
176
     1
290
     0
176
     1
290
     0
176
     1
290
     0
176
     1
 90
       50
176
     1
 40
0.0
176
     1
 40
1.0
176
     1
 90
        0
176
     1
 62
    18
420
        0
176
     1
 90
       50
176
     1
 90
        3
176
     1
 62
     5
420
      255
176
     1
290
     0
176
     1
 90
       50
176
     1
 90
       50
176
     1
 90
       50
176
     1
290
     0
176
     1
 90
       50
176
     1
 62
   256
176
     0
 40
1.0
176
     0
 90
        2
176
     1
  1
strokes_ogs.tif
176
     1
290
     0
176
     1
 40
1.0
176
     1
 40
1.0
176
     1
  0
VISUALSTYLE
  5
5E
102
{ACAD_REACTORS
330
16
102
}
330
16
100
AcDbVisualStyle
  2
Conceptual
 70
     9
177
     3
291
     0
 70
    58
 90
        2
176
     1
 90
        2
176
     1
 90
        0
176
     1
 90
        0
176
     1
 40
0.6
176
     1
 40
30.0
176
     1
 62
     7
420
 16777215
176
     1
 90
        1
176
     1
 90
        4
176
     1
 62
     7
176
     1
 62
   257
176
     1
 90
        1
176
     1
 90
        1
176
     1
 40
1.0
176
     1
 90
        8
176
     1
 62
     7
176
     1
 40
1.0
176
     1
 90
        1
176
     1
 90
        6
176
     1
 90
        2
176
     1
 62
     7
176
     1
 90
        5
176
     1
 90
        0
176
     1
 90
        0
176
     1
290
     0
176
     1
 90
        1
176
     1
 40
0.0
176
     1
 90
        0
176
     1
290
     0
176
     1
290
     1
176
     1
290
     1
176
     1
290
     0
176
     1
290
     0
176
     1
290
     0
176
     1
290
     0
176
     1
290
     0
176
     1
290
     0
176
     1
 90
       50
176
     1
 40
0.0
176
     1
 40
1.0
176
     1
 90
        0
176
     1
 62
    18
420
        0
176
     1
 90
       50
176
     1
 90
        3
176
     1
 62
     5
420
      255
176
     1
290
     0
176
     1
 90
       50
176
     1
 90
       50
176
     1
 90
       50
176
     1
290
     0
176
     1
 90
       50
176
     1
 62
   256
176
     0
 40
1.0
176
     0
 90
        2
176
     1
  1
strokes_ogs.tif
176
     1
290
     0
176
     1
 40
1.0
176
     1
 40
1.0
176
     1
  0
VISUALSTYLE
  5
5F
102
{ACAD_REACTORS
330
16
102
}
330
16
100
AcDbVisualStyle
  2
Dim
 70
    11
177
     3
291
     0
 70
    58
 90
        2
176
     1
 90
        2
176
     1
 90
        0
176
     1
 90
        0
176
     1
 40
0.6
176
     1
 40
30.0
176
     1
 62
     7
420
 16777215
176
     1
 90
        1
176
     1
 90
        4
176
     1
 62
     7
176
     1
 62
   257
176
     1
 90
        1
176
     1
 90
        1
176
     1
 40
1.0
176
     1
 90
        8
176
     1
 62
     7
176
     1
 40
1.0
176
     1
 90
        1
176
     1
 90
        6
176
     1
 90
        2
176
     1
 62
     7
176
     1
 90
        5
176
     1
 90
        0
176
     1
 90
        0
176
     1
290
     0
176
     1
 90
        1
176
     1
 40
0.0
176
     1
 90
        0
176
     1
290
     0
176
     1
290
     1
176
     1
290
     1
176
     1
290
     0
176
     1
290
     0
176
     1
290
     0
176
     1
290
     0
176
     1
290
     0
176
     1
290
     0
176
     1
 90
       50
176
     1
 40
0.0
176
     1
 40
1.0
176
     1
 90
        0
176
     1
 62
    18
420
        0
176
     1
 90
       50
176
     1
 90
        3
176
     1
 62
     5
420
      255
176
     1
290
     0
176
     1
 90
       50
176
     1
 90
       50
176
     1
 90
       50
176
     1
290
     0
176
     1
 90
       50
176
     1
 62
   256
176
     0
 40
1.0
176
     0
 90
        2
176
     1
  1
strokes_ogs.tif
176
     1
290
     0
176
     1
 40
1.0
176
     1
 40
1.0
176
     1
  0
VISUALSTYLE
  5
60
102
{ACAD_REACTORS
330
16
102
}
330
16
100
AcDbVisualStyle
  2
EdgeColorOff
 70
    22
177
     3
291
     0
 70
    58
 90
        2
176
     1
 90
        2
176
     1
 90
        0
176
     1
 90
        0
176
     1
 40
0.6
176
     1
 40
30.0
176
     1
 62
     7
420
 16777215
176
     1
 90
        1
176
     1
 90
        4
176
     1
 62
     7
176
     1
 62
   257
176
     1
 90
        1
176
     1
 90
        1
176
     1
 40
1.0
176
     1
 90
        8
176
     1
 62
     7
176
     1
 40
1.0
176
     1
 90
        1
176
     1
 90
        6
176
     1
 90
        2
176
     1
 62
     7
176
     1
 90
        5
176
     1
 90
        0
176
     1
 90
        0
176
     1
290
     0
176
     1
 90
        1
176
     1
 40
0.0
176
     1
 90
        0
176
     1
290
     0
176
     1
290
     1
176
     1
290
     1
176
     1
290
     0
176
     1
290
     0
176
     1
290
     0
176
     1
290
     0
176
     1
290
     0
176
     1
290
     0
176
     1
 90
       50
176
     1
 40
0.0
176
     1
 40
1.0
176
     1
 90
        0
176
     1
 62
    18
420
        0
176
     1
 90
       50
176
     1
 90
        3
176
     1
 62
     5
420
      255
176
     1
290
     0
176
     1
 90
       50
176
     1
 90
       50
176
     1
 90
       50
176
     1
290
     0
176
     1
 90
       50
176
     1
 62
   256
176
     0
 40
1.0
176
     0
 90
        2
176
     1
  1
strokes_ogs.tif
176
     1
290
     0
176
     1
 40
1.0
176
     1
 40
1.0
176
     1
  0
VISUALSTYLE
  5
61
102
{ACAD_REACTORS
330
16
102
}
330
16
100
AcDbVisualStyle
  2
Facepattern
 70
    15
177
     3
291
     0
 70
    58
 90
        2
176
     1
 90
        2
176
     1
 90
        0
176
     1
 90
        0
176
     1
 40
0.6
176
     1
 40
30.0
176
     1
 62
     7
420
 16777215
176
     1
 90
        1
176
     1
 90
        4
176
     1
 62
     7
176
     1
 62
   257
176
     1
 90
        1
176
     1
 90
        1
176
     1
 40
1.0
176
     1
 90
        8
176
     1
 62
     7
176
     1
 40
1.0
176
     1
 90
        1
176
     1
 90
        6
176
     1
 90
        2
176
     1
 62
     7
176
     1
 90
        5
176
     1
 90
        0
176
     1
 90
        0
176
     1
290
     0
176
     1
 90
        1
176
     1
 40
0.0
176
     1
 90
        0
176
     1
290
     0
176
     1
290
     1
176
     1
290
     1
176
     1
290
     0
176
     1
290
     0
176
     1
290
     0
176
     1
290
     0
176
     1
290
     0
176
     1
290
     0
176
     1
 90
       50
176
     1
 40
0.0
176
     1
 40
1.0
176
     1
 90
        0
176
     1
 62
    18
420
        0
176
     1
 90
       50
176
     1
 90
        3
176
     1
 62
     5
420
      255
176
     1
290
     0
176
     1
 90
       50
176
     1
 90
       50
176
     1
 90
       50
176
     1
290
     0
176
     1
 90
       50
176
     1
 62
   256
176
     0
 40
1.0
176
     0
 90
        2
176
     1
  1
strokes_ogs.tif
176
     1
290
     0
176
     1
 40
1.0
176
     1
 40
1.0
176
     1
  0
VISUALSTYLE
  5
62
102
{ACAD_REACTORS
330
16
102
}
330
16
100
AcDbVisualStyle
  2
Flat
 70
     0
177
     3
291
     0
 70
    58
 90
        2
176
     1
 90
        2
176
     1
 90
        0
176
     1
 90
        0
176
     1
 40
0.6
176
     1
 40
30.0
176
     1
 62
     7
420
 16777215
176
     1
 90
        1
176
     1
 90
        4
176
     1
 62
     7
176
     1
 62
   257
176
     1
 90
        1
176
     1
 90
        1
176
     1
 40
1.0
176
     1
 90
        8
176
     1
 62
     7
176
     1
 40
1.0
176
     1
 90
        1
176
     1
 90
        6
176
     1
 90
        2
176
     1
 62
     7
176
     1
 90
        5
176
     1
 90
        0
176
     1
 90
        0
176
     1
290
     0
176
     1
 90
        1
176
     1
 40
0.0
176
     1
 90
        0
176
     1
290
     0
176
     1
290
     1
176
     1
290
     1
176
     1
290
     0
176
     1
290
     0
176
     1
290
     0
176
     1
290
     0
176
     1
290
     0
176
     1
290
     0
176
     1
 90
       50
176
     1
 40
0.0
176
     1
 40
1.0
176
     1
 90
        0
176
     1
 62
    18
420
        0
176
     1
 90
       50
176
     1
 90
        3
176
     1
 62
     5
420
      255
176
     1
290
     0
176
     1
 90
       50
176
     1
 90
       50
176
     1
 90
       50
176
     1
290
     0
176
     1
 90
       50
176
     1
 62
   256
176
     0
 40
1.0
176
     0
 90
        2
176
     1
  1
strokes_ogs.tif
176
     1
290
     0
176
     1
 40
1.0
176
     1
 40
1.0
176
     1
  0
VISUALSTYLE
  5
63
102
{ACAD_REACTORS
330
16
102
}
330
16
100
AcDbVisualStyle
  2
FlatWithEdges
 70
     1
177
     3
291
     0
 70
    58
 90
        2
176
     1
 90
        2
176
     1
 90
        0
176
     1
 90
        0
176
     1
 40
0.6
176
     1
 40
30.0
176
     1
 62
     7
420
 16777215
176
     1
 90
        1
176
     1
 90
        4
176
     1
 62
     7
176
     1
 62
   257
176
     1
 90
        1
176
     1
 90
        1
176
     1
 40
1.0
176
     1
 90
        8
176
     1
 62
     7
176
     1
 40
1.0
176
     1
 90
        1
176
     1
 90
        6
176
     1
 90
        2
176
     1
 62
     7
176
     1
 90
        5
176
     1
 90
        0
176
     1
 90
        0
176
     1
290
     0
176
     1
 90
        1
176
     1
 40
0.0
176
     1
 90
        0
176
     1
290
     0
176
     1
290
     1
176
     1
290
     1
176
     1
290
     0
176
     1
290
     0
176
     1
290
     0
176
     1
290
     0
176
     1
290
     0
176
     1
290
     0
176
     1
 90
       50
176
     1
 40
0.0
176
     1
 40
1.0
176
     1
 90
        0
176
     1
 62
    18
420
        0
176
     1
 90
       50
176
     1
 90
        3
176
     1
 62
     5
420
      255
176
     1
290
     0
176
     1
 90
       50
176
     1
 90
       50
176
     1
 90
       50
176
     1
290
     0
176
     1
 90
       50
176
     1
 62
   256
176
     0
 40
1.0
176
     0
 90
        2
176
     1
  1
strokes_ogs.tif
176
     1
290
     0
176
     1
 40
1.0
176
     1
 40
1.0
176
     1
  0
VISUALSTYLE
  5
64
102
{ACAD_REACTORS
330
16
102
}
330
16
100
AcDbVisualStyle
  2
Gouraud
 70
     2
177
     3
291
     0
 70
    58
 90
        2
176
     1
 90
        2
176
     1
 90
        0
176
     1
 90
        0
176
     1
 40
0.6
176
     1
 40
30.0
176
     1
 62
     7
420
 16777215
176
     1
 90
        1
176
     1
 90
        4
176
     1
 62
     7
176
     1
 62
   257
176
     1
 90
        1
176
     1
 90
        1
176
     1
 40
1.0
176
     1
 90
        8
176
     1
 62
     7
176
     1
 40
1.0
176
     1
 90
        1
176
     1
 90
        6
176
     1
 90
        2
176
     1
 62
     7
176
     1
 90
        5
176
     1
 90
        0
176
     1
 90
        0
176
     1
290
     0
176
     1
 90
        1
176
     1
 40
0.0
176
     1
 90
        0
176
     1
290
     0
176
     1
290
     1
176
     1
290
     1
176
     1
290
     0
176
     1
290
     0
176
     1
290
     0
176
     1
290
     0
176
     1
290
     0
176
     1
290
     0
176
     1
 90
       50
176
     1
 40
0.0
176
     1
 40
1.0
176
     1
 90
        0
176
     1
 62
    18
420
        0
176
     1
 90
       50
176
     1
 90
        3
176
     1
 62
     5
420
      255
176
     1
290
     0
176
     1
 90
       50
176
     1
 90
       50
176
     1
 90
       50
176
     1
290
     0
176
     1
 90
       50
176
     1
 62
   256
176
     0
 40
1.0
176
     0
 90
        2
176
     1
  1
strokes_ogs.tif
176
     1
290
     0
176
     1
 40
1.0
176
     1
 40
1.0
176
     1
  0
VISUALSTYLE
  5
65
102
{ACAD_REACTORS
330
16
102
}
330
16
100
AcDbVisualStyle
  2
GouraudWithEdges
 70
     3
177
     3
291
     0
 70
    58
 90
        2
176
     1
 90
        2
176
     1
 90
        0
176
     1
 90
        0
176
     1
 40
0.6
176
     1
 40
30.0
176
     1
 62
     7
420
 16777215
176
     1
 90
        1
176
     1
 90
        4
176
     1
 62
     7
176
     1
 62
   257
176
     1
 90
        1
176
     1
 90
        1
176
     1
 40
1.0
176
     1
 90
        8
176
     1
 62
     7
176
     1
 40
1.0
176
     1
 90
        1
176
     1
 90
        6
176
     1
 90
        2
176
     1
 62
     7
176
     1
 90
        5
176
     1
 90
        0
176
     1
 90
        0
176
     1
290
     0
176
     1
 90
        1
176
     1
 40
0.0
176
     1
 90
        0
176
     1
290
     0
176
     1
290
     1
176
     1
290
     1
176
     1
290
     0
176
     1
290
     0
176
     1
290
     0
176
     1
290
     0
176
     1
290
     0
176
     1
290
     0
176
     1
 90
       50
176
     1
 40
0.0
176
     1
 40
1.0
176
     1
 90
        0
176
     1
 62
    18
420
        0
176
     1
 90
       50
176
     1
 90
        3
176
     1
 62
     5
420
      255
176
     1
290
     0
176
     1
 90
       50
176
     1
 90
       50
176
     1
 90
       50
176
     1
290
     0
176
     1
 90
       50
176
     1
 62
   256
176
     0
 40
1.0
176
     0
 90
        2
176
     1
  1
strokes_ogs.tif
176
     1
290
     0
176
     1
 40
1.0
176
     1
 40
1.0
176
     1
  0
VISUALSTYLE
  5
66
102
{ACAD_REACTORS
330
16
102
}
330
16
100
AcDbVisualStyle
  2
Hidden
 70
     6
177
     3
291
     0
 70
    58
 90
        2
176
     1
 90
        2
176
     1
 90
        0
176
     1
 90
        0
176
     1
 40
0.6
176
     1
 40
30.0
176
     1
 62
     7
420
 16777215
176
     1
 90
        1
176
     1
 90
        4
176
     1
 62
     7
176
     1
 62
   257
176
     1
 90
        1
176
     1
 90
        1
176
     1
 40
1.0
176
     1
 90
        8
176
     1
 62
     7
176
     1
 40
1.0
176
     1
 90
        1
176
     1
 90
        6
176
     1
 90
        2
176
     1
 62
     7
176
     1
 90
        5
176
     1
 90
        0
176
     1
 90
        0
176
     1
290
     0
176
     1
 90
        1
176
     1
 40
0.0
176
     1
 90
        0
176
     1
290
     0
176
     1
290
     1
176
     1
290
     1
176
     1
290
     0
176
     1
290
     0
176
     1
290
     0
176
     1
290
     0
176
     1
290
     0
176
     1
290
     0
176
     1
 90
       50
176
     1
 40
0.0
176
     1
 40
1.0
176
     1
 90
        0
176
     1
 62
    18
420
        0
176
     1
 90
       50
176
     1
 90
        3
176
     1
 62
     5
420
      255
176
     1
290
     0
176
     1
 90
       50
176
     1
 90
       50
176
     1
 90
       50
176
     1
290
     0
176
     1
 90
       50
176
     1
 62
   256
176
     0
 40
1.0
176
     0
 90
        2
176
     1
  1
strokes_ogs.tif
176
     1
290
     0
176
     1
 40
1.0
176
     1
 40
1.0
176
     1
  0
VISUALSTYLE
  5
67
102
{ACAD_REACTORS
330
16
102
}
330
16
100
AcDbVisualStyle
  2
JitterOff
 70
    20
177
     3
291
     0
 70
    58
 90
        2
176
     1
 90
        2
176
     1
 90
        0
176
     1
 90
        0
176
     1
 40
0.6
176
     1
 40
30.0
176
     1
 62
     7
420
 16777215
176
     1
 90
        1
176
     1
 90
        4
176
     1
 62
     7
176
     1
 62
   257
176
     1
 90
        1
176
     1
 90
        1
176
     1
 40
1.0
176
     1
 90
        8
176
     1
 62
     7
176
     1
 40
1.0
176
     1
 90
        1
176
     1
 90
        6
176
     1
 90
        2
176
     1
 62
     7
176
     1
 90
        5
176
     1
 90
        0
176
     1
 90
        0
176
     1
290
     0
176
     1
 90
        1
176
     1
 40
0.0
176
     1
 90
        0
176
     1
290
     0
176
     1
290
     1
176
     1
290
     1
176
     1
290
     0
176
     1
290
     0
176
     1
290
     0
176
     1
290
     0
176
     1
290
     0
176
     1
290
     0
176
     1
 90
       50
176
     1
 40
0.0
176
     1
 40
1.0
176
     1
 90
        0
176
     1
 62
    18
420
        0
176
     1
 90
       50
176
     1
 90
        3
176
     1
 62
     5
420
      255
176
     1
290
     0
176
     1
 90
       50
176
     1
 90
       50
176
     1
 90
       50
176
     1
290
     0
176
     1
 90
       50
176
     1
 62
   256
176
     0
 40
1.0
176
     0
 90
        2
176
     1
  1
strokes_ogs.tif
176
     1
290
     0
176
     1
 40
1.0
176
     1
 40
1.0
176
     1
  0
VISUALSTYLE
  5
68
102
{ACAD_REACTORS
330
16
102
}
330
16
100
AcDbVisualStyle
  2
Linepattern
 70
    14
177
     3
291
     0
 70
    58
 90
        2
176
     1
 90
        2
176
     1
 90
        0
176
     1
 90
        0
176
     1
 40
0.6
176
     1
 40
30.0
176
     1
 62
     7
420
 16777215
176
     1
 90
        1
176
     1
 90
        4
176
     1
 62
     7
176
     1
 62
   257
176
     1
 90
        1
176
     1
 90
        1
176
     1
 40
1.0
176
     1
 90
        8
176
     1
 62
     7
176
     1
 40
1.0
176
     1
 90
        1
176
     1
 90
        6
176
     1
 90
        2
176
     1
 62
     7
176
     1
 90
        5
176
     1
 90
        0
176
     1
 90
        0
176
     1
290
     0
176
     1
 90
        1
176
     1
 40
0.0
176
     1
 90
        0
176
     1
290
     0
176
     1
290
     1
176
     1
290
     1
176
     1
290
     0
176
     1
290
     0
176
     1
290
     0
176
     1
290
     0
176
     1
290
     0
176
     1
290
     0
176
     1
 90
       50
176
     1
 40
0.0
176
     1
 40
1.0
176
     1
 90
        0
176
     1
 62
    18
420
        0
176
     1
 90
       50
176
     1
 90
        3
176
     1
 62
     5
420
      255
176
     1
290
     0
176
     1
 90
       50
176
     1
 90
       50
176
     1
 90
       50
176
     1
290
     0
176
     1
 90
       50
176
     1
 62
   256
176
     0
 40
1.0
176
     0
 90
        2
176
     1
  1
strokes_ogs.tif
176
     1
290
     0
176
     1
 40
1.0
176
     1
 40
1.0
176
     1
  0
VISUALSTYLE
  5
69
102
{ACAD_REACTORS
330
16
102
}
330
16
100
AcDbVisualStyle
  2
Modeling
 70
    10
177
     3
291
     0
 70
    58
 90
        2
176
     1
 90
        2
176
     1
 90
        0
176
     1
 90
        0
176
     1
 40
0.6
176
     1
 40
30.0
176
     1
 62
     7
420
 16777215
176
     1
 90
        1
176
     1
 90
        4
176
     1
 62
     7
176
     1
 62
   257
176
     1
 90
        1
176
     1
 90
        1
176
     1
 40
1.0
176
     1
 90
        8
176
     1
 62
     7
176
     1
 40
1.0
176
     1
 90
        1
176
     1
 90
        6
176
     1
 90
        2
176
     1
 62
     7
176
     1
 90
        5
176
     1
 90
        0
176
     1
 90
        0
176
     1
290
     0
176
     1
 90
        1
176
     1
 40
0.0
176
     1
 90
        0
176
     1
290
     0
176
     1
290
     1
176
     1
290
     1
176
     1
290
     0
176
     1
290
     0
176
     1
290
     0
176
     1
290
     0
176
     1
290
     0
176
     1
290
     0
176
     1
 90
       50
176
     1
 40
0.0
176
     1
 40
1.0
176
     1
 90
        0
176
     1
 62
    18
420
        0
176
     1
 90
       50
176
     1
 90
        3
176
     1
 62
     5
420
      255
176
     1
290
     0
176
     1
 90
       50
176
     1
 90
       50
176
     1
 90
       50
176
     1
290
     0
176
     1
 90
       50
176
     1
 62
   256
176
     0
 40
1.0
176
     0
 90
        2
176
     1
  1
strokes_ogs.tif
176
     1
290
     0
176
     1
 40
1.0
176
     1
 40
1.0
176
     1
  0
VISUALSTYLE
  5
6A
102
{ACAD_REACTORS
330
16
102
}
330
16
100
AcDbVisualStyle
  2
OverhangOff
 70
    21
177
     3
291
     0
 70
    58
 90
        2
176
     1
 90
        2
176
     1
 90
        0
176
     1
 90
        0
176
     1
 40
0.6
176
     1
 40
30.0
176
     1
 62
     7
420
 16777215
176
     1
 90
        1
176
     1
 90
        4
176
     1
 62
     7
176
     1
 62
   257
176
     1
 90
        1
176
     1
 90
        1
176
     1
 40
1.0
176
     1
 90
        8
176
     1
 62
     7
176
     1
 40
1.0
176
     1
 90
        1
176
     1
 90
        6
176
     1
 90
        2
176
     1
 62
     7
176
     1
 90
        5
176
     1
 90
        0
176
     1
 90
        0
176
     1
290
     0
176
     1
 90
        1
176
     1
 40
0.0
176
     1
 90
        0
176
     1
290
     0
176
     1
290
     1
176
     1
290
     1
176
     1
290
     0
176
     1
290
     0
176
     1
290
     0
176
     1
290
     0
176
     1
290
     0
176
     1
290
     0
176
     1
 90
       50
176
     1
 40
0.0
176
     1
 40
1.0
176
     1
 90
        0
176
     1
 62
    18
420
        0
176
     1
 90
       50
176
     1
 90
        3
176
     1
 62
     5
420
      255
176
     1
290
     0
176
     1
 90
       50
176
     1
 90
       50
176
     1
 90
       50
176
     1
290
     0
176
     1
 90
       50
176
     1
 62
   256
176
     0
 40
1.0
176
     0
 90
        2
176
     1
  1
strokes_ogs.tif
176
     1
290
     0
176
     1
 40
1.0
176
     1
 40
1.0
176
     1
  0
VISUALSTYLE
  5
6B
102
{ACAD_REACTORS
330
16
102
}
330
16
100
AcDbVisualStyle
  2
Realistic
 70
     8
177
     3
291
     0
 70
    58
 90
        2
176
     1
 90
        2
176
     1
 90
        0
176
     1
 90
        0
176
     1
 40
0.6
176
     1
 40
30.0
176
     1
 62
     7
420
 16777215
176
     1
 90
        1
176
     1
 90
        4
176
     1
 62
     7
176
     1
 62
   257
176
     1
 90
        1
176
     1
 90
        1
176
     1
 40
1.0
176
     1
 90
        8
176
     1
 62
     7
176
     1
 40
1.0
176
     1
 90
        1
176
     1
 90
        6
176
     1
 90
        2
176
     1
 62
     7
176
     1
 90
        5
176
     1
 90
        0
176
     1
 90
        0
176
     1
290
     0
176
     1
 90
        1
176
     1
 40
0.0
176
     1
 90
        0
176
     1
290
     0
176
     1
290
     1
176
     1
290
     1
176
     1
290
     0
176
     1
290
     0
176
     1
290
     0
176
     1
290
     0
176
     1
290
     0
176
     1
290
     0
176
     1
 90
       50
176
     1
 40
0.0
176
     1
 40
1.0
176
     1
 90
        0
176
     1
 62
    18
420
        0
176
     1
 90
       50
176
     1
 90
        3
176
     1
 62
     5
420
      255
176
     1
290
     0
176
     1
 90
       50
176
     1
 90
       50
176
     1
 90
       50
176
     1
290
     0
176
     1
 90
       50
176
     1
 62
   256
176
     0
 40
1.0
176
     0
 90
        2
176
     1
  1
strokes_ogs.tif
176
     1
290
     0
176
     1
 40
1.0
176
     1
 40
1.0
176
     1
  0
VISUALSTYLE
  5
6C
102
{ACAD_REACTORS
330
16
102
}
330
16
100
AcDbVisualStyle
  2
Shaded
 70
    27
177
     3
291
     0
 70
    58
 90
        2
176
     1
 90
        2
176
     1
 90
        0
176
     1
 90
        0
176
     1
 40
0.6
176
     1
 40
30.0
176
     1
 62
     7
420
 16777215
176
     1
 90
        1
176
     1
 90
        4
176
     1
 62
     7
176
     1
 62
   257
176
     1
 90
        1
176
     1
 90
        1
176
     1
 40
1.0
176
     1
 90
        8
176
     1
 62
     7
176
     1
 40
1.0
176
     1
 90
        1
176
     1
 90
        6
176
     1
 90
        2
176
     1
 62
     7
176
     1
 90
        5
176
     1
 90
        0
176
     1
 90
        0
176
     1
290
     0
176
     1
 90
        1
176
     1
 40
0.0
176
     1
 90
        0
176
     1
290
     0
176
     1
290
     1
176
     1
290
     1
176
     1
290
     0
176
     1
290
     0
176
     1
290
     0
176
     1
290
     0
176
     1
290
     0
176
     1
290
     0
176
     1
 90
       50
176
     1
 40
0.0
176
     1
 40
1.0
176
     1
 90
        0
176
     1
 62
    18
420
        0
176
     1
 90
       50
176
     1
 90
        3
176
     1
 62
     5
420
      255
176
     1
290
     0
176
     1
 90
       50
176
     1
 90
       50
176
     1
 90
       50
176
     1
290
     0
176
     1
 90
       50
176
     1
 62
   256
176
     0
 40
1.0
176
     0
 90
        2
176
     1
  1
strokes_ogs.tif
176
     1
290
     0
176
     1
 40
1.0
176
     1
 40
1.0
176
     1
  0
VISUALSTYLE
  5
6D
102
{ACAD_REACTORS
330
16
102
}
330
16
100
AcDbVisualStyle
  2
Shaded with edges
 70
    26
177
     3
291
     0
 70
    58
 90
        2
176
     1
 90
        2
176
     1
 90
        0
176
     1
 90
        0
176
     1
 40
0.6
176
     1
 40
30.0
176
     1
 62
     7
420
 16777215
176
     1
 90
        1
176
     1
 90
        4
176
     1
 62
     7
176
     1
 62
   257
176
     1
 90
        1
176
     1
 90
        1
176
     1
 40
1.0
176
     1
 90
        8
176
     1
 62
     7
176
     1
 40
1.0
176
     1
 90
        1
176
     1
 90
        6
176
     1
 90
        2
176
     1
 62
     7
176
     1
 90
        5
176
     1
 90
        0
176
     1
 90
        0
176
     1
290
     0
176
     1
 90
        1
176
     1
 40
0.0
176
     1
 90
        0
176
     1
290
     0
176
     1
290
     1
176
     1
290
     1
176
     1
290
     0
176
     1
290
     0
176
     1
290
     0
176
     1
290
     0
176
     1
290
     0
176
     1
290
     0
176
     1
 90
       50
176
     1
 40
0.0
176
     1
 40
1.0
176
     1
 90
        0
176
     1
 62
    18
420
        0
176
     1
 90
       50
176
     1
 90
        3
176
     1
 62
     5
420
      255
176
     1
290
     0
176
     1
 90
       50
176
     1
 90
       50
176
     1
 90
       50
176
     1
290
     0
176
     1
 90
       50
176
     1
 62
   256
176
     0
 40
1.0
176
     0
 90
        2
176
     1
  1
strokes_ogs.tif
176
     1
290
     0
176
     1
 40
1.0
176
     1
 40
1.0
176
     1
  0
VISUALSTYLE
  5
6E
102
{ACAD_REACTORS
330
16
102
}
330
16
100
AcDbVisualStyle
  2
Shades of Gray
 70
    23
177
     3
291
     0
 70
    58
 90
        2
176
     1
 90
        2
176
     1
 90
        0
176
     1
 90
        0
176
     1
 40
0.6
176
     1
 40
30.0
176
     1
 62
     7
420
 16777215
176
     1
 90
        1
176
     1
 90
        4
176
     1
 62
     7
176
     1
 62
   257
176
     1
 90
        1
176
     1
 90
        1
176
     1
 40
1.0
176
     1
 90
        8
176
     1
 62
     7
176
     1
 40
1.0
176
     1
 90
        1
176
     1
 90
        6
176
     1
 90
        2
176
     1
 62
     7
176
     1
 90
        5
176
     1
 90
        0
176
     1
 90
        0
176
     1
290
     0
176
     1
 90
        1
176
     1
 40
0.0
176
     1
 90
        0
176
     1
290
     0
176
     1
290
     1
176
     1
290
     1
176
     1
290
     0
176
     1
290
     0
176
     1
290
     0
176
     1
290
     0
176
     1
290
     0
176
     1
290
     0
176
     1
 90
       50
176
     1
 40
0.0
176
     1
 40
1.0
176
     1
 90
        0
176
     1
 62
    18
420
        0
176
     1
 90
       50
176
     1
 90
        3
176
     1
 62
     5
420
      255
176
     1
290
     0
176
     1
 90
       50
176
     1
 90
       50
176
     1
 90
       50
176
     1
290
     0
176
     1
 90
       50
176
     1
 62
   256
176
     0
 40
1.0
176
     0
 90
        2
176
     1
  1
strokes_ogs.tif
176
     1
290
     0
176
     1
 40
1.0
176
     1
 40
1.0
176
     1
  0
VISUALSTYLE
  5
6F
102
{ACAD_REACTORS
330
16
102
}
330
16
100
AcDbVisualStyle
  2
Sketchy
 70
    24
177
     3
291
     0
 70
    58
 90
        2
176
     1
 90
        2
176
     1
 90
        0
176
     1
 90
        0
176
     1
 40
0.6
176
     1
 40
30.0
176
     1
 62
     7
420
 16777215
176
     1
 90
        1
176
     1
 90
        4
176
     1
 62
     7
176
     1
 62
   257
176
     1
 90
        1
176
     1
 90
        1
176
     1
 40
1.0
176
     1
 90
        8
176
     1
 62
     7
176
     1
 40
1.0
176
     1
 90
        1
176
     1
 90
        6
176
     1
 90
        2
176
     1
 62
     7
176
     1
 90
        5
176
     1
 90
        0
176
     1
 90
        0
176
     1
290
     0
176
     1
 90
        1
176
     1
 40
0.0
176
     1
 90
        0
176
     1
290
     0
176
     1
290
     1
176
     1
290
     1
176
     1
290
     0
176
     1
290
     0
176
     1
290
     0
176
     1
290
     0
176
     1
290
     0
176
     1
290
     0
176
     1
 90
       50
176
     1
 40
0.0
176
     1
 40
1.0
176
     1
 90
        0
176
     1
 62
    18
420
        0
176
     1
 90
       50
176
     1
 90
        3
176
     1
 62
     5
420
      255
176
     1
290
     0
176
     1
 90
       50
176
     1
 90
       50
176
     1
 90
       50
176
     1
290
     0
176
     1
 90
       50
176
     1
 62
   256
176
     0
 40
1.0
176
     0
 90
        2
176
     1
  1
strokes_ogs.tif
176
     1
290
     0
176
     1
 40
1.0
176
     1
 40
1.0
176
     1
  0
VISUALSTYLE
  5
70
102
{ACAD_REACTORS
330
16
102
}
330
16
100
AcDbVisualStyle
  2
Thicken
 70
    13
177
     3
291
     0
 70
    58
 90
        2
176
     1
 90
        2
176
     1
 90
        0
176
     1
 90
        0
176
     1
 40
0.6
176
     1
 40
30.0
176
     1
 62
     7
420
 16777215
176
     1
 90
        1
176
     1
 90
        4
176
     1
 62
     7
176
     1
 62
   257
176
     1
 90
        1
176
     1
 90
        1
176
     1
 40
1.0
176
     1
 90
        8
176
     1
 62
     7
176
     1
 40
1.0
176
     1
 90
        1
176
     1
 90
        6
176
     1
 90
        2
176
     1
 62
     7
176
     1
 90
        5
176
     1
 90
        0
176
     1
 90
        0
176
     1
290
     0
176
     1
 90
        1
176
     1
 40
0.0
176
     1
 90
        0
176
     1
290
     0
176
     1
290
     1
176
     1
290
     1
176
     1
290
     0
176
     1
290
     0
176
     1
290
     0
176
     1
290
     0
176
     1
290
     0
176
     1
290
     0
176
     1
 90
       50
176
     1
 40
0.0
176
     1
 40
1.0
176
     1
 90
        0
176
     1
 62
    18
420
        0
176
     1
 90
       50
176
     1
 90
        3
176
     1
 62
     5
420
      255
176
     1
290
     0
176
     1
 90
       50
176
     1
 90
       50
176
     1
 90
       50
176
     1
290
     0
176
     1
 90
       50
176
     1
 62
   256
176
     0
 40
1.0
176
     0
 90
        2
176
     1
  1
strokes_ogs.tif
176
     1
290
     0
176
     1
 40
1.0
176
     1
 40
1.0
176
     1
  0
VISUALSTYLE
  5
71
102
{ACAD_REACTORS
330
16
102
}
330
16
100
AcDbVisualStyle
  2
Wireframe
 70
     5
177
     3
291
     0
 70
    58
 90
        2
176
     1
 90
        2
176
     1
 90
        0
176
     1
 90
        0
176
     1
 40
0.6
176
     1
 40
30.0
176
     1
 62
     7
420
 16777215
176
     1
 90
        1
176
     1
 90
        4
176
     1
 62
     7
176
     1
 62
   257
176
     1
 90
        1
176
     1
 90
        1
176
     1
 40
1.0
176
     1
 90
        8
176
     1
 62
     7
176
     1
 40
1.0
176
     1
 90
        1
176
     1
 90
        6
176
     1
 90
        2
176
     1
 62
     7
176
     1
 90
        5
176
     1
 90
        0
176
     1
 90
        0
176
     1
290
     0
176
     1
 90
        1
176
     1
 40
0.0
176
     1
 90
        0
176
     1
290
     0
176
     1
290
     1
176
     1
290
     1
176
     1
290
     0
176
     1
290
     0
176
     1
290
     0
176
     1
290
     0
176
     1
290
     0
176
     1
290
     0
176
     1
 90
       50
176
     1
 40
0.0
176
     1
 40
1.0
176
     1
 90
        0
176
     1
 62
    18
420
        0
176
     1
 90
       50
176
     1
 90
        3
176
     1
 62
     5
420
      255
176
     1
290
     0
176
     1
 90
       50
176
     1
 90
       50
176
     1
 90
       50
176
     1
290
     0
176
     1
 90
       50
176
     1
 62
   256
176
     0
 40
1.0
176
     0
 90
        2
176
     1
  1
strokes_ogs.tif
176
     1
290
     0
176
     1
 40
1.0
176
     1
 40
1.0
176
     1
  0
VISUALSTYLE
  5
72
102
{ACAD_REACTORS
330
16
102
}
330
16
100
AcDbVisualStyle
  2
X-Ray
 70
    25
177
     3
291
     0
 70
    58
 90
        2
176
     1
 90
        2
176
     1
 90
        0
176
     1
 90
        0
176
     1
 40
0.6
176
     1
 40
30.0
176
     1
 62
     7
420
 16777215
176
     1
 90
        1
176
     1
 90
        4
176
     1
 62
     7
176
     1
 62
   257
176
     1
 90
        1
176
     1
 90
        1
176
     1
 40
1.0
176
     1
 90
        8
176
     1
 62
     7
176
     1
 40
1.0
176
     1
 90
        1
176
     1
 90
        6
176
     1
 90
        2
176
     1
 62
     7
176
     1
 90
        5
176
     1
 90
        0
176
     1
 90
        0
176
     1
290
     0
176
     1
 90
        1
176
     1
 40
0.0
176
     1
 90
        0
176
     1
290
     0
176
     1
290
     1
176
     1
290
     1
176
     1
290
     0
176
     1
290
     0
176
     1
290
     0
176
     1
290
     0
176
     1
290
     0
176
     1
290
     0
176
     1
 90
       50
176
     1
 40
0.0
176
     1
 40
1.0
176
     1
 90
        0
176
     1
 62
    18
420
        0
176
     1
 90
       50
176
     1
 90
        3
176
     1
 62
     5
420
      255
176
     1
290
     0
176
     1
 90
       50
176
     1
 90
       50
176
     1
 90
       50
176
     1
290
     0
176
     1
 90
       50
176
     1
 62
   256
176
     0
 40
1.0
176
     0
 90
        2
176
     1
  1
strokes_ogs.tif
176
     1
290
     0
176
     1
 40
1.0
176
     1
 40
1.0
176
     1
  0
DICTIONARYVAR
  5
1F8
102
{ACAD_REACTORS
330
1F3
102
}
330
1F3
100
DictionaryVariables
280
     0
  1
1:1
  0
DICTIONARYVAR
  5
1F5
102
{ACAD_REACTORS
330
1F3
102
}
330
1F3
100
DictionaryVariables
280
     0
  1
STANDARD
  0
DICTIONARYVAR
  5
1F4
102
{ACAD_REACTORS
330
1F3
102
}
330
1F3
100
DictionaryVariables
280
     0
  1
STANDARD
  0
DICTIONARYVAR
  5
1F6
102
{ACAD_REACTORS
330
1F3
102
}
330
1F3
100
DictionaryVariables
280
     0
  1
Metric50
  0
DICTIONARYVAR
  5
1F7
102
{ACAD_REACTORS
330
1F3
102
}
330
1F3
100
DictionaryVariables
280
     0
  1
Metric50
  0
DICTIONARYVAR
  5
2E
330
2D
100
DictionaryVariables
280
     0
  1
1.4.4 @ 2026-10-07T07:18:30.350190+00:00
  0
DICTIONARYVAR
  5
19D
330
2D
100
DictionaryVariables
280
     0
  1
1.4.4 @ 2026-10-07T07:18:30.366885+00:00
  0
DICTIONARY
  5
292
330
1A1
100
AcDbDictionary
280
     1
281
     1
  3
ACAD_ROUNDTRIP_2008_TABLESTYLE_CELLSTYLEMAP
360
293
  0
CELLSTYLEMAP
  5
293
102
{ACAD_REACTORS
330
292
102
}
330
292
100
AcDbCellStyleMap
 90
        3
300
CELLSTYLE
  1
TABLEFORMAT_BEGIN
 90
        5
170
     1
 91
        0
 92
    32768
 62
   257
 93
        1
300
CONTENTFORMAT
  1
CONTENTFORMAT_BEGIN
 90
        0
 91
        0
 92
      512
 93
        0
300

 40
0.0
140
1.0
 94
        5
 62
     0
340
29
144
6.0
309
CONTENTFORMAT_END
171
     1
301
MARGIN
  1
CELLMARGIN_BEGIN
 40
1.5
 40
1.5
 40
1.5
 40
1.5
 40
4.5
 40
4.5
309
CELLMARGIN_END
 94
        6
 95
        1
302
GRIDFORMAT
  1
GRIDFORMAT_BEGIN
 90
        0
 91
        1
 62
     0
 92
       -2
340
0
 93
        0
 40
1.125
309
GRIDFORMAT_END
 95
        2
302
GRIDFORMAT
  1
GRIDFORMAT_BEGIN
 90
        0
 91
        1
 62
     0
 92
       -2
340
0
 93
        0
 40
1.125
309
GRIDFORMAT_END
 95
        4
302
GRIDFORMAT
  1
GRIDFORMAT_BEGIN
 90
        0
 91
        1
 62
     0
 92
       -2
340
0
 93
        0
 40
1.125
309
GRIDFORMAT_END
 95
        8
302
GRIDFORMAT
  1
GRIDFORMAT_BEGIN
 90
        0
 91
        1
 62
     0
 92
       -2
340
0
 93
        0
 40
1.125
309
GRIDFORMAT_END
 95
       16
302
GRIDFORMAT
  1
GRIDFORMAT_BEGIN
 90
        0
 91
        1
 62
     0
 92
       -2
340
0
 93
        0
 40
1.125
309
GRIDFORMAT_END
 95
       32
302
GRIDFORMAT
  1
GRIDFORMAT_BEGIN
 90
        0
 91
        1
 62
     0
 92
       -2
340
0
 93
        0
 40
1.125
309
GRIDFORMAT_END
309
TABLEFORMAT_END
  1
CELLSTYLE_BEGIN
 90
        1
 91
        1
300
_TITLE
309
CELLSTYLE_END
300
CELLSTYLE
  1
TABLEFORMAT_BEGIN
 90
        5
170
     1
 91
        0
 92
        0
 62
   257
 93
        1
300
CONTENTFORMAT
  1
CONTENTFORMAT_BEGIN
 90
        0
 91
        0
 92
      512
 93
        0
300

 40
0.0
140
1.0
 94
        5
 62
     0
340
29
144
4.5
309
CONTENTFORMAT_END
171
     1
301
MARGIN
  1
CELLMARGIN_BEGIN
 40
1.5
 40
1.5
 40
1.5
 40
1.5
 40
4.5
 40
4.5
309
CELLMARGIN_END
 94
        6
 95
        1
302
GRIDFORMAT
  1
GRIDFORMAT_BEGIN
 90
        0
 91
        1
 62
     0
 92
       -2
340
0
 93
        0
 40
1.125
309
GRIDFORMAT_END
 95
        2
302
GRIDFORMAT
  1
GRIDFORMAT_BEGIN
 90
        0
 91
        1
 62
     0
 92
       -2
340
0
 93
        0
 40
1.125
309
GRIDFORMAT_END
 95
        4
302
GRIDFORMAT
  1
GRIDFORMAT_BEGIN
 90
        0
 91
        1
 62
     0
 92
       -2
340
0
 93
        0
 40
1.125
309
GRIDFORMAT_END
 95
        8
302
GRIDFORMAT
  1
GRIDFORMAT_BEGIN
 90
        0
 91
        1
 62
     0
 92
       -2
340
0
 93
        0
 40
1.125
309
GRIDFORMAT_END
 95
       16
302
GRIDFORMAT
  1
GRIDFORMAT_BEGIN
 90
        0
 91
        1
 62
     0
 92
       -2
340
0
 93
        0
 40
1.125
309
GRIDFORMAT_END
 95
       32
302
GRIDFORMAT
  1
GRIDFORMAT_BEGIN
 90
        0
 91
        1
 62
     0
 92
       -2
340
0
 93
        0
 40
1.125
309
GRIDFORMAT_END
309
TABLEFORMAT_END
  1
CELLSTYLE_BEGIN
 90
        2
 91
        1
300
_HEADER
309
CELLSTYLE_END
300
CELLSTYLE
  1
TABLEFORMAT_BEGIN
 90
        5
170
     1
 91
        0
 92
        0
 62
   257
 93
        1
300
CONTENTFORMAT
  1
CONTENTFORMAT_BEGIN
 90
        0
 91
        0
 92
      512
 93
        0
300

 40
0.0
140
1.0
 94
        2
 62
     0
340
29
144
4.5
309
CONTENTFORMAT_END
171
     1
301
MARGIN
  1
CELLMARGIN_BEGIN
 40
1.5
 40
1.5
 40
1.5
 40
1.5
 40
4.5
 40
4.5
309
CELLMARGIN_END
 94
        6
 95
        1
302
GRIDFORMAT
  1
GRIDFORMAT_BEGIN
 90
        0
 91
        1
 62
     0
 92
       -2
340
0
 93
        0
 40
1.125
309
GRIDFORMAT_END
 95
        2
302
GRIDFORMAT
  1
GRIDFORMAT_BEGIN
 90
        0
 91
        1
 62
     0
 92
       -2
340
0
 93
        0
 40
1.125
309
GRIDFORMAT_END
 95
        4
302
GRIDFORMAT
  1
GRIDFORMAT_BEGIN
 90
        0
 91
        1
 62
     0
 92
       -2
340
0
 93
        0
 40
1.125
309
GRIDFORMAT_END
 95
        8
302
GRIDFORMAT
  1
GRIDFORMAT_BEGIN
 90
        0
 91
        1
 62
     0
 92
       -2
340
0
 93
        0
 40
1.125
309
GRIDFORMAT_END
 95
       16
302
GRIDFORMAT
  1
GRIDFORMAT_BEGIN
 90
        0
 91
        1
 62
     0
 92
       -2
340
0
 93
        0
 40
1.125
309
GRIDFORMAT_END
 95
       32
302
GRIDFORMAT
  1
GRIDFORMAT_BEGIN
 90
        0
 91
        1
 62
     0
 92
       -2
340
0
 93
        0
 40
1.125
309
GRIDFORMAT_END
309
TABLEFORMAT_END
  1
CELLSTYLE_BEGIN
 90
        3
 91
        2
300
_DATA
309
CELLSTYLE_END
  0
ENDSEC
  0
SECTION
  2
ACDSDATA
 70
     2
 71
     8
  0
ACDSSCHEMA
 90
        0
  1
AcDb_Thumbnail_Schema
  2
AcDbDs::ID
280
    10
 91
        8
  2
Thumbnail_Data
280
    15
 91
        0
101
ACDSRECORD
 95
        0
 90
        1
  2
AcDbDs::TreatedAsObjectData
280
     1
291
     1
101
ACDSRECORD
 95
        0
 90
        2
  2
AcDbDs::Legacy
280
     1
291
     1
101
ACDSRECORD
  1
AcDbDs::ID
 90
        3
  2
AcDs:Indexable
280
     1
291
     1
101
ACDSRECORD
  1
AcDbDs::ID
 90
        4
  2
AcDbDs::HandleAttribute
280
     7
282
     1
  0
ACDSSCHEMA
 90
        1
  1
AcDbDs::TreatedAsObjectDataSchema
  2
AcDbDs::TreatedAsObjectData
280
     1
 91
        0
  0
ACDSSCHEMA
 90
        2
  1
AcDbDs::LegacySchema
  2
AcDbDs::Legacy
280
     1
 91
        0
  0
ACDSSCHEMA
 90
        3
  1
AcDbDs::IndexedPropertySchema
  2
AcDs:Indexable
280
     1
 91
        0
  0
ACDSSCHEMA
 90
        4
  1
AcDbDs::HandleAttributeSchema
  2
AcDbDs::HandleAttribute
280
     7
 91
        1
284
     1
  0
ACDSRECORD
 90
        0
  2
AcDbDs::ID
280
    10
320
1A
  2
Thumbnail_Data
280
    15
 94
     1765
310
89504E470D0A1A0A0000000D49484452000001000000006C0803000000B2ED9CC100000300504C5445212830FFFFFF2128300000000000000000000000000000000000000000000000000000330000660000990000CC0000FF0033000033330033660033990033CC0033FF0066000066330066660066990066CC0066FF0099
310
000099330099660099990099CC0099FF00CC0000CC3300CC6600CC9900CCCC00CCFF00FF0000FF3300FF6600FF9900FFCC00FFFF3300003300333300663300993300CC3300FF3333003333333333663333993333CC3333FF3366003366333366663366993366CC3366FF3399003399333399663399993399CC3399FF33CC00
310
33CC3333CC6633CC9933CCCC33CCFF33FF0033FF3333FF6633FF9933FFCC33FFFF6600006600336600666600996600CC6600FF6633006633336633666633996633CC6633FF6666006666336666666666996666CC6666FF6699006699336699666699996699CC6699FF66CC0066CC3366CC6666CC9966CCCC66CCFF66FF0066
310
FF3366FF6666FF9966FFCC66FFFF9900009900339900669900999900CC9900FF9933009933339933669933999933CC9933FF9966009966339966669966999966CC9966FF9999009999339999669999999999CC9999FF99CC0099CC3399CC6699CC9999CCCC99CCFF99FF0099FF3399FF6699FF9999FFCC99FFFFCC0000CC00
310
33CC0066CC0099CC00CCCC00FFCC3300CC3333CC3366CC3399CC33CCCC33FFCC6600CC6633CC6666CC6699CC66CCCC66FFCC9900CC9933CC9966CC9999CC99CCCC99FFCCCC00CCCC33CCCC66CCCC99CCCCCCCCCCFFCCFF00CCFF33CCFF66CCFF99CCFFCCCCFFFFFF0000FF0033FF0066FF0099FF00CCFF00FFFF3300FF3333
310
FF3366FF3399FF33CCFF33FFFF6600FF6633FF6666FF6699FF66CCFF66FFFF9900FF9933FF9966FF9999FF99CCFF99FFFFCC00FFCC33FFCC66FFCC99FFCCCCFFCCFFFFFF00FFFF33FFFF66FFFF99FFFFCCFFFFFF0000000D0D0D1A1A1A2828283535354343435050505D5D5D6B6B6B787878868686939393A1A1A1AEAEAEBB
310
BBBBC9C9C9D6D6D6E4E4E4F1F1F1FFFFFF0000000000000000000000000000000000000000000000000000000000002E4550F1000002304944415478DAEDDB3D7284300C0560DF20C708CDDEBF4B932EB347C811D4D227991431197E8C91849E9F546CB154FA781606764B7129A93E298B1EE0B7F7044800949A7F4A5F4010
310
DAFEEB5D972030C0B2EDE5115D0189D97EFFD121000E81140544A801BEFB6707805C04BA733001B80120A7A0F26E48B8011023A00C8017810428E46B40FDAE58B801F022A00E8016016D00B808A803940470179877EA06808202D04A143F02ED00E7C20113815D00A79EBB007A96ACFA0C30019004E006681570017874D540
310
005DF5F01A8301364246009200E400E0BF16B90C80F99ED41D40AADA08325302C602E810E8070838047D87404880F30221B2EF0BB06CB81F803E0131011CA7C0200091EEE755008E059637E08400F409187C06F809C0024C55EDB7D1F48A271EC0B90824003B80D10C98DACA06E040E0ADAABD36A00144E13C0203141880C9
310
0AC0E3F1B0C6100C00D0DF012C40D310BC0EB0B1CE975F5B019C18027600AB27F9DFD766001E7B814100FAF76FC101B6A7C07B5557001AE75B3C00AF04DC3A043D8640E4CBA0CB5E2838C076043EAA5A69C3F56ED014A02D024600B73E0F48009F31181F6023022F551D3E12DB69273C405B048606689902F40003CF80B635
310
309F2B2C807581CFAA2801981260BA171804E0C25FFF50015EAB1A1EE03802F40091CA02004AC009E059D595CBE0200950D9074406280960350450008A0340E0CB6002D811D003805C063301660148800448800448800448005E009C9D2047029E6B9500444B205602BE00C010AC5BD4AA69A80000000049454E44AE426082
310
0970CC0987BEF1A28033AF0DE42C82E9F333BCD055CD24C0F52034FC70B44A01BB687A590404F3050424082071B420C0B7F3F86F2F8D807801E9069AEA066B1250CBCD508702AEBDAE995540F614F8657C3FA3090139EF544040E345B0988033DD60328D4740DDDC29A0DA37C9400008F0B7FF812258F7F5EFBA08F2CBED7F
310
5400E7BCAAF4FF5300BF19C74796CCFE1A6A80DBD283CDAFB1969D52F1B2E687C2A3BBE68774A0DEE160A3D73C78985FE74004000000000000000000000000000000000000000000001DF01FF377D5E9EA4DC9BF0000000049454E44AE42608224325E29B03DD837026D5B835F0C67D2009CB706BD561FAF02B89D2A34003A
310
55B5A5C0D70EC82F05DC066570349ACBC84F29CE02502280909998630D082AA71AE07A78406100727580CFB9014CE7524B671618FC04CEA78933BF24FF1A603B615EF89328245A030C66A903403C850050FB39555128140A8542A1AAD33FA84664806CAC07060000000049454E44AE426082
  0
ENDSEC
  0
EOF
