  0
SECTION
  2
HEADER
  9
$ACADVER
  1
AC1024
  9
$ACADMAINTVER
 70
6
  9
$DWGCODEPAGE
  3
ANSI_1254
  9
$LASTSAVEDBY
  1
SMA MUHENDISLIK
  9
$INSBASE
 10
0.0
 20
0.0
 30
0.0
  9
$EXTMIN
 10
1e+20
 20
1e+20
 30
1e+20
  9
$EXTMAX
 10
-1e+20
 20
-1e+20
 30
-1e+20
  9
$LIMMIN
 10
0.0
 20
0.0
  9
$LIMMAX
 10
420.0
 20
297.0
  9
$ORTHOMODE
 70
0
  9
$REGENMODE
 70
1
  9
$FILLMODE
 70
1
  9
$QTEXTMODE
 70
0
  9
$MIRRTEXT
 70
1
  9
$LTSCALE
 40
0.2
  9
$ATTMODE
 70
1
  9
$TEXTSIZE
 40
0.1
  9
$TRACEWID
 40
1.0
  9
$TEXTSTYLE
  7
ARIAL
  9
$CLAYER
  8
0
  9
$CELTYPE
  6
ByLayer
  9
$CECOLOR
 62
256
  9
$CELTSCALE
 40
1.0
  9
$DISPSILH
 70
0
  9
$DIMSCALE
 40
1.0
  9
$DIMASZ
 40
0.175
  9
$DIMEXO
 40
0.125
  9
$DIMDLI
 40
3.75
  9
$DIMRND
 40
0.0
  9
$DIMDLE
 40
0.0
  9
$DIMEXE
 40
0.375
  9
$DIMTP
 40
0.0
  9
$DIMTM
 40
0.0
  9
$DIMTXT
 40
0.25
  9
$DIMCEN
 40
2.5
  9
$DIMTSZ
 40
0.0
  9
$DIMTOL
 70
0
  9
$DIMLIM
 70
0
  9
$DIMTIH
 70
0
  9
$DIMTOH
 70
0
  9
$DIMSE1
 70
0
  9
$DIMSE2
 70
0
  9
$DIMTAD
 70
1
  9
$DIMZIN
 70
12
  9
$DIMBLK
  1
ARCHTICK
  9
$DIMASO
 70
1
  9
$DIMSHO
 70
1
  9
$DIMPOST
  1

  9
$DIMAPOST
  1

  9
$DIMALT
 70
0
  9
$DIMALTD
 70
3
  9
$DIMALTF
 40
0.03937007874
  9
$DIMLFAC
 40
100.0
  9
$DIMTOFL
 70
1
  9
$DIMTVP
 40
0.0
  9
$DIMTIX
 70
0
  9
$DIMSOXD
 70
0
  9
$DIMSAH
 70
0
  9
$DIMBLK1
  1

  9
$DIMBLK2
  1

  9
$DIMSTYLE
  2
KK50
  9
$DIMCLRD
 70
0
  9
$DIMCLRE
 70
0
  9
$DIMCLRT
 70
0
  9
$DIMTFAC
 40
0.5
  9
$DIMGAP
 40
0.1
  9
$DIMJUST
 70
0
  9
$DIMSD1
 70
0
  9
$DIMSD2
 70
0
  9
$DIMTOLJ
 70
0
  9
$DIMTZIN
 70
8
  9
$DIMALTZ
 70
0
  9
$DIMALTTZ
 70
0
  9
$DIMUPT
 70
1
  9
$DIMDEC
 70
2
  9
$DIMTDEC
 70
2
  9
$DIMALTU
 70
2
  9
$DIMALTTD
 70
3
  9
$DIMTXSTY
  7
OpenSansCondensed-Light
  9
$DIMAUNIT
 70
0
  9
$DIMADEC
 70
2
  9
$DIMALTRND
 40
0.0
  9
$DIMAZIN
 70
3
  9
$DIMDSEP
 70
46
  9
$DIMATFIT
 70
3
  9
$DIMFRAC
 70
0
  9
$DIMLDRBLK
  1

  9
$DIMLUNIT
 70
2
  9
$DIMLWD
 70
-2
  9
$DIMLWE
 70
-2
  9
$DIMTMOVE
 70
2
  9
$DIMFXL
 40
1.0
  9
$DIMFXLON
 70
0
  9
$DIMJOGANG
 40
0.785398163397
  9
$DIMTFILL
 70
0
  9
$DIMTFILLCLR
 70
0
  9
$DIMARCSYM
 70
0
  9
$DIMLTYPE
  6

  9
$DIMLTEX1
  6

  9
$DIMLTEX2
  6

  9
$DIMTXTDIRECTION
 70
0
  9
$LUNITS
 70
2
  9
$LUPREC
 70
4
  9
$SKETCHINC
 40
1.0
  9
$FILLETRAD
 40
10.0
  9
$AUNITS
 70
0
  9
$AUPREC
 70
2
  9
$MENU
  1
.
  9
$ELEVATION
 40
0.0
  9
$PELEVATION
 40
0.0
  9
$THICKNESS
 40
0.0
  9
$LIMCHECK
 70
0
  9
$CHAMFERA
 40
0.0
  9
$CHAMFERB
 40
0.0
  9
$CHAMFERC
 40
0.0
  9
$CHAMFERD
 40
0.0
  9
$SKPOLY
 70
0
  9
$TDCREATE
 40
2461321.513599537
  9
$TDUCREATE
 40
2458532.153996898
  9
$TDUPDATE
 40
2461321.513599537
  9
$TDUUPDATE
 40
2458532.1544311
  9
$TDINDWG
 40
0.0
  9
$TDUSRTIMER
 40
0.0
  9
$USRTIMER
 70
1
  9
$ANGBASE
 50
0.0
  9
$ANGDIR
 70
0
  9
$PDMODE
 70
0
  9
$PDSIZE
 40
0.0
  9
$PLINEWID
 40
0.0
  9
$SPLFRAME
 70
0
  9
$SPLINETYPE
 70
6
  9
$SPLINESEGS
 70
8
  9
$HANDSEED
  5
77D
  9
$SURFTAB1
 70
6
  9
$SURFTAB2
 70
6
  9
$SURFTYPE
 70
6
  9
$SURFU
 70
6
  9
$SURFV
 70
6
  9
$UCSBASE
  2

  9
$UCSNAME
  2

  9
$UCSORG
 10
0.0
 20
0.0
 30
0.0
  9
$UCSXDIR
 10
1.0
 20
0.0
 30
0.0
  9
$UCSYDIR
 10
0.0
 20
1.0
 30
0.0
  9
$UCSORTHOREF
  2

  9
$UCSORTHOVIEW
 70
0
  9
$UCSORGTOP
 10
0.0
 20
0.0
 30
0.0
  9
$UCSORGBOTTOM
 10
0.0
 20
0.0
 30
0.0
  9
$UCSORGLEFT
 10
0.0
 20
0.0
 30
0.0
  9
$UCSORGRIGHT
 10
0.0
 20
0.0
 30
0.0
  9
$UCSORGFRONT
 10
0.0
 20
0.0
 30
0.0
  9
$UCSORGBACK
 10
0.0
 20
0.0
 30
0.0
  9
$PUCSBASE
  2

  9
$PUCSNAME
  2

  9
$PUCSORG
 10
0.0
 20
0.0
 30
0.0
  9
$PUCSXDIR
 10
1.0
 20
0.0
 30
0.0
  9
$PUCSYDIR
 10
0.0
 20
1.0
 30
0.0
  9
$PUCSORTHOREF
  2

  9
$PUCSORTHOVIEW
 70
0
  9
$PUCSORGTOP
 10
0.0
 20
0.0
 30
0.0
  9
$PUCSORGBOTTOM
 10
0.0
 20
0.0
 30
0.0
  9
$PUCSORGLEFT
 10
0.0
 20
0.0
 30
0.0
  9
$PUCSORGRIGHT
 10
0.0
 20
0.0
 30
0.0
  9
$PUCSORGFRONT
 10
0.0
 20
0.0
 30
0.0
  9
$PUCSORGBACK
 10
0.0
 20
0.0
 30
0.0
  9
$USERI1
 70
0
  9
$USERI2
 70
0
  9
$USERI3
 70
0
  9
$USERI4
 70
0
  9
$USERI5
 70
0
  9
$USERR1
 40
0.0
  9
$USERR2
 40
0.0
  9
$USERR3
 40
0.0
  9
$USERR4
 40
0.0
  9
$USERR5
 40
0.0
  9
$WORLDVIEW
 70
1
  9
$SHADEDGE
 70
3
  9
$SHADEDIF
 70
70
  9
$TILEMODE
 70
1
  9
$MAXACTVP
 70
64
  9
$PINSBASE
 10
0.0
 20
0.0
 30
0.0
  9
$PLIMCHECK
 70
0
  9
$PEXTMIN
 10
1e+20
 20
1e+20
 30
1e+20
  9
$PEXTMAX
 10
-1e+20
 20
-1e+20
 30
-1e+20
  9
$PLIMMIN
 10
0.0
 20
0.0
  9
$PLIMMAX
 10
420.0
 20
297.0
  9
$UNITMODE
 70
0
  9
$VISRETAIN
 70
1
  9
$PLINEGEN
 70
0
  9
$PSLTSCALE
 70
1
  9
$TREEDEPTH
 70
3020
  9
$CMLSTYLE
  2
Standard
  9
$CMLJUST
 70
0
  9
$CMLSCALE
 40
20.0
  9
$PROXYGRAPHICS
 70
1
  9
$MEASUREMENT
 70
1
  9
$CELWEIGHT
370
-1
  9
$ENDCAPS
280
0
  9
$JOINSTYLE
280
0
  9
$LWDISPLAY
290
1
  9
$INSUNITS
 70
6
  9
$HYPERLINKBASE
  1

  9
$STYLESHEET
  1

  9
$XEDIT
290
1
  9
$CEPSNTYPE
380
0
  9
$PSTYLEMODE
290
1
  9
$FINGERPRINTGUID
  2
{62484F37-2E13-4E75-A611-C31361392211}
  9
$VERSIONGUID
  2
{1C458E39-F7EF-4B06-A2D5-CC1B7CC71422}
  9
$EXTNAMES
290
1
  9
$PSVPSCALE
 40
0.0
  9
$OLESTARTUP
290
0
  9
$SORTENTS
280
127
  9
$INDEXCTL
280
0
  9
$HIDETEXT
280
1
  9
$XCLIPFRAME
280
1
  9
$HALOGAP
280
0
  9
$OBSCOLOR
 70
257
  9
$OBSLTYPE
280
0
  9
$INTERSECTIONDISPLAY
280
0
  9
$INTERSECTIONCOLOR
 70
257
  9
$DIMASSOC
280
2
  9
$PROJECTNAME
  1
ZIVER PETROL LPG KK
  9
$CAMERADISPLAY
290
0
  9
$LENSLENGTH
 40
50.0
  9
$CAMERAHEIGHT
 40
0.0
  9
$STEPSPERSEC
 40
24.0
  9
$STEPSIZE
 40
100.0
  9
$3DDWFPREC
 40
2.0
  9
$PSOLWIDTH
 40
0.005
  9
$PSOLHEIGHT
 40
0.08
  9
$LOFTANG1
 40
1.570796326795
  9
$LOFTANG2
 40
1.570796326795
  9
$LOFTMAG1
 40
0.0
  9
$LOFTMAG2
 40
0.0
  9
$LOFTPARAM
 70
7
  9
$LOFTNORMALS
280
1
  9
$LATITUDE
 40
37.795
  9
$LONGITUDE
 40
-122.394
  9
$NORTHDIRECTION
 40
0.0
  9
$TIMEZONE
 70
-8000
  9
$LIGHTGLYPHDISPLAY
280
1
  9
$TILEMODELIGHTSYNCH
280
1
  9
$CMATERIAL
347
20
  9
$SOLIDHIST
280
0
  9
$SHOWHIST
280
1
  9
$DWFFRAME
280
2
  9
$DGNFRAME
280
2
  9
$REALWORLDSCALE
290
1
  9
$INTERFERECOLOR
 62
256
  9
$CSHADOW
280
0
  9
$SHADOWPLANELOCATION
 40
0.0
  0
ENDSEC
  0
SECTION
  2
CLASSES
  0
CLASS
  1
ACDBDICTIONARYWDFLT
  2
AcDbDictionaryWithDefault
  3
ObjectDBX Classes
 90
0
 91
0
280
0
281
0
  0
CLASS
  1
SUN
  2
AcDbSun
  3
SCENEOE
 90
1153
 91
0
280
0
281
0
  0
CLASS
  1
VISUALSTYLE
  2
AcDbVisualStyle
  3
ObjectDBX Classes
 90
4095
 91
0
280
0
281
0
  0
CLASS
  1
MATERIAL
  2
AcDbMaterial
  3
ObjectDBX Classes
 90
1153
 91
0
280
0
281
0
  0
CLASS
  1
SCALE
  2
AcDbScale
  3
ObjectDBX Classes
 90
1153
 91
0
280
0
281
0
  0
CLASS
  1
TABLESTYLE
  2
AcDbTableStyle
  3
ObjectDBX Classes
 90
4095
 91
0
280
0
281
0
  0
CLASS
  1
MLEADERSTYLE
  2
AcDbMLeaderStyle
  3
ACDB_MLEADERSTYLE_CLASS
 90
4095
 91
0
280
0
281
0
  0
CLASS
  1
DICTIONARYVAR
  2
AcDbDictionaryVar
  3
ObjectDBX Classes
 90
0
 91
0
280
0
281
0
  0
CLASS
  1
CELLSTYLEMAP
  2
AcDbCellStyleMap
  3
ObjectDBX Classes
 90
1152
 91
0
280
0
281
0
  0
CLASS
  1
MENTALRAYRENDERSETTINGS
  2
AcDbMentalRayRenderSettings
  3
SCENEOE
 90
1024
 91
0
280
0
281
0
  0
CLASS
  1
ACDBDETAILVIEWSTYLE
  2
AcDbDetailViewStyle
  3
ObjectDBX Classes
 90
1025
 91
0
280
0
281
0
  0
CLASS
  1
ACDBSECTIONVIEWSTYLE
  2
AcDbSectionViewStyle
  3
ObjectDBX Classes
 90
1025
 91
0
280
0
281
0
  0
CLASS
  1
RASTERVARIABLES
  2
AcDbRasterVariables
  3
ISM
 90
0
 91
0
280
0
281
0
  0
CLASS
  1
LAYOUT
  2
AcDbLayout
  3
ObjectDBX Classes
 90
0
 91
0
280
0
281
0
  0
CLASS
  1
ACDBPLACEHOLDER
  2
AcDbPlaceHolder
  3
ObjectDBX Classes
 90
0
 91
0
280
0
281
0
  0
ENDSEC
  0
SECTION
  2
TABLES
  0
TABLE
  2
VPORT
  5
8
330
0
100
AcDbSymbolTable
 70
1
  0
VPORT
  5
23
330
8
100
AcDbSymbolTableRecord
100
AcDbViewportTableRecord
  2
*Active
 70
0
 10
0.0
 20
0.0
 11
1.0
 21
1.0
 12
0.0
 22
0.0
 13
0.0
 23
0.0
 14
0.5
 24
0.5
 15
0.5
 25
0.5
 16
0.0
 26
0.0
 36
1.0
 17
0.0
 27
0.0
 37
0.0
 40
1000.0
 41
1.34
 42
50.0
 43
0.0
 44
0.0
 50
0.0
 51
0.0
 71
0
 72
1000
 73
1
 74
3
 75
0
 76
0
 77
0
 78
0
281
0
 65
0
146
0.0
  0
ENDTAB
  0
TABLE
  2
LTYPE
  5
2
330
0
100
AcDbSymbolTable
 70
21
  0
LTYPE
  5
24
330
2
100
AcDbSymbolTableRecord
100
AcDbLinetypeTableRecord
  2
ByBlock
 70
0
  3

 72
65
 73
0
 40
0.0
  0
LTYPE
  5
25
330
2
100
AcDbSymbolTableRecord
100
AcDbLinetypeTableRecord
  2
ByLayer
 70
0
  3

 72
65
 73
0
 40
0.0
  0
LTYPE
  5
26
330
2
100
AcDbSymbolTableRecord
100
AcDbLinetypeTableRecord
  2
Continuous
 70
0
  3

 72
65
 73
0
 40
0.0
  0
LTYPE
  5
2F
330
2
100
AcDbSymbolTableRecord
100
AcDbLinetypeTableRecord
  2
CENTER
 70
0
  3
Center ____ _ ____ _ ____ _ ____ _ ____ _ ____
 72
65
 73
4
 40
5.08
 49
3.175
 74
0
 49
-0.635
 74
0
 49
0.635
 74
0
 49
-0.635
 74
0
  0
LTYPE
  5
30
330
2
100
AcDbSymbolTableRecord
100
AcDbLinetypeTableRecord
  2
CENTERX2
 70
0
  3
Center (2x) ________  __  ________  __  ________
 72
65
 73
4
 40
8.89
 49
6.35
 74
0
 49
-0.635
 74
0
 49
1.27
 74
0
 49
-0.635
 74
0
  0
LTYPE
  5
31
330
2
100
AcDbSymbolTableRecord
100
AcDbLinetypeTableRecord
  2
CENTER2
 70
0
  3
Center (.5x) ____ _ ____ _ ____ _ ____ _ ____
 72
65
 73
4
 40
2.54
 49
1.587
 74
0
 49
-0.318
 74
0
 49
0.318
 74
0
 49
-0.318
 74
0
  0
LTYPE
  5
32
330
2
100
AcDbSymbolTableRecord
100
AcDbLinetypeTableRecord
  2
DASHED
 70
0
  3
Dashed __ __ __ __ __ __ __ __ __ __ __ __ __ _
 72
65
 73
2
 40
1.524
 49
1.27
 74
0
 49
-0.254
 74
0
  0
LTYPE
  5
33
330
2
100
AcDbSymbolTableRecord
100
AcDbLinetypeTableRecord
  2
DASHEDX2
 70
0
  3
Dashed (2x) ____  ____  ____  ____  ____  ____
 72
65
 73
2
 40
3.048
 49
2.54
 74
0
 49
-0.508
 74
0
  0
LTYPE
  5
34
330
2
100
AcDbSymbolTableRecord
100
AcDbLinetypeTableRecord
  2
DASHED2
 70
0
  3
Dashed (.5x) _ _ _ _ _ _ _ _ _ _ _ _ _ _
 72
65
 73
2
 40
0.762
 49
0.635
 74
0
 49
-0.127
 74
0
  0
LTYPE
  5
35
330
2
100
AcDbSymbolTableRecord
100
AcDbLinetypeTableRecord
  2
PHANTOM
 70
0
  3
Phantom ______  __  __  ______  __  __  ______
 72
65
 73
6
 40
6.35
 49
3.175
 74
0
 49
-0.635
 74
0
 49
0.635
 74
0
 49
-0.635
 74
0
 49
0.635
 74
0
 49
-0.635
 74
0
  0
LTYPE
  5
36
330
2
100
AcDbSymbolTableRecord
100
AcDbLinetypeTableRecord
  2
PHANTOMX2
 70
0
  3
Phantom (2x)____________    ____    ____    ____________
 72
65
 73
6
 40
10.795
 49
6.35
 74
0
 49
-0.635
 74
0
 49
1.27
 74
0
 49
-0.635
 74
0
 49
1.27
 74
0
 49
-0.635
 74
0
  0
LTYPE
  5
37
330
2
100
AcDbSymbolTableRecord
100
AcDbLinetypeTableRecord
  2
PHANTOM2
 70
0
  3
Phantom (.5x) ___ _ _ ___ _ _ ___ _ _ ___ _ _ ___
 72
65
 73
6
 40
3.175
 49
1.587
 74
0
 49
-0.318
 74
0
 49
0.318
 74
0
 49
-0.318
 74
0
 49
0.318
 74
0
 49
-0.318
 74
0
  0
LTYPE
  5
38
330
2
100
AcDbSymbolTableRecord
100
AcDbLinetypeTableRecord
  2
DASHDOT
 70
0
  3
Dash dot __ . __ . __ . __ . __ . __ . __ . __
 72
65
 73
4
 40
3.556
 49
2.54
 74
0
 49
-0.508
 74
0
 49
0.0
 74
0
 49
-0.508
 74
0
  0
LTYPE
  5
39
330
2
100
AcDbSymbolTableRecord
100
AcDbLinetypeTableRecord
  2
DASHDOTX2
 70
0
  3
Dash dot (2x) ____  .  ____  .  ____  .  ____
 72
65
 73
4
 40
6.096
 49
5.08
 74
0
 49
-0.508
 74
0
 49
0.0
 74
0
 49
-0.508
 74
0
  0
LTYPE
  5
3A
330
2
100
AcDbSymbolTableRecord
100
AcDbLinetypeTableRecord
  2
DASHDOT2
 70
0
  3
Dash dot (.5x) _ . _ . _ . _ . _ . _ . _ . _
 72
65
 73
4
 40
1.778
 49
1.27
 74
0
 49
-0.254
 74
0
 49
0.0
 74
0
 49
-0.254
 74
0
  0
LTYPE
  5
3B
330
2
100
AcDbSymbolTableRecord
100
AcDbLinetypeTableRecord
  2
DOT
 70
0
  3
Dot .  .  .  .  .  .  .  .  .  .  .  .  .  .  .  .
 72
65
 73
2
 40
0.508
 49
0.0
 74
0
 49
-0.508
 74
0
  0
LTYPE
  5
3C
330
2
100
AcDbSymbolTableRecord
100
AcDbLinetypeTableRecord
  2
DOTX2
 70
0
  3
Dot (2x) .    .    .    .    .    .    .    . 
 72
65
 73
2
 40
1.016
 49
0.0
 74
0
 49
-1.016
 74
0
  0
LTYPE
  5
3D
330
2
100
AcDbSymbolTableRecord
100
AcDbLinetypeTableRecord
  2
DOT2
 70
0
  3
Dot (.5) . . . . . . . . . . . . . . . . . . . 
 72
65
 73
2
 40
0.254
 49
0.0
 74
0
 49
-0.254
 74
0
  0
LTYPE
  5
3E
330
2
100
AcDbSymbolTableRecord
100
AcDbLinetypeTableRecord
  2
DIVIDE
 70
0
  3
Divide __ . . __ . . __ . . __ . . __ . . __
 72
65
 73
6
 40
4.064
 49
2.54
 74
0
 49
-0.508
 74
0
 49
0.0
 74
0
 49
-0.508
 74
0
 49
0.0
 74
0
 49
-0.508
 74
0
  0
LTYPE
  5
3F
330
2
100
AcDbSymbolTableRecord
100
AcDbLinetypeTableRecord
  2
DIVIDEX2
 70
0
  3
Divide (2x) ____  . .  ____  . .  ____  . .  ____
 72
65
 73
6
 40
6.604
 49
5.08
 74
0
 49
-0.508
 74
0
 49
0.0
 74
0
 49
-0.508
 74
0
 49
0.0
 74
0
 49
-0.508
 74
0
  0
LTYPE
  5
40
330
2
100
AcDbSymbolTableRecord
100
AcDbLinetypeTableRecord
  2
DIVIDE2
 70
0
  3
Divide(.5x) _ . _ . _ . _ . _ . _ . _ . _
 72
65
 73
6
 40
2.032
 49
1.27
 74
0
 49
-0.254
 74
0
 49
0.0
 74
0
 49
-0.254
 74
0
 49
0.0
 74
0
 49
-0.254
 74
0
  0
ENDTAB
  0
TABLE
  2
LAYER
  5
1
330
0
100
AcDbSymbolTable
 70
45
  0
LAYER
  5
27
330
1
100
AcDbSymbolTableRecord
100
AcDbLayerTableRecord
  2
0
 70
0
 62
7
  6
Continuous
370
-3
390
13
347
21
  0
LAYER
  5
28
330
1
100
AcDbSymbolTableRecord
100
AcDbLayerTableRecord
  2
Defpoints
 70
0
 62
7
  6
Continuous
290
0
370
-3
390
13
347
21
  0
LAYER
  5
8B
330
1
100
AcDbSymbolTableRecord
100
AcDbLayerTableRecord
  2
PAFTA
 70
0
 62
7
  6
Continuous
370
70
390
13
347
21
  0
LAYER
  5
8C
330
1
100
AcDbSymbolTableRecord
100
AcDbLayerTableRecord
  2
ANTET
 70
0
 62
7
  6
Continuous
370
35
390
13
347
21
  0
LAYER
  5
8D
330
1
100
AcDbSymbolTableRecord
100
AcDbLayerTableRecord
  2
ANTET-INCE
 70
0
 62
8
  6
Continuous
370
18
390
13
347
21
  0
LAYER
  5
8E
330
1
100
AcDbSymbolTableRecord
100
AcDbLayerTableRecord
  2
ANTET-LOGO
 70
0
 62
1
  6
Continuous
370
50
390
13
347
21
  0
LAYER
  5
8F
330
1
100
AcDbSymbolTableRecord
100
AcDbLayerTableRecord
  2
YOL
 70
0
 62
8
  6
DASHED
370
25
390
13
347
21
  0
LAYER
  5
90
330
1
100
AcDbSymbolTableRecord
100
AcDbLayerTableRecord
  2
BINA
 70
0
 62
7
  6
Continuous
370
50
390
13
347
21
  0
LAYER
  5
91
330
1
100
AcDbSymbolTableRecord
100
AcDbLayerTableRecord
  2
BINA-TARAMA
 70
0
 62
8
  6
Continuous
370
9
390
13
347
21
  0
LAYER
  5
92
330
1
100
AcDbSymbolTableRecord
100
AcDbLayerTableRecord
  2
KANOPI
 70
0
 62
4
  6
DASHDOT
370
25
390
13
347
21
  0
LAYER
  5
93
330
1
100
AcDbSymbolTableRecord
100
AcDbLayerTableRecord
  2
KOLON
 70
0
 62
7
  6
Continuous
370
35
390
13
347
21
  0
LAYER
  5
94
330
1
100
AcDbSymbolTableRecord
100
AcDbLayerTableRecord
  2
ADA
 70
0
 62
3
  6
Continuous
370
35
390
13
347
21
  0
LAYER
  5
95
330
1
100
AcDbSymbolTableRecord
100
AcDbLayerTableRecord
  2
ADA-TARAMA
 70
0
 62
8
  6
Continuous
370
9
390
13
347
21
  0
LAYER
  5
96
330
1
100
AcDbSymbolTableRecord
100
AcDbLayerTableRecord
  2
DISPENSER
 70
0
 62
2
  6
Continuous
370
35
390
13
347
21
  0
LAYER
  5
97
330
1
100
AcDbSymbolTableRecord
100
AcDbLayerTableRecord
  2
LPG-SAHA
 70
0
 62
1
  6
Continuous
370
35
390
13
347
21
  0
LAYER
  5
98
330
1
100
AcDbSymbolTableRecord
100
AcDbLayerTableRecord
  2
CIT
 70
0
 62
1
  6
Continuous
370
25
390
13
347
21
  0
LAYER
  5
99
330
1
100
AcDbSymbolTableRecord
100
AcDbLayerTableRecord
  2
SAHA-TARAMA
 70
0
 62
9
  6
Continuous
370
9
390
13
347
21
  0
LAYER
  5
9A
330
1
100
AcDbSymbolTableRecord
100
AcDbLayerTableRecord
  2
BARIYER
 70
0
 62
2
  6
Continuous
370
25
390
13
347
21
  0
LAYER
  5
9B
330
1
100
AcDbSymbolTableRecord
100
AcDbLayerTableRecord
  2
YANGIN
 70
0
 62
1
  6
Continuous
370
25
390
13
347
21
  0
LAYER
  5
9C
330
1
100
AcDbSymbolTableRecord
100
AcDbLayerTableRecord
  2
LPG-TANK
 70
0
 62
1
  6
DASHED2
370
35
390
13
347
21
  0
LAYER
  5
9D
330
1
100
AcDbSymbolTableRecord
100
AcDbLayerTableRecord
  2
EKSEN
 70
0
 62
8
  6
CENTER2
370
13
390
13
347
21
  0
LAYER
  5
9E
330
1
100
AcDbSymbolTableRecord
100
AcDbLayerTableRecord
  2
GIZLI
 70
0
 62
8
  6
DASHED2
370
13
390
13
347
21
  0
LAYER
  5
9F
330
1
100
AcDbSymbolTableRecord
100
AcDbLayerTableRecord
  2
LPG-HAT
 70
0
 62
6
  6
Continuous
370
50
390
13
347
21
  0
LAYER
  5
A0
330
1
100
AcDbSymbolTableRecord
100
AcDbLayerTableRecord
  2
KK-ANOT
 70
0
 62
30
  6
Continuous
370
35
390
13
347
21
  0
LAYER
  5
A1
330
1
100
AcDbSymbolTableRecord
100
AcDbLayerTableRecord
  2
KK-KABLO
 70
0
 62
5
  6
DASHED2
370
25
390
13
347
21
  0
LAYER
  5
A2
330
1
100
AcDbSymbolTableRecord
100
AcDbLayerTableRecord
  2
KK-OLCUM
 70
0
 62
2
  6
Continuous
370
35
390
13
347
21
  0
LAYER
  5
A3
330
1
100
AcDbSymbolTableRecord
100
AcDbLayerTableRecord
  2
KK-IZOLASYON
 70
0
 62
140
  6
Continuous
370
35
390
13
347
21
  0
LAYER
  5
A4
330
1
100
AcDbSymbolTableRecord
100
AcDbLayerTableRecord
  2
KESIT-HATTI
 70
0
 62
1
  6
DASHDOT
370
50
390
13
347
21
  0
LAYER
  5
A5
330
1
100
AcDbSymbolTableRecord
100
AcDbLayerTableRecord
  2
OLCU
 70
0
 62
8
  6
Continuous
370
13
390
13
347
21
  0
LAYER
  5
A6
330
1
100
AcDbSymbolTableRecord
100
AcDbLayerTableRecord
  2
YAZI
 70
0
 62
7
  6
Continuous
370
18
390
13
347
21
  0
LAYER
  5
A7
330
1
100
AcDbSymbolTableRecord
100
AcDbLayerTableRecord
  2
BASLIK
 70
0
 62
7
  6
Continuous
370
35
390
13
347
21
  0
LAYER
  5
A8
330
1
100
AcDbSymbolTableRecord
100
AcDbLayerTableRecord
  2
BALON
 70
0
 62
7
  6
Continuous
370
18
390
13
347
21
  0
LAYER
  5
A9
330
1
100
AcDbSymbolTableRecord
100
AcDbLayerTableRecord
  2
KESIT
 70
0
 62
7
  6
Continuous
370
50
390
13
347
21
  0
LAYER
  5
AA
330
1
100
AcDbSymbolTableRecord
100
AcDbLayerTableRecord
  2
KESIT-INCE
 70
0
 62
8
  6
Continuous
370
18
390
13
347
21
  0
LAYER
  5
AB
330
1
100
AcDbSymbolTableRecord
100
AcDbLayerTableRecord
  2
KESIT-TARAMA
 70
0
 62
8
  6
Continuous
370
9
390
13
347
21
  0
LAYER
  5
AC
330
1
100
AcDbSymbolTableRecord
100
AcDbLayerTableRecord
  2
DETAY
 70
0
 62
7
  6
Continuous
370
35
390
13
347
21
  0
LAYER
  5
AD
330
1
100
AcDbSymbolTableRecord
100
AcDbLayerTableRecord
  2
DETAY-INCE
 70
0
 62
8
  6
Continuous
370
18
390
13
347
21
  0
LAYER
  5
AE
330
1
100
AcDbSymbolTableRecord
100
AcDbLayerTableRecord
  2
DETAY-TARAMA
 70
0
 62
8
  6
Continuous
370
9
390
13
347
21
  0
LAYER
  5
AF
330
1
100
AcDbSymbolTableRecord
100
AcDbLayerTableRecord
  2
PERSPEKTIF
 70
0
 62
7
  6
Continuous
370
35
390
13
347
21
  0
LAYER
  5
B0
330
1
100
AcDbSymbolTableRecord
100
AcDbLayerTableRecord
  2
PERSPEKTIF-INCE
 70
0
 62
8
  6
Continuous
370
13
390
13
347
21
  0
LAYER
  5
B1
330
1
100
AcDbSymbolTableRecord
100
AcDbLayerTableRecord
  2
IZO
 70
0
 62
7
  6
Continuous
370
25
390
13
347
21
  0
LAYER
  5
B2
330
1
100
AcDbSymbolTableRecord
100
AcDbLayerTableRecord
  2
IZO-HAT
 70
0
 62
6
  6
Continuous
370
50
390
13
347
21
  0
LAYER
  5
B3
330
1
100
AcDbSymbolTableRecord
100
AcDbLayerTableRecord
  2
IZO-VANA
 70
0
 62
3
  6
Continuous
370
25
390
13
347
21
  0
LAYER
  5
B4
330
1
100
AcDbSymbolTableRecord
100
AcDbLayerTableRecord
  2
TABLO
 70
0
 62
7
  6
Continuous
370
25
390
13
347
21
  0
LAYER
  5
B5
330
1
100
AcDbSymbolTableRecord
100
AcDbLayerTableRecord
  2
TABLO-INCE
 70
0
 62
8
  6
Continuous
370
13
390
13
347
21
  0
ENDTAB
  0
TABLE
  2
STYLE
  5
5
330
0
100
AcDbSymbolTable
 70
27
  0
STYLE
  5
29
330
5
100
AcDbSymbolTableRecord
100
AcDbTextStyleTableRecord
  2
Standard
 70
0
 40
0.0
 41
1.0
 50
0.0
 71
0
 42
2.5
  3
txt
  4

  0
STYLE
  5
41
330
5
100
AcDbSymbolTableRecord
100
AcDbTextStyleTableRecord
  2
OpenSans-Light
 70
0
 40
0.0
 41
1.0
 50
0.0
 71
0
 42
2.5
  3
OpenSans-Light.ttf
  4

  0
STYLE
  5
42
330
5
100
AcDbSymbolTableRecord
100
AcDbTextStyleTableRecord
  2
OpenSans-Light-Italic
 70
0
 40
0.0
 41
1.0
 50
0.0
 71
0
 42
2.5
  3
OpenSans-LightItalic.ttf
  4

  0
STYLE
  5
43
330
5
100
AcDbSymbolTableRecord
100
AcDbTextStyleTableRecord
  2
OpenSans
 70
0
 40
0.0
 41
1.0
 50
0.0
 71
0
 42
2.5
  3
OpenSans-Regular.ttf
  4

  0
STYLE
  5
44
330
5
100
AcDbSymbolTableRecord
100
AcDbTextStyleTableRecord
  2
OpenSans-Italic
 70
0
 40
0.0
 41
1.0
 50
0.0
 71
0
 42
2.5
  3
OpenSans-Italic.ttf
  4

  0
STYLE
  5
45
330
5
100
AcDbSymbolTableRecord
100
AcDbTextStyleTableRecord
  2
OpenSans-SemiBold
 70
0
 40
0.0
 41
1.0
 50
0.0
 71
0
 42
2.5
  3
OpenSans-SemiBold.ttf
  4

  0
STYLE
  5
46
330
5
100
AcDbSymbolTableRecord
100
AcDbTextStyleTableRecord
  2
OpenSans-SemiBoldItalic
 70
0
 40
0.0
 41
1.0
 50
0.0
 71
0
 42
2.5
  3
OpenSans-SemiBoldItalic.ttf
  4

  0
STYLE
  5
47
330
5
100
AcDbSymbolTableRecord
100
AcDbTextStyleTableRecord
  2
OpenSans-Bold
 70
0
 40
0.0
 41
1.0
 50
0.0
 71
0
 42
2.5
  3
OpenSans-Bold.ttf
  4

  0
STYLE
  5
48
330
5
100
AcDbSymbolTableRecord
100
AcDbTextStyleTableRecord
  2
OpenSans-BoldItalic
 70
0
 40
0.0
 41
1.0
 50
0.0
 71
0
 42
2.5
  3
OpenSans-BoldItalic.ttf
  4

  0
STYLE
  5
49
330
5
100
AcDbSymbolTableRecord
100
AcDbTextStyleTableRecord
  2
OpenSans-ExtraBold
 70
0
 40
0.0
 41
1.0
 50
0.0
 71
0
 42
2.5
  3
OpenSans-ExtraBold.ttf
  4

  0
STYLE
  5
4A
330
5
100
AcDbSymbolTableRecord
100
AcDbTextStyleTableRecord
  2
OpenSans-ExtraBoldItalic
 70
0
 40
0.0
 41
1.0
 50
0.0
 71
0
 42
2.5
  3
OpenSans-ExtraBoldItalic.ttf
  4

  0
STYLE
  5
4B
330
5
100
AcDbSymbolTableRecord
100
AcDbTextStyleTableRecord
  2
OpenSansCondensed-Bold
 70
0
 40
0.0
 41
1.0
 50
0.0
 71
0
 42
2.5
  3
OpenSansCondensed-Bold.ttf
  4

  0
STYLE
  5
4C
330
5
100
AcDbSymbolTableRecord
100
AcDbTextStyleTableRecord
  2
OpenSansCondensed-Light
 70
0
 40
0.0
 41
1.0
 50
0.0
 71
0
 42
2.5
  3
OpenSansCondensed-Light.ttf
  4

  0
STYLE
  5
4D
330
5
100
AcDbSymbolTableRecord
100
AcDbTextStyleTableRecord
  2
OpenSansCondensed-Italic
 70
0
 40
0.0
 41
1.0
 50
0.0
 71
0
 42
2.5
  3
OpenSansCondensed-LightItalic.ttf
  4

  0
STYLE
  5
4E
330
5
100
AcDbSymbolTableRecord
100
AcDbTextStyleTableRecord
  2
LiberationSans
 70
0
 40
0.0
 41
1.0
 50
0.0
 71
0
 42
2.5
  3
LiberationSans-Regular.ttf
  4

  0
STYLE
  5
4F
330
5
100
AcDbSymbolTableRecord
100
AcDbTextStyleTableRecord
  2
LiberationSans-Bold
 70
0
 40
0.0
 41
1.0
 50
0.0
 71
0
 42
2.5
  3
LiberationSans-Bold.ttf
  4

  0
STYLE
  5
50
330
5
100
AcDbSymbolTableRecord
100
AcDbTextStyleTableRecord
  2
LiberationSans-BoldItalic
 70
0
 40
0.0
 41
1.0
 50
0.0
 71
0
 42
2.5
  3
LiberationSans-BoldItalic.ttf
  4

  0
STYLE
  5
51
330
5
100
AcDbSymbolTableRecord
100
AcDbTextStyleTableRecord
  2
LiberationSans-Italic
 70
0
 40
0.0
 41
1.0
 50
0.0
 71
0
 42
2.5
  3
LiberationSans-Italic.ttf
  4

  0
STYLE
  5
52
330
5
100
AcDbSymbolTableRecord
100
AcDbTextStyleTableRecord
  2
LiberationSerif
 70
0
 40
0.0
 41
1.0
 50
0.0
 71
0
 42
2.5
  3
LiberationSerif-Regular.ttf
  4

  0
STYLE
  5
53
330
5
100
AcDbSymbolTableRecord
100
AcDbTextStyleTableRecord
  2
LiberationSerif-Bold
 70
0
 40
0.0
 41
1.0
 50
0.0
 71
0
 42
2.5
  3
LiberationSerif-Bold.ttf
  4

  0
STYLE
  5
54
330
5
100
AcDbSymbolTableRecord
100
AcDbTextStyleTableRecord
  2
LiberationSerif-BoldItalic
 70
0
 40
0.0
 41
1.0
 50
0.0
 71
0
 42
2.5
  3
LiberationSerif-BoldItalic.ttf
  4

  0
STYLE
  5
55
330
5
100
AcDbSymbolTableRecord
100
AcDbTextStyleTableRecord
  2
LiberationSerif-Italic
 70
0
 40
0.0
 41
1.0
 50
0.0
 71
0
 42
2.5
  3
LiberationSerif-Italic.ttf
  4

  0
STYLE
  5
56
330
5
100
AcDbSymbolTableRecord
100
AcDbTextStyleTableRecord
  2
LiberationMono
 70
0
 40
0.0
 41
1.0
 50
0.0
 71
0
 42
2.5
  3
LiberationMono-Regular.ttf
  4

  0
STYLE
  5
57
330
5
100
AcDbSymbolTableRecord
100
AcDbTextStyleTableRecord
  2
LiberationMono-Bold
 70
0
 40
0.0
 41
1.0
 50
0.0
 71
0
 42
2.5
  3
LiberationMono-Bold.ttf
  4

  0
STYLE
  5
58
330
5
100
AcDbSymbolTableRecord
100
AcDbTextStyleTableRecord
  2
LiberationMono-BoldItalic
 70
0
 40
0.0
 41
1.0
 50
0.0
 71
0
 42
2.5
  3
LiberationMono-BoldItalic.ttf
  4

  0
STYLE
  5
59
330
5
100
AcDbSymbolTableRecord
100
AcDbTextStyleTableRecord
  2
LiberationMono-Italic
 70
0
 40
0.0
 41
1.0
 50
0.0
 71
0
 42
2.5
  3
LiberationMono-Italic.ttf
  4

  0
STYLE
  5
8A
330
5
100
AcDbSymbolTableRecord
100
AcDbTextStyleTableRecord
  2
ARIAL
 70
0
 40
0.0
 41
1.0
 50
0.0
 71
0
 42
2.5
  3
arial.ttf
  4

  0
ENDTAB
  0
TABLE
  2
VIEW
  5
7
330
0
100
AcDbSymbolTable
 70
0
  0
ENDTAB
  0
TABLE
  2
UCS
  5
6
330
0
100
AcDbSymbolTable
 70
0
  0
ENDTAB
  0
TABLE
  2
APPID
  5
3
330
0
100
AcDbSymbolTable
 70
3
  0
APPID
  5
2A
330
3
100
AcDbSymbolTableRecord
100
AcDbRegAppTableRecord
  2
ACAD
 70
0
  0
APPID
  5
779
330
3
100
AcDbSymbolTableRecord
100
AcDbRegAppTableRecord
  2
HATCHBACKGROUNDCOLOR
 70
0
  0
APPID
  5
77A
330
3
100
AcDbSymbolTableRecord
100
AcDbRegAppTableRecord
  2
SMA
 70
0
  0
ENDTAB
  0
TABLE
  2
DIMSTYLE
  5
4
330
0
100
AcDbSymbolTable
 70
15
100
AcDbDimStyleTable
  0
DIMSTYLE
105
2B
330
4
100
AcDbSymbolTableRecord
100
AcDbDimStyleTableRecord
  2
Standard
 70
0
 40
1.0
 41
2.5
 42
0.625
 43
3.75
 44
1.25
 45
0.0
 46
0.0
 47
0.0
 48
0.0
 49
2.5
140
2.5
141
2.5
142
0.0
143
0.03937007874
144
1.0
145
0.0
146
1.0
147
0.625
148
0.0
 69
0
 70
0
 71
0
 72
0
 73
0
 74
0
 75
0
 76
0
 77
1
 78
8
 79
3
170
0
171
3
172
1
173
0
174
0
175
0
176
0
177
0
178
0
179
2
271
2
272
2
273
2
274
3
275
0
276
0
277
2
278
44
279
0
280
0
281
0
282
0
283
0
284
8
285
0
286
0
288
0
289
3
290
0
371
-2
372
-2
  0
DIMSTYLE
105
7C
330
4
100
AcDbSymbolTableRecord
100
AcDbDimStyleTableRecord
  2
EZ_M_100_H25_CM
 70
0
 40
1.0
 41
0.25
 42
0.125
 43
3.75
 44
0.375
 45
0.0
 46
0.0
 47
0.0
 48
0.0
 49
2.5
140
0.25
141
2.5
142
0.125
143
0.03937007874
144
100.0
145
0.0
146
0.5
147
0.1
148
0.0
 69
0
 70
0
 71
0
 72
0
 73
0
 74
0
 75
0
 76
0
 77
1
 78
12
 79
3
170
0
171
3
172
1
173
0
174
0
175
0
176
0
177
0
178
0
179
2
271
2
272
2
273
2
274
3
275
0
276
0
277
2
278
46
279
2
280
0
281
0
282
0
283
0
284
8
285
0
286
0
288
1
289
3
290
0
340
4C
371
-2
372
-2
  0
DIMSTYLE
105
7D
330
4
100
AcDbSymbolTableRecord
100
AcDbDimStyleTableRecord
  2
EZ_M_50_H25_CM
 70
0
 40
1.0
 41
0.125
 42
0.0625
 43
3.75
 44
0.1875
 45
0.0
 46
0.0
 47
0.0
 48
0.0
 49
2.5
140
0.125
141
2.5
142
0.0625
143
0.03937007874
144
100.0
145
0.0
146
0.5
147
0.05
148
0.0
 69
0
 70
0
 71
0
 72
0
 73
0
 74
0
 75
0
 76
0
 77
1
 78
12
 79
3
170
0
171
3
172
1
173
0
174
0
175
0
176
0
177
0
178
0
179
2
271
2
272
2
273
2
274
3
275
0
276
0
277
2
278
46
279
2
280
0
281
0
282
0
283
0
284
8
285
0
286
0
288
1
289
3
290
0
340
4C
371
-2
372
-2
  0
DIMSTYLE
105
7E
330
4
100
AcDbSymbolTableRecord
100
AcDbDimStyleTableRecord
  2
EZ_M_25_H25_CM
 70
0
 40
1.0
 41
0.0625
 42
0.03125
 43
3.75
 44
0.09375
 45
0.0
 46
0.0
 47
0.0
 48
0.0
 49
2.5
140
0.0625
141
2.5
142
0.03125
143
0.03937007874
144
100.0
145
0.0
146
0.5
147
0.025
148
0.0
 69
0
 70
0
 71
0
 72
0
 73
0
 74
0
 75
0
 76
0
 77
1
 78
12
 79
3
170
0
171
3
172
1
173
0
174
0
175
0
176
0
177
0
178
0
179
2
271
2
272
2
273
2
274
3
275
0
276
0
277
2
278
46
279
2
280
0
281
0
282
0
283
0
284
8
285
0
286
0
288
1
289
3
290
0
340
4C
371
-2
372
-2
  0
DIMSTYLE
105
7F
330
4
100
AcDbSymbolTableRecord
100
AcDbDimStyleTableRecord
  2
EZ_M_20_H25_CM
 70
0
 40
1.0
 41
0.05
 42
0.025
 43
3.75
 44
0.07500000000000001
 45
0.0
 46
0.0
 47
0.0
 48
0.0
 49
2.5
140
0.05
141
2.5
142
0.025
143
0.03937007874
144
100.0
145
0.0
146
0.5
147
0.020000000000000004
148
0.0
 69
0
 70
0
 71
0
 72
0
 73
0
 74
0
 75
0
 76
0
 77
1
 78
12
 79
3
170
0
171
3
172
1
173
0
174
0
175
0
176
0
177
0
178
0
179
2
271
2
272
2
273
2
274
3
275
0
276
0
277
2
278
46
279
2
280
0
281
0
282
0
283
0
284
8
285
0
286
0
288
1
289
3
290
0
340
4C
371
-2
372
-2
  0
DIMSTYLE
105
80
330
4
100
AcDbSymbolTableRecord
100
AcDbDimStyleTableRecord
  2
EZ_M_10_H25_CM
 70
0
 40
1.0
 41
0.025
 42
0.0125
 43
3.75
 44
0.037500000000000006
 45
0.0
 46
0.0
 47
0.0
 48
0.0
 49
2.5
140
0.025
141
2.5
142
0.0125
143
0.03937007874
144
100.0
145
0.0
146
0.5
147
0.010000000000000002
148
0.0
 69
0
 70
0
 71
0
 72
0
 73
0
 74
0
 75
0
 76
0
 77
1
 78
12
 79
3
170
0
171
3
172
1
173
0
174
0
175
0
176
0
177
0
178
0
179
2
271
2
272
2
273
2
274
3
275
0
276
0
277
2
278
46
279
2
280
0
281
0
282
0
283
0
284
8
285
0
286
0
288
1
289
3
290
0
340
4C
371
-2
372
-2
  0
DIMSTYLE
105
81
330
4
100
AcDbSymbolTableRecord
100
AcDbDimStyleTableRecord
  2
EZ_M_5_H25_CM
 70
0
 40
1.0
 41
0.0125
 42
0.00625
 43
3.75
 44
0.018750000000000003
 45
0.0
 46
0.0
 47
0.0
 48
0.0
 49
2.5
140
0.0125
141
2.5
142
0.00625
143
0.03937007874
144
100.0
145
0.0
146
0.5
147
0.005000000000000001
148
0.0
 69
0
 70
0
 71
0
 72
0
 73
0
 74
0
 75
0
 76
0
 77
1
 78
12
 79
3
170
0
171
3
172
1
173
0
174
0
175
0
176
0
177
0
178
0
179
2
271
2
272
2
273
2
274
3
275
0
276
0
277
2
278
46
279
2
280
0
281
0
282
0
283
0
284
8
285
0
286
0
288
1
289
3
290
0
340
4C
371
-2
372
-2
  0
DIMSTYLE
105
82
330
4
100
AcDbSymbolTableRecord
100
AcDbDimStyleTableRecord
  2
EZ_M_1_H25_CM
 70
0
 40
1.0
 41
0.0025
 42
0.00125
 43
3.75
 44
0.00375
 45
0.0
 46
0.0
 47
0.0
 48
0.0
 49
2.5
140
0.0025
141
2.5
142
0.00125
143
0.03937007874
144
100.0
145
0.0
146
0.5
147
0.001
148
0.0
 69
0
 70
0
 71
0
 72
0
 73
0
 74
0
 75
0
 76
0
 77
1
 78
12
 79
3
170
0
171
3
172
1
173
0
174
0
175
0
176
0
177
0
178
0
179
2
271
2
272
2
273
2
274
3
275
0
276
0
277
2
278
46
279
2
280
0
281
0
282
0
283
0
284
8
285
0
286
0
288
1
289
3
290
0
340
4C
371
-2
372
-2
  0
DIMSTYLE
105
83
330
4
100
AcDbSymbolTableRecord
100
AcDbDimStyleTableRecord
  2
EZ_RADIUS
 70
0
 40
1.0
 41
0.25
 42
0.125
 43
3.75
 44
0.375
 45
0.0
 46
0.0
 47
0.0
 48
0.0
 49
2.5
140
0.25
141
0.0
142
0.0
143
0.03937007874
144
100.0
145
0.0
146
0.5
147
0.1
148
0.0
 69
0
 70
0
 71
0
 72
0
 73
0
 74
0
 75
0
 76
0
 77
1
 78
12
 79
3
170
0
171
3
172
0
173
0
174
0
175
0
176
0
177
0
178
0
179
2
271
2
272
2
273
2
274
3
275
0
276
0
277
2
278
46
279
1
280
0
281
0
282
0
283
0
284
8
285
0
286
0
288
1
289
3
290
0
340
4C
342
84
371
-2
372
-2
  0
DIMSTYLE
105
88
330
4
100
AcDbSymbolTableRecord
100
AcDbDimStyleTableRecord
  2
EZ_RADIUS_INSIDE
 70
0
 40
1.0
 41
0.25
 42
0.125
 43
3.75
 44
0.375
 45
0.0
 46
0.0
 47
0.0
 48
0.0
 49
2.5
140
0.25
141
0.0
142
0.0
143
0.03937007874
144
100.0
145
0.0
146
0.5
147
0.1
148
0.0
 69
0
 70
0
 71
0
 72
0
 73
0
 74
0
 75
0
 76
0
 77
0
 78
12
 79
3
170
0
171
3
172
0
173
0
174
1
175
0
176
0
177
0
178
0
179
2
271
2
272
2
273
2
274
3
275
0
276
0
277
2
278
46
279
0
280
0
281
0
282
0
283
0
284
8
285
0
286
0
288
1
289
0
290
0
340
4C
342
84
371
-2
372
-2
  0
DIMSTYLE
105
89
330
4
100
AcDbSymbolTableRecord
100
AcDbDimStyleTableRecord
  2
EZ_CURVED
 70
0
 40
1.0
 41
0.25
 42
0.125
 43
3.75
 44
0.375
 45
0.0
 46
0.0
 47
0.0
 48
0.0
 49
2.5
140
0.25
141
2.5
142
0.0
143
0.03937007874
144
100.0
145
0.0
146
0.5
147
0.1
148
0.0
 69
0
 70
0
 71
0
 72
0
 73
0
 74
0
 75
0
 76
0
 77
1
 78
12
 79
2
 90
2
170
0
171
3
172
1
173
0
174
0
175
0
176
0
177
0
178
0
179
2
271
2
272
2
273
2
274
3
275
0
276
0
277
2
278
46
279
2
280
0
281
0
282
0
283
0
284
8
285
0
286
0
288
1
289
3
290
0
340
4C
371
-2
372
-2
  0
DIMSTYLE
105
B6
330
4
100
AcDbSymbolTableRecord
100
AcDbDimStyleTableRecord
  2
KK50
 70
0
 40
1.0
 41
0.07
 42
0.05
 43
3.75
 44
0.06
 45
0.0
 46
0.0
 47
0.0
 48
0.0
 49
2.5
140
0.1
141
2.5
142
0.0
143
0.03937007874
144
100.0
145
0.0
146
1.0
147
0.03
148
0.0
 69
0
 70
0
 71
0
 72
0
 73
0
 74
0
 75
0
 76
0
 77
1
 78
8
 79
3
170
0
171
3
172
1
173
0
174
0
175
0
176
8
177
8
178
7
179
2
271
0
272
2
273
2
274
3
275
0
276
0
277
2
278
44
279
0
280
0
281
0
282
0
283
0
284
8
285
0
286
0
288
0
289
3
290
0
340
8A
342
74
371
-2
372
-2
  0
DIMSTYLE
105
B7
330
4
100
AcDbSymbolTableRecord
100
AcDbDimStyleTableRecord
  2
KK25
 70
0
 40
1.0
 41
0.07
 42
0.05
 43
3.75
 44
0.06
 45
0.0
 46
0.0
 47
0.0
 48
0.0
 49
2.5
140
0.1
141
2.5
142
0.0
143
0.03937007874
144
50.0
145
0.0
146
1.0
147
0.03
148
0.0
 69
0
 70
0
 71
0
 72
0
 73
0
 74
0
 75
0
 76
0
 77
1
 78
8
 79
3
170
0
171
3
172
1
173
0
174
0
175
0
176
8
177
8
178
7
179
2
271
0
272
2
273
2
274
3
275
0
276
0
277
2
278
44
279
0
280
0
281
0
282
0
283
0
284
8
285
0
286
0
288
0
289
3
290
0
340
8A
342
74
371
-2
372
-2
  0
DIMSTYLE
105
B8
330
4
100
AcDbSymbolTableRecord
100
AcDbDimStyleTableRecord
  2
KK10
 70
0
 40
1.0
 41
0.07
 42
0.05
 43
3.75
 44
0.06
 45
0.0
 46
0.0
 47
0.0
 48
0.0
 49
2.5
140
0.1
141
2.5
142
0.0
143
0.03937007874
144
200.0
145
0.0
146
1.0
147
0.03
148
0.0
 69
0
 70
0
 71
0
 72
0
 73
0
 74
0
 75
0
 76
0
 77
1
 78
8
 79
3
170
0
171
3
172
1
173
0
174
0
175
0
176
8
177
8
178
7
179
2
271
0
272
2
273
2
274
3
275
0
276
0
277
2
278
44
279
0
280
0
281
0
282
0
283
0
284
8
285
0
286
0
288
0
289
3
290
0
340
8A
342
74
371
-2
372
-2
  0
DIMSTYLE
105
B9
330
4
100
AcDbSymbolTableRecord
100
AcDbDimStyleTableRecord
  2
KK5
 70
0
 40
1.0
 41
0.07
 42
0.05
 43
3.75
 44
0.06
 45
0.0
 46
0.0
 47
0.0
 48
0.0
 49
2.5
140
0.1
141
2.5
142
0.0
143
0.03937007874
144
100.0
145
0.0
146
1.0
147
0.03
148
0.0
 69
0
 70
0
 71
0
 72
0
 73
0
 74
0
 75
0
 76
0
 77
1
 78
8
 79
3
170
0
171
3
172
1
173
0
174
0
175
0
176
8
177
8
178
7
179
2
271
0
272
2
273
2
274
3
275
0
276
0
277
2
278
44
279
0
280
0
281
0
282
0
283
0
284
8
285
0
286
0
288
0
289
3
290
0
340
8A
342
74
371
-2
372
-2
  0
ENDTAB
  0
TABLE
  2
BLOCK_RECORD
  5
9
330
0
100
AcDbSymbolTable
 70
25
  0
BLOCK_RECORD
  5
17
330
9
100
AcDbSymbolTableRecord
100
AcDbBlockTableRecord
  2
*Model_Space
340
1A
 70
0
280
1
281
0
  0
BLOCK_RECORD
  5
1B
330
9
100
AcDbSymbolTableRecord
100
AcDbBlockTableRecord
  2
*Paper_Space
340
1E
 70
0
280
1
281
0
  0
BLOCK_RECORD
  5
74
330
9
100
AcDbSymbolTableRecord
100
AcDbBlockTableRecord
  2
_ARCHTICK
340
0
 70
0
280
1
281
0
  0
BLOCK_RECORD
  5
78
330
9
100
AcDbSymbolTableRecord
100
AcDbBlockTableRecord
  2
_CLOSEDFILLED
340
0
 70
0
280
1
281
0
  0
BLOCK_RECORD
  5
84
330
9
100
AcDbSymbolTableRecord
100
AcDbBlockTableRecord
  2
_CLOSEDBLANK
340
0
 70
0
280
1
281
0
  0
BLOCK_RECORD
  5
12F
330
9
100
AcDbSymbolTableRecord
100
AcDbBlockTableRecord
  2
*D1
340
0
 70
0
280
1
281
0
  0
BLOCK_RECORD
  5
13E
330
9
100
AcDbSymbolTableRecord
100
AcDbBlockTableRecord
  2
*D2
340
0
 70
0
280
1
281
0
  0
BLOCK_RECORD
  5
14D
330
9
100
AcDbSymbolTableRecord
100
AcDbBlockTableRecord
  2
*D3
340
0
 70
0
280
1
281
0
  0
BLOCK_RECORD
  5
1E2
330
9
100
AcDbSymbolTableRecord
100
AcDbBlockTableRecord
  2
*D4
340
0
 70
0
280
1
281
0
  0
BLOCK_RECORD
  5
1F1
330
9
100
AcDbSymbolTableRecord
100
AcDbBlockTableRecord
  2
*D5
340
0
 70
0
280
1
281
0
  0
BLOCK_RECORD
  5
200
330
9
100
AcDbSymbolTableRecord
100
AcDbBlockTableRecord
  2
*D6
340
0
 70
0
280
1
281
0
  0
BLOCK_RECORD
  5
4D2
330
9
100
AcDbSymbolTableRecord
100
AcDbBlockTableRecord
  2
*D7
340
0
 70
0
280
1
281
0
  0
BLOCK_RECORD
  5
4E1
330
9
100
AcDbSymbolTableRecord
100
AcDbBlockTableRecord
  2
*D8
340
0
 70
0
280
1
281
0
  0
BLOCK_RECORD
  5
4F0
330
9
100
AcDbSymbolTableRecord
100
AcDbBlockTableRecord
  2
*D9
340
0
 70
0
280
1
281
0
  0
BLOCK_RECORD
  5
4FF
330
9
100
AcDbSymbolTableRecord
100
AcDbBlockTableRecord
  2
*D10
340
0
 70
0
280
1
281
0
  0
BLOCK_RECORD
  5
50E
330
9
100
AcDbSymbolTableRecord
100
AcDbBlockTableRecord
  2
*D11
340
0
 70
0
280
1
281
0
  0
BLOCK_RECORD
  5
51D
330
9
100
AcDbSymbolTableRecord
100
AcDbBlockTableRecord
  2
*D12
340
0
 70
0
280
1
281
0
  0
BLOCK_RECORD
  5
55A
330
9
100
AcDbSymbolTableRecord
100
AcDbBlockTableRecord
  2
*D13
340
0
 70
0
280
1
281
0
  0
BLOCK_RECORD
  5
569
330
9
100
AcDbSymbolTableRecord
100
AcDbBlockTableRecord
  2
*D14
340
0
 70
0
280
1
281
0
  0
BLOCK_RECORD
  5
578
330
9
100
AcDbSymbolTableRecord
100
AcDbBlockTableRecord
  2
*D15
340
0
 70
0
280
1
281
0
  0
BLOCK_RECORD
  5
58F
330
9
100
AcDbSymbolTableRecord
100
AcDbBlockTableRecord
  2
*D16
340
0
 70
0
280
1
281
0
  0
BLOCK_RECORD
  5
59E
330
9
100
AcDbSymbolTableRecord
100
AcDbBlockTableRecord
  2
*D17
340
0
 70
0
280
1
281
0
  0
BLOCK_RECORD
  5
5AD
330
9
100
AcDbSymbolTableRecord
100
AcDbBlockTableRecord
  2
*D18
340
0
 70
0
280
1
281
0
  0
BLOCK_RECORD
  5
692
330
9
100
AcDbSymbolTableRecord
100
AcDbBlockTableRecord
  2
*D19
340
0
 70
0
280
1
281
0
  0
BLOCK_RECORD
  5
6A1
330
9
100
AcDbSymbolTableRecord
100
AcDbBlockTableRecord
  2
*D20
340
0
 70
0
280
1
281
0
  0
ENDTAB
  0
ENDSEC
  0
SECTION
  2
BLOCKS
  0
BLOCK
  5
18
330
17
100
AcDbEntity
  8
0
100
AcDbBlockBegin
  2
*Model_Space
 70
0
 10
0.0
 20
0.0
 30
0.0
  3
*Model_Space
  1

  0
ENDBLK
  5
19
330
17
100
AcDbEntity
  8
0
100
AcDbBlockEnd
  0
BLOCK
  5
1C
330
1B
100
AcDbEntity
  8
0
100
AcDbBlockBegin
  2
*Paper_Space
 70
0
 10
0.0
 20
0.0
 30
0.0
  3
*Paper_Space
  1

  0
ENDBLK
  5
1D
330
1B
100
AcDbEntity
  8
0
100
AcDbBlockEnd
  0
BLOCK
  5
75
330
74
100
AcDbEntity
  8
0
100
AcDbBlockBegin
  2
_ARCHTICK
 70
0
 10
0.0
 20
0.0
 30
0.0
  3
_ARCHTICK
  1

  0
LWPOLYLINE
  5
77
330
74
100
AcDbEntity
  8
0
  6
BYBLOCK
 62
0
100
AcDbPolyline
 90
2
 70
0
 43
0.15
 10
-0.5
 20
-0.5
 10
0.5
 20
0.5
  0
ENDBLK
  5
76
330
74
100
AcDbEntity
  8
0
100
AcDbBlockEnd
  0
BLOCK
  5
79
330
78
100
AcDbEntity
  8
0
100
AcDbBlockBegin
  2
_CLOSEDFILLED
 70
0
 10
0.0
 20
0.0
 30
0.0
  3
_CLOSEDFILLED
  1

  0
SOLID
  5
7B
330
78
100
AcDbEntity
  8
0
  6
BYBLOCK
 62
0
100
AcDbTrace
 10
-1.0
 20
0.16439898372402537
 30
0.0
 11
0.0
 21
0.0
 31
0.0
 12
-1.0
 22
-0.16439898372402537
 32
0.0
 13
-1.0
 23
-0.16439898372402537
 33
0.0
  0
ENDBLK
  5
7A
330
78
100
AcDbEntity
  8
0
100
AcDbBlockEnd
  0
BLOCK
  5
85
330
84
100
AcDbEntity
  8
0
100
AcDbBlockBegin
  2
_CLOSEDBLANK
 70
0
 10
0.0
 20
0.0
 30
0.0
  3
_CLOSEDBLANK
  1

  0
LWPOLYLINE
  5
87
330
84
100
AcDbEntity
  8
0
  6
BYBLOCK
 62
0
100
AcDbPolyline
 90
3
 70
1
 10
-1.0
 20
0.16439898372402537
 10
0.0
 20
0.0
 10
-1.0
 20
-0.16439898372402537
  0
ENDBLK
  5
86
330
84
100
AcDbEntity
  8
0
100
AcDbBlockEnd
  0
BLOCK
  5
130
330
12F
100
AcDbEntity
  8
0
100
AcDbBlockBegin
  2
*D1
 70
1
 10
0.0
 20
0.0
 30
0.0
  3
*D1
  1

  0
LINE
  5
132
330
12F
100
AcDbEntity
  8
0
 62
8
100
AcDbLine
 10
5.599999999999999
 20
25.240000000000002
 30
0.0
 11
5.599999999999999
 21
25.8
 31
0.0
  0
LINE
  5
133
330
12F
100
AcDbEntity
  8
0
 62
8
100
AcDbLine
 10
11.6
 20
25.240000000000002
 30
0.0
 11
11.6
 21
25.8
 31
0.0
  0
INSERT
  5
134
330
12F
100
AcDbEntity
  8
OLCU
 62
8
100
AcDbBlockReference
  2
_ARCHTICK
 10
5.599999999999999
 20
25.740000000000002
 30
0.0
 41
0.07
 42
0.07
 50
180.0
  0
INSERT
  5
136
330
12F
100
AcDbEntity
  8
OLCU
 62
8
100
AcDbBlockReference
  2
_ARCHTICK
 10
11.6
 20
25.740000000000002
 30
0.0
 41
0.07
 42
0.07
  0
LINE
  5
138
330
12F
100
AcDbEntity
  8
0
 62
8
100
AcDbLine
 10
5.599999999999999
 20
25.740000000000002
 30
0.0
 11
11.6
 21
25.740000000000002
 31
0.0
  0
MTEXT
  5
139
330
12F
100
AcDbEntity
  8
OLCU
 62
7
100
AcDbMText
 10
8.6
 20
25.82
 30
0.0
 40
0.1
 71
5
  1
600
  7
ARIAL
  0
POINT
  5
13A
330
12F
100
AcDbEntity
  8
Defpoints
100
AcDbPoint
 10
5.599999999999999
 20
25.740000000000002
 30
0.0
  0
POINT
  5
13B
330
12F
100
AcDbEntity
  8
Defpoints
100
AcDbPoint
 10
5.599999999999999
 20
25.19
 30
0.0
  0
POINT
  5
13C
330
12F
100
AcDbEntity
  8
Defpoints
100
AcDbPoint
 10
11.6
 20
25.19
 30
0.0
  0
ENDBLK
  5
131
330
12F
100
AcDbEntity
  8
0
100
AcDbBlockEnd
  0
BLOCK
  5
13F
330
13E
100
AcDbEntity
  8
0
100
AcDbBlockBegin
  2
*D2
 70
1
 10
0.0
 20
0.0
 30
0.0
  3
*D2
  1

  0
LINE
  5
141
330
13E
100
AcDbEntity
  8
0
 62
8
100
AcDbLine
 10
5.549999999999999
 20
23.69
 30
0.0
 11
5.089999999999999
 21
23.69
 31
0.0
  0
LINE
  5
142
330
13E
100
AcDbEntity
  8
0
 62
8
100
AcDbLine
 10
5.549999999999999
 20
25.19
 30
0.0
 11
5.089999999999999
 21
25.19
 31
0.0
  0
INSERT
  5
143
330
13E
100
AcDbEntity
  8
OLCU
 62
8
100
AcDbBlockReference
  2
_ARCHTICK
 10
5.149999999999999
 20
23.69
 30
0.0
 41
0.07
 42
0.07
 50
270.0
  0
INSERT
  5
145
330
13E
100
AcDbEntity
  8
OLCU
 62
8
100
AcDbBlockReference
  2
_ARCHTICK
 10
5.149999999999999
 20
25.19
 30
0.0
 41
0.07
 42
0.07
 50
90.0
  0
LINE
  5
147
330
13E
100
AcDbEntity
  8
0
 62
8
100
AcDbLine
 10
5.149999999999999
 20
23.69
 30
0.0
 11
5.149999999999999
 21
25.19
 31
0.0
  0
MTEXT
  5
148
330
13E
100
AcDbEntity
  8
OLCU
 62
7
100
AcDbMText
 10
5.0699999999999985
 20
24.44
 30
0.0
 40
0.1
 71
5
  1
150
  7
ARIAL
 50
90.0
  0
POINT
  5
149
330
13E
100
AcDbEntity
  8
Defpoints
100
AcDbPoint
 10
5.149999999999999
 20
23.69
 30
0.0
  0
POINT
  5
14A
330
13E
100
AcDbEntity
  8
Defpoints
100
AcDbPoint
 10
5.599999999999999
 20
23.69
 30
0.0
  0
POINT
  5
14B
330
13E
100
AcDbEntity
  8
Defpoints
100
AcDbPoint
 10
5.599999999999999
 20
25.19
 30
0.0
  0
ENDBLK
  5
140
330
13E
100
AcDbEntity
  8
0
100
AcDbBlockEnd
  0
BLOCK
  5
14E
330
14D
100
AcDbEntity
  8
0
100
AcDbBlockBegin
  2
*D3
 70
1
 10
0.0
 20
0.0
 30
0.0
  3
*D3
  1

  0
LINE
  5
150
330
14D
100
AcDbEntity
  8
0
 62
8
100
AcDbLine
 10
3.5500000000000003
 20
11.9
 30
0.0
 11
2.94
 21
11.9
 31
0.0
  0
LINE
  5
151
330
14D
100
AcDbEntity
  8
0
 62
8
100
AcDbLine
 10
3.5500000000000003
 20
28.44
 30
0.0
 11
2.94
 21
28.44
 31
0.0
  0
INSERT
  5
152
330
14D
100
AcDbEntity
  8
OLCU
 62
8
100
AcDbBlockReference
  2
_ARCHTICK
 10
3.0
 20
11.9
 30
0.0
 41
0.07
 42
0.07
 50
270.0
  0
INSERT
  5
154
330
14D
100
AcDbEntity
  8
OLCU
 62
8
100
AcDbBlockReference
  2
_ARCHTICK
 10
3.0
 20
28.44
 30
0.0
 41
0.07
 42
0.07
 50
90.0
  0
LINE
  5
156
330
14D
100
AcDbEntity
  8
0
 62
8
100
AcDbLine
 10
3.0
 20
11.9
 30
0.0
 11
3.0
 21
28.44
 31
0.0
  0
MTEXT
  5
157
330
14D
100
AcDbEntity
  8
OLCU
 62
7
100
AcDbMText
 10
2.92
 20
20.17
 30
0.0
 40
0.1
 71
5
  1
1654
  7
ARIAL
 50
90.0
  0
POINT
  5
158
330
14D
100
AcDbEntity
  8
Defpoints
100
AcDbPoint
 10
3.0
 20
11.9
 30
0.0
  0
POINT
  5
159
330
14D
100
AcDbEntity
  8
Defpoints
100
AcDbPoint
 10
3.6
 20
11.9
 30
0.0
  0
POINT
  5
15A
330
14D
100
AcDbEntity
  8
Defpoints
100
AcDbPoint
 10
3.6
 20
28.44
 30
0.0
  0
ENDBLK
  5
14F
330
14D
100
AcDbEntity
  8
0
100
AcDbBlockEnd
  0
BLOCK
  5
1E3
330
1E2
100
AcDbEntity
  8
0
100
AcDbBlockBegin
  2
*D4
 70
1
 10
0.0
 20
0.0
 30
0.0
  3
*D4
  1

  0
LINE
  5
1E5
330
1E2
100
AcDbEntity
  8
0
 62
8
100
AcDbLine
 10
26.3
 20
11.05
 30
0.0
 11
26.3
 21
12.01
 31
0.0
  0
LINE
  5
1E6
330
1E2
100
AcDbEntity
  8
0
 62
8
100
AcDbLine
 10
32.3
 20
11.05
 30
0.0
 11
32.3
 21
12.01
 31
0.0
  0
INSERT
  5
1E7
330
1E2
100
AcDbEntity
  8
OLCU
 62
8
100
AcDbBlockReference
  2
_ARCHTICK
 10
26.3
 20
11.95
 30
0.0
 41
0.07
 42
0.07
 50
180.0
  0
INSERT
  5
1E9
330
1E2
100
AcDbEntity
  8
OLCU
 62
8
100
AcDbBlockReference
  2
_ARCHTICK
 10
32.3
 20
11.95
 30
0.0
 41
0.07
 42
0.07
  0
LINE
  5
1EB
330
1E2
100
AcDbEntity
  8
0
 62
8
100
AcDbLine
 10
26.3
 20
11.95
 30
0.0
 11
32.3
 21
11.95
 31
0.0
  0
MTEXT
  5
1EC
330
1E2
100
AcDbEntity
  8
OLCU
 62
7
100
AcDbMText
 10
29.299999999999997
 20
12.03
 30
0.0
 40
0.1
 71
5
  1
600
  7
ARIAL
  0
POINT
  5
1ED
330
1E2
100
AcDbEntity
  8
Defpoints
100
AcDbPoint
 10
26.3
 20
11.95
 30
0.0
  0
POINT
  5
1EE
330
1E2
100
AcDbEntity
  8
Defpoints
100
AcDbPoint
 10
26.3
 20
11.0
 30
0.0
  0
POINT
  5
1EF
330
1E2
100
AcDbEntity
  8
Defpoints
100
AcDbPoint
 10
32.3
 20
11.0
 30
0.0
  0
ENDBLK
  5
1E4
330
1E2
100
AcDbEntity
  8
0
100
AcDbBlockEnd
  0
BLOCK
  5
1F2
330
1F1
100
AcDbEntity
  8
0
100
AcDbBlockBegin
  2
*D5
 70
1
 10
0.0
 20
0.0
 30
0.0
  3
*D5
  1

  0
LINE
  5
1F4
330
1F1
100
AcDbEntity
  8
0
 62
8
100
AcDbLine
 10
32.349999999999994
 20
6.151471862576142
 30
0.0
 11
33.31
 21
6.151471862576142
 31
0.0
  0
LINE
  5
1F5
330
1F1
100
AcDbEntity
  8
0
 62
8
100
AcDbLine
 10
32.349999999999994
 20
11.0
 30
0.0
 11
33.31
 21
11.0
 31
0.0
  0
INSERT
  5
1F6
330
1F1
100
AcDbEntity
  8
OLCU
 62
8
100
AcDbBlockReference
  2
_ARCHTICK
 10
33.25
 20
6.151471862576142
 30
0.0
 41
0.07
 42
0.07
 50
270.0
  0
INSERT
  5
1F8
330
1F1
100
AcDbEntity
  8
OLCU
 62
8
100
AcDbBlockReference
  2
_ARCHTICK
 10
33.25
 20
11.0
 30
0.0
 41
0.07
 42
0.07
 50
90.0
  0
LINE
  5
1FA
330
1F1
100
AcDbEntity
  8
0
 62
8
100
AcDbLine
 10
33.25
 20
6.151471862576142
 30
0.0
 11
33.25
 21
11.0
 31
0.0
  0
MTEXT
  5
1FB
330
1F1
100
AcDbEntity
  8
OLCU
 62
7
100
AcDbMText
 10
33.17
 20
8.57573593128807
 30
0.0
 40
0.1
 71
5
  1
485
  7
ARIAL
 50
90.0
  0
POINT
  5
1FC
330
1F1
100
AcDbEntity
  8
Defpoints
100
AcDbPoint
 10
33.25
 20
6.151471862576142
 30
0.0
  0
POINT
  5
1FD
330
1F1
100
AcDbEntity
  8
Defpoints
100
AcDbPoint
 10
32.3
 20
6.151471862576142
 30
0.0
  0
POINT
  5
1FE
330
1F1
100
AcDbEntity
  8
Defpoints
100
AcDbPoint
 10
32.3
 20
11.0
 30
0.0
  0
ENDBLK
  5
1F3
330
1F1
100
AcDbEntity
  8
0
100
AcDbBlockEnd
  0
BLOCK
  5
201
330
200
100
AcDbEntity
  8
0
100
AcDbBlockBegin
  2
*D6
 70
1
 10
0.0
 20
0.0
 30
0.0
  3
*D6
  1

  0
LINE
  5
203
330
200
100
AcDbEntity
  8
0
 62
8
100
AcDbLine
 10
20.414933200134993
 20
14.443339768469944
 30
0.0
 11
20.669251841511926
 21
14.885405406863375
 31
0.0
  0
LINE
  5
204
330
200
100
AcDbEntity
  8
0
 62
8
100
AcDbLine
 10
26.324933200134993
 20
11.043339768469945
 30
0.0
 11
26.579251841511926
 21
11.485405406863377
 31
0.0
  0
INSERT
  5
205
330
200
100
AcDbEntity
  8
OLCU
 62
8
100
AcDbBlockReference
  2
_ARCHTICK
 10
20.639332001349935
 20
14.833397684699442
 30
0.0
 41
0.07
 42
0.07
 50
150.0883495774702
  0
INSERT
  5
207
330
200
100
AcDbEntity
  8
OLCU
 62
8
100
AcDbBlockReference
  2
_ARCHTICK
 10
26.549332001349935
 20
11.433397684699443
 30
0.0
 41
0.07
 42
0.07
 50
-29.91165042252978
  0
LINE
  5
209
330
200
100
AcDbEntity
  8
0
 62
8
100
AcDbLine
 10
20.639332001349935
 20
14.833397684699442
 30
0.0
 11
26.549332001349935
 21
11.433397684699443
 31
0.0
  0
MTEXT
  5
20A
330
200
100
AcDbEntity
  8
OLCU
 62
7
100
AcDbMText
 10
23.634225121565922
 20
13.202741314251353
 30
0.0
 40
0.1
 71
5
  1
682
  7
ARIAL
 50
-29.91165042252978
  0
POINT
  5
20B
330
200
100
AcDbEntity
  8
Defpoints
100
AcDbPoint
 10
20.639332001349935
 20
14.833397684699442
 30
0.0
  0
POINT
  5
20C
330
200
100
AcDbEntity
  8
Defpoints
100
AcDbPoint
 10
20.39
 20
14.4
 30
0.0
  0
POINT
  5
20D
330
200
100
AcDbEntity
  8
Defpoints
100
AcDbPoint
 10
26.3
 20
11.0
 30
0.0
  0
ENDBLK
  5
202
330
200
100
AcDbEntity
  8
0
100
AcDbBlockEnd
  0
BLOCK
  5
4D3
330
4D2
100
AcDbEntity
  8
0
100
AcDbBlockBegin
  2
*D7
 70
1
 10
0.0
 20
0.0
 30
0.0
  3
*D7
  1

  0
LINE
  5
4D5
330
4D2
100
AcDbEntity
  8
0
 62
8
100
AcDbLine
 10
67.95
 20
21.9
 30
0.0
 11
67.96010000000001
 21
21.9
 31
0.0
  0
LINE
  5
4D6
330
4D2
100
AcDbEntity
  8
0
 62
8
100
AcDbLine
 10
67.95
 20
20.299999999999997
 30
0.0
 11
67.96010000000001
 21
20.299999999999997
 31
0.0
  0
INSERT
  5
4D7
330
4D2
100
AcDbEntity
  8
OLCU
 62
8
100
AcDbBlockReference
  2
_ARCHTICK
 10
67.90010000000001
 20
21.9
 30
0.0
 41
0.07
 42
0.07
 50
90.0
  0
INSERT
  5
4D9
330
4D2
100
AcDbEntity
  8
OLCU
 62
8
100
AcDbBlockReference
  2
_ARCHTICK
 10
67.90010000000001
 20
20.299999999999997
 30
0.0
 41
0.07
 42
0.07
 50
-90.0
  0
LINE
  5
4DB
330
4D2
100
AcDbEntity
  8
0
 62
8
100
AcDbLine
 10
67.90010000000001
 20
21.9
 30
0.0
 11
67.90010000000001
 21
20.299999999999997
 31
0.0
  0
MTEXT
  5
4DC
330
4D2
100
AcDbEntity
  8
OLCU
 62
7
100
AcDbMText
 10
67.98010000000001
 20
21.099999999999998
 30
0.0
 40
0.1
 71
5
  1
80
  7
ARIAL
 50
-90.0
  0
POINT
  5
4DD
330
4D2
100
AcDbEntity
  8
Defpoints
100
AcDbPoint
 10
67.90010000000001
 20
21.9
 30
0.0
  0
POINT
  5
4DE
330
4D2
100
AcDbEntity
  8
Defpoints
100
AcDbPoint
 10
67.9
 20
21.9
 30
0.0
  0
POINT
  5
4DF
330
4D2
100
AcDbEntity
  8
Defpoints
100
AcDbPoint
 10
67.9
 20
20.299999999999997
 30
0.0
  0
ENDBLK
  5
4D4
330
4D2
100
AcDbEntity
  8
0
100
AcDbBlockEnd
  0
BLOCK
  5
4E2
330
4E1
100
AcDbEntity
  8
0
100
AcDbBlockBegin
  2
*D8
 70
1
 10
0.0
 20
0.0
 30
0.0
  3
*D8
  1

  0
LINE
  5
4E4
330
4E1
100
AcDbEntity
  8
0
 62
8
100
AcDbLine
 10
66.55
 20
20.299999999999997
 30
0.0
 11
66.5601
 21
20.299999999999997
 31
0.0
  0
LINE
  5
4E5
330
4E1
100
AcDbEntity
  8
0
 62
8
100
AcDbLine
 10
66.55
 20
17.099999999999998
 30
0.0
 11
66.5601
 21
17.099999999999998
 31
0.0
  0
INSERT
  5
4E6
330
4E1
100
AcDbEntity
  8
OLCU
 62
8
100
AcDbBlockReference
  2
_ARCHTICK
 10
66.5001
 20
20.299999999999997
 30
0.0
 41
0.07
 42
0.07
 50
90.0
  0
INSERT
  5
4E8
330
4E1
100
AcDbEntity
  8
OLCU
 62
8
100
AcDbBlockReference
  2
_ARCHTICK
 10
66.5001
 20
17.099999999999998
 30
0.0
 41
0.07
 42
0.07
 50
-90.0
  0
LINE
  5
4EA
330
4E1
100
AcDbEntity
  8
0
 62
8
100
AcDbLine
 10
66.5001
 20
20.299999999999997
 30
0.0
 11
66.5001
 21
17.099999999999998
 31
0.0
  0
MTEXT
  5
4EB
330
4E1
100
AcDbEntity
  8
OLCU
 62
7
100
AcDbMText
 10
66.5801
 20
18.699999999999996
 30
0.0
 40
0.1
 71
5
  1
160
  7
ARIAL
 50
-90.0
  0
POINT
  5
4EC
330
4E1
100
AcDbEntity
  8
Defpoints
100
AcDbPoint
 10
66.5001
 20
20.299999999999997
 30
0.0
  0
POINT
  5
4ED
330
4E1
100
AcDbEntity
  8
Defpoints
100
AcDbPoint
 10
66.5
 20
20.299999999999997
 30
0.0
  0
POINT
  5
4EE
330
4E1
100
AcDbEntity
  8
Defpoints
100
AcDbPoint
 10
66.5
 20
17.099999999999998
 30
0.0
  0
ENDBLK
  5
4E3
330
4E1
100
AcDbEntity
  8
0
100
AcDbBlockEnd
  0
BLOCK
  5
4F1
330
4F0
100
AcDbEntity
  8
0
100
AcDbBlockBegin
  2
*D9
 70
1
 10
0.0
 20
0.0
 30
0.0
  3
*D9
  1

  0
LINE
  5
4F3
330
4F0
100
AcDbEntity
  8
0
 62
8
100
AcDbLine
 10
67.15
 20
17.099999999999998
 30
0.0
 11
66.89
 21
17.099999999999998
 31
0.0
  0
LINE
  5
4F4
330
4F0
100
AcDbEntity
  8
0
 62
8
100
AcDbLine
 10
67.15
 20
16.5
 30
0.0
 11
66.89
 21
16.5
 31
0.0
  0
INSERT
  5
4F5
330
4F0
100
AcDbEntity
  8
OLCU
 62
8
100
AcDbBlockReference
  2
_ARCHTICK
 10
66.95
 20
17.099999999999998
 30
0.0
 41
0.07
 42
0.07
 50
90.0
  0
INSERT
  5
4F7
330
4F0
100
AcDbEntity
  8
OLCU
 62
8
100
AcDbBlockReference
  2
_ARCHTICK
 10
66.95
 20
16.5
 30
0.0
 41
0.07
 42
0.07
 50
-90.0
  0
LINE
  5
4F9
330
4F0
100
AcDbEntity
  8
0
 62
8
100
AcDbLine
 10
66.95
 20
17.099999999999998
 30
0.0
 11
66.95
 21
16.5
 31
0.0
  0
MTEXT
  5
4FA
330
4F0
100
AcDbEntity
  8
OLCU
 62
7
100
AcDbMText
 10
67.03
 20
16.799999999999997
 30
0.0
 40
0.1
 71
5
  1
30
  7
ARIAL
 50
-90.0
  0
POINT
  5
4FB
330
4F0
100
AcDbEntity
  8
Defpoints
100
AcDbPoint
 10
66.95
 20
17.099999999999998
 30
0.0
  0
POINT
  5
4FC
330
4F0
100
AcDbEntity
  8
Defpoints
100
AcDbPoint
 10
67.2
 20
17.099999999999998
 30
0.0
  0
POINT
  5
4FD
330
4F0
100
AcDbEntity
  8
Defpoints
100
AcDbPoint
 10
67.2
 20
16.5
 30
0.0
  0
ENDBLK
  5
4F2
330
4F0
100
AcDbEntity
  8
0
100
AcDbBlockEnd
  0
BLOCK
  5
500
330
4FF
100
AcDbEntity
  8
0
100
AcDbBlockBegin
  2
*D10
 70
1
 10
0.0
 20
0.0
 30
0.0
  3
*D10
  1

  0
LINE
  5
502
330
4FF
100
AcDbEntity
  8
0
 62
8
100
AcDbLine
 10
68.8
 20
18.65
 30
0.0
 11
68.8
 21
17.54
 31
0.0
  0
LINE
  5
503
330
4FF
100
AcDbEntity
  8
0
 62
8
100
AcDbLine
 10
70.4
 20
18.65
 30
0.0
 11
70.4
 21
17.54
 31
0.0
  0
INSERT
  5
504
330
4FF
100
AcDbEntity
  8
OLCU
 62
8
100
AcDbBlockReference
  2
_ARCHTICK
 10
68.8
 20
17.599999999999998
 30
0.0
 41
0.07
 42
0.07
 50
180.0
  0
INSERT
  5
506
330
4FF
100
AcDbEntity
  8
OLCU
 62
8
100
AcDbBlockReference
  2
_ARCHTICK
 10
70.4
 20
17.599999999999998
 30
0.0
 41
0.07
 42
0.07
  0
LINE
  5
508
330
4FF
100
AcDbEntity
  8
0
 62
8
100
AcDbLine
 10
68.8
 20
17.599999999999998
 30
0.0
 11
70.4
 21
17.599999999999998
 31
0.0
  0
MTEXT
  5
509
330
4FF
100
AcDbEntity
  8
OLCU
 62
7
100
AcDbMText
 10
69.6
 20
17.679999999999996
 30
0.0
 40
0.1
 71
5
  1
80
  7
ARIAL
  0
POINT
  5
50A
330
4FF
100
AcDbEntity
  8
Defpoints
100
AcDbPoint
 10
68.8
 20
17.599999999999998
 30
0.0
  0
POINT
  5
50B
330
4FF
100
AcDbEntity
  8
Defpoints
100
AcDbPoint
 10
68.8
 20
18.7
 30
0.0
  0
POINT
  5
50C
330
4FF
100
AcDbEntity
  8
Defpoints
100
AcDbPoint
 10
70.4
 20
18.7
 30
0.0
  0
ENDBLK
  5
501
330
4FF
100
AcDbEntity
  8
0
100
AcDbBlockEnd
  0
BLOCK
  5
50F
330
50E
100
AcDbEntity
  8
0
100
AcDbBlockBegin
  2
*D11
 70
1
 10
0.0
 20
0.0
 30
0.0
  3
*D11
  1

  0
LINE
  5
511
330
50E
100
AcDbEntity
  8
0
 62
8
100
AcDbLine
 10
70.49000000000001
 20
19.2
 30
0.0
 11
70.13000000000001
 21
19.2
 31
0.0
  0
LINE
  5
512
330
50E
100
AcDbEntity
  8
0
 62
8
100
AcDbLine
 10
70.49000000000001
 20
18.2
 30
0.0
 11
70.13000000000001
 21
18.2
 31
0.0
  0
INSERT
  5
513
330
50E
100
AcDbEntity
  8
OLCU
 62
8
100
AcDbBlockReference
  2
_ARCHTICK
 10
70.19000000000001
 20
19.2
 30
0.0
 41
0.07
 42
0.07
 50
90.0
  0
INSERT
  5
515
330
50E
100
AcDbEntity
  8
OLCU
 62
8
100
AcDbBlockReference
  2
_ARCHTICK
 10
70.19000000000001
 20
18.2
 30
0.0
 41
0.07
 42
0.07
 50
-90.0
  0
LINE
  5
517
330
50E
100
AcDbEntity
  8
0
 62
8
100
AcDbLine
 10
70.19000000000001
 20
19.2
 30
0.0
 11
70.19000000000001
 21
18.2
 31
0.0
  0
MTEXT
  5
518
330
50E
100
AcDbEntity
  8
OLCU
 62
7
100
AcDbMText
 10
70.27000000000001
 20
18.7
 30
0.0
 40
0.1
 71
5
  1
50
  7
ARIAL
 50
-90.0
  0
POINT
  5
519
330
50E
100
AcDbEntity
  8
Defpoints
100
AcDbPoint
 10
70.19000000000001
 20
19.2
 30
0.0
  0
POINT
  5
51A
330
50E
100
AcDbEntity
  8
Defpoints
100
AcDbPoint
 10
70.54
 20
19.2
 30
0.0
  0
POINT
  5
51B
330
50E
100
AcDbEntity
  8
Defpoints
100
AcDbPoint
 10
70.54
 20
18.2
 30
0.0
  0
ENDBLK
  5
510
330
50E
100
AcDbEntity
  8
0
100
AcDbBlockEnd
  0
BLOCK
  5
51E
330
51D
100
AcDbEntity
  8
0
100
AcDbBlockBegin
  2
*D12
 70
1
 10
0.0
 20
0.0
 30
0.0
  3
*D12
  1

  0
LINE
  5
520
330
51D
100
AcDbEntity
  8
0
 62
8
100
AcDbLine
 10
62.05
 20
21.9
 30
0.0
 11
62.61
 21
21.9
 31
0.0
  0
LINE
  5
521
330
51D
100
AcDbEntity
  8
0
 62
8
100
AcDbLine
 10
62.05
 20
20.799999999999997
 30
0.0
 11
62.61
 21
20.799999999999997
 31
0.0
  0
INSERT
  5
522
330
51D
100
AcDbEntity
  8
OLCU
 62
8
100
AcDbBlockReference
  2
_ARCHTICK
 10
62.55
 20
21.9
 30
0.0
 41
0.07
 42
0.07
 50
90.0
  0
INSERT
  5
524
330
51D
100
AcDbEntity
  8
OLCU
 62
8
100
AcDbBlockReference
  2
_ARCHTICK
 10
62.55
 20
20.799999999999997
 30
0.0
 41
0.07
 42
0.07
 50
-90.0
  0
LINE
  5
526
330
51D
100
AcDbEntity
  8
0
 62
8
100
AcDbLine
 10
62.55
 20
21.9
 30
0.0
 11
62.55
 21
20.799999999999997
 31
0.0
  0
MTEXT
  5
527
330
51D
100
AcDbEntity
  8
OLCU
 62
7
100
AcDbMText
 10
62.629999999999995
 20
21.349999999999998
 30
0.0
 40
0.1
 71
5
  1
55
  7
ARIAL
 50
-90.0
  0
POINT
  5
528
330
51D
100
AcDbEntity
  8
Defpoints
100
AcDbPoint
 10
62.55
 20
21.9
 30
0.0
  0
POINT
  5
529
330
51D
100
AcDbEntity
  8
Defpoints
100
AcDbPoint
 10
62.0
 20
21.9
 30
0.0
  0
POINT
  5
52A
330
51D
100
AcDbEntity
  8
Defpoints
100
AcDbPoint
 10
62.0
 20
20.799999999999997
 30
0.0
  0
ENDBLK
  5
51F
330
51D
100
AcDbEntity
  8
0
100
AcDbBlockEnd
  0
BLOCK
  5
55B
330
55A
100
AcDbEntity
  8
0
100
AcDbBlockBegin
  2
*D13
 70
1
 10
0.0
 20
0.0
 30
0.0
  3
*D13
  1

  0
LINE
  5
55D
330
55A
100
AcDbEntity
  8
0
 62
8
100
AcDbLine
 10
60.55
 20
1.2
 30
0.0
 11
60.08999999999999
 21
1.2
 31
0.0
  0
LINE
  5
55E
330
55A
100
AcDbEntity
  8
0
 62
8
100
AcDbLine
 10
60.55
 20
6.2
 30
0.0
 11
60.08999999999999
 21
6.2
 31
0.0
  0
INSERT
  5
55F
330
55A
100
AcDbEntity
  8
OLCU
 62
8
100
AcDbBlockReference
  2
_ARCHTICK
 10
60.14999999999999
 20
1.2
 30
0.0
 41
0.07
 42
0.07
 50
270.0
  0
INSERT
  5
561
330
55A
100
AcDbEntity
  8
OLCU
 62
8
100
AcDbBlockReference
  2
_ARCHTICK
 10
60.14999999999999
 20
6.2
 30
0.0
 41
0.07
 42
0.07
 50
90.0
  0
LINE
  5
563
330
55A
100
AcDbEntity
  8
0
 62
8
100
AcDbLine
 10
60.14999999999999
 20
1.2
 30
0.0
 11
60.14999999999999
 21
6.2
 31
0.0
  0
MTEXT
  5
564
330
55A
100
AcDbEntity
  8
OLCU
 62
7
100
AcDbMText
 10
60.06999999999999
 20
3.7
 30
0.0
 40
0.1
 71
5
  1
500
  7
ARIAL
 50
90.0
  0
POINT
  5
565
330
55A
100
AcDbEntity
  8
Defpoints
100
AcDbPoint
 10
60.14999999999999
 20
1.2
 30
0.0
  0
POINT
  5
566
330
55A
100
AcDbEntity
  8
Defpoints
100
AcDbPoint
 10
60.599999999999994
 20
1.2
 30
0.0
  0
POINT
  5
567
330
55A
100
AcDbEntity
  8
Defpoints
100
AcDbPoint
 10
60.599999999999994
 20
6.2
 30
0.0
  0
ENDBLK
  5
55C
330
55A
100
AcDbEntity
  8
0
100
AcDbBlockEnd
  0
BLOCK
  5
56A
330
569
100
AcDbEntity
  8
0
100
AcDbBlockBegin
  2
*D14
 70
1
 10
0.0
 20
0.0
 30
0.0
  3
*D14
  1

  0
LINE
  5
56C
330
569
100
AcDbEntity
  8
0
 62
8
100
AcDbLine
 10
60.599999999999994
 20
1.15
 30
0.0
 11
60.599999999999994
 21
0.74
 31
0.0
  0
LINE
  5
56D
330
569
100
AcDbEntity
  8
0
 62
8
100
AcDbLine
 10
62.0
 20
1.15
 30
0.0
 11
62.0
 21
0.74
 31
0.0
  0
INSERT
  5
56E
330
569
100
AcDbEntity
  8
OLCU
 62
8
100
AcDbBlockReference
  2
_ARCHTICK
 10
60.599999999999994
 20
0.7999999999999999
 30
0.0
 41
0.07
 42
0.07
 50
180.0
  0
INSERT
  5
570
330
569
100
AcDbEntity
  8
OLCU
 62
8
100
AcDbBlockReference
  2
_ARCHTICK
 10
62.0
 20
0.7999999999999999
 30
0.0
 41
0.07
 42
0.07
  0
LINE
  5
572
330
569
100
AcDbEntity
  8
0
 62
8
100
AcDbLine
 10
60.599999999999994
 20
0.7999999999999999
 30
0.0
 11
62.0
 21
0.7999999999999999
 31
0.0
  0
MTEXT
  5
573
330
569
100
AcDbEntity
  8
OLCU
 62
7
100
AcDbMText
 10
61.3
 20
0.8799999999999999
 30
0.0
 40
0.1
 71
5
  1
140
  7
ARIAL
  0
POINT
  5
574
330
569
100
AcDbEntity
  8
Defpoints
100
AcDbPoint
 10
60.599999999999994
 20
0.7999999999999999
 30
0.0
  0
POINT
  5
575
330
569
100
AcDbEntity
  8
Defpoints
100
AcDbPoint
 10
60.599999999999994
 20
1.2
 30
0.0
  0
POINT
  5
576
330
569
100
AcDbEntity
  8
Defpoints
100
AcDbPoint
 10
62.0
 20
1.2
 30
0.0
  0
ENDBLK
  5
56B
330
569
100
AcDbEntity
  8
0
100
AcDbBlockEnd
  0
BLOCK
  5
579
330
578
100
AcDbEntity
  8
0
100
AcDbBlockBegin
  2
*D15
 70
1
 10
0.0
 20
0.0
 30
0.0
  3
*D15
  1

  0
LINE
  5
57B
330
578
100
AcDbEntity
  8
0
 62
8
100
AcDbLine
 10
61.73
 20
1.9200000000000002
 30
0.0
 11
62.410000000000004
 21
1.9200000000000002
 31
0.0
  0
LINE
  5
57C
330
578
100
AcDbEntity
  8
0
 62
8
100
AcDbLine
 10
61.73
 20
5.4799999999999995
 30
0.0
 11
62.410000000000004
 21
5.4799999999999995
 31
0.0
  0
INSERT
  5
57D
330
578
100
AcDbEntity
  8
OLCU
 62
8
100
AcDbBlockReference
  2
_ARCHTICK
 10
62.35
 20
1.9200000000000002
 30
0.0
 41
0.07
 42
0.07
 50
270.0
  0
INSERT
  5
57F
330
578
100
AcDbEntity
  8
OLCU
 62
8
100
AcDbBlockReference
  2
_ARCHTICK
 10
62.35
 20
5.4799999999999995
 30
0.0
 41
0.07
 42
0.07
 50
90.0
  0
LINE
  5
581
330
578
100
AcDbEntity
  8
0
 62
8
100
AcDbLine
 10
62.35
 20
1.9200000000000002
 30
0.0
 11
62.35
 21
5.4799999999999995
 31
0.0
  0
MTEXT
  5
582
330
578
100
AcDbEntity
  8
OLCU
 62
7
100
AcDbMText
 10
62.27
 20
3.7
 30
0.0
 40
0.1
 71
5
  1
356
  7
ARIAL
 50
90.0
  0
POINT
  5
583
330
578
100
AcDbEntity
  8
Defpoints
100
AcDbPoint
 10
62.35
 20
1.9200000000000002
 30
0.0
  0
POINT
  5
584
330
578
100
AcDbEntity
  8
Defpoints
100
AcDbPoint
 10
61.68
 20
1.9200000000000002
 30
0.0
  0
POINT
  5
585
330
578
100
AcDbEntity
  8
Defpoints
100
AcDbPoint
 10
61.68
 20
5.4799999999999995
 30
0.0
  0
ENDBLK
  5
57A
330
578
100
AcDbEntity
  8
0
100
AcDbBlockEnd
  0
BLOCK
  5
590
330
58F
100
AcDbEntity
  8
0
100
AcDbBlockBegin
  2
*D16
 70
1
 10
0.0
 20
0.0
 30
0.0
  3
*D16
  1

  0
LINE
  5
592
330
58F
100
AcDbEntity
  8
0
 62
8
100
AcDbLine
 10
64.85000000000001
 20
1.2
 30
0.0
 11
64.39
 21
1.2
 31
0.0
  0
LINE
  5
593
330
58F
100
AcDbEntity
  8
0
 62
8
100
AcDbLine
 10
64.85000000000001
 20
4.7
 30
0.0
 11
64.39
 21
4.7
 31
0.0
  0
INSERT
  5
594
330
58F
100
AcDbEntity
  8
OLCU
 62
8
100
AcDbBlockReference
  2
_ARCHTICK
 10
64.45
 20
1.2
 30
0.0
 41
0.07
 42
0.07
 50
270.0
  0
INSERT
  5
596
330
58F
100
AcDbEntity
  8
OLCU
 62
8
100
AcDbBlockReference
  2
_ARCHTICK
 10
64.45
 20
4.7
 30
0.0
 41
0.07
 42
0.07
 50
90.0
  0
LINE
  5
598
330
58F
100
AcDbEntity
  8
0
 62
8
100
AcDbLine
 10
64.45
 20
1.2
 30
0.0
 11
64.45
 21
4.7
 31
0.0
  0
MTEXT
  5
599
330
58F
100
AcDbEntity
  8
OLCU
 62
7
100
AcDbMText
 10
64.37
 20
2.95
 30
0.0
 40
0.1
 71
5
  1
350
  7
ARIAL
 50
90.0
  0
POINT
  5
59A
330
58F
100
AcDbEntity
  8
Defpoints
100
AcDbPoint
 10
64.45
 20
1.2
 30
0.0
  0
POINT
  5
59B
330
58F
100
AcDbEntity
  8
Defpoints
100
AcDbPoint
 10
64.9
 20
1.2
 30
0.0
  0
POINT
  5
59C
330
58F
100
AcDbEntity
  8
Defpoints
100
AcDbPoint
 10
64.9
 20
4.7
 30
0.0
  0
ENDBLK
  5
591
330
58F
100
AcDbEntity
  8
0
100
AcDbBlockEnd
  0
BLOCK
  5
59F
330
59E
100
AcDbEntity
  8
0
100
AcDbBlockBegin
  2
*D17
 70
1
 10
0.0
 20
0.0
 30
0.0
  3
*D17
  1

  0
LINE
  5
5A1
330
59E
100
AcDbEntity
  8
0
 62
8
100
AcDbLine
 10
64.9
 20
1.15
 30
0.0
 11
64.9
 21
0.74
 31
0.0
  0
LINE
  5
5A2
330
59E
100
AcDbEntity
  8
0
 62
8
100
AcDbLine
 10
65.9
 20
1.15
 30
0.0
 11
65.9
 21
0.74
 31
0.0
  0
INSERT
  5
5A3
330
59E
100
AcDbEntity
  8
OLCU
 62
8
100
AcDbBlockReference
  2
_ARCHTICK
 10
64.9
 20
0.7999999999999999
 30
0.0
 41
0.07
 42
0.07
 50
180.0
  0
INSERT
  5
5A5
330
59E
100
AcDbEntity
  8
OLCU
 62
8
100
AcDbBlockReference
  2
_ARCHTICK
 10
65.9
 20
0.7999999999999999
 30
0.0
 41
0.07
 42
0.07
  0
LINE
  5
5A7
330
59E
100
AcDbEntity
  8
0
 62
8
100
AcDbLine
 10
64.9
 20
0.7999999999999999
 30
0.0
 11
65.9
 21
0.7999999999999999
 31
0.0
  0
MTEXT
  5
5A8
330
59E
100
AcDbEntity
  8
OLCU
 62
7
100
AcDbMText
 10
65.4
 20
0.8799999999999999
 30
0.0
 40
0.1
 71
5
  1
100
  7
ARIAL
  0
POINT
  5
5A9
330
59E
100
AcDbEntity
  8
Defpoints
100
AcDbPoint
 10
64.9
 20
0.7999999999999999
 30
0.0
  0
POINT
  5
5AA
330
59E
100
AcDbEntity
  8
Defpoints
100
AcDbPoint
 10
64.9
 20
1.2
 30
0.0
  0
POINT
  5
5AB
330
59E
100
AcDbEntity
  8
Defpoints
100
AcDbPoint
 10
65.9
 20
1.2
 30
0.0
  0
ENDBLK
  5
5A0
330
59E
100
AcDbEntity
  8
0
100
AcDbBlockEnd
  0
BLOCK
  5
5AE
330
5AD
100
AcDbEntity
  8
0
100
AcDbBlockBegin
  2
*D18
 70
1
 10
0.0
 20
0.0
 30
0.0
  3
*D18
  1

  0
LINE
  5
5B0
330
5AD
100
AcDbEntity
  8
0
 62
8
100
AcDbLine
 10
65.705
 20
1.805
 30
0.0
 11
66.31
 21
1.805
 31
0.0
  0
LINE
  5
5B1
330
5AD
100
AcDbEntity
  8
0
 62
8
100
AcDbLine
 10
65.705
 20
4.095
 30
0.0
 11
66.31
 21
4.095
 31
0.0
  0
INSERT
  5
5B2
330
5AD
100
AcDbEntity
  8
OLCU
 62
8
100
AcDbBlockReference
  2
_ARCHTICK
 10
66.25
 20
1.805
 30
0.0
 41
0.07
 42
0.07
 50
270.0
  0
INSERT
  5
5B4
330
5AD
100
AcDbEntity
  8
OLCU
 62
8
100
AcDbBlockReference
  2
_ARCHTICK
 10
66.25
 20
4.095
 30
0.0
 41
0.07
 42
0.07
 50
90.0
  0
LINE
  5
5B6
330
5AD
100
AcDbEntity
  8
0
 62
8
100
AcDbLine
 10
66.25
 20
1.805
 30
0.0
 11
66.25
 21
4.095
 31
0.0
  0
MTEXT
  5
5B7
330
5AD
100
AcDbEntity
  8
OLCU
 62
7
100
AcDbMText
 10
66.17
 20
2.95
 30
0.0
 40
0.1
 71
5
  1
229
  7
ARIAL
 50
90.0
  0
POINT
  5
5B8
330
5AD
100
AcDbEntity
  8
Defpoints
100
AcDbPoint
 10
66.25
 20
1.805
 30
0.0
  0
POINT
  5
5B9
330
5AD
100
AcDbEntity
  8
Defpoints
100
AcDbPoint
 10
65.655
 20
1.805
 30
0.0
  0
POINT
  5
5BA
330
5AD
100
AcDbEntity
  8
Defpoints
100
AcDbPoint
 10
65.655
 20
4.095
 30
0.0
  0
ENDBLK
  5
5AF
330
5AD
100
AcDbEntity
  8
0
100
AcDbBlockEnd
  0
BLOCK
  5
693
330
692
100
AcDbEntity
  8
0
100
AcDbBlockBegin
  2
*D19
 70
1
 10
0.0
 20
0.0
 30
0.0
  3
*D19
  1

  0
LINE
  5
695
330
692
100
AcDbEntity
  8
0
 62
8
100
AcDbLine
 10
89.57000000000001
 20
23.4
 30
0.0
 11
89.26
 21
23.4
 31
0.0
  0
LINE
  5
696
330
692
100
AcDbEntity
  8
0
 62
8
100
AcDbLine
 10
89.57000000000001
 20
24.9
 30
0.0
 11
89.26
 21
24.9
 31
0.0
  0
INSERT
  5
697
330
692
100
AcDbEntity
  8
OLCU
 62
8
100
AcDbBlockReference
  2
_ARCHTICK
 10
89.32000000000001
 20
23.4
 30
0.0
 41
0.07
 42
0.07
 50
270.0
  0
INSERT
  5
699
330
692
100
AcDbEntity
  8
OLCU
 62
8
100
AcDbBlockReference
  2
_ARCHTICK
 10
89.32000000000001
 20
24.9
 30
0.0
 41
0.07
 42
0.07
 50
90.0
  0
LINE
  5
69B
330
692
100
AcDbEntity
  8
0
 62
8
100
AcDbLine
 10
89.32000000000001
 20
23.4
 30
0.0
 11
89.32000000000001
 21
24.9
 31
0.0
  0
MTEXT
  5
69C
330
692
100
AcDbEntity
  8
OLCU
 62
7
100
AcDbMText
 10
89.24000000000001
 20
24.15
 30
0.0
 40
0.1
 71
5
  1
300
  7
ARIAL
 50
90.0
  0
POINT
  5
69D
330
692
100
AcDbEntity
  8
Defpoints
100
AcDbPoint
 10
89.32000000000001
 20
23.4
 30
0.0
  0
POINT
  5
69E
330
692
100
AcDbEntity
  8
Defpoints
100
AcDbPoint
 10
89.62
 20
23.4
 30
0.0
  0
POINT
  5
69F
330
692
100
AcDbEntity
  8
Defpoints
100
AcDbPoint
 10
89.62
 20
24.9
 30
0.0
  0
ENDBLK
  5
694
330
692
100
AcDbEntity
  8
0
100
AcDbBlockEnd
  0
BLOCK
  5
6A2
330
6A1
100
AcDbEntity
  8
0
100
AcDbBlockBegin
  2
*D20
 70
1
 10
0.0
 20
0.0
 30
0.0
  3
*D20
  1

  0
LINE
  5
6A4
330
6A1
100
AcDbEntity
  8
0
 62
8
100
AcDbLine
 10
89.62
 20
23.349999999999998
 30
0.0
 11
89.62
 21
23.04
 31
0.0
  0
LINE
  5
6A5
330
6A1
100
AcDbEntity
  8
0
 62
8
100
AcDbLine
 10
90.38
 20
23.349999999999998
 30
0.0
 11
90.38
 21
23.04
 31
0.0
  0
INSERT
  5
6A6
330
6A1
100
AcDbEntity
  8
OLCU
 62
8
100
AcDbBlockReference
  2
_ARCHTICK
 10
89.62
 20
23.099999999999998
 30
0.0
 41
0.07
 42
0.07
 50
180.0
  0
INSERT
  5
6A8
330
6A1
100
AcDbEntity
  8
OLCU
 62
8
100
AcDbBlockReference
  2
_ARCHTICK
 10
90.38
 20
23.099999999999998
 30
0.0
 41
0.07
 42
0.07
  0
LINE
  5
6AA
330
6A1
100
AcDbEntity
  8
0
 62
8
100
AcDbLine
 10
89.62
 20
23.099999999999998
 30
0.0
 11
90.38
 21
23.099999999999998
 31
0.0
  0
MTEXT
  5
6AB
330
6A1
100
AcDbEntity
  8
OLCU
 62
7
100
AcDbMText
 10
90.0
 20
23.179999999999996
 30
0.0
 40
0.1
 71
5
  1
152
  7
ARIAL
  0
POINT
  5
6AC
330
6A1
100
AcDbEntity
  8
Defpoints
100
AcDbPoint
 10
89.62
 20
23.099999999999998
 30
0.0
  0
POINT
  5
6AD
330
6A1
100
AcDbEntity
  8
Defpoints
100
AcDbPoint
 10
89.62
 20
23.4
 30
0.0
  0
POINT
  5
6AE
330
6A1
100
AcDbEntity
  8
Defpoints
100
AcDbPoint
 10
90.38
 20
23.4
 30
0.0
  0
ENDBLK
  5
6A3
330
6A1
100
AcDbEntity
  8
0
100
AcDbBlockEnd
  0
ENDSEC
  0
SECTION
  2
ENTITIES
  0
LWPOLYLINE
  5
BA
330
17
100
AcDbEntity
  8
YOL
100
AcDbPolyline
 90
2
 70
0
 10
31.9
 20
35.76
 10
38.3
 20
36.6
  0
LWPOLYLINE
  5
BB
330
17
100
AcDbEntity
  8
YOL
100
AcDbPolyline
 90
4
 70
0
 10
32.9
 20
35.5
 10
33.2
 20
31.8
 10
35.8
 20
25.0
 10
37.7
 20
20.4
  0
LWPOLYLINE
  5
BC
330
17
100
AcDbEntity
  8
YOL
100
AcDbPolyline
 90
4
 70
0
 10
31.8
 20
33.9
 10
34.0
 20
29.4
 10
36.0
 20
24.2
 10
37.4
 20
20.6
  0
LWPOLYLINE
  5
BD
330
17
100
AcDbEntity
  8
YOL
100
AcDbPolyline
 90
3
 70
0
 10
37.76
 20
20.1
 10
37.7
 20
11.0
 10
37.56
 20
1.7
  0
LWPOLYLINE
  5
BE
330
17
100
AcDbEntity
  8
YOL
100
AcDbPolyline
 90
5
 70
0
 10
-3.328473603968634
 20
1.084419201206856
 10
18.0
 20
1.399999999999999
 10
25.0
 20
0.9
 10
30.0
 20
0.4
 10
36.0
 20
0.1
  0
LWPOLYLINE
  5
BF
330
17
100
AcDbEntity
  8
YOL
100
AcDbPolyline
 90
2
 70
0
 10
34.70000000000001
 20
0.4
 10
37.6
 20
2.0
  0
LWPOLYLINE
  5
C0
330
17
100
AcDbEntity
  8
BINA
100
AcDbPolyline
 90
6
 70
1
 10
7.837052565342855
 20
28.20603148846498
 10
22.43705256534286
 20
29.26603148846498
 10
22.43705256534286
 20
31.76603148846498
 10
21.53705256534285
 20
32.42603148846498
 10
16.13705256534285
 20
31.86603148846498
 10
11.83705256534285
 20
30.36603148846498
  0
HATCH
  5
C1
330
17
100
AcDbEntity
  8
BINA-TARAMA
100
AcDbHatch
 10
0.0
 20
0.0
 30
0.0
210
0.0
220
0.0
230
1.0
  2
ANSI31
 70
0
 71
0
 91
1
 92
3
 72
0
 73
1
 93
6
 10
7.837052565342855
 20
28.20603148846498
 10
22.43705256534286
 20
29.26603148846498
 10
22.43705256534286
 20
31.76603148846498
 10
21.53705256534285
 20
32.42603148846498
 10
16.13705256534285
 20
31.86603148846498
 10
11.83705256534285
 20
30.36603148846498
 97
0
 75
1
 76
1
 52
0.0
 41
0.05
 77
0
 78
1
 53
45.0
 43
0.0
 44
0.0
 45
-0.1122532015
 46
0.1122532015
 79
0
 98
0
  0
LWPOLYLINE
  5
C2
330
17
100
AcDbEntity
  8
BINA
100
AcDbPolyline
 90
4
 70
1
 10
17.63344481605351
 20
2.789316934337421
 10
3.882160620695685
 20
2.789316934337421
 10
3.882160620695685
 20
8.685964866248923
 10
17.63344481605351
 20
8.685964866248923
  0
LWPOLYLINE
  5
C3
330
17
100
AcDbEntity
  8
BINA
100
AcDbPolyline
 90
2
 70
0
 10
13.23117500776607
 20
2.789316934337421
 10
13.23117500776607
 20
8.685964866248923
  0
HATCH
  5
C4
330
17
100
AcDbEntity
  8
BINA-TARAMA
100
AcDbHatch
 10
0.0
 20
0.0
 30
0.0
210
0.0
220
0.0
230
1.0
  2
ANSI31
 70
0
 71
0
 91
1
 92
3
 72
0
 73
1
 93
4
 10
17.63344481605351
 20
2.789316934337421
 10
3.882160620695685
 20
2.789316934337421
 10
3.882160620695685
 20
8.685964866248923
 10
17.63344481605351
 20
8.685964866248923
 97
0
 75
1
 76
1
 52
0.0
 41
0.05
 77
0
 78
1
 53
45.0
 43
0.0
 44
0.0
 45
-0.1122532015
 46
0.1122532015
 79
0
 98
0
  0
LWPOLYLINE
  5
C5
330
17
100
AcDbEntity
  8
BINA
100
AcDbPolyline
 90
4
 70
0
 10
17.8
 20
6.099999999999999
 10
23.3
 20
6.7
 10
23.6
 20
3.9
 10
17.6
 20
3.6
  0
LWPOLYLINE
  5
C6
330
17
100
AcDbEntity
  8
BINA
100
AcDbPolyline
 90
2
 70
0
 10
17.8
 20
6.099999999999999
 10
17.63344481605351
 20
3.601672240802675
  0
LWPOLYLINE
  5
C7
330
17
100
AcDbEntity
  8
YAZI
100
AcDbPolyline
 90
4
 70
1
 10
8.169517814230877
 20
5.587640900293172
 10
8.943817814230878
 20
5.587640900293172
 10
8.943817814230878
 20
5.887640900293173
 10
8.169517814230877
 20
5.887640900293173
  0
TEXT
  5
C8
330
17
100
AcDbEntity
  8
YAZI
100
AcDbText
 10
8.556667814230877
 20
5.737640900293172
 30
0.0
 40
0.1275
  1
MARKET
  7
ARIAL
 72
1
 11
8.556667814230877
 21
5.737640900293172
 31
0.0
100
AcDbText
 73
2
  0
LWPOLYLINE
  5
C9
330
17
100
AcDbEntity
  8
YAZI
100
AcDbPolyline
 90
4
 70
1
 10
15.12420991190979
 20
5.587640900293172
 10
15.74040991190979
 20
5.587640900293172
 10
15.74040991190979
 20
5.887640900293173
 10
15.12420991190979
 20
5.887640900293173
  0
TEXT
  5
CA
330
17
100
AcDbEntity
  8
YAZI
100
AcDbText
 10
15.43230991190979
 20
5.737640900293172
 30
0.0
 40
0.1275
  1
DEPO
  7
ARIAL
 72
1
 11
15.43230991190979
 21
5.737640900293172
 31
0.0
100
AcDbText
 73
2
  0
LWPOLYLINE
  5
CB
330
17
100
AcDbEntity
  8
BINA
100
AcDbPolyline
 90
4
 70
1
 10
-10.96961470225233
 20
6.687211577489051
 10
-2.740556631615618
 20
6.687211577489051
 10
-2.740556631615618
 20
11.36466745414282
 10
-10.96961470225233
 20
11.36466745414282
  0
LWPOLYLINE
  5
CC
330
17
100
AcDbEntity
  8
BINA-TARAMA
100
AcDbPolyline
 90
4
 70
1
 10
-10.96961470225233
 20
6.5372115774890505
 10
-2.590556631615618
 20
6.5372115774890505
 10
-2.590556631615618
 20
11.51466745414282
 10
-11.11961470225233
 20
11.51466745414282
  0
CIRCLE
  5
CD
330
17
100
AcDbEntity
  8
BINA
100
AcDbCircle
 10
-9.877222127193818
 20
9.92543647058801
 30
0.0
 40
0.5657604362592418
  0
CIRCLE
  5
CE
330
17
100
AcDbEntity
  8
BINA-TARAMA
100
AcDbCircle
 10
-9.877222127193818
 20
9.92543647058801
 30
0.0
 40
0.4657604362592418
  0
LWPOLYLINE
  5
CF
330
17
100
AcDbEntity
  8
EKSEN
100
AcDbPolyline
 90
2
 70
0
 10
-10.32298256345306
 20
9.92543647058801
 10
-9.431461690934576
 20
9.92543647058801
  0
LWPOLYLINE
  5
D0
330
17
100
AcDbEntity
  8
EKSEN
100
AcDbPolyline
 90
2
 70
0
 10
-9.877222127193818
 20
9.479676034328769
 10
-9.877222127193818
 20
10.371196906847253
  0
CIRCLE
  5
D1
330
17
100
AcDbEntity
  8
BINA
100
AcDbCircle
 10
-8.436252806084667
 20
9.92543647058801
 30
0.0
 40
0.5657604362592418
  0
CIRCLE
  5
D2
330
17
100
AcDbEntity
  8
BINA-TARAMA
100
AcDbCircle
 10
-8.436252806084667
 20
9.92543647058801
 30
0.0
 40
0.4657604362592418
  0
LWPOLYLINE
  5
D3
330
17
100
AcDbEntity
  8
EKSEN
100
AcDbPolyline
 90
2
 70
0
 10
-8.882013242343909
 20
9.92543647058801
 10
-7.990492369825425
 20
9.92543647058801
  0
LWPOLYLINE
  5
D4
330
17
100
AcDbEntity
  8
EKSEN
100
AcDbPolyline
 90
2
 70
0
 10
-8.436252806084667
 20
9.479676034328769
 10
-8.436252806084667
 20
10.371196906847253
  0
CIRCLE
  5
D5
330
17
100
AcDbEntity
  8
BINA
100
AcDbCircle
 10
-7.132516311764447
 20
9.92543647058801
 30
0.0
 40
0.5657604362592418
  0
CIRCLE
  5
D6
330
17
100
AcDbEntity
  8
BINA-TARAMA
100
AcDbCircle
 10
-7.132516311764447
 20
9.92543647058801
 30
0.0
 40
0.4657604362592418
  0
LWPOLYLINE
  5
D7
330
17
100
AcDbEntity
  8
EKSEN
100
AcDbPolyline
 90
2
 70
0
 10
-7.578276748023689
 20
9.92543647058801
 10
-6.686755875505205
 20
9.92543647058801
  0
LWPOLYLINE
  5
D8
330
17
100
AcDbEntity
  8
EKSEN
100
AcDbPolyline
 90
2
 70
0
 10
-7.132516311764447
 20
9.479676034328769
 10
-7.132516311764447
 20
10.371196906847253
  0
CIRCLE
  5
D9
330
17
100
AcDbEntity
  8
BINA
100
AcDbCircle
 10
-5.772633888948803
 20
9.92543647058801
 30
0.0
 40
0.5657604362592418
  0
CIRCLE
  5
DA
330
17
100
AcDbEntity
  8
BINA-TARAMA
100
AcDbCircle
 10
-5.772633888948803
 20
9.92543647058801
 30
0.0
 40
0.4657604362592418
  0
LWPOLYLINE
  5
DB
330
17
100
AcDbEntity
  8
EKSEN
100
AcDbPolyline
 90
2
 70
0
 10
-6.218394325208045
 20
9.92543647058801
 10
-5.326873452689561
 20
9.92543647058801
  0
LWPOLYLINE
  5
DC
330
17
100
AcDbEntity
  8
EKSEN
100
AcDbPolyline
 90
2
 70
0
 10
-5.772633888948803
 20
9.479676034328769
 10
-5.772633888948803
 20
10.371196906847253
  0
TEXT
  5
DD
330
17
100
AcDbEntity
  8
YAZI
100
AcDbText
 10
-6.855085666933974
 20
7.587211577489051
 30
0.0
 40
0.1275
  1
AKARYAKIT TANK ALANI
  7
ARIAL
 72
1
 11
-6.855085666933974
 21
7.587211577489051
 31
0.0
100
AcDbText
 73
2
  0
LWPOLYLINE
  5
DE
330
17
100
AcDbEntity
  8
BINA
100
AcDbPolyline
 90
4
 70
1
 10
34.3
 20
12.3
 10
36.4
 20
12.3
 10
36.4
 20
17.5
 10
34.3
 20
17.5
  0
LWPOLYLINE
  5
DF
330
17
100
AcDbEntity
  8
BINA
100
AcDbPolyline
 90
2
 70
0
 10
34.3
 20
16.6
 10
36.4
 20
16.6
  0
TEXT
  5
E0
330
17
100
AcDbEntity
  8
YAZI
100
AcDbText
 10
35.349999999999994
 20
14.5
 30
0.0
 40
0.1275
  1
ARAÇ YIKAMA
 50
90.0
  7
ARIAL
 72
1
 11
35.349999999999994
 21
14.5
 31
0.0
100
AcDbText
 73
2
  0
LWPOLYLINE
  5
E1
330
17
100
AcDbEntity
  8
KANOPI
100
AcDbPolyline
 90
4
 70
1
 10
3.6
 20
11.9
 10
25.44
 20
11.9
 10
25.44
 20
28.44
 10
3.6
 20
28.44
  0
TEXT
  5
E2
330
17
100
AcDbEntity
  8
YAZI
 62
4
100
AcDbText
 10
3.85
 20
28.14
 30
0.0
 40
0.11
  1
KANOPİ İZDÜŞÜMÜ
  7
ARIAL
 11
3.85
 21
28.14
 31
0.0
100
AcDbText
 73
2
  0
LWPOLYLINE
  5
E3
330
17
100
AcDbEntity
  8
ADA
100
AcDbPolyline
 90
4
 70
1
 10
6.349999999999999
 20
23.69
 10
10.85
 20
23.69
 42
1.0
 10
10.85
 20
25.19
 10
6.349999999999999
 20
25.19
 42
1.0
  0
LWPOLYLINE
  5
E4
330
17
100
AcDbEntity
  8
ADA
100
AcDbPolyline
 90
4
 70
1
 10
6.349999999999999
 20
23.790000000000003
 10
10.85
 20
23.790000000000003
 42
1.0
 10
10.85
 20
25.09
 10
6.349999999999999
 20
25.09
 42
1.0
  0
HATCH
  5
E5
330
17
100
AcDbEntity
  8
ADA-TARAMA
100
AcDbHatch
 10
0.0
 20
0.0
 30
0.0
210
0.0
220
0.0
230
1.0
  2
ANSI37
 70
0
 71
0
 91
1
 92
3
 72
1
 73
1
 93
4
 10
6.349999999999999
 20
23.790000000000003
 42
0.0
 10
10.85
 20
23.790000000000003
 42
1.0
 10
10.85
 20
25.09
 42
0.0
 10
6.349999999999999
 20
25.09
 42
1.0
 97
0
 75
1
 76
1
 52
0.0
 41
0.06
 77
0
 78
2
 53
45.0
 43
0.0
 44
0.0
 45
-0.1347038418
 46
0.1347038418
 79
0
 53
135.0
 43
0.0
 44
0.0
 45
-0.1347038418
 46
-0.1347038418
 79
0
 98
0
  0
LWPOLYLINE
  5
E6
330
17
100
AcDbEntity
  8
DISPENSER
100
AcDbPolyline
 90
4
 70
1
 10
6.45
 20
24.14
 10
7.55
 20
24.14
 10
7.55
 20
24.740000000000002
 10
6.45
 20
24.740000000000002
  0
LWPOLYLINE
  5
E7
330
17
100
AcDbEntity
  8
DISPENSER
100
AcDbPolyline
 90
4
 70
1
 10
6.55
 20
24.240000000000002
 10
7.45
 20
24.240000000000002
 10
7.45
 20
24.64
 10
6.55
 20
24.64
  0
TEXT
  5
E8
330
17
100
AcDbEntity
  8
YAZI
100
AcDbText
 10
7.0
 20
24.44
 30
0.0
 40
0.1
  1
AKARYAKIT
  7
ARIAL
 72
1
 11
7.0
 21
24.44
 31
0.0
100
AcDbText
 73
2
  0
LWPOLYLINE
  5
E9
330
17
100
AcDbEntity
  8
DISPENSER
100
AcDbPolyline
 90
4
 70
1
 10
9.649999999999999
 20
24.14
 10
10.75
 20
24.14
 10
10.75
 20
24.740000000000002
 10
9.649999999999999
 20
24.740000000000002
  0
LWPOLYLINE
  5
EA
330
17
100
AcDbEntity
  8
DISPENSER
100
AcDbPolyline
 90
4
 70
1
 10
9.75
 20
24.240000000000002
 10
10.649999999999999
 20
24.240000000000002
 10
10.649999999999999
 20
24.64
 10
9.75
 20
24.64
  0
TEXT
  5
EB
330
17
100
AcDbEntity
  8
YAZI
100
AcDbText
 10
10.2
 20
24.44
 30
0.0
 40
0.1
  1
AKARYAKIT
  7
ARIAL
 72
1
 11
10.2
 21
24.44
 31
0.0
100
AcDbText
 73
2
  0
CIRCLE
  5
EC
330
17
100
AcDbEntity
  8
BARIYER
100
AcDbCircle
 10
5.949999999999998
 20
24.060000000000002
 30
0.0
 40
0.09
  0
HATCH
  5
ED
330
17
100
AcDbEntity
  8
BARIYER
100
AcDbHatch
 10
0.0
 20
0.0
 30
0.0
210
0.0
220
0.0
230
1.0
  2
SOLID
 70
1
 71
0
 91
1
 92
1
 93
1
 72
2
 10
5.949999999999998
 20
24.060000000000002
 40
0.09
 50
0
 51
360
 73
1
 97
0
 75
1
 76
1
 98
0
  0
CIRCLE
  5
EE
330
17
100
AcDbEntity
  8
BARIYER
100
AcDbCircle
 10
5.949999999999998
 20
24.82
 30
0.0
 40
0.09
  0
HATCH
  5
EF
330
17
100
AcDbEntity
  8
BARIYER
100
AcDbHatch
 10
0.0
 20
0.0
 30
0.0
210
0.0
220
0.0
230
1.0
  2
SOLID
 70
1
 71
0
 91
1
 92
1
 93
1
 72
2
 10
5.949999999999998
 20
24.82
 40
0.09
 50
0
 51
360
 73
1
 97
0
 75
1
 76
1
 98
0
  0
CIRCLE
  5
F0
330
17
100
AcDbEntity
  8
BARIYER
100
AcDbCircle
 10
11.25
 20
24.060000000000002
 30
0.0
 40
0.09
  0
HATCH
  5
F1
330
17
100
AcDbEntity
  8
BARIYER
100
AcDbHatch
 10
0.0
 20
0.0
 30
0.0
210
0.0
220
0.0
230
1.0
  2
SOLID
 70
1
 71
0
 91
1
 92
1
 93
1
 72
2
 10
11.25
 20
24.060000000000002
 40
0.09
 50
0
 51
360
 73
1
 97
0
 75
1
 76
1
 98
0
  0
CIRCLE
  5
F2
330
17
100
AcDbEntity
  8
BARIYER
100
AcDbCircle
 10
11.25
 20
24.82
 30
0.0
 40
0.09
  0
HATCH
  5
F3
330
17
100
AcDbEntity
  8
BARIYER
100
AcDbHatch
 10
0.0
 20
0.0
 30
0.0
210
0.0
220
0.0
230
1.0
  2
SOLID
 70
1
 71
0
 91
1
 92
1
 93
1
 72
2
 10
11.25
 20
24.82
 40
0.09
 50
0
 51
360
 73
1
 97
0
 75
1
 76
1
 98
0
  0
TEXT
  5
F4
330
17
100
AcDbEntity
  8
YAZI
100
AcDbText
 10
8.6
 20
25.41
 30
0.0
 40
0.1275
  1
ADA-1  (AKARYAKIT)
  7
ARIAL
 72
1
 11
8.6
 21
25.41
 31
0.0
100
AcDbText
 73
1
  0
LWPOLYLINE
  5
F5
330
17
100
AcDbEntity
  8
ADA
100
AcDbPolyline
 90
4
 70
1
 10
18.19
 20
23.25
 10
22.69
 20
23.25
 42
1.0
 10
22.69
 20
24.75
 10
18.19
 20
24.75
 42
1.0
  0
LWPOLYLINE
  5
F6
330
17
100
AcDbEntity
  8
ADA
100
AcDbPolyline
 90
4
 70
1
 10
18.19
 20
23.35
 10
22.69
 20
23.35
 42
1.0
 10
22.69
 20
24.65
 10
18.19
 20
24.65
 42
1.0
  0
HATCH
  5
F7
330
17
100
AcDbEntity
  8
ADA-TARAMA
100
AcDbHatch
 10
0.0
 20
0.0
 30
0.0
210
0.0
220
0.0
230
1.0
  2
ANSI37
 70
0
 71
0
 91
1
 92
3
 72
1
 73
1
 93
4
 10
18.19
 20
23.35
 42
0.0
 10
22.69
 20
23.35
 42
1.0
 10
22.69
 20
24.65
 42
0.0
 10
18.19
 20
24.65
 42
1.0
 97
0
 75
1
 76
1
 52
0.0
 41
0.06
 77
0
 78
2
 53
45.0
 43
0.0
 44
0.0
 45
-0.1347038418
 46
0.1347038418
 79
0
 53
135.0
 43
0.0
 44
0.0
 45
-0.1347038418
 46
-0.1347038418
 79
0
 98
0
  0
LWPOLYLINE
  5
F8
330
17
100
AcDbEntity
  8
DISPENSER
100
AcDbPolyline
 90
4
 70
1
 10
18.29
 20
23.7
 10
19.39
 20
23.7
 10
19.39
 20
24.3
 10
18.29
 20
24.3
  0
LWPOLYLINE
  5
F9
330
17
100
AcDbEntity
  8
DISPENSER
100
AcDbPolyline
 90
4
 70
1
 10
18.39
 20
23.8
 10
19.29
 20
23.8
 10
19.29
 20
24.2
 10
18.39
 20
24.2
  0
TEXT
  5
FA
330
17
100
AcDbEntity
  8
YAZI
100
AcDbText
 10
18.84
 20
24.0
 30
0.0
 40
0.1
  1
AKARYAKIT
  7
ARIAL
 72
1
 11
18.84
 21
24.0
 31
0.0
100
AcDbText
 73
2
  0
LWPOLYLINE
  5
FB
330
17
100
AcDbEntity
  8
DISPENSER
100
AcDbPolyline
 90
4
 70
1
 10
21.490000000000002
 20
23.7
 10
22.590000000000003
 20
23.7
 10
22.590000000000003
 20
24.3
 10
21.490000000000002
 20
24.3
  0
LWPOLYLINE
  5
FC
330
17
100
AcDbEntity
  8
DISPENSER
100
AcDbPolyline
 90
4
 70
1
 10
21.590000000000003
 20
23.8
 10
22.490000000000002
 20
23.8
 10
22.490000000000002
 20
24.2
 10
21.590000000000003
 20
24.2
  0
TEXT
  5
FD
330
17
100
AcDbEntity
  8
YAZI
100
AcDbText
 10
22.040000000000003
 20
24.0
 30
0.0
 40
0.1
  1
AKARYAKIT
  7
ARIAL
 72
1
 11
22.040000000000003
 21
24.0
 31
0.0
100
AcDbText
 73
2
  0
CIRCLE
  5
FE
330
17
100
AcDbEntity
  8
BARIYER
100
AcDbCircle
 10
17.790000000000003
 20
23.62
 30
0.0
 40
0.09
  0
HATCH
  5
FF
330
17
100
AcDbEntity
  8
BARIYER
100
AcDbHatch
 10
0.0
 20
0.0
 30
0.0
210
0.0
220
0.0
230
1.0
  2
SOLID
 70
1
 71
0
 91
1
 92
1
 93
1
 72
2
 10
17.790000000000003
 20
23.62
 40
0.09
 50
0
 51
360
 73
1
 97
0
 75
1
 76
1
 98
0
  0
CIRCLE
  5
100
330
17
100
AcDbEntity
  8
BARIYER
100
AcDbCircle
 10
17.790000000000003
 20
24.38
 30
0.0
 40
0.09
  0
HATCH
  5
101
330
17
100
AcDbEntity
  8
BARIYER
100
AcDbHatch
 10
0.0
 20
0.0
 30
0.0
210
0.0
220
0.0
230
1.0
  2
SOLID
 70
1
 71
0
 91
1
 92
1
 93
1
 72
2
 10
17.790000000000003
 20
24.38
 40
0.09
 50
0
 51
360
 73
1
 97
0
 75
1
 76
1
 98
0
  0
CIRCLE
  5
102
330
17
100
AcDbEntity
  8
BARIYER
100
AcDbCircle
 10
23.09
 20
23.62
 30
0.0
 40
0.09
  0
HATCH
  5
103
330
17
100
AcDbEntity
  8
BARIYER
100
AcDbHatch
 10
0.0
 20
0.0
 30
0.0
210
0.0
220
0.0
230
1.0
  2
SOLID
 70
1
 71
0
 91
1
 92
1
 93
1
 72
2
 10
23.09
 20
23.62
 40
0.09
 50
0
 51
360
 73
1
 97
0
 75
1
 76
1
 98
0
  0
CIRCLE
  5
104
330
17
100
AcDbEntity
  8
BARIYER
100
AcDbCircle
 10
23.09
 20
24.38
 30
0.0
 40
0.09
  0
HATCH
  5
105
330
17
100
AcDbEntity
  8
BARIYER
100
AcDbHatch
 10
0.0
 20
0.0
 30
0.0
210
0.0
220
0.0
230
1.0
  2
SOLID
 70
1
 71
0
 91
1
 92
1
 93
1
 72
2
 10
23.09
 20
24.38
 40
0.09
 50
0
 51
360
 73
1
 97
0
 75
1
 76
1
 98
0
  0
TEXT
  5
106
330
17
100
AcDbEntity
  8
YAZI
100
AcDbText
 10
20.44
 20
24.97
 30
0.0
 40
0.1275
  1
ADA-2  (AKARYAKIT)
  7
ARIAL
 72
1
 11
20.44
 21
24.97
 31
0.0
100
AcDbText
 73
1
  0
LWPOLYLINE
  5
107
330
17
100
AcDbEntity
  8
ADA
100
AcDbPolyline
 90
4
 70
1
 10
7.49
 20
13.81
 10
11.99
 20
13.81
 42
1.0
 10
11.99
 20
15.31
 10
7.49
 20
15.31
 42
1.0
  0
LWPOLYLINE
  5
108
330
17
100
AcDbEntity
  8
ADA
100
AcDbPolyline
 90
4
 70
1
 10
7.49
 20
13.91
 10
11.99
 20
13.91
 42
1.0
 10
11.99
 20
15.21
 10
7.49
 20
15.21
 42
1.0
  0
HATCH
  5
109
330
17
100
AcDbEntity
  8
ADA-TARAMA
100
AcDbHatch
 10
0.0
 20
0.0
 30
0.0
210
0.0
220
0.0
230
1.0
  2
ANSI37
 70
0
 71
0
 91
1
 92
3
 72
1
 73
1
 93
4
 10
7.49
 20
13.91
 42
0.0
 10
11.99
 20
13.91
 42
1.0
 10
11.99
 20
15.21
 42
0.0
 10
7.49
 20
15.21
 42
1.0
 97
0
 75
1
 76
1
 52
0.0
 41
0.06
 77
0
 78
2
 53
45.0
 43
0.0
 44
0.0
 45
-0.1347038418
 46
0.1347038418
 79
0
 53
135.0
 43
0.0
 44
0.0
 45
-0.1347038418
 46
-0.1347038418
 79
0
 98
0
  0
LWPOLYLINE
  5
10A
330
17
100
AcDbEntity
  8
DISPENSER
100
AcDbPolyline
 90
4
 70
1
 10
7.590000000000001
 20
14.26
 10
8.690000000000001
 20
14.26
 10
8.690000000000001
 20
14.860000000000001
 10
7.590000000000001
 20
14.860000000000001
  0
LWPOLYLINE
  5
10B
330
17
100
AcDbEntity
  8
DISPENSER
100
AcDbPolyline
 90
4
 70
1
 10
7.69
 20
14.360000000000001
 10
8.59
 20
14.360000000000001
 10
8.59
 20
14.76
 10
7.69
 20
14.76
  0
TEXT
  5
10C
330
17
100
AcDbEntity
  8
YAZI
100
AcDbText
 10
8.14
 20
14.56
 30
0.0
 40
0.1
  1
AKARYAKIT
  7
ARIAL
 72
1
 11
8.14
 21
14.56
 31
0.0
100
AcDbText
 73
2
  0
LWPOLYLINE
  5
10D
330
17
100
AcDbEntity
  8
DISPENSER
100
AcDbPolyline
 90
4
 70
1
 10
10.79
 20
14.26
 10
11.89
 20
14.26
 10
11.89
 20
14.860000000000001
 10
10.79
 20
14.860000000000001
  0
LWPOLYLINE
  5
10E
330
17
100
AcDbEntity
  8
DISPENSER
100
AcDbPolyline
 90
4
 70
1
 10
10.89
 20
14.360000000000001
 10
11.79
 20
14.360000000000001
 10
11.79
 20
14.76
 10
10.89
 20
14.76
  0
TEXT
  5
10F
330
17
100
AcDbEntity
  8
YAZI
100
AcDbText
 10
11.34
 20
14.56
 30
0.0
 40
0.1
  1
AKARYAKIT
  7
ARIAL
 72
1
 11
11.34
 21
14.56
 31
0.0
100
AcDbText
 73
2
  0
CIRCLE
  5
110
330
17
100
AcDbEntity
  8
BARIYER
100
AcDbCircle
 10
7.09
 20
14.18
 30
0.0
 40
0.09
  0
HATCH
  5
111
330
17
100
AcDbEntity
  8
BARIYER
100
AcDbHatch
 10
0.0
 20
0.0
 30
0.0
210
0.0
220
0.0
230
1.0
  2
SOLID
 70
1
 71
0
 91
1
 92
1
 93
1
 72
2
 10
7.09
 20
14.18
 40
0.09
 50
0
 51
360
 73
1
 97
0
 75
1
 76
1
 98
0
  0
CIRCLE
  5
112
330
17
100
AcDbEntity
  8
BARIYER
100
AcDbCircle
 10
7.09
 20
14.940000000000001
 30
0.0
 40
0.09
  0
HATCH
  5
113
330
17
100
AcDbEntity
  8
BARIYER
100
AcDbHatch
 10
0.0
 20
0.0
 30
0.0
210
0.0
220
0.0
230
1.0
  2
SOLID
 70
1
 71
0
 91
1
 92
1
 93
1
 72
2
 10
7.09
 20
14.940000000000001
 40
0.09
 50
0
 51
360
 73
1
 97
0
 75
1
 76
1
 98
0
  0
CIRCLE
  5
114
330
17
100
AcDbEntity
  8
BARIYER
100
AcDbCircle
 10
12.39
 20
14.18
 30
0.0
 40
0.09
  0
HATCH
  5
115
330
17
100
AcDbEntity
  8
BARIYER
100
AcDbHatch
 10
0.0
 20
0.0
 30
0.0
210
0.0
220
0.0
230
1.0
  2
SOLID
 70
1
 71
0
 91
1
 92
1
 93
1
 72
2
 10
12.39
 20
14.18
 40
0.09
 50
0
 51
360
 73
1
 97
0
 75
1
 76
1
 98
0
  0
CIRCLE
  5
116
330
17
100
AcDbEntity
  8
BARIYER
100
AcDbCircle
 10
12.39
 20
14.940000000000001
 30
0.0
 40
0.09
  0
HATCH
  5
117
330
17
100
AcDbEntity
  8
BARIYER
100
AcDbHatch
 10
0.0
 20
0.0
 30
0.0
210
0.0
220
0.0
230
1.0
  2
SOLID
 70
1
 71
0
 91
1
 92
1
 93
1
 72
2
 10
12.39
 20
14.940000000000001
 40
0.09
 50
0
 51
360
 73
1
 97
0
 75
1
 76
1
 98
0
  0
TEXT
  5
118
330
17
100
AcDbEntity
  8
YAZI
100
AcDbText
 10
9.74
 20
15.530000000000001
 30
0.0
 40
0.1275
  1
ADA-3  (AKARYAKIT)
  7
ARIAL
 72
1
 11
9.74
 21
15.530000000000001
 31
0.0
100
AcDbText
 73
1
  0
LWPOLYLINE
  5
119
330
17
100
AcDbEntity
  8
ADA
100
AcDbPolyline
 90
4
 70
1
 10
17.59
 20
13.65
 10
22.09
 20
13.65
 42
1.0
 10
22.09
 20
15.15
 10
17.59
 20
15.15
 42
1.0
  0
LWPOLYLINE
  5
11A
330
17
100
AcDbEntity
  8
ADA
100
AcDbPolyline
 90
4
 70
1
 10
17.59
 20
13.75
 10
22.09
 20
13.75
 42
1.0
 10
22.09
 20
15.05
 10
17.59
 20
15.05
 42
1.0
  0
HATCH
  5
11B
330
17
100
AcDbEntity
  8
ADA-TARAMA
100
AcDbHatch
 10
0.0
 20
0.0
 30
0.0
210
0.0
220
0.0
230
1.0
  2
ANSI37
 70
0
 71
0
 91
1
 92
3
 72
1
 73
1
 93
4
 10
17.59
 20
13.75
 42
0.0
 10
22.09
 20
13.75
 42
1.0
 10
22.09
 20
15.05
 42
0.0
 10
17.59
 20
15.05
 42
1.0
 97
0
 75
1
 76
1
 52
0.0
 41
0.06
 77
0
 78
2
 53
45.0
 43
0.0
 44
0.0
 45
-0.1347038418
 46
0.1347038418
 79
0
 53
135.0
 43
0.0
 44
0.0
 45
-0.1347038418
 46
-0.1347038418
 79
0
 98
0
  0
LWPOLYLINE
  5
11C
330
17
100
AcDbEntity
  8
DISPENSER
100
AcDbPolyline
 90
4
 70
1
 10
19.29
 20
14.1
 10
20.39
 20
14.1
 10
20.39
 20
14.700000000000001
 10
19.29
 20
14.700000000000001
  0
LWPOLYLINE
  5
11D
330
17
100
AcDbEntity
  8
DISPENSER
100
AcDbPolyline
 90
4
 70
1
 10
19.39
 20
14.200000000000001
 10
20.29
 20
14.200000000000001
 10
20.29
 20
14.6
 10
19.39
 20
14.6
  0
TEXT
  5
11E
330
17
100
AcDbEntity
  8
YAZI
100
AcDbText
 10
19.84
 20
14.4
 30
0.0
 40
0.1
  1
LPG
  7
ARIAL
 72
1
 11
19.84
 21
14.4
 31
0.0
100
AcDbText
 73
2
  0
CIRCLE
  5
11F
330
17
100
AcDbEntity
  8
BARIYER
100
AcDbCircle
 10
17.19
 20
14.02
 30
0.0
 40
0.09
  0
HATCH
  5
120
330
17
100
AcDbEntity
  8
BARIYER
100
AcDbHatch
 10
0.0
 20
0.0
 30
0.0
210
0.0
220
0.0
230
1.0
  2
SOLID
 70
1
 71
0
 91
1
 92
1
 93
1
 72
2
 10
17.19
 20
14.02
 40
0.09
 50
0
 51
360
 73
1
 97
0
 75
1
 76
1
 98
0
  0
CIRCLE
  5
121
330
17
100
AcDbEntity
  8
BARIYER
100
AcDbCircle
 10
17.19
 20
14.780000000000001
 30
0.0
 40
0.09
  0
HATCH
  5
122
330
17
100
AcDbEntity
  8
BARIYER
100
AcDbHatch
 10
0.0
 20
0.0
 30
0.0
210
0.0
220
0.0
230
1.0
  2
SOLID
 70
1
 71
0
 91
1
 92
1
 93
1
 72
2
 10
17.19
 20
14.780000000000001
 40
0.09
 50
0
 51
360
 73
1
 97
0
 75
1
 76
1
 98
0
  0
CIRCLE
  5
123
330
17
100
AcDbEntity
  8
BARIYER
100
AcDbCircle
 10
22.49
 20
14.02
 30
0.0
 40
0.09
  0
HATCH
  5
124
330
17
100
AcDbEntity
  8
BARIYER
100
AcDbHatch
 10
0.0
 20
0.0
 30
0.0
210
0.0
220
0.0
230
1.0
  2
SOLID
 70
1
 71
0
 91
1
 92
1
 93
1
 72
2
 10
22.49
 20
14.02
 40
0.09
 50
0
 51
360
 73
1
 97
0
 75
1
 76
1
 98
0
  0
CIRCLE
  5
125
330
17
100
AcDbEntity
  8
BARIYER
100
AcDbCircle
 10
22.49
 20
14.780000000000001
 30
0.0
 40
0.09
  0
HATCH
  5
126
330
17
100
AcDbEntity
  8
BARIYER
100
AcDbHatch
 10
0.0
 20
0.0
 30
0.0
210
0.0
220
0.0
230
1.0
  2
SOLID
 70
1
 71
0
 91
1
 92
1
 93
1
 72
2
 10
22.49
 20
14.780000000000001
 40
0.09
 50
0
 51
360
 73
1
 97
0
 75
1
 76
1
 98
0
  0
TEXT
  5
127
330
17
100
AcDbEntity
  8
YAZI
100
AcDbText
 10
19.84
 20
15.370000000000001
 30
0.0
 40
0.1275
  1
ADA-4  (LPG DİSPENSERİ)
  7
ARIAL
 72
1
 11
19.84
 21
15.370000000000001
 31
0.0
100
AcDbText
 73
1
  0
LWPOLYLINE
  5
128
330
17
100
AcDbEntity
  8
KOLON
100
AcDbPolyline
 90
4
 70
1
 10
8.92
 20
19.25
 10
9.42
 20
19.25
 10
9.42
 20
19.75
 10
8.92
 20
19.75
  0
HATCH
  5
129
330
17
100
AcDbEntity
  8
KOLON
100
AcDbHatch
 10
0.0
 20
0.0
 30
0.0
210
0.0
220
0.0
230
1.0
  2
ANSI31
 70
0
 71
0
 91
1
 92
3
 72
0
 73
1
 93
4
 10
8.92
 20
19.25
 10
9.42
 20
19.25
 10
9.42
 20
19.75
 10
8.92
 20
19.75
 97
0
 75
1
 76
1
 52
0.0
 41
0.03
 77
0
 78
1
 53
45.0
 43
0.0
 44
0.0
 45
-0.0673519209
 46
0.0673519209
 79
0
 98
0
  0
TEXT
  5
12A
330
17
100
AcDbEntity
  8
YAZI
 62
8
100
AcDbText
 10
9.52
 20
19.5
 30
0.0
 40
0.1
  1
KANOPİ KOLONU
  7
ARIAL
 11
9.52
 21
19.5
 31
0.0
100
AcDbText
 73
2
  0
LWPOLYLINE
  5
12B
330
17
100
AcDbEntity
  8
KOLON
100
AcDbPolyline
 90
4
 70
1
 10
19.89
 20
18.95
 10
20.39
 20
18.95
 10
20.39
 20
19.45
 10
19.89
 20
19.45
  0
HATCH
  5
12C
330
17
100
AcDbEntity
  8
KOLON
100
AcDbHatch
 10
0.0
 20
0.0
 30
0.0
210
0.0
220
0.0
230
1.0
  2
ANSI31
 70
0
 71
0
 91
1
 92
3
 72
0
 73
1
 93
4
 10
19.89
 20
18.95
 10
20.39
 20
18.95
 10
20.39
 20
19.45
 10
19.89
 20
19.45
 97
0
 75
1
 76
1
 52
0.0
 41
0.03
 77
0
 78
1
 53
45.0
 43
0.0
 44
0.0
 45
-0.0673519209
 46
0.0673519209
 79
0
 98
0
  0
TEXT
  5
12D
330
17
100
AcDbEntity
  8
YAZI
 62
8
100
AcDbText
 10
20.490000000000002
 20
19.2
 30
0.0
 40
0.1
  1
KANOPİ KOLONU
  7
ARIAL
 11
20.490000000000002
 21
19.2
 31
0.0
100
AcDbText
 73
2
  0
DIMENSION
  5
12E
330
17
100
AcDbEntity
  8
OLCU
100
AcDbDimension
280
0
  2
*D1
  3
KK50
 10
5.599999999999999
 20
25.740000000000002
 30
0.0
 11
8.6
 21
25.82
 31
0.0
 70
32
 71
5
  1
<>
100
AcDbAlignedDimension
 13
5.599999999999999
 23
25.19
 33
0.0
 14
11.6
 24
25.19
 34
0.0
 50
0.0
100
AcDbRotatedDimension
  0
DIMENSION
  5
13D
330
17
100
AcDbEntity
  8
OLCU
100
AcDbDimension
280
0
  2
*D2
  3
KK50
 10
5.149999999999999
 20
23.69
 30
0.0
 11
5.0699999999999985
 21
24.44
 31
0.0
 70
32
 71
5
  1
<>
100
AcDbAlignedDimension
 13
5.599999999999999
 23
23.69
 33
0.0
 14
5.599999999999999
 24
25.19
 34
0.0
 50
90.0
100
AcDbRotatedDimension
  0
DIMENSION
  5
14C
330
17
100
AcDbEntity
  8
OLCU
100
AcDbDimension
280
0
  2
*D3
  3
KK50
 10
3.0
 20
11.9
 30
0.0
 11
2.92
 21
20.17
 31
0.0
 70
32
 71
5
  1
<>
100
AcDbAlignedDimension
 13
3.6
 23
11.9
 33
0.0
 14
3.6
 24
28.44
 34
0.0
 50
90.0
100
AcDbRotatedDimension
  0
LWPOLYLINE
  5
15B
330
17
100
AcDbEntity
  8
CIT
100
AcDbPolyline
 90
5
 70
1
 10
26.3
 20
11.0
 10
32.3
 20
11.0
 10
32.3
 20
7.0
 10
31.45147186257615
 20
6.151471862576142
 10
26.3
 20
6.151471862576142
  0
LWPOLYLINE
  5
15C
330
17
100
AcDbEntity
  8
LPG-SAHA
100
AcDbPolyline
 90
5
 70
1
 10
26.45
 20
10.85
 10
32.15
 20
10.85
 10
32.15
 20
7.0
 10
31.45147186257615
 20
6.301471862576142
 10
26.45
 20
6.301471862576142
  0
HATCH
  5
15D
330
17
100
AcDbEntity
  8
SAHA-TARAMA
100
AcDbHatch
 10
0.0
 20
0.0
 30
0.0
210
0.0
220
0.0
230
1.0
  2
GRAVEL
 70
0
 71
0
 91
1
 92
3
 72
0
 73
1
 93
5
 10
26.45
 20
10.85
 10
32.15
 20
10.85
 10
32.15
 20
7.0
 10
31.45147186257615
 20
6.301471862576142
 10
26.45
 20
6.301471862576142
 97
0
 75
1
 76
1
 52
0.0
 41
0.012
 77
0
 78
41
 53
228.0127875
 43
0.219456
 44
0.3048
 45
-2.4384000002
 46
-2.7431999998
 79
2
 49
0.0410065728
 49
-4.0596580367
 53
184.969741
 43
0.192024
 44
0.27432
 45
3.6575999986
 46
0.3048000174
 79
2
 49
0.0703685664
 49
-6.9664858672
 53
132.5104471
 43
0.12192
 44
0.268224
 45
3.0480000013
 46
-3.3527999988
 79
2
 49
0.0496177824
 49
-4.9121667353
 53
267.273689
 43
0.003048
 44
0.192024
 45
0.3048000006
 46
6.096
 79
2
 49
0.0640805424
 49
-6.3439724911
 53
292.83365418
 43
0.0
 44
0.128016
 45
-1.5240000001
 46
3.6575999999
 79
2
 49
0.062836044
 49
-6.2207769294
 53
357.273689
 43
0.024384
 44
0.070104
 45
-6.096
 46
0.3048000006
 79
2
 49
0.0640805424
 49
-6.3439724911
 53
37.69424047
 43
0.088392
 44
0.067056
 45
-3.9623999998
 46
-3.0480000002
 79
2
 49
0.0847432392
 49
-8.3895738377
 53
72.25532837
 43
0.155448
 44
0.118872
 45
2.1336000006
 46
6.7055999998
 79
2
 49
0.0800063424
 49
-7.9206307922
 53
121.42956562
 43
0.179832
 44
0.195072
 45
-2.4384000003
 46
3.9623999998
 79
2
 49
0.06429756
 49
-6.3654654838
 53
175.2363583
 43
0.146304
 44
0.249936
 45
3.3528
 46
-0.3048000005
 79
2
 49
0.0734055936
 49
-3.596872434
 53
222.3974378
 43
0.073152
 44
0.256032
 45
-3.6575999999
 46
-3.3528000001
 79
2
 49
0.0949293504
 49
-9.3980127015
 53
138.81407483
 43
0.3048
 44
0.188976
 45
-2.1335999999
 46
1.8288000001
 79
2
 49
0.0324005448
 49
-3.2076678989
 53
171.4692344
 43
0.280416
 44
0.210312
 45
3.9624000001
 46
-0.6095999993
 79
2
 49
0.0616418376
 49
-6.1025566796
 53
225.0
 43
0.219456
 44
0.219456
 45
-0.0
 46
-0.3048
 79
2
 49
0.0431051208
 49
-0.387947173
 53
203.19859051
 43
0.19812
 44
0.256032
 45
1.524
 46
0.6095999999
 79
2
 49
0.0232129584
 49
-2.2980746843
 53
291.80140949
 43
0.176784
 44
0.246888
 45
-0.3048000001
 46
0.9144
 79
2
 49
0.0328278744
 49
-1.6085703588
 53
30.96375653
 43
0.188976
 44
0.216408
 45
0.9144
 46
0.6096
 79
2
 49
0.0533183592
 49
-1.7239557783
 53
161.56505118
 43
0.234696
 44
0.24384
 45
0.6096
 46
-0.3048
 79
2
 49
0.0385544568
 49
-0.925307774
 53
16.389540334
 43
0.0
 44
0.246888
 45
3.048
 46
0.9144
 79
2
 49
0.05401056
 49
-5.3470592007
 53
70.34617594
 43
0.051816
 44
0.262128
 45
-1.2192000001
 46
-3.3528
 79
2
 49
0.0453118728
 49
-4.4858658814
 53
293.19859051
 43
0.234696
 44
0.3048
 45
-0.6095999999
 46
1.524
 79
2
 49
0.046425612
 49
-2.2748620307
 53
343.61045967
 43
0.252984
 44
0.262128
 45
-3.0480000001
 46
0.9143999998
 79
2
 49
0.05401056
 49
-5.3470592007
 53
339.44395478
 43
0.0
 44
0.057912
 45
-1.524
 46
0.6096
 79
2
 49
0.052084224
 49
-2.5521281176
 53
294.7751406
 43
0.048768
 44
0.039624
 45
-1.5240000018
 46
3.3527999992
 79
2
 49
0.0436406544
 49
-4.3204312057
 53
66.80140949
 43
0.237744
 44
0.0
 45
0.6095999999
 46
1.524
 79
2
 49
0.046425612
 49
-2.2748620307
 53
17.35402464
 43
0.256032
 44
0.042672
 45
-3.9623999999
 46
-1.2192000003
 79
2
 49
0.0510939288
 49
-5.0582851176
 53
69.44395478
 43
0.088392
 44
0.0
 45
-0.6096
 46
-1.524
 79
2
 49
0.026042112
 49
-2.5781702296
 53
101.309932474
 43
0.219456
 44
0.0
 45
-0.3048
 46
1.2192
 79
2
 49
0.015541752
 49
-1.5386393957
 53
165.963756532
 43
0.216408
 44
0.01524
 45
0.9144
 46
-0.3048
 79
2
 49
0.062836044
 49
-1.1938865507
 53
186.00900596
 43
0.155448
 44
0.03048
 45
3.048
 46
0.3048000002
 79
2
 49
0.05823204
 49
-5.7649637836
 53
303.69006753
 43
0.188976
 44
0.188976
 45
-0.3048
 46
0.6096
 79
2
 49
0.0439588656
 49
-1.0550131632
 53
353.15722659
 43
0.21336
 44
0.1524
 45
5.1816
 46
-0.6095999997
 79
2
 49
0.0767468112
 49
-7.5979210878
 53
60.9453959
 43
0.28956
 44
0.143256
 45
-1.2192
 46
-2.1336
 79
2
 49
0.0313809888
 49
-3.1067270782
 53
90.0
 43
0.3048
 44
0.170688
 45
-0.3048
 46
0.3048
 79
2
 49
0.018288
 49
-0.286512
 53
120.25643716
 43
0.149352
 44
0.039624
 45
1.2191999999
 46
-2.1336000001
 79
2
 49
0.0423440352
 49
-4.1920728928
 53
48.0127875
 43
0.128016
 44
0.0762
 45
2.4384000002
 46
2.7431999998
 79
2
 49
0.0820131456
 49
-4.0186514639
 53
0.0
 43
0.18288
 44
0.13716
 45
0.3048
 46
0.3048
 79
2
 49
0.079248
 49
-0.225552
 53
325.3048465
 43
0.262128
 44
0.13716
 45
3.0480000012
 46
-2.1335999983
 79
2
 49
0.0481931472
 49
-4.7711180069
 53
254.0546041
 43
0.301752
 44
0.109728
 45
-0.3048
 46
-1.2192
 79
2
 49
0.0443794896
 49
-2.1745980047
 53
207.64597536
 43
0.28956
 44
0.067056
 45
-5.7912000002
 46
-3.0479999996
 79
2
 49
0.072257412
 49
-7.1534957308
 53
175.42607874
 43
0.225552
 44
0.033528
 45
-3.9624
 46
0.3048
 79
2
 49
0.0764435352
 49
-7.5679015747
 98
0
  0
LWPOLYLINE
  5
15E
330
17
100
AcDbEntity
  8
CIT
100
AcDbPolyline
 90
4
 70
1
 10
26.25
 20
10.95
 10
26.35
 20
10.95
 10
26.35
 20
11.05
 10
26.25
 20
11.05
  0
HATCH
  5
15F
330
17
100
AcDbEntity
  8
CIT
100
AcDbHatch
 10
0.0
 20
0.0
 30
0.0
210
0.0
220
0.0
230
1.0
  2
SOLID
 70
1
 71
0
 91
1
 92
3
 72
0
 73
1
 93
4
 10
26.25
 20
10.95
 10
26.35
 20
10.95
 10
26.35
 20
11.05
 10
26.25
 20
11.05
 97
0
 75
1
 76
1
 98
0
  0
LWPOLYLINE
  5
160
330
17
100
AcDbEntity
  8
CIT
100
AcDbPolyline
 90
4
 70
1
 10
28.25
 20
10.95
 10
28.35
 20
10.95
 10
28.35
 20
11.05
 10
28.25
 20
11.05
  0
HATCH
  5
161
330
17
100
AcDbEntity
  8
CIT
100
AcDbHatch
 10
0.0
 20
0.0
 30
0.0
210
0.0
220
0.0
230
1.0
  2
SOLID
 70
1
 71
0
 91
1
 92
3
 72
0
 73
1
 93
4
 10
28.25
 20
10.95
 10
28.35
 20
10.95
 10
28.35
 20
11.05
 10
28.25
 20
11.05
 97
0
 75
1
 76
1
 98
0
  0
LWPOLYLINE
  5
162
330
17
100
AcDbEntity
  8
CIT
100
AcDbPolyline
 90
4
 70
1
 10
30.249999999999996
 20
10.95
 10
30.349999999999998
 20
10.95
 10
30.349999999999998
 20
11.05
 10
30.249999999999996
 20
11.05
  0
HATCH
  5
163
330
17
100
AcDbEntity
  8
CIT
100
AcDbHatch
 10
0.0
 20
0.0
 30
0.0
210
0.0
220
0.0
230
1.0
  2
SOLID
 70
1
 71
0
 91
1
 92
3
 72
0
 73
1
 93
4
 10
30.249999999999996
 20
10.95
 10
30.349999999999998
 20
10.95
 10
30.349999999999998
 20
11.05
 10
30.249999999999996
 20
11.05
 97
0
 75
1
 76
1
 98
0
  0
LWPOLYLINE
  5
164
330
17
100
AcDbEntity
  8
CIT
100
AcDbPolyline
 90
4
 70
1
 10
32.25
 20
10.95
 10
32.349999999999994
 20
10.95
 10
32.349999999999994
 20
11.05
 10
32.25
 20
11.05
  0
HATCH
  5
165
330
17
100
AcDbEntity
  8
CIT
100
AcDbHatch
 10
0.0
 20
0.0
 30
0.0
210
0.0
220
0.0
230
1.0
  2
SOLID
 70
1
 71
0
 91
1
 92
3
 72
0
 73
1
 93
4
 10
32.25
 20
10.95
 10
32.349999999999994
 20
10.95
 10
32.349999999999994
 20
11.05
 10
32.25
 20
11.05
 97
0
 75
1
 76
1
 98
0
  0
LWPOLYLINE
  5
166
330
17
100
AcDbEntity
  8
CIT
100
AcDbPolyline
 90
4
 70
1
 10
32.25
 20
8.95
 10
32.349999999999994
 20
8.95
 10
32.349999999999994
 20
9.05
 10
32.25
 20
9.05
  0
HATCH
  5
167
330
17
100
AcDbEntity
  8
CIT
100
AcDbHatch
 10
0.0
 20
0.0
 30
0.0
210
0.0
220
0.0
230
1.0
  2
SOLID
 70
1
 71
0
 91
1
 92
3
 72
0
 73
1
 93
4
 10
32.25
 20
8.95
 10
32.349999999999994
 20
8.95
 10
32.349999999999994
 20
9.05
 10
32.25
 20
9.05
 97
0
 75
1
 76
1
 98
0
  0
LWPOLYLINE
  5
168
330
17
100
AcDbEntity
  8
CIT
100
AcDbPolyline
 90
4
 70
1
 10
32.25
 20
6.95
 10
32.349999999999994
 20
6.95
 10
32.349999999999994
 20
7.05
 10
32.25
 20
7.05
  0
HATCH
  5
169
330
17
100
AcDbEntity
  8
CIT
100
AcDbHatch
 10
0.0
 20
0.0
 30
0.0
210
0.0
220
0.0
230
1.0
  2
SOLID
 70
1
 71
0
 91
1
 92
3
 72
0
 73
1
 93
4
 10
32.25
 20
6.95
 10
32.349999999999994
 20
6.95
 10
32.349999999999994
 20
7.05
 10
32.25
 20
7.05
 97
0
 75
1
 76
1
 98
0
  0
LWPOLYLINE
  5
16A
330
17
100
AcDbEntity
  8
CIT
100
AcDbPolyline
 90
4
 70
1
 10
31.401471862576148
 20
6.101471862576142
 10
31.50147186257615
 20
6.101471862576142
 10
31.50147186257615
 20
6.201471862576142
 10
31.401471862576148
 20
6.201471862576142
  0
HATCH
  5
16B
330
17
100
AcDbEntity
  8
CIT
100
AcDbHatch
 10
0.0
 20
0.0
 30
0.0
210
0.0
220
0.0
230
1.0
  2
SOLID
 70
1
 71
0
 91
1
 92
3
 72
0
 73
1
 93
4
 10
31.401471862576148
 20
6.101471862576142
 10
31.50147186257615
 20
6.101471862576142
 10
31.50147186257615
 20
6.201471862576142
 10
31.401471862576148
 20
6.201471862576142
 97
0
 75
1
 76
1
 98
0
  0
LWPOLYLINE
  5
16C
330
17
100
AcDbEntity
  8
CIT
100
AcDbPolyline
 90
4
 70
1
 10
29.684314575050767
 20
6.101471862576142
 10
29.784314575050768
 20
6.101471862576142
 10
29.784314575050768
 20
6.201471862576142
 10
29.684314575050767
 20
6.201471862576142
  0
HATCH
  5
16D
330
17
100
AcDbEntity
  8
CIT
100
AcDbHatch
 10
0.0
 20
0.0
 30
0.0
210
0.0
220
0.0
230
1.0
  2
SOLID
 70
1
 71
0
 91
1
 92
3
 72
0
 73
1
 93
4
 10
29.684314575050767
 20
6.101471862576142
 10
29.784314575050768
 20
6.101471862576142
 10
29.784314575050768
 20
6.201471862576142
 10
29.684314575050767
 20
6.201471862576142
 97
0
 75
1
 76
1
 98
0
  0
LWPOLYLINE
  5
16E
330
17
100
AcDbEntity
  8
CIT
100
AcDbPolyline
 90
4
 70
1
 10
27.96715728752538
 20
6.101471862576142
 10
28.067157287525383
 20
6.101471862576142
 10
28.067157287525383
 20
6.201471862576142
 10
27.96715728752538
 20
6.201471862576142
  0
HATCH
  5
16F
330
17
100
AcDbEntity
  8
CIT
100
AcDbHatch
 10
0.0
 20
0.0
 30
0.0
210
0.0
220
0.0
230
1.0
  2
SOLID
 70
1
 71
0
 91
1
 92
3
 72
0
 73
1
 93
4
 10
27.96715728752538
 20
6.101471862576142
 10
28.067157287525383
 20
6.101471862576142
 10
28.067157287525383
 20
6.201471862576142
 10
27.96715728752538
 20
6.201471862576142
 97
0
 75
1
 76
1
 98
0
  0
LWPOLYLINE
  5
170
330
17
100
AcDbEntity
  8
CIT
100
AcDbPolyline
 90
4
 70
1
 10
26.25
 20
6.101471862576142
 10
26.35
 20
6.101471862576142
 10
26.35
 20
6.201471862576142
 10
26.25
 20
6.201471862576142
  0
HATCH
  5
171
330
17
100
AcDbEntity
  8
CIT
100
AcDbHatch
 10
0.0
 20
0.0
 30
0.0
210
0.0
220
0.0
230
1.0
  2
SOLID
 70
1
 71
0
 91
1
 92
3
 72
0
 73
1
 93
4
 10
26.25
 20
6.101471862576142
 10
26.35
 20
6.101471862576142
 10
26.35
 20
6.201471862576142
 10
26.25
 20
6.201471862576142
 97
0
 75
1
 76
1
 98
0
  0
LWPOLYLINE
  5
172
330
17
100
AcDbEntity
  8
CIT
100
AcDbPolyline
 90
4
 70
1
 10
26.25
 20
7.7176479083840945
 10
26.35
 20
7.7176479083840945
 10
26.35
 20
7.817647908384094
 10
26.25
 20
7.817647908384094
  0
HATCH
  5
173
330
17
100
AcDbEntity
  8
CIT
100
AcDbHatch
 10
0.0
 20
0.0
 30
0.0
210
0.0
220
0.0
230
1.0
  2
SOLID
 70
1
 71
0
 91
1
 92
3
 72
0
 73
1
 93
4
 10
26.25
 20
7.7176479083840945
 10
26.35
 20
7.7176479083840945
 10
26.35
 20
7.817647908384094
 10
26.25
 20
7.817647908384094
 97
0
 75
1
 76
1
 98
0
  0
LWPOLYLINE
  5
174
330
17
100
AcDbEntity
  8
CIT
100
AcDbPolyline
 90
4
 70
1
 10
26.25
 20
9.333823954192047
 10
26.35
 20
9.333823954192047
 10
26.35
 20
9.433823954192048
 10
26.25
 20
9.433823954192048
  0
HATCH
  5
175
330
17
100
AcDbEntity
  8
CIT
100
AcDbHatch
 10
0.0
 20
0.0
 30
0.0
210
0.0
220
0.0
230
1.0
  2
SOLID
 70
1
 71
0
 91
1
 92
3
 72
0
 73
1
 93
4
 10
26.25
 20
9.333823954192047
 10
26.35
 20
9.333823954192047
 10
26.35
 20
9.433823954192048
 10
26.25
 20
9.433823954192048
 97
0
 75
1
 76
1
 98
0
  0
LWPOLYLINE
  5
176
330
17
100
AcDbEntity
  8
CIT
100
AcDbPolyline
 90
2
 70
0
 10
26.8
 20
6.151471862576142
 10
27.8
 20
5.151471862576142
  0
ARC
  5
177
330
17
100
AcDbEntity
  8
CIT
100
AcDbCircle
 10
26.8
 20
6.151471862576142
 30
0.0
 40
1.0
100
AcDbArc
 50
270.0
 51
315.0
  0
LWPOLYLINE
  5
178
330
17
100
AcDbEntity
  8
BALON
100
AcDbPolyline
 90
3
 70
0
 10
27.3
 20
5.751471862576142
 10
26.5
 20
4.951471862576142
 10
24.746
 20
4.951471862576142
  0
HATCH
  5
179
330
17
100
AcDbEntity
  8
BALON
 62
7
100
AcDbHatch
 10
0.0
 20
0.0
 30
0.0
210
0.0
220
0.0
230
1.0
  2
SOLID
 70
1
 71
0
 91
1
 92
1
 93
1
 72
2
 10
27.3
 20
5.751471862576142
 40
0.025
 50
0
 51
360
 73
1
 97
0
 75
1
 76
1
 98
0
  0
TEXT
  5
17A
330
17
100
AcDbEntity
  8
YAZI
100
AcDbText
 10
26.46
 20
4.986471862576142
 30
0.0
 40
0.1
  1
SAHA GİRİŞ KAPISI (kilitli)
  7
ARIAL
 72
2
 11
26.46
 21
4.986471862576142
 31
0.0
100
AcDbText
 73
1
  0
LWPOLYLINE
  5
17B
330
17
100
AcDbEntity
  8
BARIYER
100
AcDbPolyline
 90
4
 70
1
 10
28.0
 20
5.601471862576142
 10
28.9
 20
5.601471862576142
 10
28.9
 20
5.671471862576142
 10
28.0
 20
5.671471862576142
  0
LWPOLYLINE
  5
17C
330
17
100
AcDbEntity
  8
BARIYER
100
AcDbPolyline
 90
4
 70
1
 10
29.45
 20
5.601471862576142
 10
30.349999999999998
 20
5.601471862576142
 10
30.349999999999998
 20
5.671471862576142
 10
29.45
 20
5.671471862576142
  0
LWPOLYLINE
  5
17D
330
17
100
AcDbEntity
  8
BARIYER
100
AcDbPolyline
 90
4
 70
1
 10
30.9
 20
5.601471862576142
 10
31.799999999999997
 20
5.601471862576142
 10
31.799999999999997
 20
5.671471862576142
 10
30.9
 20
5.671471862576142
  0
LWPOLYLINE
  5
17E
330
17
100
AcDbEntity
  8
BARIYER
100
AcDbPolyline
 90
4
 70
1
 10
25.75
 20
6.651471862576142
 10
25.82
 20
6.651471862576142
 10
25.82
 20
7.551471862576142
 10
25.75
 20
7.551471862576142
  0
LWPOLYLINE
  5
17F
330
17
100
AcDbEntity
  8
BARIYER
100
AcDbPolyline
 90
4
 70
1
 10
25.75
 20
8.151471862576141
 10
25.82
 20
8.151471862576141
 10
25.82
 20
9.051471862576141
 10
25.75
 20
9.051471862576141
  0
CIRCLE
  5
180
330
17
100
AcDbEntity
  8
YANGIN
100
AcDbCircle
 10
25.95
 20
11.35
 30
0.0
 40
0.14
  0
HATCH
  5
181
330
17
100
AcDbEntity
  8
YANGIN
 62
1
100
AcDbHatch
 10
0.0
 20
0.0
 30
0.0
210
0.0
220
0.0
230
1.0
  2
SOLID
 70
1
 71
0
 91
1
 92
3
 72
0
 73
1
 93
3
 10
25.81
 20
11.35
 10
26.09
 20
11.35
 10
25.95
 20
11.49
 97
0
 75
1
 76
1
 98
0
  0
TEXT
  5
182
330
17
100
AcDbEntity
  8
YAZI
100
AcDbText
 10
25.73
 20
11.35
 30
0.0
 40
0.1
  1
YSC 12 kg
  7
ARIAL
 72
2
 11
25.73
 21
11.35
 31
0.0
100
AcDbText
 73
2
  0
CIRCLE
  5
183
330
17
100
AcDbEntity
  8
YANGIN
100
AcDbCircle
 10
32.699999999999996
 20
10.5
 30
0.0
 40
0.14
  0
HATCH
  5
184
330
17
100
AcDbEntity
  8
YANGIN
 62
1
100
AcDbHatch
 10
0.0
 20
0.0
 30
0.0
210
0.0
220
0.0
230
1.0
  2
SOLID
 70
1
 71
0
 91
1
 92
3
 72
0
 73
1
 93
3
 10
32.559999999999995
 20
10.5
 10
32.839999999999996
 20
10.5
 10
32.699999999999996
 20
10.64
 97
0
 75
1
 76
1
 98
0
  0
TEXT
  5
185
330
17
100
AcDbEntity
  8
YAZI
100
AcDbText
 10
32.919999999999995
 20
10.5
 30
0.0
 40
0.1
  1
YSC 12 kg
  7
ARIAL
 11
32.919999999999995
 21
10.5
 31
0.0
100
AcDbText
 73
2
  0
CIRCLE
  5
186
330
17
100
AcDbEntity
  8
YANGIN
100
AcDbCircle
 10
32.699999999999996
 20
8.451471862576142
 30
0.0
 40
0.14
  0
HATCH
  5
187
330
17
100
AcDbEntity
  8
YANGIN
 62
1
100
AcDbHatch
 10
0.0
 20
0.0
 30
0.0
210
0.0
220
0.0
230
1.0
  2
SOLID
 70
1
 71
0
 91
1
 92
3
 72
0
 73
1
 93
3
 10
32.559999999999995
 20
8.451471862576142
 10
32.839999999999996
 20
8.451471862576142
 10
32.699999999999996
 20
8.591471862576142
 97
0
 75
1
 76
1
 98
0
  0
TEXT
  5
188
330
17
100
AcDbEntity
  8
YAZI
100
AcDbText
 10
32.919999999999995
 20
8.451471862576142
 30
0.0
 40
0.1
  1
YSC 50 kg
  7
ARIAL
 11
32.919999999999995
 21
8.451471862576142
 31
0.0
100
AcDbText
 73
2
  0
LWPOLYLINE
  5
189
330
17
100
AcDbEntity
  8
LPG-TANK
100
AcDbPolyline
 90
6
 70
1
 10
27.0
 20
7.62573593128807
 10
31.6
 20
7.62573593128807
 42
0.4142
 10
32.0
 20
8.42573593128807
 42
0.4142
 10
31.6
 20
9.225735931288071
 10
27.0
 20
9.225735931288071
 42
0.4142
 10
26.6
 20
8.42573593128807
 42
0.4142
  0
LWPOLYLINE
  5
18A
330
17
100
AcDbEntity
  8
GIZLI
100
AcDbPolyline
 90
2
 70
0
 10
27.0
 20
7.62573593128807
 10
27.0
 20
9.225735931288071
  0
LWPOLYLINE
  5
18B
330
17
100
AcDbEntity
  8
GIZLI
100
AcDbPolyline
 90
2
 70
0
 10
31.6
 20
7.62573593128807
 10
31.6
 20
9.225735931288071
  0
LWPOLYLINE
  5
18C
330
17
100
AcDbEntity
  8
EKSEN
100
AcDbPolyline
 90
2
 70
0
 10
26.3
 20
8.42573593128807
 10
32.3
 20
8.42573593128807
  0
CIRCLE
  5
18D
330
17
100
AcDbEntity
  8
LPG-SAHA
100
AcDbCircle
 10
29.948
 20
8.42573593128807
 30
0.0
 40
0.35
  0
CIRCLE
  5
18E
330
17
100
AcDbEntity
  8
LPG-SAHA
100
AcDbCircle
 10
29.948
 20
8.42573593128807
 30
0.0
 40
0.28
  0
TEXT
  5
18F
330
17
100
AcDbEntity
  8
YAZI
100
AcDbText
 10
28.150000000000002
 20
8.54573593128807
 30
0.0
 40
0.1275
  1
LPG TANKI 10 m³ (yeraltı)
  7
ARIAL
 72
1
 11
28.150000000000002
 21
8.54573593128807
 31
0.0
100
AcDbText
 73
2
  0
TEXT
  5
190
330
17
100
AcDbEntity
  8
YAZI
100
AcDbText
 10
28.150000000000002
 20
8.305735931288071
 30
0.0
 40
0.1
  1
Ø160 x 540 cm
  7
ARIAL
 72
1
 11
28.150000000000002
 21
8.305735931288071
 31
0.0
100
AcDbText
 73
2
  0
TEXT
  5
191
330
17
100
AcDbEntity
  8
YAZI
100
AcDbText
 10
29.948
 20
7.94573593128807
 30
0.0
 40
0.1
  1
MENHOL
  7
ARIAL
 72
1
 11
29.948
 21
7.94573593128807
 31
0.0
100
AcDbText
 73
2
  0
LWPOLYLINE
  5
192
330
17
100
AcDbEntity
  8
LPG-SAHA
100
AcDbPolyline
 90
4
 70
1
 10
26.650000000000002
 20
10.25
 10
27.950000000000003
 20
10.25
 10
27.950000000000003
 20
10.7
 10
26.650000000000002
 20
10.7
  0
LWPOLYLINE
  5
193
330
17
100
AcDbEntity
  8
LPG-SAHA
100
AcDbPolyline
 90
4
 70
1
 10
27.55
 20
10.3
 10
27.950000000000003
 20
10.3
 10
27.950000000000003
 20
10.65
 10
27.55
 20
10.65
  0
TEXT
  5
194
330
17
100
AcDbEntity
  8
YAZI
100
AcDbText
 10
26.700000000000003
 20
10.475
 30
0.0
 40
0.1
  1
KADEMELİ POMPA
  7
ARIAL
 11
26.700000000000003
 21
10.475
 31
0.0
100
AcDbText
 73
2
  0
LWPOLYLINE
  5
195
330
17
100
AcDbEntity
  8
LPG-HAT
100
AcDbPolyline
 90
3
 70
0
 10
29.868000000000002
 20
8.725735931288071
 10
29.868000000000002
 20
10.555
 10
27.950000000000003
 20
10.555
  0
LWPOLYLINE
  5
196
330
17
100
AcDbEntity
  8
LPG-HAT
100
AcDbPolyline
 90
3
 70
0
 10
30.028
 20
8.725735931288071
 10
30.028
 20
10.174999999999999
 10
26.500000000000004
 20
10.174999999999999
  0
LWPOLYLINE
  5
197
330
17
100
AcDbEntity
  8
LPG-HAT
100
AcDbPolyline
 90
5
 70
0
 10
26.650000000000002
 20
10.555
 10
25.6
 20
10.555
 10
21.09
 20
12.65
 10
19.919999999999998
 20
12.65
 10
19.919999999999998
 20
14.1
  0
LWPOLYLINE
  5
198
330
17
100
AcDbEntity
  8
LPG-HAT
100
AcDbPolyline
 90
5
 70
0
 10
26.500000000000004
 20
10.174999999999999
 10
25.45
 20
10.174999999999999
 10
20.94
 20
12.450000000000001
 10
19.76
 20
12.450000000000001
 10
19.76
 20
14.1
  0
LWPOLYLINE
  5
199
330
17
100
AcDbEntity
  8
BALON
100
AcDbPolyline
 90
3
 70
0
 10
23.345
 20
11.6025
 10
21.744999999999997
 20
10.4025
 10
17.572999999999997
 20
10.4025
  0
HATCH
  5
19A
330
17
100
AcDbEntity
  8
BALON
 62
7
100
AcDbHatch
 10
0.0
 20
0.0
 30
0.0
210
0.0
220
0.0
230
1.0
  2
SOLID
 70
1
 71
0
 91
1
 92
1
 93
1
 72
2
 10
23.345
 20
11.6025
 40
0.025
 50
0
 51
360
 73
1
 97
0
 75
1
 76
1
 98
0
  0
TEXT
  5
19B
330
17
100
AcDbEntity
  8
YAZI
100
AcDbText
 10
21.705
 20
10.4375
 30
0.0
 40
0.1
  1
LPG HATLARI (toprak altı): BASMA + GERİ DÖNÜŞ
  7
ARIAL
 72
2
 11
21.705
 21
10.4375
 31
0.0
100
AcDbText
 73
1
  0
TEXT
  5
19C
330
17
100
AcDbEntity
  8
YAZI
100
AcDbText
 10
21.705
 20
10.3675
 30
0.0
 40
0.1
  1
SCH80 dikişsiz çelik çekme boru, 2 kat sargılı (min. %50 bindirme)
  7
ARIAL
 72
2
 11
21.705
 21
10.3675
 31
0.0
100
AcDbText
 73
3
  0
LWPOLYLINE
  5
19D
330
17
100
AcDbEntity
  8
KK-IZOLASYON
100
AcDbPolyline
 90
2
 70
0
 10
29.748
 20
8.92573593128807
 10
29.988000000000003
 20
8.92573593128807
  0
LWPOLYLINE
  5
19E
330
17
100
AcDbEntity
  8
KK-IZOLASYON
100
AcDbPolyline
 90
2
 70
0
 10
29.748
 20
9.025735931288072
 10
29.988000000000003
 20
9.025735931288072
  0
LWPOLYLINE
  5
19F
330
17
100
AcDbEntity
  8
KK-IZOLASYON
100
AcDbPolyline
 90
2
 70
0
 10
29.907999999999998
 20
8.92573593128807
 10
30.148
 20
8.92573593128807
  0
LWPOLYLINE
  5
1A0
330
17
100
AcDbEntity
  8
KK-IZOLASYON
100
AcDbPolyline
 90
2
 70
0
 10
29.907999999999998
 20
9.025735931288072
 10
30.148
 20
9.025735931288072
  0
TEXT
  5
1A1
330
17
100
AcDbEntity
  8
YAZI
 62
140
100
AcDbText
 10
30.477999999999998
 20
8.975735931288071
 30
0.0
 40
0.1
  1
İF-1/2
  7
ARIAL
 72
1
 11
30.477999999999998
 21
8.975735931288071
 31
0.0
100
AcDbText
 73
2
  0
LWPOLYLINE
  5
1A2
330
17
100
AcDbEntity
  8
KK-IZOLASYON
100
AcDbPolyline
 90
2
 70
0
 10
26.37
 20
10.435
 10
26.37
 20
10.674999999999999
  0
LWPOLYLINE
  5
1A3
330
17
100
AcDbEntity
  8
KK-IZOLASYON
100
AcDbPolyline
 90
2
 70
0
 10
26.470000000000002
 20
10.435
 10
26.470000000000002
 20
10.674999999999999
  0
LWPOLYLINE
  5
1A4
330
17
100
AcDbEntity
  8
KK-IZOLASYON
100
AcDbPolyline
 90
2
 70
0
 10
26.37
 20
10.055
 10
26.37
 20
10.294999999999998
  0
LWPOLYLINE
  5
1A5
330
17
100
AcDbEntity
  8
KK-IZOLASYON
100
AcDbPolyline
 90
2
 70
0
 10
26.470000000000002
 20
10.055
 10
26.470000000000002
 20
10.294999999999998
  0
TEXT
  5
1A6
330
17
100
AcDbEntity
  8
YAZI
 62
140
100
AcDbText
 10
26.42
 20
9.954999999999998
 30
0.0
 40
0.1
  1
İF-3/4
  7
ARIAL
 72
1
 11
26.42
 21
9.954999999999998
 31
0.0
100
AcDbText
 73
2
  0
LWPOLYLINE
  5
1A7
330
17
100
AcDbEntity
  8
KK-IZOLASYON
100
AcDbPolyline
 90
2
 70
0
 10
19.799999999999997
 20
13.799999999999999
 10
20.04
 20
13.799999999999999
  0
LWPOLYLINE
  5
1A8
330
17
100
AcDbEntity
  8
KK-IZOLASYON
100
AcDbPolyline
 90
2
 70
0
 10
19.799999999999997
 20
13.9
 10
20.04
 20
13.9
  0
LWPOLYLINE
  5
1A9
330
17
100
AcDbEntity
  8
KK-IZOLASYON
100
AcDbPolyline
 90
2
 70
0
 10
19.64
 20
13.799999999999999
 10
19.880000000000003
 20
13.799999999999999
  0
LWPOLYLINE
  5
1AA
330
17
100
AcDbEntity
  8
KK-IZOLASYON
100
AcDbPolyline
 90
2
 70
0
 10
19.64
 20
13.9
 10
19.880000000000003
 20
13.9
  0
TEXT
  5
1AB
330
17
100
AcDbEntity
  8
YAZI
 62
140
100
AcDbText
 10
20.310000000000002
 20
13.85
 30
0.0
 40
0.1
  1
İF-5/6
  7
ARIAL
 72
1
 11
20.310000000000002
 21
13.85
 31
0.0
100
AcDbText
 73
2
  0
CIRCLE
  5
1AC
330
17
100
AcDbEntity
  8
KK-ANOT
100
AcDbCircle
 10
27.6
 20
6.8257359312880705
 30
0.0
 40
0.17
  0
CIRCLE
  5
1AD
330
17
100
AcDbEntity
  8
KK-ANOT
100
AcDbCircle
 10
27.6
 20
6.8257359312880705
 30
0.0
 40
0.09
  0
HATCH
  5
1AE
330
17
100
AcDbEntity
  8
KK-ANOT
 62
30
100
AcDbHatch
 10
0.0
 20
0.0
 30
0.0
210
0.0
220
0.0
230
1.0
  2
SOLID
 70
1
 71
0
 91
1
 92
1
 93
1
 72
2
 10
27.6
 20
6.8257359312880705
 40
0.09
 50
0
 51
360
 73
1
 97
0
 75
1
 76
1
 98
0
  0
TEXT
  5
1AF
330
17
100
AcDbEntity
  8
YAZI
 62
30
100
AcDbText
 10
27.35
 20
7.12573593128807
 30
0.0
 40
0.1
  1
MA-1 (10 Lb Mg)
  7
ARIAL
 72
2
 11
27.35
 21
7.12573593128807
 31
0.0
100
AcDbText
 73
2
  0
CIRCLE
  5
1B0
330
17
100
AcDbEntity
  8
KK-ANOT
100
AcDbCircle
 10
31.1
 20
10.025735931288072
 30
0.0
 40
0.17
  0
CIRCLE
  5
1B1
330
17
100
AcDbEntity
  8
KK-ANOT
100
AcDbCircle
 10
31.1
 20
10.025735931288072
 30
0.0
 40
0.09
  0
HATCH
  5
1B2
330
17
100
AcDbEntity
  8
KK-ANOT
 62
30
100
AcDbHatch
 10
0.0
 20
0.0
 30
0.0
210
0.0
220
0.0
230
1.0
  2
SOLID
 70
1
 71
0
 91
1
 92
1
 93
1
 72
2
 10
31.1
 20
10.025735931288072
 40
0.09
 50
0
 51
360
 73
1
 97
0
 75
1
 76
1
 98
0
  0
TEXT
  5
1B3
330
17
100
AcDbEntity
  8
YAZI
 62
30
100
AcDbText
 10
31.32
 20
9.705735931288071
 30
0.0
 40
0.1
  1
MA-2 (10 Lb Mg)
  7
ARIAL
 11
31.32
 21
9.705735931288071
 31
0.0
100
AcDbText
 73
2
  0
CIRCLE
  5
1B4
330
17
100
AcDbEntity
  8
KK-ANOT
100
AcDbCircle
 10
18.64
 20
12.950000000000001
 30
0.0
 40
0.17
  0
CIRCLE
  5
1B5
330
17
100
AcDbEntity
  8
KK-ANOT
100
AcDbCircle
 10
18.64
 20
12.950000000000001
 30
0.0
 40
0.09
  0
HATCH
  5
1B6
330
17
100
AcDbEntity
  8
KK-ANOT
 62
30
100
AcDbHatch
 10
0.0
 20
0.0
 30
0.0
210
0.0
220
0.0
230
1.0
  2
SOLID
 70
1
 71
0
 91
1
 92
1
 93
1
 72
2
 10
18.64
 20
12.950000000000001
 40
0.09
 50
0
 51
360
 73
1
 97
0
 75
1
 76
1
 98
0
  0
TEXT
  5
1B7
330
17
100
AcDbEntity
  8
YAZI
 62
30
100
AcDbText
 10
18.89
 20
12.670000000000002
 30
0.0
 40
0.1
  1
MA-3 (3,5 Lb Mg)
  7
ARIAL
 11
18.89
 21
12.670000000000002
 31
0.0
100
AcDbText
 73
2
  0
CIRCLE
  5
1B8
330
17
100
AcDbEntity
  8
KK-ANOT
100
AcDbCircle
 10
21.84
 20
13.200000000000001
 30
0.0
 40
0.17
  0
CIRCLE
  5
1B9
330
17
100
AcDbEntity
  8
KK-ANOT
100
AcDbCircle
 10
21.84
 20
13.200000000000001
 30
0.0
 40
0.09
  0
HATCH
  5
1BA
330
17
100
AcDbEntity
  8
KK-ANOT
 62
30
100
AcDbHatch
 10
0.0
 20
0.0
 30
0.0
210
0.0
220
0.0
230
1.0
  2
SOLID
 70
1
 71
0
 91
1
 92
1
 93
1
 72
2
 10
21.84
 20
13.200000000000001
 40
0.09
 50
0
 51
360
 73
1
 97
0
 75
1
 76
1
 98
0
  0
TEXT
  5
1BB
330
17
100
AcDbEntity
  8
YAZI
 62
30
100
AcDbText
 10
22.09
 20
13.420000000000002
 30
0.0
 40
0.1
  1
MA-4 (3,5 Lb Mg)
  7
ARIAL
 11
22.09
 21
13.420000000000002
 31
0.0
100
AcDbText
 73
2
  0
LWPOLYLINE
  5
1BC
330
17
100
AcDbEntity
  8
KK-OLCUM
100
AcDbPolyline
 90
4
 70
1
 10
24.950000000000003
 20
6.451471862576142
 10
25.35
 20
6.451471862576142
 10
25.35
 20
6.7514718625761425
 10
24.950000000000003
 20
6.7514718625761425
  0
LWPOLYLINE
  5
1BD
330
17
100
AcDbEntity
  8
KK-OLCUM
100
AcDbPolyline
 90
2
 70
0
 10
24.950000000000003
 20
6.451471862576142
 10
25.35
 20
6.7514718625761425
  0
HATCH
  5
1BE
330
17
100
AcDbEntity
  8
KK-OLCUM
 62
2
100
AcDbHatch
 10
0.0
 20
0.0
 30
0.0
210
0.0
220
0.0
230
1.0
  2
SOLID
 70
1
 71
0
 91
1
 92
3
 72
0
 73
1
 93
3
 10
24.950000000000003
 20
6.451471862576142
 10
25.35
 20
6.7514718625761425
 10
24.950000000000003
 20
6.7514718625761425
 97
0
 75
1
 76
1
 98
0
  0
TEXT
  5
1BF
330
17
100
AcDbEntity
  8
YAZI
 62
2
100
AcDbText
 10
24.85
 20
6.601471862576142
 30
0.0
 40
0.1275
  1
ÖK-1
  7
ARIAL
 72
2
 11
24.85
 21
6.601471862576142
 31
0.0
100
AcDbText
 73
2
  0
LWPOLYLINE
  5
1C0
330
17
100
AcDbEntity
  8
KK-OLCUM
100
AcDbPolyline
 90
4
 70
1
 10
17.29
 20
12.8
 10
17.689999999999998
 20
12.8
 10
17.689999999999998
 20
13.100000000000001
 10
17.29
 20
13.100000000000001
  0
LWPOLYLINE
  5
1C1
330
17
100
AcDbEntity
  8
KK-OLCUM
100
AcDbPolyline
 90
2
 70
0
 10
17.29
 20
12.8
 10
17.689999999999998
 20
13.100000000000001
  0
HATCH
  5
1C2
330
17
100
AcDbEntity
  8
KK-OLCUM
 62
2
100
AcDbHatch
 10
0.0
 20
0.0
 30
0.0
210
0.0
220
0.0
230
1.0
  2
SOLID
 70
1
 71
0
 91
1
 92
3
 72
0
 73
1
 93
3
 10
17.29
 20
12.8
 10
17.689999999999998
 20
13.100000000000001
 10
17.29
 20
13.100000000000001
 97
0
 75
1
 76
1
 98
0
  0
TEXT
  5
1C3
330
17
100
AcDbEntity
  8
YAZI
 62
2
100
AcDbText
 10
17.189999999999998
 20
12.950000000000001
 30
0.0
 40
0.1275
  1
ÖK-2
  7
ARIAL
 72
2
 11
17.189999999999998
 21
12.950000000000001
 31
0.0
100
AcDbText
 73
2
  0
CIRCLE
  5
1C4
330
17
100
AcDbEntity
  8
KK-OLCUM
100
AcDbCircle
 10
29.200000000000003
 20
7.275735931288071
 30
0.0
 40
0.1
  0
LWPOLYLINE
  5
1C5
330
17
100
AcDbEntity
  8
KK-OLCUM
100
AcDbPolyline
 90
2
 70
0
 10
29.130000000000003
 20
7.275735931288071
 10
29.270000000000003
 20
7.275735931288071
  0
LWPOLYLINE
  5
1C6
330
17
100
AcDbEntity
  8
KK-OLCUM
100
AcDbPolyline
 90
2
 70
0
 10
29.200000000000003
 20
7.20573593128807
 10
29.200000000000003
 20
7.345735931288071
  0
TEXT
  5
1C7
330
17
100
AcDbEntity
  8
YAZI
 62
2
100
AcDbText
 10
29.380000000000003
 20
7.275735931288071
 30
0.0
 40
0.1
  1
RE (Cu/CuSO4)
  7
ARIAL
 11
29.380000000000003
 21
7.275735931288071
 31
0.0
100
AcDbText
 73
2
  0
LWPOLYLINE
  5
1C8
330
17
100
AcDbEntity
  8
KK-OLCUM
100
AcDbPolyline
 90
2
 70
0
 10
28.240000000000002
 20
7.565735931288071
 10
28.36
 20
7.68573593128807
  0
LWPOLYLINE
  5
1C9
330
17
100
AcDbEntity
  8
KK-OLCUM
100
AcDbPolyline
 90
2
 70
0
 10
28.240000000000002
 20
7.68573593128807
 10
28.36
 20
7.565735931288071
  0
LWPOLYLINE
  5
1CA
330
17
100
AcDbEntity
  8
KK-OLCUM
100
AcDbPolyline
 90
2
 70
0
 10
28.44
 20
7.565735931288071
 10
28.56
 20
7.68573593128807
  0
LWPOLYLINE
  5
1CB
330
17
100
AcDbEntity
  8
KK-OLCUM
100
AcDbPolyline
 90
2
 70
0
 10
28.44
 20
7.68573593128807
 10
28.56
 20
7.565735931288071
  0
LWPOLYLINE
  5
1CC
330
17
100
AcDbEntity
  8
KK-KABLO
100
AcDbPolyline
 90
3
 70
0
 10
27.6
 20
6.8257359312880705
 10
27.6
 20
6.681471862576142
 10
25.35
 20
6.681471862576142
  0
LWPOLYLINE
  5
1CD
330
17
100
AcDbEntity
  8
KK-KABLO
100
AcDbPolyline
 90
5
 70
0
 10
31.1
 20
10.025735931288072
 10
31.1
 20
10.82
 10
26.5
 20
10.82
 10
26.5
 20
6.721471862576142
 10
25.35
 20
6.721471862576142
  0
LWPOLYLINE
  5
1CE
330
17
100
AcDbEntity
  8
KK-KABLO
100
AcDbPolyline
 90
3
 70
0
 10
28.3
 20
7.62573593128807
 10
28.3
 20
6.601471862576142
 10
25.35
 20
6.601471862576142
  0
LWPOLYLINE
  5
1CF
330
17
100
AcDbEntity
  8
KK-KABLO
100
AcDbPolyline
 90
3
 70
0
 10
28.5
 20
7.62573593128807
 10
28.5
 20
6.561471862576142
 10
25.35
 20
6.561471862576142
  0
LWPOLYLINE
  5
1D0
330
17
100
AcDbEntity
  8
KK-KABLO
100
AcDbPolyline
 90
3
 70
0
 10
29.200000000000003
 20
7.275735931288071
 10
29.200000000000003
 20
6.521471862576142
 10
25.35
 20
6.521471862576142
  0
LWPOLYLINE
  5
1D1
330
17
100
AcDbEntity
  8
KK-KABLO
100
AcDbPolyline
 90
2
 70
0
 10
18.64
 20
12.950000000000001
 10
17.689999999999998
 20
12.950000000000001
  0
LWPOLYLINE
  5
1D2
330
17
100
AcDbEntity
  8
KK-KABLO
100
AcDbPolyline
 90
4
 70
0
 10
21.84
 20
13.200000000000001
 10
21.84
 20
13.3
 10
17.589999999999996
 20
13.3
 10
17.589999999999996
 20
13.100000000000001
  0
LWPOLYLINE
  5
1D3
330
17
100
AcDbEntity
  8
KK-KABLO
100
AcDbPolyline
 90
4
 70
0
 10
20.060000000000002
 20
12.450000000000001
 10
20.060000000000002
 20
12.350000000000001
 10
17.49
 20
12.350000000000001
 10
17.49
 20
12.8
  0
LWPOLYLINE
  5
1D4
330
17
100
AcDbEntity
  8
BALON
100
AcDbPolyline
 90
3
 70
0
 10
28.8
 20
10.82
 10
28.2
 20
13.0
 10
31.814
 20
13.0
  0
HATCH
  5
1D5
330
17
100
AcDbEntity
  8
BALON
 62
7
100
AcDbHatch
 10
0.0
 20
0.0
 30
0.0
210
0.0
220
0.0
230
1.0
  2
SOLID
 70
1
 71
0
 91
1
 92
1
 93
1
 72
2
 10
28.8
 20
10.82
 40
0.025
 50
0
 51
360
 73
1
 97
0
 75
1
 76
1
 98
0
  0
TEXT
  5
1D6
330
17
100
AcDbEntity
  8
YAZI
100
AcDbText
 10
28.24
 20
13.035
 30
0.0
 40
0.1
  1
KK kabloları: NYY 1x6 mm² (anot), NYY 1x10 mm² (tank/hat)
  7
ARIAL
 11
28.24
 21
13.035
 31
0.0
100
AcDbText
 73
1
  0
TEXT
  5
1D7
330
17
100
AcDbEntity
  8
YAZI
100
AcDbText
 10
28.24
 20
12.965
 30
0.0
 40
0.1
  1
toprak altı -60 cm, üzerinde kablo ikaz bandı
  7
ARIAL
 11
28.24
 21
12.965
 31
0.0
100
AcDbText
 73
3
  0
LWPOLYLINE
  5
1D8
330
17
100
AcDbEntity
  8
KESIT-HATTI
100
AcDbPolyline
 90
2
 70
0
 10
29.900000000000002
 20
4.951471862576142
 10
29.900000000000002
 20
11.75
  0
LWPOLYLINE
  5
1D9
330
17
100
AcDbEntity
  8
KESIT
100
AcDbPolyline
 90
2
 70
0
 10
29.900000000000002
 20
4.951471862576142
 10
29.450000000000003
 20
4.951471862576142
  0
HATCH
  5
1DA
330
17
100
AcDbEntity
  8
KESIT
100
AcDbHatch
 10
0.0
 20
0.0
 30
0.0
210
0.0
220
0.0
230
1.0
  2
SOLID
 70
1
 71
0
 91
1
 92
3
 72
0
 73
1
 93
3
 10
29.450000000000003
 20
4.951471862576142
 10
29.6
 20
5.011471862576141
 10
29.6
 20
4.891471862576142
 97
0
 75
1
 76
1
 98
0
  0
CIRCLE
  5
1DB
330
17
100
AcDbEntity
  8
KESIT
100
AcDbCircle
 10
30.150000000000002
 20
4.901471862576142
 30
0.0
 40
0.16
  0
TEXT
  5
1DC
330
17
100
AcDbEntity
  8
YAZI
100
AcDbText
 10
30.150000000000002
 20
4.901471862576142
 30
0.0
 40
0.1275
  1
A
  7
ARIAL
 72
1
 11
30.150000000000002
 21
4.901471862576142
 31
0.0
100
AcDbText
 73
2
  0
LWPOLYLINE
  5
1DD
330
17
100
AcDbEntity
  8
KESIT
100
AcDbPolyline
 90
2
 70
0
 10
29.900000000000002
 20
11.75
 10
29.450000000000003
 20
11.75
  0
HATCH
  5
1DE
330
17
100
AcDbEntity
  8
KESIT
100
AcDbHatch
 10
0.0
 20
0.0
 30
0.0
210
0.0
220
0.0
230
1.0
  2
SOLID
 70
1
 71
0
 91
1
 92
3
 72
0
 73
1
 93
3
 10
29.450000000000003
 20
11.75
 10
29.6
 20
11.81
 10
29.6
 20
11.69
 97
0
 75
1
 76
1
 98
0
  0
CIRCLE
  5
1DF
330
17
100
AcDbEntity
  8
KESIT
100
AcDbCircle
 10
30.150000000000002
 20
11.8
 30
0.0
 40
0.16
  0
TEXT
  5
1E0
330
17
100
AcDbEntity
  8
YAZI
100
AcDbText
 10
30.150000000000002
 20
11.8
 30
0.0
 40
0.1275
  1
A
  7
ARIAL
 72
1
 11
30.150000000000002
 21
11.8
 31
0.0
100
AcDbText
 73
2
  0
DIMENSION
  5
1E1
330
17
100
AcDbEntity
  8
OLCU
100
AcDbDimension
280
0
  2
*D4
  3
KK50
 10
26.3
 20
11.95
 30
0.0
 11
29.299999999999997
 21
12.03
 31
0.0
 70
32
 71
5
  1
<>
100
AcDbAlignedDimension
 13
26.3
 23
11.0
 33
0.0
 14
32.3
 24
11.0
 34
0.0
 50
0.0
100
AcDbRotatedDimension
  0
DIMENSION
  5
1F0
330
17
100
AcDbEntity
  8
OLCU
100
AcDbDimension
280
0
  2
*D5
  3
KK50
 10
33.25
 20
6.151471862576142
 30
0.0
 11
33.17
 21
8.57573593128807
 31
0.0
 70
32
 71
5
  1
<>
100
AcDbAlignedDimension
 13
32.3
 23
6.151471862576142
 33
0.0
 14
32.3
 24
11.0
 34
0.0
 50
90.0
100
AcDbRotatedDimension
  0
DIMENSION
  5
1FF
330
17
100
AcDbEntity
  8
OLCU
100
AcDbDimension
280
0
  2
*D6
  3
KK50
 10
20.639332001349935
 20
14.833397684699442
 30
0.0
 11
23.634225121565922
 21
13.202741314251353
 31
0.0
 70
32
 71
5
  1
<>
100
AcDbAlignedDimension
 13
20.39
 23
14.4
 33
0.0
 14
26.3
 24
11.0
 34
0.0
 50
-29.91165042252978
100
AcDbRotatedDimension
  0
LWPOLYLINE
  5
20E
330
17
100
AcDbEntity
  8
BALON
100
AcDbPolyline
 90
3
 70
0
 10
32.05
 20
9.351471862576142
 10
33.3
 20
9.851471862576142
 10
34.867999999999995
 20
9.851471862576142
  0
HATCH
  5
20F
330
17
100
AcDbEntity
  8
BALON
 62
7
100
AcDbHatch
 10
0.0
 20
0.0
 30
0.0
210
0.0
220
0.0
230
1.0
  2
SOLID
 70
1
 71
0
 91
1
 92
1
 93
1
 72
2
 10
32.05
 20
9.351471862576142
 40
0.025
 50
0
 51
360
 73
1
 97
0
 75
1
 76
1
 98
0
  0
TEXT
  5
210
330
17
100
AcDbEntity
  8
YAZI
100
AcDbText
 10
33.339999999999996
 20
9.886471862576142
 30
0.0
 40
0.1
  1
LPG TANK SAHASI
  7
ARIAL
 11
33.339999999999996
 21
9.886471862576142
 31
0.0
100
AcDbText
 73
1
  0
TEXT
  5
211
330
17
100
AcDbEntity
  8
YAZI
100
AcDbText
 10
33.339999999999996
 20
9.816471862576142
 30
0.0
 40
0.1
  1
tel çitli, çakıl kaplama
  7
ARIAL
 11
33.339999999999996
 21
9.816471862576142
 31
0.0
100
AcDbText
 73
3
  0
CIRCLE
  5
212
330
17
100
AcDbEntity
  8
BASLIK
100
AcDbCircle
 10
-10.6
 20
34.2
 30
0.0
 40
0.55
  0
LWPOLYLINE
  5
213
330
17
100
AcDbEntity
  8
BASLIK
100
AcDbPolyline
 90
4
 70
1
 10
-10.6
 20
34.95
 10
-10.85
 20
33.75
 10
-10.6
 20
34.0
 10
-10.35
 20
33.75
  0
HATCH
  5
214
330
17
100
AcDbEntity
  8
BASLIK
100
AcDbHatch
 10
0.0
 20
0.0
 30
0.0
210
0.0
220
0.0
230
1.0
  2
SOLID
 70
1
 71
0
 91
1
 92
3
 72
0
 73
1
 93
3
 10
-10.6
 20
34.95
 10
-10.6
 20
34.0
 10
-10.35
 20
33.75
 97
0
 75
1
 76
1
 98
0
  0
TEXT
  5
215
330
17
100
AcDbEntity
  8
YAZI
100
AcDbText
 10
-10.6
 20
35.150000000000006
 30
0.0
 40
0.1275
  1
K
  7
ARIAL
 72
1
 11
-10.6
 21
35.150000000000006
 31
0.0
100
AcDbText
 73
1
  0
TEXT
  5
216
330
17
100
AcDbEntity
  8
BASLIK
100
AcDbText
 10
-9.6
 20
36.55
 30
0.0
 40
0.1275
  1
VAZİYET PLANI ve KATODİK KORUMA UYGULAMA PLANI
  7
ARIAL
 11
-9.6
 21
36.55
 31
0.0
100
AcDbText
 73
1
  0
LWPOLYLINE
  5
217
330
17
100
AcDbEntity
  8
BASLIK
100
AcDbPolyline
 90
2
 70
0
 10
-9.6
 20
36.5
 10
-5.763699999999999
 20
36.5
  0
LWPOLYLINE
  5
218
330
17
100
AcDbEntity
  8
YAZI
100
AcDbPolyline
 90
2
 70
0
 10
-9.6
 20
36.459999999999994
 10
-5.763699999999999
 20
36.459999999999994
  0
TEXT
  5
219
330
17
100
AcDbEntity
  8
YAZI
100
AcDbText
 10
-9.6
 20
36.39
 30
0.0
 40
0.1
  1
Ölçek 1/50
  7
ARIAL
 11
-9.6
 21
36.39
 31
0.0
100
AcDbText
 73
3
  0
TEXT
  5
21A
330
17
100
AcDbEntity
  8
BASLIK
100
AcDbText
 10
-11.6
 20
33.050000000000004
 30
0.0
 40
0.1275
  1
LEJANT
  7
ARIAL
 11
-11.6
 21
33.050000000000004
 31
0.0
100
AcDbText
 73
1
  0
LWPOLYLINE
  5
21B
330
17
100
AcDbEntity
  8
BASLIK
100
AcDbPolyline
 90
2
 70
0
 10
-11.6
 20
33.00000000000001
 10
-10.925699999999999
 20
33.00000000000001
  0
LWPOLYLINE
  5
21C
330
17
100
AcDbEntity
  8
YAZI
100
AcDbPolyline
 90
2
 70
0
 10
-11.6
 20
32.96
 10
-10.925699999999999
 20
32.96
  0
CIRCLE
  5
21D
330
17
100
AcDbEntity
  8
KK-ANOT
100
AcDbCircle
 10
-11.15
 20
32.45
 30
0.0
 40
0.17
  0
CIRCLE
  5
21E
330
17
100
AcDbEntity
  8
KK-ANOT
100
AcDbCircle
 10
-11.15
 20
32.45
 30
0.0
 40
0.09
  0
HATCH
  5
21F
330
17
100
AcDbEntity
  8
KK-ANOT
 62
30
100
AcDbHatch
 10
0.0
 20
0.0
 30
0.0
210
0.0
220
0.0
230
1.0
  2
SOLID
 70
1
 71
0
 91
1
 92
1
 93
1
 72
2
 10
-11.15
 20
32.45
 40
0.09
 50
0
 51
360
 73
1
 97
0
 75
1
 76
1
 98
0
  0
TEXT
  5
220
330
17
100
AcDbEntity
  8
YAZI
100
AcDbText
 10
-10.4
 20
32.45
 30
0.0
 40
0.1
  1
Magnezyum anot (hazır dolgulu, yüksek potansiyelli)
  7
ARIAL
 11
-10.4
 21
32.45
 31
0.0
100
AcDbText
 73
2
  0
LWPOLYLINE
  5
221
330
17
100
AcDbEntity
  8
KK-OLCUM
100
AcDbPolyline
 90
4
 70
1
 10
-11.35
 20
31.880000000000003
 10
-10.950000000000001
 20
31.880000000000003
 10
-10.950000000000001
 20
32.18
 10
-11.35
 20
32.18
  0
HATCH
  5
222
330
17
100
AcDbEntity
  8
KK-OLCUM
 62
2
100
AcDbHatch
 10
0.0
 20
0.0
 30
0.0
210
0.0
220
0.0
230
1.0
  2
SOLID
 70
1
 71
0
 91
1
 92
3
 72
0
 73
1
 93
3
 10
-11.35
 20
31.880000000000003
 10
-10.950000000000001
 20
32.18
 10
-11.35
 20
32.18
 97
0
 75
1
 76
1
 98
0
  0
TEXT
  5
223
330
17
100
AcDbEntity
  8
YAZI
100
AcDbText
 10
-10.4
 20
32.03
 30
0.0
 40
0.1
  1
Ölçüm (test) kutusu - ÖK
  7
ARIAL
 11
-10.4
 21
32.03
 31
0.0
100
AcDbText
 73
2
  0
CIRCLE
  5
224
330
17
100
AcDbEntity
  8
KK-OLCUM
100
AcDbCircle
 10
-11.15
 20
31.610000000000003
 30
0.0
 40
0.1
  0
LWPOLYLINE
  5
225
330
17
100
AcDbEntity
  8
KK-OLCUM
100
AcDbPolyline
 90
2
 70
0
 10
-11.22
 20
31.610000000000003
 10
-11.08
 20
31.610000000000003
  0
LWPOLYLINE
  5
226
330
17
100
AcDbEntity
  8
KK-OLCUM
100
AcDbPolyline
 90
2
 70
0
 10
-11.15
 20
31.540000000000003
 10
-11.15
 20
31.680000000000003
  0
TEXT
  5
227
330
17
100
AcDbEntity
  8
YAZI
100
AcDbText
 10
-10.4
 20
31.610000000000003
 30
0.0
 40
0.1
  1
Kalıcı Cu/CuSO4 referans elektrot - RE
  7
ARIAL
 11
-10.4
 21
31.610000000000003
 31
0.0
100
AcDbText
 73
2
  0
LWPOLYLINE
  5
228
330
17
100
AcDbEntity
  8
KK-IZOLASYON
100
AcDbPolyline
 90
2
 70
0
 10
-11.200000000000001
 20
31.07
 10
-11.200000000000001
 20
31.310000000000002
  0
LWPOLYLINE
  5
229
330
17
100
AcDbEntity
  8
KK-IZOLASYON
100
AcDbPolyline
 90
2
 70
0
 10
-11.1
 20
31.07
 10
-11.1
 20
31.310000000000002
  0
LWPOLYLINE
  5
22A
330
17
100
AcDbEntity
  8
LPG-HAT
100
AcDbPolyline
 90
2
 70
0
 10
-11.55
 20
31.19
 10
-11.200000000000001
 20
31.19
  0
LWPOLYLINE
  5
22B
330
17
100
AcDbEntity
  8
LPG-HAT
100
AcDbPolyline
 90
2
 70
0
 10
-11.1
 20
31.19
 10
-10.75
 20
31.19
  0
TEXT
  5
22C
330
17
100
AcDbEntity
  8
YAZI
100
AcDbText
 10
-10.4
 20
31.19
 30
0.0
 40
0.1
  1
İzole flanş kiti - İF
  7
ARIAL
 11
-10.4
 21
31.19
 31
0.0
100
AcDbText
 73
2
  0
LWPOLYLINE
  5
22D
330
17
100
AcDbEntity
  8
KK-KABLO
100
AcDbPolyline
 90
2
 70
0
 10
-11.55
 20
30.770000000000003
 10
-10.75
 20
30.770000000000003
  0
TEXT
  5
22E
330
17
100
AcDbEntity
  8
YAZI
100
AcDbText
 10
-10.4
 20
30.770000000000003
 30
0.0
 40
0.1
  1
Katodik koruma kablosu (toprak altı)
  7
ARIAL
 11
-10.4
 21
30.770000000000003
 31
0.0
100
AcDbText
 73
2
  0
LWPOLYLINE
  5
22F
330
17
100
AcDbEntity
  8
LPG-HAT
100
AcDbPolyline
 90
2
 70
0
 10
-11.55
 20
30.35
 10
-10.75
 20
30.35
  0
TEXT
  5
230
330
17
100
AcDbEntity
  8
YAZI
100
AcDbText
 10
-10.4
 20
30.35
 30
0.0
 40
0.1
  1
LPG hattı (SCH80 dikişsiz çelik)
  7
ARIAL
 11
-10.4
 21
30.35
 31
0.0
100
AcDbText
 73
2
  0
LWPOLYLINE
  5
231
330
17
100
AcDbEntity
  8
LPG-TANK
100
AcDbPolyline
 90
2
 70
0
 10
-11.55
 20
29.930000000000003
 10
-10.75
 20
29.930000000000003
  0
TEXT
  5
232
330
17
100
AcDbEntity
  8
YAZI
100
AcDbText
 10
-10.4
 20
29.930000000000003
 30
0.0
 40
0.1
  1
LPG tankı (yeraltı, görünmeyen)
  7
ARIAL
 11
-10.4
 21
29.930000000000003
 31
0.0
100
AcDbText
 73
2
  0
LWPOLYLINE
  5
233
330
17
100
AcDbEntity
  8
KK-OLCUM
100
AcDbPolyline
 90
2
 70
0
 10
-11.21
 20
29.450000000000003
 10
-11.09
 20
29.57
  0
LWPOLYLINE
  5
234
330
17
100
AcDbEntity
  8
KK-OLCUM
100
AcDbPolyline
 90
2
 70
0
 10
-11.21
 20
29.57
 10
-11.09
 20
29.450000000000003
  0
TEXT
  5
235
330
17
100
AcDbEntity
  8
YAZI
100
AcDbText
 10
-10.4
 20
29.51
 30
0.0
 40
0.1
  1
Tank kablo bağlantısı (termit kaynak / pin brazing)
  7
ARIAL
 11
-10.4
 21
29.51
 31
0.0
100
AcDbText
 73
2
  0
LWPOLYLINE
  5
236
330
17
100
AcDbEntity
  8
CIT
100
AcDbPolyline
 90
2
 70
0
 10
-11.55
 20
29.090000000000003
 10
-10.75
 20
29.090000000000003
  0
LWPOLYLINE
  5
237
330
17
100
AcDbEntity
  8
CIT
100
AcDbPolyline
 90
4
 70
1
 10
-11.200000000000001
 20
29.040000000000003
 10
-11.1
 20
29.040000000000003
 10
-11.1
 20
29.140000000000004
 10
-11.200000000000001
 20
29.140000000000004
  0
TEXT
  5
238
330
17
100
AcDbEntity
  8
YAZI
100
AcDbText
 10
-10.4
 20
29.090000000000003
 30
0.0
 40
0.1
  1
Tel çit ve direk
  7
ARIAL
 11
-10.4
 21
29.090000000000003
 31
0.0
100
AcDbText
 73
2
  0
LWPOLYLINE
  5
239
330
17
100
AcDbEntity
  8
BARIYER
100
AcDbPolyline
 90
4
 70
1
 10
-11.55
 20
28.635
 10
-10.75
 20
28.635
 10
-10.75
 20
28.705000000000002
 10
-11.55
 20
28.705000000000002
  0
TEXT
  5
23A
330
17
100
AcDbEntity
  8
YAZI
100
AcDbText
 10
-10.4
 20
28.67
 30
0.0
 40
0.1
  1
Çarpma bariyeri (U boru)
  7
ARIAL
 11
-10.4
 21
28.67
 31
0.0
100
AcDbText
 73
2
  0
CIRCLE
  5
23B
330
17
100
AcDbEntity
  8
YANGIN
100
AcDbCircle
 10
-11.15
 20
28.250000000000004
 30
0.0
 40
0.14
  0
HATCH
  5
23C
330
17
100
AcDbEntity
  8
YANGIN
 62
1
100
AcDbHatch
 10
0.0
 20
0.0
 30
0.0
210
0.0
220
0.0
230
1.0
  2
SOLID
 70
1
 71
0
 91
1
 92
3
 72
0
 73
1
 93
3
 10
-11.290000000000001
 20
28.250000000000004
 10
-11.01
 20
28.250000000000004
 10
-11.15
 20
28.390000000000004
 97
0
 75
1
 76
1
 98
0
  0
TEXT
  5
23D
330
17
100
AcDbEntity
  8
YAZI
100
AcDbText
 10
-10.4
 20
28.250000000000004
 30
0.0
 40
0.1
  1
Yangın söndürme cihazı (YSC)
  7
ARIAL
 11
-10.4
 21
28.250000000000004
 31
0.0
100
AcDbText
 73
2
  0
LWPOLYLINE
  5
23E
330
17
100
AcDbEntity
  8
KANOPI
100
AcDbPolyline
 90
2
 70
0
 10
-11.55
 20
27.830000000000002
 10
-10.75
 20
27.830000000000002
  0
TEXT
  5
23F
330
17
100
AcDbEntity
  8
YAZI
100
AcDbText
 10
-10.4
 20
27.830000000000002
 30
0.0
 40
0.1
  1
Kanopi izdüşümü
  7
ARIAL
 11
-10.4
 21
27.830000000000002
 31
0.0
100
AcDbText
 73
2
  0
LWPOLYLINE
  5
240
330
17
100
AcDbEntity
  8
KESIT-HATTI
100
AcDbPolyline
 90
2
 70
0
 10
-11.55
 20
27.410000000000004
 10
-10.75
 20
27.410000000000004
  0
TEXT
  5
241
330
17
100
AcDbEntity
  8
YAZI
100
AcDbText
 10
-10.4
 20
27.410000000000004
 30
0.0
 40
0.1
  1
Kesit hattı
  7
ARIAL
 11
-10.4
 21
27.410000000000004
 31
0.0
100
AcDbText
 73
2
  0
TEXT
  5
242
330
17
100
AcDbEntity
  8
BASLIK
100
AcDbText
 10
-11.6
 20
26.54
 30
0.0
 40
0.1275
  1
KATODİK KORUMA MALZEME LİSTESİ
  7
ARIAL
 11
-11.6
 21
26.54
 31
0.0
100
AcDbText
 73
1
  0
LWPOLYLINE
  5
243
330
17
100
AcDbEntity
  8
BASLIK
100
AcDbPolyline
 90
2
 70
0
 10
-11.6
 20
26.49
 10
-9.0285
 20
26.49
  0
LWPOLYLINE
  5
244
330
17
100
AcDbEntity
  8
YAZI
100
AcDbPolyline
 90
2
 70
0
 10
-11.6
 20
26.45
 10
-9.0285
 20
26.45
  0
LWPOLYLINE
  5
245
330
17
100
AcDbEntity
  8
TABLO
100
AcDbPolyline
 90
4
 70
1
 10
-11.6
 20
25.93
 10
1.9499999999999993
 20
25.93
 10
1.9499999999999993
 20
26.29
 10
-11.6
 20
26.29
  0
HATCH
  5
246
330
17
100
AcDbEntity
  8
TABLO-INCE
100
AcDbHatch
 10
0.0
 20
0.0
 30
0.0
210
0.0
220
0.0
230
1.0
  2
ANSI31
 70
0
 71
0
 91
1
 92
3
 72
0
 73
1
 93
4
 10
-11.6
 20
25.93
 10
1.9499999999999993
 20
25.93
 10
1.9499999999999993
 20
26.29
 10
-11.6
 20
26.29
 97
0
 75
1
 76
1
 52
0.0
 41
0.02
 77
0
 78
1
 53
45.0
 43
0.0
 44
0.0
 45
-0.0449012806
 46
0.0449012806
 79
0
 98
0
  0
TEXT
  5
247
330
17
100
AcDbEntity
  8
YAZI
100
AcDbText
 10
-11.325
 20
26.11
 30
0.0
 40
0.1
  1
POZ
  7
ARIAL
 72
1
 11
-11.325
 21
26.11
 31
0.0
100
AcDbText
 73
2
  0
TEXT
  5
248
330
17
100
AcDbEntity
  8
YAZI
100
AcDbText
 10
-7.249999999999999
 20
26.11
 30
0.0
 40
0.1
  1
MALZEME
  7
ARIAL
 72
1
 11
-7.249999999999999
 21
26.11
 31
0.0
100
AcDbText
 73
2
  0
TEXT
  5
249
330
17
100
AcDbEntity
  8
YAZI
100
AcDbText
 10
-2.8999999999999995
 20
26.11
 30
0.0
 40
0.1
  1
MİKTAR
  7
ARIAL
 72
1
 11
-2.8999999999999995
 21
26.11
 31
0.0
100
AcDbText
 73
2
  0
TEXT
  5
24A
330
17
100
AcDbEntity
  8
YAZI
100
AcDbText
 10
-0.1999999999999993
 20
26.11
 30
0.0
 40
0.1
  1
YERİ / AÇIKLAMA
  7
ARIAL
 72
1
 11
-0.1999999999999993
 21
26.11
 31
0.0
100
AcDbText
 73
2
  0
LWPOLYLINE
  5
24B
330
17
100
AcDbEntity
  8
TABLO-INCE
100
AcDbPolyline
 90
2
 70
0
 10
-11.6
 20
25.63
 10
1.9499999999999993
 20
25.63
  0
TEXT
  5
24C
330
17
100
AcDbEntity
  8
YAZI
100
AcDbText
 10
-11.325
 20
25.78
 30
0.0
 40
0.1
  1
K1
  7
ARIAL
 72
1
 11
-11.325
 21
25.78
 31
0.0
100
AcDbText
 73
2
  0
TEXT
  5
24D
330
17
100
AcDbEntity
  8
YAZI
100
AcDbText
 10
-10.969999999999999
 20
25.78
 30
0.0
 40
0.1
  1
Mg anot, yüksek potansiyelli, hazır dolgulu 10 Lb (4,5 kg) - tank
  7
ARIAL
 11
-10.969999999999999
 21
25.78
 31
0.0
100
AcDbText
 73
2
  0
TEXT
  5
24E
330
17
100
AcDbEntity
  8
YAZI
100
AcDbText
 10
-2.8999999999999995
 20
25.78
 30
0.0
 40
0.1
  1
2 ad.
  7
ARIAL
 72
1
 11
-2.8999999999999995
 21
25.78
 31
0.0
100
AcDbText
 73
2
  0
TEXT
  5
24F
330
17
100
AcDbEntity
  8
YAZI
100
AcDbText
 10
-2.269999999999999
 20
25.78
 30
0.0
 40
0.1
  1
MA-1, MA-2 (poz 24)
  7
ARIAL
 11
-2.269999999999999
 21
25.78
 31
0.0
100
AcDbText
 73
2
  0
LWPOLYLINE
  5
250
330
17
100
AcDbEntity
  8
TABLO-INCE
100
AcDbPolyline
 90
2
 70
0
 10
-11.6
 20
25.33
 10
1.9499999999999993
 20
25.33
  0
TEXT
  5
251
330
17
100
AcDbEntity
  8
YAZI
100
AcDbText
 10
-11.325
 20
25.48
 30
0.0
 40
0.1
  1
K2
  7
ARIAL
 72
1
 11
-11.325
 21
25.48
 31
0.0
100
AcDbText
 73
2
  0
TEXT
  5
252
330
17
100
AcDbEntity
  8
YAZI
100
AcDbText
 10
-10.969999999999999
 20
25.48
 30
0.0
 40
0.1
  1
Mg anot, yüksek potansiyelli, hazır dolgulu 3,5 Lb (1,6 kg) - hat/dispenser
  7
ARIAL
 11
-10.969999999999999
 21
25.48
 31
0.0
100
AcDbText
 73
2
  0
TEXT
  5
253
330
17
100
AcDbEntity
  8
YAZI
100
AcDbText
 10
-2.8999999999999995
 20
25.48
 30
0.0
 40
0.1
  1
2 ad.
  7
ARIAL
 72
1
 11
-2.8999999999999995
 21
25.48
 31
0.0
100
AcDbText
 73
2
  0
TEXT
  5
254
330
17
100
AcDbEntity
  8
YAZI
100
AcDbText
 10
-2.269999999999999
 20
25.48
 30
0.0
 40
0.1
  1
MA-3, MA-4 (poz 17)
  7
ARIAL
 11
-2.269999999999999
 21
25.48
 31
0.0
100
AcDbText
 73
2
  0
LWPOLYLINE
  5
255
330
17
100
AcDbEntity
  8
TABLO-INCE
100
AcDbPolyline
 90
2
 70
0
 10
-11.6
 20
25.029999999999998
 10
1.9499999999999993
 20
25.029999999999998
  0
TEXT
  5
256
330
17
100
AcDbEntity
  8
YAZI
100
AcDbText
 10
-11.325
 20
25.18
 30
0.0
 40
0.1
  1
K3
  7
ARIAL
 72
1
 11
-11.325
 21
25.18
 31
0.0
100
AcDbText
 73
2
  0
TEXT
  5
257
330
17
100
AcDbEntity
  8
YAZI
100
AcDbText
 10
-10.969999999999999
 20
25.18
 30
0.0
 40
0.1
  1
Ölçüm kutusu, IP65, terminal + 0,01 Ω şönt + sökülebilir köprü
  7
ARIAL
 11
-10.969999999999999
 21
25.18
 31
0.0
100
AcDbText
 73
2
  0
TEXT
  5
258
330
17
100
AcDbEntity
  8
YAZI
100
AcDbText
 10
-2.8999999999999995
 20
25.18
 30
0.0
 40
0.1
  1
2 ad.
  7
ARIAL
 72
1
 11
-2.8999999999999995
 21
25.18
 31
0.0
100
AcDbText
 73
2
  0
TEXT
  5
259
330
17
100
AcDbEntity
  8
YAZI
100
AcDbText
 10
-2.269999999999999
 20
25.18
 30
0.0
 40
0.1
  1
ÖK-1, ÖK-2
  7
ARIAL
 11
-2.269999999999999
 21
25.18
 31
0.0
100
AcDbText
 73
2
  0
LWPOLYLINE
  5
25A
330
17
100
AcDbEntity
  8
TABLO-INCE
100
AcDbPolyline
 90
2
 70
0
 10
-11.6
 20
24.729999999999997
 10
1.9499999999999993
 20
24.729999999999997
  0
TEXT
  5
25B
330
17
100
AcDbEntity
  8
YAZI
100
AcDbText
 10
-11.325
 20
24.88
 30
0.0
 40
0.1
  1
K4
  7
ARIAL
 72
1
 11
-11.325
 21
24.88
 31
0.0
100
AcDbText
 73
2
  0
TEXT
  5
25C
330
17
100
AcDbEntity
  8
YAZI
100
AcDbText
 10
-10.969999999999999
 20
24.88
 30
0.0
 40
0.1
  1
Kalıcı Cu/CuSO4 referans elektrot (ömür ≥ 20 yıl)
  7
ARIAL
 11
-10.969999999999999
 21
24.88
 31
0.0
100
AcDbText
 73
2
  0
TEXT
  5
25D
330
17
100
AcDbEntity
  8
YAZI
100
AcDbText
 10
-2.8999999999999995
 20
24.88
 30
0.0
 40
0.1
  1
1 ad.
  7
ARIAL
 72
1
 11
-2.8999999999999995
 21
24.88
 31
0.0
100
AcDbText
 73
2
  0
TEXT
  5
25E
330
17
100
AcDbEntity
  8
YAZI
100
AcDbText
 10
-2.269999999999999
 20
24.88
 30
0.0
 40
0.1
  1
RE (tank yanı)
  7
ARIAL
 11
-2.269999999999999
 21
24.88
 31
0.0
100
AcDbText
 73
2
  0
LWPOLYLINE
  5
25F
330
17
100
AcDbEntity
  8
TABLO-INCE
100
AcDbPolyline
 90
2
 70
0
 10
-11.6
 20
24.429999999999996
 10
1.9499999999999993
 20
24.429999999999996
  0
TEXT
  5
260
330
17
100
AcDbEntity
  8
YAZI
100
AcDbText
 10
-11.325
 20
24.58
 30
0.0
 40
0.1
  1
K5
  7
ARIAL
 72
1
 11
-11.325
 21
24.58
 31
0.0
100
AcDbText
 73
2
  0
TEXT
  5
261
330
17
100
AcDbEntity
  8
YAZI
100
AcDbText
 10
-10.969999999999999
 20
24.58
 30
0.0
 40
0.1
  1
İzole flanş kiti PN40 (conta + manşon + pul)
  7
ARIAL
 11
-10.969999999999999
 21
24.58
 31
0.0
100
AcDbText
 73
2
  0
TEXT
  5
262
330
17
100
AcDbEntity
  8
YAZI
100
AcDbText
 10
-2.8999999999999995
 20
24.58
 30
0.0
 40
0.1
  1
6 ad.
  7
ARIAL
 72
1
 11
-2.8999999999999995
 21
24.58
 31
0.0
100
AcDbText
 73
2
  0
TEXT
  5
263
330
17
100
AcDbEntity
  8
YAZI
100
AcDbText
 10
-2.269999999999999
 20
24.58
 30
0.0
 40
0.1
  1
İF-1...İF-6 (poz 13)
  7
ARIAL
 11
-2.269999999999999
 21
24.58
 31
0.0
100
AcDbText
 73
2
  0
LWPOLYLINE
  5
264
330
17
100
AcDbEntity
  8
TABLO-INCE
100
AcDbPolyline
 90
2
 70
0
 10
-11.6
 20
24.129999999999995
 10
1.9499999999999993
 20
24.129999999999995
  0
TEXT
  5
265
330
17
100
AcDbEntity
  8
YAZI
100
AcDbText
 10
-11.325
 20
24.279999999999998
 30
0.0
 40
0.1
  1
K6
  7
ARIAL
 72
1
 11
-11.325
 21
24.279999999999998
 31
0.0
100
AcDbText
 73
2
  0
TEXT
  5
266
330
17
100
AcDbEntity
  8
YAZI
100
AcDbText
 10
-10.969999999999999
 20
24.279999999999998
 30
0.0
 40
0.1
  1
NYY 1x6 mm² anot kablosu / NYY 1x10 mm² yapı kablosu
  7
ARIAL
 11
-10.969999999999999
 21
24.279999999999998
 31
0.0
100
AcDbText
 73
2
  0
TEXT
  5
267
330
17
100
AcDbEntity
  8
YAZI
100
AcDbText
 10
-2.8999999999999995
 20
24.279999999999998
 30
0.0
 40
0.1
  1
55 m
  7
ARIAL
 72
1
 11
-2.8999999999999995
 21
24.279999999999998
 31
0.0
100
AcDbText
 73
2
  0
TEXT
  5
268
330
17
100
AcDbEntity
  8
YAZI
100
AcDbText
 10
-2.269999999999999
 20
24.279999999999998
 30
0.0
 40
0.1
  1
Toprak altı -60 cm
  7
ARIAL
 11
-2.269999999999999
 21
24.279999999999998
 31
0.0
100
AcDbText
 73
2
  0
LWPOLYLINE
  5
269
330
17
100
AcDbEntity
  8
TABLO-INCE
100
AcDbPolyline
 90
2
 70
0
 10
-11.6
 20
23.829999999999995
 10
1.9499999999999993
 20
23.829999999999995
  0
TEXT
  5
26A
330
17
100
AcDbEntity
  8
YAZI
100
AcDbText
 10
-11.325
 20
23.979999999999997
 30
0.0
 40
0.1
  1
K7
  7
ARIAL
 72
1
 11
-11.325
 21
23.979999999999997
 31
0.0
100
AcDbText
 73
2
  0
TEXT
  5
26B
330
17
100
AcDbEntity
  8
YAZI
100
AcDbText
 10
-10.969999999999999
 20
23.979999999999997
 30
0.0
 40
0.1
  1
Termit kaynak / pin brazing bağlantı + kaplama tamir seti
  7
ARIAL
 11
-10.969999999999999
 21
23.979999999999997
 31
0.0
100
AcDbText
 73
2
  0
TEXT
  5
26C
330
17
100
AcDbEntity
  8
YAZI
100
AcDbText
 10
-2.8999999999999995
 20
23.979999999999997
 30
0.0
 40
0.1
  1
3 ad.
  7
ARIAL
 72
1
 11
-2.8999999999999995
 21
23.979999999999997
 31
0.0
100
AcDbText
 73
2
  0
TEXT
  5
26D
330
17
100
AcDbEntity
  8
YAZI
100
AcDbText
 10
-2.269999999999999
 20
23.979999999999997
 30
0.0
 40
0.1
  1
Tank (2), hat (1)
  7
ARIAL
 11
-2.269999999999999
 21
23.979999999999997
 31
0.0
100
AcDbText
 73
2
  0
LWPOLYLINE
  5
26E
330
17
100
AcDbEntity
  8
TABLO-INCE
100
AcDbPolyline
 90
2
 70
0
 10
-11.6
 20
23.529999999999994
 10
1.9499999999999993
 20
23.529999999999994
  0
TEXT
  5
26F
330
17
100
AcDbEntity
  8
YAZI
100
AcDbText
 10
-11.325
 20
23.679999999999996
 30
0.0
 40
0.1
  1
K8
  7
ARIAL
 72
1
 11
-11.325
 21
23.679999999999996
 31
0.0
100
AcDbText
 73
2
  0
TEXT
  5
270
330
17
100
AcDbEntity
  8
YAZI
100
AcDbText
 10
-10.969999999999999
 20
23.679999999999996
 30
0.0
 40
0.1
  1
Kablo ikaz bandı (sarı, 'DİKKAT KATODİK KORUMA KABLOSU')
  7
ARIAL
 11
-10.969999999999999
 21
23.679999999999996
 31
0.0
100
AcDbText
 73
2
  0
TEXT
  5
271
330
17
100
AcDbEntity
  8
YAZI
100
AcDbText
 10
-2.8999999999999995
 20
23.679999999999996
 30
0.0
 40
0.1
  1
30 m
  7
ARIAL
 72
1
 11
-2.8999999999999995
 21
23.679999999999996
 31
0.0
100
AcDbText
 73
2
  0
TEXT
  5
272
330
17
100
AcDbEntity
  8
YAZI
100
AcDbText
 10
-2.269999999999999
 20
23.679999999999996
 30
0.0
 40
0.1
  1
-30 cm
  7
ARIAL
 11
-2.269999999999999
 21
23.679999999999996
 31
0.0
100
AcDbText
 73
2
  0
LWPOLYLINE
  5
273
330
17
100
AcDbEntity
  8
TABLO
100
AcDbPolyline
 90
4
 70
1
 10
-11.6
 20
23.529999999999994
 10
1.9499999999999993
 20
23.529999999999994
 10
1.9499999999999993
 20
26.29
 10
-11.6
 20
26.29
  0
LWPOLYLINE
  5
274
330
17
100
AcDbEntity
  8
TABLO-INCE
100
AcDbPolyline
 90
2
 70
0
 10
-11.049999999999999
 20
23.529999999999994
 10
-11.049999999999999
 20
26.29
  0
LWPOLYLINE
  5
275
330
17
100
AcDbEntity
  8
TABLO-INCE
100
AcDbPolyline
 90
2
 70
0
 10
-3.4499999999999993
 20
23.529999999999994
 10
-3.4499999999999993
 20
26.29
  0
LWPOLYLINE
  5
276
330
17
100
AcDbEntity
  8
TABLO-INCE
100
AcDbPolyline
 90
2
 70
0
 10
-2.349999999999999
 20
23.529999999999994
 10
-2.349999999999999
 20
26.29
  0
TEXT
  5
277
330
17
100
AcDbEntity
  8
BASLIK
100
AcDbText
 10
-11.6
 20
22.879999999999995
 30
0.0
 40
0.1275
  1
GENEL NOTLAR
  7
ARIAL
 11
-11.6
 21
22.879999999999995
 31
0.0
100
AcDbText
 73
1
  0
LWPOLYLINE
  5
278
330
17
100
AcDbEntity
  8
BASLIK
100
AcDbPolyline
 90
2
 70
0
 10
-11.6
 20
22.829999999999995
 10
-10.4514
 20
22.829999999999995
  0
LWPOLYLINE
  5
279
330
17
100
AcDbEntity
  8
YAZI
100
AcDbPolyline
 90
2
 70
0
 10
-11.6
 20
22.789999999999996
 10
-10.4514
 20
22.789999999999996
  0
MTEXT
  5
27A
330
17
100
AcDbEntity
  8
YAZI
100
AcDbMText
 10
-11.6
 20
22.629999999999995
 30
0.0
 40
0.1
 41
13.6
 71
1
  3
1. LPG tankı ve toprak altı LPG hatları galvanik (kurban) anotlu katodik koruma sistemi ile korunmaktadır; harici akım kaynağı yoktur.\P2. Uygulanan standartlar: TS EN 12954, TS EN 13636 (yeraltı metal tank ve boruların KK), TS EN 13509 (ölçüm teknik
  3
leri), TS EN 12068 (dış kaplamalar), LPG Piyasası Teknik Düzenleme Yönetmeliği.\P3. Koruma kriteri: IR'siz (kesik akım) potansiyel Eoff ≤ -850 mV (Cu/CuSO4). Kaplama hasarını önlemek için Eoff ≥ -1200 mV olmalıdır.\P4. Tank, hat ve dispenser bağlantı
  3
ları izole flanş kitleri (İF-1...İF-6) ile tesisatın diğer kısımlarından elektriksel olarak ayrılmıştır. İzolasyon devreye almada kontrol edilecektir.\P5. Topraklama ile KK sistemi arasında doğrudan bağlantı yapılmayacak; gerekirse DC dekuplör kullan
  3
ılacaktır.\P6. Anotlar tank ekseni kotunda doğal zemine, ıslatılarak yerleştirilmiştir. KK kabloları -60 cm derinlikte, üzerinde kablo ikaz bandı ile döşenmiştir.\P7. Ölçümler yılda en az bir kez yapılıp kayıt altına alınacaktır: tank/zemin potansiye
  1
li (ON/OFF), anot akımları (şönt üzerinden), izole flanş kontrolü.
  7
ARIAL
 44
1.35
  0
TEXT
  5
27B
330
17
100
AcDbEntity
  8
BASLIK
100
AcDbText
 10
40.4
 20
36.55
 30
0.0
 40
0.1275
  1
İZOMETRİK TESİSAT ŞEMASI
  7
ARIAL
 11
40.4
 21
36.55
 31
0.0
100
AcDbText
 73
1
  0
LWPOLYLINE
  5
27C
330
17
100
AcDbEntity
  8
BASLIK
100
AcDbPolyline
 90
2
 70
0
 10
40.4
 20
36.5
 10
42.4972
 20
36.5
  0
LWPOLYLINE
  5
27D
330
17
100
AcDbEntity
  8
YAZI
100
AcDbPolyline
 90
2
 70
0
 10
40.4
 20
36.459999999999994
 10
42.4972
 20
36.459999999999994
  0
TEXT
  5
27E
330
17
100
AcDbEntity
  8
YAZI
100
AcDbText
 10
40.4
 20
36.39
 30
0.0
 40
0.1
  1
Tek tank / tek dispenser LPG tesisatı (ölçeksiz).
  7
ARIAL
 11
40.4
 21
36.39
 31
0.0
100
AcDbText
 73
3
  0
LWPOLYLINE
  5
27F
330
17
100
AcDbEntity
  8
IZO
100
AcDbPolyline
 90
90
 70
1
 10
47.779162
 20
19.575127
 10
47.782568
 20
19.483079
 10
47.79276
 20
19.387798
 10
47.809662
 20
19.290011
 10
47.822016
 20
19.229892
 10
47.843337
 20
19.139502
 10
47.87047
 20
19.048199
 10
47.903209
 20
18.956677
 10
47.941304
 20
18.865634
 10
47.984466
 20
18.775763
 10
48.032366
 20
18.687747
 10
48.084641
 20
18.602256
 10
48.140891
 20
18.51994
 10
48.200688
 20
18.441427
 10
48.263579
 20
18.367314
 10
48.329083
 20
18.298165
 10
48.396703
 20
18.234505
 10
48.44259
 20
18.193747
 10
48.518826
 20
18.130216
 10
48.596245
 20
18.073749
 10
48.674258
 20
18.024775
 10
48.75227
 20
17.983668
 10
48.829689
 20
17.950739
 10
48.912984
 20
17.918133
 10
48.994358
 20
17.891983
 10
49.07385
 20
17.875029
 10
49.150856
 20
17.867402
 10
49.243049
 20
17.86416
 10
49.319829
 20
17.865983
 10
49.392833
 20
17.877538
 10
49.461506
 20
17.898736
 10
49.548032
 20
17.928572
 10
49.612647
 20
17.959634
 10
54.886741
 20
21.004634
 10
54.94595
 20
21.045061
 10
55.015051
 20
21.105077
 10
55.067746
 20
21.15395
 10
55.114255
 20
21.211396
 10
55.154224
 20
21.276978
 10
55.197513
 20
21.358441
 10
55.229409
 20
21.428943
 10
55.254473
 20
21.506262
 10
55.272513
 20
21.589809
 10
55.285924
 20
21.678247
 10
55.296116
 20
21.761759
 10
55.299522
 20
21.849873
 10
55.296116
 20
21.941921
 10
55.285924
 20
22.037202
 10
55.269023
 20
22.134989
 10
55.256668
 20
22.195108
 10
55.235347
 20
22.285498
 10
55.208214
 20
22.376801
 10
55.175476
 20
22.468323
 10
55.13738
 20
22.559366
 10
55.094218
 20
22.649237
 10
55.046318
 20
22.737253
 10
54.994044
 20
22.822744
 10
54.937794
 20
22.90506
 10
54.877996
 20
22.983573
 10
54.815105
 20
23.057686
 10
54.749601
 20
23.126835
 10
54.681981
 20
23.190495
 10
54.636094
 20
23.231253
 10
54.559858
 20
23.294784
 10
54.482439
 20
23.351251
 10
54.404426
 20
23.400225
 10
54.326414
 20
23.441332
 10
54.248995
 20
23.474261
 10
54.1657
 20
23.506867
 10
54.084326
 20
23.533017
 10
54.004834
 20
23.549971
 10
53.927829
 20
23.557598
 10
53.835635
 20
23.56084
 10
53.758855
 20
23.559017
 10
53.685851
 20
23.547462
 10
53.617178
 20
23.526264
 10
53.530652
 20
23.496428
 10
53.466037
 20
23.465366
 10
48.191943
 20
20.420366
 10
48.132735
 20
20.379939
 10
48.063633
 20
20.319923
 10
48.010938
 20
20.27105
 10
47.96443
 20
20.213604
 10
47.924461
 20
20.148022
 10
47.881171
 20
20.066559
 10
47.849275
 20
19.996057
 10
47.824211
 20
19.918738
 10
47.806171
 20
19.835191
 10
47.79276
 20
19.746753
 10
47.782568
 20
19.663241
  0
LWPOLYLINE
  5
280
330
17
100
AcDbEntity
  8
GIZLI
100
AcDbPolyline
 90
11
 70
0
 10
47.89770526580502
 20
19.77
 10
47.9015280320261
 20
19.868893586480496
 10
47.91296723713014
 20
19.96262038284072
 10
47.93193582185911
 20
20.050467071566583
 10
47.9582894238297
 20
20.1317650863136
 10
47.991827476218155
 20
20.205895700100466
 10
48.03229473419497
 20
20.272294734194972
 10
48.07938321749216
 20
20.330456851854827
 10
48.13273455431901
 20
20.37993940424539
 10
48.19194270878785
 20
20.42036579926459
 10
48.256557071092324
 20
20.451428367636204
  0
LWPOLYLINE
  5
281
330
17
100
AcDbEntity
  8
IZO
100
AcDbPolyline
 90
36
 70
0
 10
48.256557071092324
 20
20.451428367636204
 10
48.326085886920076
 20
20.472890704458834
 10
48.4
 20
20.48458946838995
 10
48.477736879301
 20
20.486435624772117
 10
48.55870490023278
 20
20.47841512324054
 10
48.64228784726624
 20
20.46058900465478
 10
48.72784960370567
 20
20.43309293654098
 10
48.81473899292097
 20
20.396136180580065
 10
48.902294734194975
 20
20.349999999999998
 10
48.98985047546898
 20
20.295035518992783
 10
49.07673986468428
 20
20.23166105044734
 10
49.16230162112371
 20
20.160358912335855
 10
49.24588456815716
 20
20.081671756982765
 10
49.32685258908894
 20
19.996198441152906
 10
49.40458946838995
 20
19.904589468389947
 10
49.47850358146987
 20
19.807542038291622
 10
49.54803239729762
 20
19.70579474039982
 10
49.61264675960209
 20
19.600121933088197
 10
49.67185491407094
 20
19.49132785022738
 10
49.72520625089779
 20
19.380240480479596
 10
49.77229473419497
 20
19.267705265805024
 10
49.812761992171794
 20
19.154578667137955
 10
49.846300044560245
 20
19.041721646201946
 10
49.87265364653083
 20
18.929993113071262
 10
49.89162223125981
 20
18.820243389346558
 10
49.90306143636384
 20
18.71330773669407
 10
49.90688420258492
 20
18.61
 10
49.90306143636384
 20
18.511106413519503
 10
49.89162223125981
 20
18.41737961715928
 10
49.87265364653083
 20
18.329532928433416
 10
49.846300044560245
 20
18.248234913686396
 10
49.812761992171794
 20
18.17410429989953
 10
49.77229473419497
 20
18.107705265805023
 10
49.72520625089779
 20
18.04954314814517
 10
49.67185491407094
 20
18.000060595754604
 10
49.61264675960209
 20
17.959634200735405
  0
LWPOLYLINE
  5
282
330
17
100
AcDbEntity
  8
GIZLI
100
AcDbPolyline
 90
28
 70
0
 10
49.61264675960209
 20
17.959634200735405
 10
49.54803239729762
 20
17.92857163236379
 10
49.47850358146987
 20
17.90710929554116
 10
49.40458946838995
 20
17.89541053161005
 10
49.32685258908894
 20
17.89356437522788
 10
49.24588456815716
 20
17.901584876759458
 10
49.16230162112371
 20
17.919410995345217
 10
49.07673986468428
 20
17.94690706345902
 10
48.98985047546898
 20
17.98386381941993
 10
48.902294734194975
 20
18.029999999999998
 10
48.81473899292097
 20
18.084964481007216
 10
48.72784960370567
 20
18.148338949552656
 10
48.64228784726624
 20
18.21964108766414
 10
48.55870490023278
 20
18.298328243017234
 10
48.477736879301
 20
18.38380155884709
 10
48.4
 20
18.47541053161005
 10
48.326085886920076
 20
18.572457961708373
 10
48.256557071092324
 20
18.67420525960018
 10
48.19194270878785
 20
18.779878066911802
 10
48.13273455431901
 20
18.88867214977262
 10
48.07938321749216
 20
18.9997595195204
 10
48.03229473419497
 20
19.112294734194972
 10
47.991827476218155
 20
19.225421332862044
 10
47.9582894238297
 20
19.33827835379805
 10
47.93193582185911
 20
19.450006886928733
 10
47.91296723713014
 20
19.55975661065344
 10
47.9015280320261
 20
19.666692263305926
 10
47.89770526580502
 20
19.77
  0
LWPOLYLINE
  5
283
330
17
100
AcDbEntity
  8
GIZLI
100
AcDbPolyline
 90
11
 70
0
 10
53.171799974852256
 20
22.814999999999998
 10
53.17562274107333
 20
22.913893586480494
 10
53.18706194617737
 20
23.007620382840717
 10
53.20603053090635
 20
23.09546707156658
 10
53.23238413287693
 20
23.1767650863136
 10
53.26592218526538
 20
23.250895700100465
 10
53.3063894432422
 20
23.317294734194974
 10
53.353477926539384
 20
23.37545685185483
 10
53.406829263366234
 20
23.424939404245393
 10
53.46603741783508
 20
23.46536579926459
 10
53.53065178013956
 20
23.496428367636206
  0
LWPOLYLINE
  5
284
330
17
100
AcDbEntity
  8
IZO
100
AcDbPolyline
 90
36
 70
0
 10
53.53065178013956
 20
23.496428367636206
 10
53.6001805959673
 20
23.517890704458836
 10
53.67409470904723
 20
23.529589468389947
 10
53.75183158834823
 20
23.53143562477212
 10
53.832799609280016
 20
23.52341512324054
 10
53.916382556313465
 20
23.50558900465478
 10
54.0019443127529
 20
23.47809293654098
 10
54.088833701968206
 20
23.441136180580067
 10
54.1763894432422
 20
23.394999999999996
 10
54.2639451845162
 20
23.34003551899278
 10
54.35083457373151
 20
23.276661050447338
 10
54.436396330170936
 20
23.205358912335853
 10
54.51997927720439
 20
23.126671756982766
 10
54.60094729813618
 20
23.041198441152908
 10
54.67868417743718
 20
22.94958946838995
 10
54.7525982905171
 20
22.85254203829162
 10
54.82212710634485
 20
22.75079474039982
 10
54.886741468649326
 20
22.645121933088195
 10
54.945949623118175
 20
22.536327850227377
 10
54.999300959945025
 20
22.425240480479594
 10
55.046389443242205
 20
22.312705265805025
 10
55.08685670121902
 20
22.199578667137953
 10
55.12039475360748
 20
22.086721646201948
 10
55.14674835557806
 20
21.974993113071264
 10
55.165716940307036
 20
21.865243389346556
 10
55.177156145411075
 20
21.758307736694068
 10
55.18097891163215
 20
21.654999999999998
 10
55.177156145411075
 20
21.5561064135195
 10
55.165716940307036
 20
21.46237961715928
 10
55.14674835557806
 20
21.374532928433414
 10
55.12039475360748
 20
21.293234913686398
 10
55.08685670121903
 20
21.21910429989953
 10
55.046389443242205
 20
21.152705265805025
 10
54.999300959945025
 20
21.09454314814517
 10
54.945949623118175
 20
21.045060595754606
 10
54.886741468649326
 20
21.004634200735406
  0
LWPOLYLINE
  5
285
330
17
100
AcDbEntity
  8
GIZLI
100
AcDbPolyline
 90
28
 70
0
 10
54.886741468649326
 20
21.004634200735406
 10
54.82212710634485
 20
20.973571632363793
 10
54.7525982905171
 20
20.95210929554116
 10
54.67868417743718
 20
20.94041053161005
 10
54.60094729813618
 20
20.938564375227877
 10
54.51997927720439
 20
20.946584876759456
 10
54.436396330170936
 20
20.96441099534522
 10
54.35083457373151
 20
20.991907063459017
 10
54.2639451845162
 20
21.028863819419932
 10
54.1763894432422
 20
21.075
 10
54.088833701968206
 20
21.129964481007214
 10
54.0019443127529
 20
21.193338949552654
 10
53.916382556313465
 20
21.264641087664142
 10
53.832799609280016
 20
21.343328243017233
 10
53.75183158834823
 20
21.42880155884709
 10
53.67409470904723
 20
21.52041053161005
 10
53.6001805959673
 20
21.617457961708375
 10
53.53065178013956
 20
21.719205259600177
 10
53.46603741783508
 20
21.8248780669118
 10
53.406829263366234
 20
21.93367214977262
 10
53.353477926539384
 20
22.044759519520397
 10
53.3063894432422
 20
22.157294734194974
 10
53.26592218526538
 20
22.270421332862043
 10
53.23238413287693
 20
22.383278353798048
 10
53.20603053090635
 20
22.495006886928735
 10
53.18706194617737
 20
22.60475661065344
 10
53.17562274107333
 20
22.711692263305927
 10
53.171799974852256
 20
22.814999999999998
  0
LWPOLYLINE
  5
286
330
17
100
AcDbEntity
  8
PERSPEKTIF-INCE
100
AcDbPolyline
 90
2
 70
0
 10
49.86796811030127
 20
18.312728883608056
 10
55.1420628193485
 20
21.357728883608054
  0
LWPOLYLINE
  5
287
330
17
100
AcDbEntity
  8
PERSPEKTIF-INCE
100
AcDbPolyline
 90
2
 70
0
 10
49.789294587121304
 20
18.13330338331019
 10
55.06338929616854
 20
21.178303383310187
  0
LWPOLYLINE
  5
288
330
17
100
AcDbEntity
  8
PERSPEKTIF-INCE
100
AcDbPolyline
 90
2
 70
0
 10
49.715024686492534
 20
18.03893925060326
 10
54.98911939553977
 20
21.083939250603258
  0
LWPOLYLINE
  5
289
330
17
100
AcDbEntity
  8
PERSPEKTIF-INCE
100
AcDbPolyline
 90
2
 70
0
 10
49.66046803017977
 20
17.991239969841804
 10
54.934562739227
 20
21.0362399698418
  0
LWPOLYLINE
  5
28A
330
17
100
AcDbEntity
  8
PERSPEKTIF-INCE
100
AcDbPolyline
 90
2
 70
0
 10
49.62493592180891
 20
17.966979206071144
 10
54.89903063085614
 20
21.011979206071143
  0
LWPOLYLINE
  5
28B
330
17
100
AcDbEntity
  8
IZO
100
AcDbPolyline
 90
50
 70
1
 10
50.740196
 20
21.8725
 10
50.747033
 20
21.812277
 10
50.767426
 20
21.753084
 10
50.801027
 20
21.695935
 10
50.847261
 20
21.641806
 10
50.905337
 20
21.591625
 10
50.974261
 20
21.54625
 10
51.052853
 20
21.506457
 10
51.139769
 20
21.472927
 10
51.233522
 20
21.446234
 10
51.332508
 20
21.426834
 10
51.435033
 20
21.41506
 10
51.539342
 20
21.411113
 10
51.643652
 20
21.41506
 10
51.746176
 20
21.426834
 10
51.845162
 20
21.446234
 10
51.938915
 20
21.472927
 10
52.025831
 20
21.506457
 10
52.104424
 20
21.54625
 10
52.173347
 20
21.591625
 10
52.231423
 20
21.641806
 10
52.277657
 20
21.695935
 10
52.311258
 20
21.753084
 10
52.331651
 20
21.812277
 10
52.338488
 20
21.8725
 10
52.338488
 20
22.8875
 10
52.331651
 20
22.947723
 10
52.311258
 20
23.006916
 10
52.277657
 20
23.064065
 10
52.231423
 20
23.118194
 10
52.173347
 20
23.168375
 10
52.104424
 20
23.21375
 10
52.025831
 20
23.253543
 10
51.938915
 20
23.287073
 10
51.845162
 20
23.313766
 10
51.746176
 20
23.333166
 10
51.643652
 20
23.34494
 10
51.539342
 20
23.348887
 10
51.435033
 20
23.34494
 10
51.332508
 20
23.333166
 10
51.233522
 20
23.313766
 10
51.139769
 20
23.287073
 10
51.052853
 20
23.253543
 10
50.974261
 20
23.21375
 10
50.905337
 20
23.168375
 10
50.847261
 20
23.118194
 10
50.801027
 20
23.064065
 10
50.767426
 20
23.006916
 10
50.747033
 20
22.947723
 10
50.740196
 20
22.8875
  0
LWPOLYLINE
  5
28C
330
17
100
AcDbEntity
  8
IZO
100
AcDbPolyline
 90
48
 70
1
 10
52.104423664687936
 20
23.213749999999997
 10
52.02583136706543
 20
23.253543056234996
 10
51.938915103010096
 20
23.287073014291504
 10
51.845162033897665
 20
23.313766167290915
 10
51.746176300733914
 20
23.333165787984672
 10
51.64365157685731
 20
23.34493994348411
 10
51.53934208871859
 20
23.348887174724222
 10
51.43503260057987
 20
23.34493994348411
 10
51.33250787670326
 20
23.333165787984672
 10
51.23352214353951
 20
23.313766167290915
 10
51.13976907442708
 20
23.287073014291504
 10
51.05285281037175
 20
23.253543056234996
 10
50.97426051274924
 20
23.213749999999997
 10
50.90533691756178
 20
23.168374715811414
 10
50.84726132663226
 20
23.11819358736211
 10
50.801027429423065
 20
23.064065227672696
 10
50.767426300733916
 20
23.00691578798467
 10
50.74703286519267
 20
22.947723111055918
 10
50.740196060135574
 20
22.8875
 10
50.74703286519267
 20
22.827276888944077
 10
50.767426300733916
 20
22.768084212015324
 10
50.801027429423065
 20
22.710934772327303
 10
50.84726132663226
 20
22.656806412637888
 10
50.90533691756178
 20
22.606625284188585
 10
50.97426051274924
 20
22.561249999999998
 10
51.05285281037175
 20
22.521456943765003
 10
51.139769074427086
 20
22.487926985708494
 10
51.23352214353951
 20
22.46123383270908
 10
51.33250787670326
 20
22.441834212015326
 10
51.43503260057987
 20
22.430060056515888
 10
51.53934208871859
 20
22.426112825275776
 10
51.64365157685731
 20
22.430060056515888
 10
51.746176300733914
 20
22.441834212015326
 10
51.845162033897665
 20
22.46123383270908
 10
51.938915103010096
 20
22.487926985708494
 10
52.02583136706543
 20
22.521456943765003
 10
52.104423664687936
 20
22.561249999999998
 10
52.1733472598754
 20
22.606625284188585
 10
52.231422850804925
 20
22.656806412637888
 10
52.27765674801412
 20
22.710934772327303
 10
52.311257876703266
 20
22.768084212015324
 10
52.3316513122445
 20
22.827276888944077
 10
52.3384881173016
 20
22.8875
 10
52.3316513122445
 20
22.947723111055918
 10
52.31125787670326
 20
23.00691578798467
 10
52.27765674801411
 20
23.064065227672696
 10
52.231422850804925
 20
23.118193587362107
 10
52.1733472598754
 20
23.168374715811414
  0
LWPOLYLINE
  5
28D
330
17
100
AcDbEntity
  8
IZO-HAT
100
AcDbPolyline
 90
4
 70
0
 10
51.099834196297984
 20
22.851249999999997
 10
51.099834196297984
 20
23.35875
 10
48.14885263290251
 20
25.0625
 10
48.46278684177437
 20
25.24375
  0
LWPOLYLINE
  5
28E
330
17
100
AcDbEntity
  8
IZO-HAT
100
AcDbPolyline
 90
6
 70
0
 10
50.66032630387738
 20
26.5125
 10
51.2881947216211
 20
26.875
 10
49.15344210129246
 20
28.107499999999998
 10
49.15344210129246
 20
26.729999999999997
 10
43.62820002514774
 20
29.919999999999998
 10
43.62820002514774
 20
30.717499999999994
  0
LWPOLYLINE
  5
28F
330
17
100
AcDbEntity
  8
IZO-HAT
100
AcDbPolyline
 90
4
 70
0
 10
51.2881947216211
 20
26.875
 10
53.7368815508216
 20
25.46125
 10
51.16262103807236
 20
23.974999999999998
 10
51.53934208871859
 20
23.25
  0
LWPOLYLINE
  5
290
330
17
100
AcDbEntity
  8
IZO-HAT
100
AcDbPolyline
 90
7
 70
0
 10
44.193281601117086
 20
31.043749999999996
 10
44.193281601117086
 20
30.02875
 10
50.09524472790804
 20
26.62125
 10
50.09524472790804
 20
28.651249999999997
 10
55.3065525951809
 20
25.6425
 10
51.91606313936482
 20
23.685
 10
51.91606313936482
 20
22.7425
  0
LWPOLYLINE
  5
291
330
17
100
AcDbEntity
  8
IZO
100
AcDbPolyline
 90
2
 70
0
 10
51.2881947216211
 20
22.525
 10
51.2881947216211
 20
25.715
  0
LWPOLYLINE
  5
292
330
17
100
AcDbEntity
  8
IZO
100
AcDbPolyline
 90
2
 70
0
 10
48.97344210129246
 20
27.455
 10
49.33344210129246
 20
27.455
  0
LWPOLYLINE
  5
293
330
17
100
AcDbEntity
  8
IZO
100
AcDbPolyline
 90
2
 70
0
 10
49.003442101292464
 20
27.455
 10
48.94344210129246
 20
27.384999999999998
  0
LWPOLYLINE
  5
294
330
17
100
AcDbEntity
  8
IZO
100
AcDbPolyline
 90
2
 70
0
 10
49.12344210129246
 20
27.455
 10
49.06344210129246
 20
27.384999999999998
  0
LWPOLYLINE
  5
295
330
17
100
AcDbEntity
  8
IZO
100
AcDbPolyline
 90
2
 70
0
 10
49.243442101292466
 20
27.455
 10
49.183442101292464
 20
27.384999999999998
  0
LWPOLYLINE
  5
296
330
17
100
AcDbEntity
  8
IZO
100
AcDbPolyline
 90
2
 70
0
 10
49.91524472790804
 20
27.56375
 10
50.27524472790804
 20
27.56375
  0
LWPOLYLINE
  5
297
330
17
100
AcDbEntity
  8
IZO
100
AcDbPolyline
 90
2
 70
0
 10
49.94524472790804
 20
27.56375
 10
49.88524472790804
 20
27.49375
  0
LWPOLYLINE
  5
298
330
17
100
AcDbEntity
  8
IZO
100
AcDbPolyline
 90
2
 70
0
 10
50.06524472790804
 20
27.56375
 10
50.005244727908035
 20
27.49375
  0
LWPOLYLINE
  5
299
330
17
100
AcDbEntity
  8
IZO
100
AcDbPolyline
 90
2
 70
0
 10
50.18524472790804
 20
27.56375
 10
50.12524472790804
 20
27.49375
  0
LWPOLYLINE
  5
29A
330
17
100
AcDbEntity
  8
IZO
100
AcDbPolyline
 90
2
 70
0
 10
43.44820002514774
 20
30.644999999999996
 10
43.80820002514774
 20
30.644999999999996
  0
LWPOLYLINE
  5
29B
330
17
100
AcDbEntity
  8
IZO
100
AcDbPolyline
 90
2
 70
0
 10
43.47820002514774
 20
30.644999999999996
 10
43.41820002514774
 20
30.574999999999996
  0
LWPOLYLINE
  5
29C
330
17
100
AcDbEntity
  8
IZO
100
AcDbPolyline
 90
2
 70
0
 10
43.59820002514774
 20
30.644999999999996
 10
43.53820002514774
 20
30.574999999999996
  0
LWPOLYLINE
  5
29D
330
17
100
AcDbEntity
  8
IZO
100
AcDbPolyline
 90
2
 70
0
 10
43.718200025147745
 20
30.644999999999996
 10
43.65820002514774
 20
30.574999999999996
  0
LWPOLYLINE
  5
29E
330
17
100
AcDbEntity
  8
IZO
100
AcDbPolyline
 90
2
 70
0
 10
44.013281601117086
 20
30.971249999999998
 10
44.373281601117085
 20
30.971249999999998
  0
LWPOLYLINE
  5
29F
330
17
100
AcDbEntity
  8
IZO
100
AcDbPolyline
 90
2
 70
0
 10
44.04328160111709
 20
30.971249999999998
 10
43.983281601117085
 20
30.901249999999997
  0
LWPOLYLINE
  5
2A0
330
17
100
AcDbEntity
  8
IZO
100
AcDbPolyline
 90
2
 70
0
 10
44.163281601117085
 20
30.971249999999998
 10
44.10328160111708
 20
30.901249999999997
  0
LWPOLYLINE
  5
2A1
330
17
100
AcDbEntity
  8
IZO
100
AcDbPolyline
 90
2
 70
0
 10
44.28328160111709
 20
30.971249999999998
 10
44.22328160111709
 20
30.901249999999997
  0
LWPOLYLINE
  5
2A2
330
17
100
AcDbEntity
  8
PERSPEKTIF-INCE
100
AcDbPolyline
 90
6
 70
1
 10
47.772132
 20
24.6275
 10
48.776721
 20
24.0475
 10
51.413768
 20
25.57
 10
51.413768
 20
25.86
 10
50.409179
 20
26.44
 10
47.772132
 20
24.9175
  0
LWPOLYLINE
  5
2A3
330
17
100
AcDbEntity
  8
PERSPEKTIF-INCE
100
AcDbPolyline
 90
2
 70
0
 10
48.77672105064623
 20
24.3375
 10
51.41376840516985
 20
25.86
  0
LWPOLYLINE
  5
2A4
330
17
100
AcDbEntity
  8
PERSPEKTIF-INCE
100
AcDbPolyline
 90
2
 70
0
 10
48.77672105064623
 20
24.3375
 10
47.77213158225628
 20
24.917499999999997
  0
LWPOLYLINE
  5
2A5
330
17
100
AcDbEntity
  8
PERSPEKTIF-INCE
100
AcDbPolyline
 90
2
 70
0
 10
48.77672105064623
 20
24.3375
 10
48.77672105064623
 20
24.0475
  0
LWPOLYLINE
  5
2A6
330
17
100
AcDbEntity
  8
IZO
100
AcDbPolyline
 90
39
 70
1
 10
48.261869
 20
25.35975
 10
48.264921
 20
25.317701
 10
48.273986
 20
25.273406
 10
48.288787
 20
25.228209
 10
48.308875
 20
25.183484
 10
48.333639
 20
25.140591
 10
48.362328
 20
25.100832
 10
48.394069
 20
25.065416
 10
48.427898
 20
25.035418
 10
48.462787
 20
25.01175
 10
48.497676
 20
24.995131
 10
48.531505
 20
24.986067
 10
48.563246
 20
24.984832
 10
48.591934
 20
24.991464
 10
48.616699
 20
25.005762
 10
49.935223
 20
25.767012
 10
49.955311
 20
25.788541
 10
49.970112
 20
25.816647
 10
49.979176
 20
25.850476
 10
49.982228
 20
25.889
 10
49.979176
 20
25.931049
 10
49.970112
 20
25.975344
 10
49.955311
 20
26.020541
 10
49.935223
 20
26.065266
 10
49.910458
 20
26.108159
 10
49.881769
 20
26.147918
 10
49.850028
 20
26.183334
 10
49.8162
 20
26.213332
 10
49.781311
 20
26.237
 10
49.746421
 20
26.253619
 10
49.712593
 20
26.262683
 10
49.680852
 20
26.263918
 10
49.652163
 20
26.257286
 10
49.627398
 20
26.242988
 10
48.333639
 20
25.496036
 10
48.308875
 20
25.481738
 10
48.288787
 20
25.460209
 10
48.273986
 20
25.432103
 10
48.264921
 20
25.398274
  0
LWPOLYLINE
  5
2A7
330
17
100
AcDbEntity
  8
IZO
100
AcDbPolyline
 90
36
 70
1
 10
48.26186894809638
 20
25.35975
 10
48.264921342361404
 20
25.398274076568143
 10
48.27398577970131
 20
25.43210301726272
 10
48.28878684177437
 20
25.460208946838993
 10
48.30887480579918
 20
25.481737880849078
 10
48.33363930915384
 20
25.49603567352724
 10
48.362327894935376
 20
25.502667893677987
 10
48.39406887498193
 20
25.501433024648108
 10
48.42789781567651
 20
25.492368587308192
 10
48.46278684177437
 20
25.475749999999998
 10
48.49767586787223
 20
25.452082210089465
 10
48.53150480856681
 20
25.422084351396553
 10
48.563245788613365
 20
25.386667893677988
 10
48.5919343743949
 20
25.346908948079964
 10
48.61669887774956
 20
25.304015570045472
 10
48.63678684177437
 20
25.259291053161004
 10
48.65158790384743
 20
25.21409432924039
 10
48.66065234118734
 20
25.16979867786931
 10
48.66370473545236
 20
25.12775
 10
48.66065234118734
 20
25.089225923431854
 10
48.65158790384743
 20
25.055396982737278
 10
48.63678684177437
 20
25.027291053161
 10
48.61669887774956
 20
25.00576211915092
 10
48.5919343743949
 20
24.99146432647276
 10
48.563245788613365
 20
24.98483210632201
 10
48.53150480856681
 20
24.98606697535189
 10
48.49767586787223
 20
24.9951314126918
 10
48.46278684177437
 20
25.01175
 10
48.42789781567651
 20
25.035417789910532
 10
48.39406887498193
 20
25.065415648603445
 10
48.362327894935376
 20
25.10083210632201
 10
48.33363930915384
 20
25.140591051920033
 10
48.30887480579918
 20
25.183484429954525
 10
48.28878684177437
 20
25.228208946838993
 10
48.27398577970131
 20
25.273405670759608
 10
48.264921342361404
 20
25.317701322130688
  0
LWPOLYLINE
  5
2A8
330
17
100
AcDbEntity
  8
GIZLI
100
AcDbPolyline
 90
6
 70
0
 10
49.580392625358186
 20
26.121
 10
49.58344501962321
 20
26.15952407656814
 10
49.59250945696312
 20
26.19335301726272
 10
49.607310519036176
 20
26.221458946838993
 10
49.627398483060986
 20
26.24298788084908
 10
49.65216298641565
 20
26.25728567352724
  0
LWPOLYLINE
  5
2A9
330
17
100
AcDbEntity
  8
IZO
100
AcDbPolyline
 90
19
 70
0
 10
49.65216298641565
 20
26.25728567352724
 10
49.680851572197184
 20
26.263917893677988
 10
49.71259255224374
 20
26.262683024648105
 10
49.74642149293832
 20
26.253618587308193
 10
49.781310519036175
 20
26.237
 10
49.81619954513404
 20
26.213332210089465
 10
49.85002848582862
 20
26.183334351396553
 10
49.88176946587517
 20
26.147917893677988
 10
49.91045805165671
 20
26.10815894807996
 10
49.93522255501137
 20
26.065265570045476
 10
49.955310519036175
 20
26.020541053161004
 10
49.97011158110924
 20
25.97534432924039
 10
49.979176018449145
 20
25.93104867786931
 10
49.98222841271417
 20
25.889
 10
49.979176018449145
 20
25.850475923431855
 10
49.97011158110924
 20
25.81664698273728
 10
49.955310519036175
 20
25.788541053161005
 10
49.93522255501137
 20
25.76701211915092
 10
49.91045805165671
 20
25.752714326472756
  0
LWPOLYLINE
  5
2AA
330
17
100
AcDbEntity
  8
GIZLI
100
AcDbPolyline
 90
14
 70
0
 10
49.91045805165671
 20
25.752714326472756
 10
49.88176946587517
 20
25.746082106322007
 10
49.85002848582862
 20
25.74731697535189
 10
49.81619954513404
 20
25.756381412691802
 10
49.781310519036175
 20
25.773
 10
49.74642149293832
 20
25.79666778991053
 10
49.71259255224374
 20
25.826665648603445
 10
49.680851572197184
 20
25.862082106322006
 10
49.65216298641565
 20
25.901841051920034
 10
49.627398483060986
 20
25.944734429954522
 10
49.607310519036176
 20
25.989458946838994
 10
49.59250945696312
 20
26.03465567075961
 10
49.58344501962321
 20
26.078951322130685
 10
49.580392625358186
 20
26.121
  0
LWPOLYLINE
  5
2AB
330
17
100
AcDbEntity
  8
IZO
100
AcDbPolyline
 90
6
 70
1
 10
49.505048
 20
25.831
 10
50.057573
 20
25.512
 10
50.936588
 20
26.0195
 10
50.936588
 20
26.6865
 10
50.384064
 20
27.0055
 10
49.505048
 20
26.498
  0
LWPOLYLINE
  5
2AC
330
17
100
AcDbEntity
  8
IZO
100
AcDbPolyline
 90
2
 70
0
 10
50.057572622843416
 20
26.179
 10
50.93658840768462
 20
26.6865
  0
LWPOLYLINE
  5
2AD
330
17
100
AcDbEntity
  8
IZO
100
AcDbPolyline
 90
2
 70
0
 10
50.057572622843416
 20
26.179
 10
49.50504841522894
 20
26.497999999999998
  0
LWPOLYLINE
  5
2AE
330
17
100
AcDbEntity
  8
IZO
100
AcDbPolyline
 90
2
 70
0
 10
50.057572622843416
 20
26.179
 10
50.057572622843416
 20
25.512
  0
LWPOLYLINE
  5
2AF
330
17
100
AcDbEntity
  8
PERSPEKTIF-INCE
100
AcDbPolyline
 90
6
 70
1
 10
42.372463
 20
30.8625
 10
43.314266
 20
30.31875
 10
44.758363
 20
31.1525
 10
44.758363
 20
31.3265
 10
43.816561
 20
31.87025
 10
42.372463
 20
31.0365
  0
LWPOLYLINE
  5
2B0
330
17
100
AcDbEntity
  8
PERSPEKTIF-INCE
100
AcDbPolyline
 90
2
 70
0
 10
43.314265816275885
 20
30.492749999999997
 10
44.75836317708643
 20
31.3265
  0
LWPOLYLINE
  5
2B1
330
17
100
AcDbEntity
  8
PERSPEKTIF-INCE
100
AcDbPolyline
 90
2
 70
0
 10
43.314265816275885
 20
30.492749999999997
 10
42.37246318966031
 20
31.036499999999997
  0
LWPOLYLINE
  5
2B2
330
17
100
AcDbEntity
  8
PERSPEKTIF-INCE
100
AcDbPolyline
 90
2
 70
0
 10
43.314265816275885
 20
30.492749999999997
 10
43.314265816275885
 20
30.318749999999998
  0
LWPOLYLINE
  5
2B3
330
17
100
AcDbEntity
  8
IZO
100
AcDbPolyline
 90
6
 70
1
 10
42.623611
 20
31.0365
 10
43.314266
 20
30.63775
 10
44.507216
 20
31.3265
 10
44.507216
 20
33.864
 10
43.816561
 20
34.26275
 10
42.623611
 20
33.574
  0
LWPOLYLINE
  5
2B4
330
17
100
AcDbEntity
  8
IZO
100
AcDbPolyline
 90
2
 70
0
 10
43.314265816275885
 20
33.17525
 10
44.50721580998895
 20
33.864
  0
LWPOLYLINE
  5
2B5
330
17
100
AcDbEntity
  8
IZO
100
AcDbPolyline
 90
2
 70
0
 10
43.314265816275885
 20
33.17525
 10
42.62361055675779
 20
33.574
  0
LWPOLYLINE
  5
2B6
330
17
100
AcDbEntity
  8
IZO
100
AcDbPolyline
 90
2
 70
0
 10
43.314265816275885
 20
33.17525
 10
43.314265816275885
 20
30.637749999999997
  0
LWPOLYLINE
  5
2B7
330
17
100
AcDbEntity
  8
IZO
100
AcDbPolyline
 90
3
 70
0
 10
43.00033160740402
 20
32.529999999999994
 10
42.56082371498342
 20
31.55125
 10
42.37246318966031
 20
32.022499999999994
  0
TEXT
  5
2B8
330
17
100
AcDbEntity
  8
YAZI
100
AcDbText
 10
43.502626341599
 20
34.1975
 30
0.0
 40
0.1275
  1
LPG DİSPENSERİ
  7
ARIAL
 72
1
 11
43.502626341599
 21
34.1975
 31
0.0
100
AcDbText
 73
1
  0
TEXT
  5
2B9
330
17
100
AcDbEntity
  8
YAZI
100
AcDbText
 10
49.530163151938694
 20
26.439999999999998
 30
0.0
 40
0.1
  1
KADEMELİ POMPA
  7
ARIAL
 72
1
 11
49.530163151938694
 21
26.439999999999998
 31
0.0
100
AcDbText
 73
1
  0
TEXT
  5
2BA
330
17
100
AcDbEntity
  8
YAZI
100
AcDbText
 10
54.050815759693464
 20
19.2625
 30
0.0
 40
0.1275
  1
LPG STOK TANKI 10 m³
  7
ARIAL
 72
1
 11
54.050815759693464
 21
19.2625
 31
0.0
100
AcDbText
 73
3
  0
LWPOLYLINE
  5
2BB
330
17
100
AcDbEntity
  8
IZO-VANA
100
AcDbPolyline
 90
4
 70
1
 10
51.02983419629798
 20
23.022249999999996
 10
51.169834196297984
 20
23.202249999999996
 10
51.02983419629798
 20
23.202249999999996
 10
51.169834196297984
 20
23.022249999999996
  0
LWPOLYLINE
  5
2BC
330
17
100
AcDbEntity
  8
IZO-VANA
100
AcDbPolyline
 90
2
 70
0
 10
51.099834196297984
 20
23.112249999999996
 10
50.94583419629798
 20
23.112249999999996
  0
LWPOLYLINE
  5
2BD
330
17
100
AcDbEntity
  8
IZO-VANA
100
AcDbPolyline
 90
4
 70
1
 10
50.94583419629798
 20
23.052249999999997
 10
50.861834196297984
 20
23.052249999999997
 10
50.861834196297984
 20
23.172249999999995
 10
50.94583419629798
 20
23.172249999999995
  0
LWPOLYLINE
  5
2BE
330
17
100
AcDbEntity
  8
IZO-VANA
100
AcDbPolyline
 90
4
 70
1
 10
51.84606313936482
 20
23.014999999999997
 10
51.98606313936482
 20
23.194999999999997
 10
51.84606313936482
 20
23.194999999999997
 10
51.98606313936482
 20
23.014999999999997
  0
LWPOLYLINE
  5
2BF
330
17
100
AcDbEntity
  8
IZO-VANA
100
AcDbPolyline
 90
2
 70
0
 10
51.91606313936482
 20
23.104999999999997
 10
51.76206313936482
 20
23.104999999999997
  0
LWPOLYLINE
  5
2C0
330
17
100
AcDbEntity
  8
IZO-VANA
100
AcDbPolyline
 90
4
 70
1
 10
51.76206313936482
 20
23.044999999999998
 10
51.67806313936482
 20
23.044999999999998
 10
51.67806313936482
 20
23.164999999999996
 10
51.76206313936482
 20
23.164999999999996
  0
LWPOLYLINE
  5
2C1
330
17
100
AcDbEntity
  8
IZO-VANA
100
AcDbPolyline
 90
9
 70
0
 10
49.384958071181806
 20
24.413497422611922
 10
49.30947249959666
 20
24.32775257738807
 10
49.345986928011506
 20
24.435997422611923
 10
49.27050135642636
 20
24.35025257738807
 10
49.307015784841205
 20
24.458497422611924
 10
49.23153021325606
 20
24.37275257738807
 10
49.268044641670905
 20
24.480997422611924
 10
49.19255907008576
 20
24.39525257738807
 10
49.229073498500604
 20
24.503497422611925
  0
LWPOLYLINE
  5
2C2
330
17
100
AcDbEntity
  8
IZO-VANA
100
AcDbPolyline
 90
9
 70
0
 10
50.92431822640864
 20
26.600252577388073
 10
50.88780379799379
 20
26.708497422611924
 10
50.96328936957894
 20
26.62275257738807
 10
50.92677494116409
 20
26.730997422611924
 10
51.00226051274924
 20
26.64525257738807
 10
50.96574608433439
 20
26.753497422611925
 10
51.04123165591954
 20
26.66775257738807
 10
51.00471722750469
 20
26.775997422611926
 10
51.08020279908984
 20
26.69025257738807
  0
LWPOLYLINE
  5
2C3
330
17
100
AcDbEntity
  8
IZO-VANA
100
AcDbPolyline
 90
4
 70
1
 10
50.70326859021799
 20
27.131878221735086
 10
50.61738401753678
 20
27.34312177826491
 10
50.547384017536785
 20
27.22187822173509
 10
50.77326859021798
 20
27.253121778264905
  0
HATCH
  5
2C4
330
17
100
AcDbEntity
  8
IZO-VANA
100
AcDbHatch
 10
0.0
 20
0.0
 30
0.0
210
0.0
220
0.0
230
1.0
  2
SOLID
 70
1
 71
0
 91
1
 92
3
 72
0
 73
1
 93
3
 10
50.70326859021799
 20
27.131878221735086
 10
50.66032630387738
 20
27.237499999999997
 10
50.77326859021798
 20
27.253121778264905
 97
0
 75
1
 76
1
 98
0
  0
LWPOLYLINE
  5
2C5
330
17
100
AcDbEntity
  8
IZO-VANA
100
AcDbPolyline
 90
4
 70
1
 10
49.949826488925524
 20
27.566878221735088
 10
49.863941916244315
 20
27.77812177826491
 10
49.79394191624432
 20
27.65687822173509
 10
50.01982648892552
 20
27.688121778264907
  0
LWPOLYLINE
  5
2C6
330
17
100
AcDbEntity
  8
IZO-VANA
100
AcDbPolyline
 90
4
 70
1
 10
49.08344210129246
 20
27.654999999999998
 10
49.22344210129246
 20
27.834999999999997
 10
49.08344210129246
 20
27.834999999999997
 10
49.22344210129246
 20
27.654999999999998
  0
LWPOLYLINE
  5
2C7
330
17
100
AcDbEntity
  8
IZO-VANA
100
AcDbPolyline
 90
2
 70
0
 10
49.15344210129246
 20
27.744999999999997
 10
48.99944210129246
 20
27.744999999999997
  0
LWPOLYLINE
  5
2C8
330
17
100
AcDbEntity
  8
IZO-VANA
100
AcDbPolyline
 90
4
 70
1
 10
48.99944210129246
 20
27.685
 10
48.91544210129246
 20
27.685
 10
48.91544210129246
 20
27.804999999999996
 10
48.99944210129246
 20
27.804999999999996
  0
LWPOLYLINE
  5
2C9
330
17
100
AcDbEntity
  8
IZO-VANA
100
AcDbPolyline
 90
4
 70
1
 10
52.36820242899357
 20
24.751871778264906
 10
52.594087001674765
 20
24.72062822173509
 10
52.52408700167477
 20
24.84187177826491
 10
52.43820242899356
 20
24.630628221735087
  0
LWPOLYLINE
  5
2CA
330
17
100
AcDbEntity
  8
KK-IZOLASYON
100
AcDbPolyline
 90
2
 70
0
 10
49.06344210129246
 20
27.0575
 10
49.243442101292466
 20
27.0575
  0
LWPOLYLINE
  5
2CB
330
17
100
AcDbEntity
  8
KK-IZOLASYON
100
AcDbPolyline
 90
2
 70
0
 10
49.06344210129246
 20
27.1275
 10
49.243442101292466
 20
27.1275
  0
HATCH
  5
2CC
330
17
100
AcDbEntity
  8
KK-IZOLASYON
100
AcDbHatch
 10
0.0
 20
0.0
 30
0.0
210
0.0
220
0.0
230
1.0
  2
SOLID
 70
1
 71
0
 91
1
 92
3
 72
0
 73
1
 93
4
 10
49.08344210129246
 20
27.0575
 10
49.08344210129246
 20
27.1275
 10
49.22344210129246
 20
27.1275
 10
49.22344210129246
 20
27.0575
 97
0
 75
1
 76
1
 98
0
  0
LWPOLYLINE
  5
2CD
330
17
100
AcDbEntity
  8
KK-IZOLASYON
100
AcDbPolyline
 90
2
 70
0
 10
50.005244727908035
 20
27.166249999999998
 10
50.18524472790804
 20
27.166249999999998
  0
LWPOLYLINE
  5
2CE
330
17
100
AcDbEntity
  8
KK-IZOLASYON
100
AcDbPolyline
 90
2
 70
0
 10
50.005244727908035
 20
27.23625
 10
50.18524472790804
 20
27.23625
  0
HATCH
  5
2CF
330
17
100
AcDbEntity
  8
KK-IZOLASYON
100
AcDbHatch
 10
0.0
 20
0.0
 30
0.0
210
0.0
220
0.0
230
1.0
  2
SOLID
 70
1
 71
0
 91
1
 92
3
 72
0
 73
1
 93
4
 10
50.02524472790804
 20
27.166249999999998
 10
50.02524472790804
 20
27.23625
 10
50.16524472790804
 20
27.23625
 10
50.16524472790804
 20
27.166249999999998
 97
0
 75
1
 76
1
 98
0
  0
LWPOLYLINE
  5
2D0
330
17
100
AcDbEntity
  8
KK-IZOLASYON
100
AcDbPolyline
 90
2
 70
0
 10
51.00983419629798
 20
22.93225
 10
51.18983419629799
 20
22.93225
  0
LWPOLYLINE
  5
2D1
330
17
100
AcDbEntity
  8
KK-IZOLASYON
100
AcDbPolyline
 90
2
 70
0
 10
51.00983419629798
 20
23.00225
 10
51.18983419629799
 20
23.00225
  0
HATCH
  5
2D2
330
17
100
AcDbEntity
  8
KK-IZOLASYON
100
AcDbHatch
 10
0.0
 20
0.0
 30
0.0
210
0.0
220
0.0
230
1.0
  2
SOLID
 70
1
 71
0
 91
1
 92
3
 72
0
 73
1
 93
4
 10
51.02983419629798
 20
22.93225
 10
51.02983419629798
 20
23.00225
 10
51.169834196297984
 20
23.00225
 10
51.169834196297984
 20
22.93225
 97
0
 75
1
 76
1
 98
0
  0
LWPOLYLINE
  5
2D3
330
17
100
AcDbEntity
  8
KK-IZOLASYON
100
AcDbPolyline
 90
2
 70
0
 10
51.82606313936482
 20
22.8815
 10
52.00606313936483
 20
22.8815
  0
LWPOLYLINE
  5
2D4
330
17
100
AcDbEntity
  8
KK-IZOLASYON
100
AcDbPolyline
 90
2
 70
0
 10
51.82606313936482
 20
22.9515
 10
52.00606313936483
 20
22.9515
  0
HATCH
  5
2D5
330
17
100
AcDbEntity
  8
KK-IZOLASYON
100
AcDbHatch
 10
0.0
 20
0.0
 30
0.0
210
0.0
220
0.0
230
1.0
  2
SOLID
 70
1
 71
0
 91
1
 92
3
 72
0
 73
1
 93
4
 10
51.84606313936482
 20
22.8815
 10
51.84606313936482
 20
22.9515
 10
51.98606313936482
 20
22.9515
 10
51.98606313936482
 20
22.8815
 97
0
 75
1
 76
1
 98
0
  0
LWPOLYLINE
  5
2D6
330
17
100
AcDbEntity
  8
IZO-VANA
100
AcDbPolyline
 90
4
 70
1
 10
43.55820002514774
 20
30.264999999999997
 10
43.69820002514774
 20
30.444999999999997
 10
43.55820002514774
 20
30.444999999999997
 10
43.69820002514774
 20
30.264999999999997
  0
LWPOLYLINE
  5
2D7
330
17
100
AcDbEntity
  8
IZO-VANA
100
AcDbPolyline
 90
4
 70
1
 10
44.123281601117085
 20
30.59125
 10
44.263281601117086
 20
30.77125
 10
44.123281601117085
 20
30.77125
 10
44.263281601117086
 20
30.59125
  0
LWPOLYLINE
  5
2D8
330
17
100
AcDbEntity
  8
KK-IZOLASYON
100
AcDbPolyline
 90
2
 70
0
 10
43.53820002514774
 20
30.102499999999996
 10
43.718200025147745
 20
30.102499999999996
  0
LWPOLYLINE
  5
2D9
330
17
100
AcDbEntity
  8
KK-IZOLASYON
100
AcDbPolyline
 90
2
 70
0
 10
43.53820002514774
 20
30.172499999999996
 10
43.718200025147745
 20
30.172499999999996
  0
HATCH
  5
2DA
330
17
100
AcDbEntity
  8
KK-IZOLASYON
100
AcDbHatch
 10
0.0
 20
0.0
 30
0.0
210
0.0
220
0.0
230
1.0
  2
SOLID
 70
1
 71
0
 91
1
 92
3
 72
0
 73
1
 93
4
 10
43.55820002514774
 20
30.102499999999996
 10
43.55820002514774
 20
30.172499999999996
 10
43.69820002514774
 20
30.172499999999996
 10
43.69820002514774
 20
30.102499999999996
 97
0
 75
1
 76
1
 98
0
  0
LWPOLYLINE
  5
2DB
330
17
100
AcDbEntity
  8
KK-IZOLASYON
100
AcDbPolyline
 90
2
 70
0
 10
44.10328160111708
 20
30.428749999999997
 10
44.28328160111709
 20
30.428749999999997
  0
LWPOLYLINE
  5
2DC
330
17
100
AcDbEntity
  8
KK-IZOLASYON
100
AcDbPolyline
 90
2
 70
0
 10
44.10328160111708
 20
30.498749999999998
 10
44.28328160111709
 20
30.498749999999998
  0
HATCH
  5
2DD
330
17
100
AcDbEntity
  8
KK-IZOLASYON
100
AcDbHatch
 10
0.0
 20
0.0
 30
0.0
210
0.0
220
0.0
230
1.0
  2
SOLID
 70
1
 71
0
 91
1
 92
3
 72
0
 73
1
 93
4
 10
44.123281601117085
 20
30.428749999999997
 10
44.123281601117085
 20
30.498749999999998
 10
44.263281601117086
 20
30.498749999999998
 10
44.263281601117086
 20
30.428749999999997
 97
0
 75
1
 76
1
 98
0
  0
LWPOLYLINE
  5
2DE
330
17
100
AcDbEntity
  8
IZO-VANA
100
AcDbPolyline
 90
9
 70
0
 10
43.68420002514774
 20
30.482499999999998
 10
43.572200025147744
 20
30.505
 10
43.68420002514774
 20
30.527499999999996
 10
43.572200025147744
 20
30.549999999999997
 10
43.68420002514774
 20
30.572499999999998
 10
43.572200025147744
 20
30.595
 10
43.68420002514774
 20
30.6175
 10
43.572200025147744
 20
30.639999999999997
 10
43.68420002514774
 20
30.662499999999998
  0
LWPOLYLINE
  5
2DF
330
17
100
AcDbEntity
  8
IZO-VANA
100
AcDbPolyline
 90
4
 70
1
 10
46.43376334956071
 20
28.219378221735084
 10
46.3478787768795
 20
28.430621778264907
 10
46.277878776879504
 20
28.309378221735088
 10
46.5037633495607
 20
28.340621778264904
  0
LWPOLYLINE
  5
2E0
330
17
100
AcDbEntity
  8
IZO-VANA
100
AcDbPolyline
 90
2
 70
0
 10
49.530163151938694
 20
27.889999999999997
 10
49.530163151938694
 20
28.069999999999997
  0
CIRCLE
  5
2E1
330
17
100
AcDbEntity
  8
IZO-VANA
100
AcDbCircle
 10
49.530163151938694
 20
28.159999999999997
 30
0.0
 40
0.09
  0
LWPOLYLINE
  5
2E2
330
17
100
AcDbEntity
  8
IZO-VANA
100
AcDbPolyline
 90
2
 70
0
 10
49.530163151938694
 20
28.159999999999997
 10
49.58016315193869
 20
28.209999999999997
  0
LWPOLYLINE
  5
2E3
330
17
100
AcDbEntity
  8
IZO-VANA
100
AcDbPolyline
 90
2
 70
0
 10
51.79048945581608
 20
23.104999999999997
 10
51.79048945581608
 20
23.284999999999997
  0
CIRCLE
  5
2E4
330
17
100
AcDbEntity
  8
IZO-VANA
100
AcDbCircle
 10
51.79048945581608
 20
23.374999999999996
 30
0.0
 40
0.09
  0
LWPOLYLINE
  5
2E5
330
17
100
AcDbEntity
  8
IZO-VANA
100
AcDbPolyline
 90
2
 70
0
 10
51.79048945581608
 20
23.374999999999996
 10
51.840489455816076
 20
23.424999999999997
  0
LWPOLYLINE
  5
2E6
330
17
100
AcDbEntity
  8
IZO-VANA
100
AcDbPolyline
 90
4
 70
1
 10
51.2181947216211
 20
23.16
 10
51.3581947216211
 20
23.34
 10
51.2181947216211
 20
23.34
 10
51.3581947216211
 20
23.16
  0
LWPOLYLINE
  5
2E7
330
17
100
AcDbEntity
  8
IZO-VANA
100
AcDbPolyline
 90
4
 70
1
 10
50.42181033398804
 20
22.75812177826491
 10
50.64769490666924
 20
22.726878221735088
 10
50.577694906669244
 20
22.848121778264908
 10
50.491810333988035
 20
22.636878221735092
  0
LWPOLYLINE
  5
2E8
330
17
100
AcDbEntity
  8
IZO-HAT
100
AcDbPolyline
 90
2
 70
0
 10
50.03245788613366
 20
22.4525
 10
50.53475262032864
 20
22.7425
  0
LWPOLYLINE
  5
2E9
330
17
100
AcDbEntity
  8
KK-ANOT
100
AcDbPolyline
 90
50
 70
1
 10
51.944594
 20
18.06625
 10
51.945962
 20
18.054205
 10
51.950041
 20
18.042367
 10
51.956761
 20
18.030937
 10
51.966008
 20
18.020111
 10
51.977623
 20
18.010075
 10
51.991407
 20
18.001
 10
52.007126
 20
17.993041
 10
52.024509
 20
17.986335
 10
52.04326
 20
17.980997
 10
52.063057
 20
17.977117
 10
52.083562
 20
17.974762
 10
52.104424
 20
17.973973
 10
52.125286
 20
17.974762
 10
52.145791
 20
17.977117
 10
52.165588
 20
17.980997
 10
52.184338
 20
17.986335
 10
52.201722
 20
17.993041
 10
52.21744
 20
18.001
 10
52.231225
 20
18.010075
 10
52.24284
 20
18.020111
 10
52.252087
 20
18.030937
 10
52.258807
 20
18.042367
 10
52.262886
 20
18.054205
 10
52.264253
 20
18.06625
 10
52.264253
 20
18.93625
 10
52.262886
 20
18.948295
 10
52.258807
 20
18.960133
 10
52.252087
 20
18.971563
 10
52.24284
 20
18.982389
 10
52.231225
 20
18.992425
 10
52.21744
 20
19.0015
 10
52.201722
 20
19.009459
 10
52.184338
 20
19.016165
 10
52.165588
 20
19.021503
 10
52.145791
 20
19.025383
 10
52.125286
 20
19.027738
 10
52.104424
 20
19.028527
 10
52.083562
 20
19.027738
 10
52.063057
 20
19.025383
 10
52.04326
 20
19.021503
 10
52.024509
 20
19.016165
 10
52.007126
 20
19.009459
 10
51.991407
 20
19.0015
 10
51.977623
 20
18.992425
 10
51.966008
 20
18.982389
 10
51.956761
 20
18.971563
 10
51.950041
 20
18.960133
 10
51.945962
 20
18.948295
 10
51.944594
 20
18.93625
  0
LWPOLYLINE
  5
2EA
330
17
100
AcDbEntity
  8
KK-ANOT
100
AcDbPolyline
 90
48
 70
1
 10
52.2174399798818
 20
19.0015
 10
52.2017215203573
 20
19.009458611247
 10
52.18433826754624
 20
19.0161646028583
 10
52.16558765372375
 20
19.021503233458184
 10
52.145790507091
 20
19.025383157596934
 10
52.12528556231568
 20
19.02773798869682
 10
52.104423664687936
 20
19.02852743494484
 10
52.08356176706019
 20
19.02773798869682
 10
52.06305682228487
 20
19.025383157596934
 10
52.043259675652116
 20
19.021503233458184
 10
52.02450906182963
 20
19.0161646028583
 10
52.00712580901857
 20
19.009458611247
 10
51.99140734949407
 20
19.0015
 10
51.97762263045657
 20
18.99242494316228
 10
51.966007512270664
 20
18.98238871747242
 10
51.95676073282883
 20
18.971563045534538
 10
51.950040507091
 20
18.960133157596932
 10
51.94596181998275
 20
18.948294622211183
 10
51.94459445897133
 20
18.936249999999998
 10
51.94596181998275
 20
18.924205377788816
 10
51.950040507091
 20
18.912366842403063
 10
51.95676073282883
 20
18.900936954465458
 10
51.966007512270664
 20
18.890111282527577
 10
51.97762263045657
 20
18.880075056837715
 10
51.99140734949407
 20
18.871
 10
52.00712580901857
 20
18.863041388753
 10
52.02450906182963
 20
18.8563353971417
 10
52.043259675652116
 20
18.850996766541815
 10
52.06305682228487
 20
18.847116842403064
 10
52.08356176706019
 20
18.844762011303178
 10
52.104423664687936
 20
18.843972565055154
 10
52.125285562315675
 20
18.844762011303175
 10
52.145790507091
 20
18.847116842403064
 10
52.16558765372375
 20
18.850996766541815
 10
52.18433826754624
 20
18.8563353971417
 10
52.2017215203573
 20
18.863041388753
 10
52.2174399798818
 20
18.871
 10
52.2312246989193
 20
18.880075056837715
 10
52.2428398171052
 20
18.890111282527577
 10
52.25208659654704
 20
18.900936954465458
 10
52.25880682228487
 20
18.912366842403063
 10
52.262885509393115
 20
18.924205377788816
 10
52.26425287040454
 20
18.936249999999998
 10
52.262885509393115
 20
18.948294622211183
 10
52.25880682228487
 20
18.960133157596932
 10
52.25208659654704
 20
18.971563045534538
 10
52.2428398171052
 20
18.98238871747242
 10
52.2312246989193
 20
18.99242494316228
  0
LWPOLYLINE
  5
2EB
330
17
100
AcDbEntity
  8
KK-ANOT
100
AcDbPolyline
 90
50
 70
1
 10
50.814431
 20
22.48875
 10
50.815799
 20
22.476705
 10
50.819877
 20
22.464867
 10
50.826598
 20
22.453437
 10
50.835844
 20
22.442611
 10
50.847459
 20
22.432575
 10
50.861244
 20
22.4235
 10
50.876963
 20
22.415541
 10
50.894346
 20
22.408835
 10
50.913097
 20
22.403497
 10
50.932894
 20
22.399617
 10
50.953399
 20
22.397262
 10
50.974261
 20
22.396473
 10
50.995122
 20
22.397262
 10
51.015627
 20
22.399617
 10
51.035425
 20
22.403497
 10
51.054175
 20
22.408835
 10
51.071558
 20
22.415541
 10
51.087277
 20
22.4235
 10
51.101062
 20
22.432575
 10
51.112677
 20
22.442611
 10
51.121923
 20
22.453437
 10
51.128644
 20
22.464867
 10
51.132722
 20
22.476705
 10
51.13409
 20
22.48875
 10
51.13409
 20
23.35875
 10
51.132722
 20
23.370795
 10
51.128644
 20
23.382633
 10
51.121923
 20
23.394063
 10
51.112677
 20
23.404889
 10
51.101062
 20
23.414925
 10
51.087277
 20
23.424
 10
51.071558
 20
23.431959
 10
51.054175
 20
23.438665
 10
51.035425
 20
23.444003
 10
51.015627
 20
23.447883
 10
50.995122
 20
23.450238
 10
50.974261
 20
23.451027
 10
50.953399
 20
23.450238
 10
50.932894
 20
23.447883
 10
50.913097
 20
23.444003
 10
50.894346
 20
23.438665
 10
50.876963
 20
23.431959
 10
50.861244
 20
23.424
 10
50.847459
 20
23.414925
 10
50.835844
 20
23.404889
 10
50.826598
 20
23.394063
 10
50.819877
 20
23.382633
 10
50.815799
 20
23.370795
 10
50.814431
 20
23.35875
  0
LWPOLYLINE
  5
2EC
330
17
100
AcDbEntity
  8
KK-ANOT
100
AcDbPolyline
 90
48
 70
1
 10
51.087276827943114
 20
23.424
 10
51.07155836841861
 20
23.431958611246998
 10
51.05417511560754
 20
23.4386646028583
 10
51.03542450178506
 20
23.444003233458183
 10
51.015627355152304
 20
23.447883157596934
 10
50.995122410376986
 20
23.45023798869682
 10
50.97426051274924
 20
23.45102743494484
 10
50.9533986151215
 20
23.45023798869682
 10
50.932893670346175
 20
23.447883157596934
 10
50.91309652371343
 20
23.444003233458183
 10
50.894345909890944
 20
23.4386646028583
 10
50.87696265707987
 20
23.431958611246998
 10
50.86124419755537
 20
23.424
 10
50.847459478517884
 20
23.41492494316228
 10
50.835844360331976
 20
23.40488871747242
 10
50.82659758089014
 20
23.394063045534537
 10
50.81987735515231
 20
23.382633157596935
 10
50.81579866804406
 20
23.370794622211182
 10
50.81443130703264
 20
23.358749999999997
 10
50.81579866804406
 20
23.346705377788815
 10
50.81987735515231
 20
23.334866842403063
 10
50.82659758089014
 20
23.323436954465457
 10
50.835844360331976
 20
23.312611282527577
 10
50.847459478517884
 20
23.302575056837714
 10
50.86124419755537
 20
23.293499999999998
 10
50.87696265707987
 20
23.285541388752996
 10
50.894345909890944
 20
23.278835397141698
 10
50.91309652371343
 20
23.273496766541815
 10
50.932893670346175
 20
23.269616842403064
 10
50.9533986151215
 20
23.267262011303174
 10
50.97426051274924
 20
23.266472565055153
 10
50.995122410376986
 20
23.267262011303174
 10
51.015627355152304
 20
23.269616842403064
 10
51.03542450178506
 20
23.273496766541815
 10
51.05417511560754
 20
23.278835397141698
 10
51.07155836841861
 20
23.285541388752996
 10
51.087276827943114
 20
23.293499999999998
 10
51.1010615469806
 20
23.302575056837714
 10
51.11267666516651
 20
23.312611282527577
 10
51.12192344460835
 20
23.323436954465457
 10
51.12864367034618
 20
23.334866842403063
 10
51.132722357454426
 20
23.346705377788815
 10
51.134089718465844
 20
23.358749999999997
 10
51.132722357454426
 20
23.370794622211182
 10
51.12864367034618
 20
23.382633157596935
 10
51.12192344460835
 20
23.394063045534537
 10
51.11267666516651
 20
23.40488871747242
 10
51.1010615469806
 20
23.41492494316228
  0
LWPOLYLINE
  5
2ED
330
17
100
AcDbEntity
  8
KK-ANOT
100
AcDbPolyline
 90
50
 70
1
 10
41.494709
 20
28.9775
 10
41.495773
 20
28.968132
 10
41.498945
 20
28.958924
 10
41.504172
 20
28.950034
 10
41.511364
 20
28.941614
 10
41.520398
 20
28.933808
 10
41.53112
 20
28.92675
 10
41.543345
 20
28.92056
 10
41.556865
 20
28.915344
 10
41.571449
 20
28.911192
 10
41.586847
 20
28.908174
 10
41.602795
 20
28.906343
 10
41.619021
 20
28.905729
 10
41.635247
 20
28.906343
 10
41.651195
 20
28.908174
 10
41.666593
 20
28.911192
 10
41.681177
 20
28.915344
 10
41.694697
 20
28.92056
 10
41.706923
 20
28.92675
 10
41.717644
 20
28.933808
 10
41.726678
 20
28.941614
 10
41.73387
 20
28.950034
 10
41.739097
 20
28.958924
 10
41.742269
 20
28.968132
 10
41.743333
 20
28.9775
 10
41.743333
 20
29.485
 10
41.742269
 20
29.494368
 10
41.739097
 20
29.503576
 10
41.73387
 20
29.512466
 10
41.726678
 20
29.520886
 10
41.717644
 20
29.528692
 10
41.706923
 20
29.53575
 10
41.694697
 20
29.54194
 10
41.681177
 20
29.547156
 10
41.666593
 20
29.551308
 10
41.651195
 20
29.554326
 10
41.635247
 20
29.556157
 10
41.619021
 20
29.556771
 10
41.602795
 20
29.556157
 10
41.586847
 20
29.554326
 10
41.571449
 20
29.551308
 10
41.556865
 20
29.547156
 10
41.543345
 20
29.54194
 10
41.53112
 20
29.53575
 10
41.520398
 20
29.528692
 10
41.511364
 20
29.520886
 10
41.504172
 20
29.512466
 10
41.498945
 20
29.503576
 10
41.495773
 20
29.494368
 10
41.494709
 20
29.485
  0
LWPOLYLINE
  5
2EE
330
17
100
AcDbEntity
  8
KK-ANOT
100
AcDbPolyline
 90
48
 70
1
 10
41.706922666851966
 20
29.53575
 10
41.694697198332904
 20
29.541940030969887
 10
41.68117689059096
 20
29.547155802223124
 10
41.66659307984015
 20
29.55130807046747
 10
41.65119529912578
 20
29.554325789242057
 10
41.635247008744976
 20
29.55615732454197
 10
41.619021088367845
 20
29.55677133829043
 10
41.602795167990706
 20
29.55615732454197
 10
41.5868468776099
 20
29.554325789242057
 10
41.57144909689554
 20
29.55130807046747
 10
41.55686528614472
 20
29.547155802223124
 10
41.54334497840278
 20
29.541940030969887
 10
41.53111950988372
 20
29.53575
 10
41.52039806174345
 20
29.52869162245955
 10
41.51136408093219
 20
29.520885669145216
 10
41.50417214136632
 20
29.512465702082416
 10
41.49894529912578
 20
29.503575789242056
 10
41.495772986930476
 20
29.494368039497587
 10
41.494709483921596
 20
29.485
 10
41.495772986930476
 20
29.47563196050241
 10
41.49894529912578
 20
29.466424210757935
 10
41.50417214136632
 20
29.457534297917576
 10
41.51136408093219
 20
29.449114330854783
 10
41.52039806174345
 20
29.441308377540444
 10
41.53111950988372
 20
29.43425
 10
41.54334497840278
 20
29.42805996903011
 10
41.55686528614472
 20
29.422844197776875
 10
41.57144909689554
 20
29.41869192953252
 10
41.5868468776099
 20
29.415674210757935
 10
41.60279516799071
 20
29.413842675458024
 10
41.619021088367845
 20
29.413228661709564
 10
41.635247008744976
 20
29.413842675458024
 10
41.65119529912578
 20
29.415674210757935
 10
41.66659307984014
 20
29.41869192953252
 10
41.68117689059096
 20
29.422844197776875
 10
41.694697198332904
 20
29.42805996903011
 10
41.706922666851966
 20
29.43425
 10
41.71764411499223
 20
29.441308377540444
 10
41.72667809580349
 20
29.449114330854783
 10
41.73387003536937
 20
29.457534297917576
 10
41.7390968776099
 20
29.466424210757935
 10
41.74226918980521
 20
29.47563196050241
 10
41.743332692814086
 20
29.485
 10
41.74226918980521
 20
29.494368039497587
 10
41.7390968776099
 20
29.503575789242056
 10
41.73387003536937
 20
29.512465702082416
 10
41.72667809580349
 20
29.520885669145216
 10
41.71764411499224
 20
29.52869162245955
  0
LWPOLYLINE
  5
2EF
330
17
100
AcDbEntity
  8
KK-ANOT
100
AcDbPolyline
 90
50
 70
1
 10
44.382904
 20
30.21
 10
44.383968
 20
30.200632
 10
44.38714
 20
30.191424
 10
44.392367
 20
30.182534
 10
44.399559
 20
30.174114
 10
44.408593
 20
30.166308
 10
44.419314
 20
30.15925
 10
44.43154
 20
30.15306
 10
44.44506
 20
30.147844
 10
44.459644
 20
30.143692
 10
44.475042
 20
30.140674
 10
44.49099
 20
30.138843
 10
44.507216
 20
30.138229
 10
44.523442
 20
30.138843
 10
44.53939
 20
30.140674
 10
44.554788
 20
30.143692
 10
44.569372
 20
30.147844
 10
44.582892
 20
30.15306
 10
44.595117
 20
30.15925
 10
44.605839
 20
30.166308
 10
44.614873
 20
30.174114
 10
44.622065
 20
30.182534
 10
44.627292
 20
30.191424
 10
44.630464
 20
30.200632
 10
44.631527
 20
30.21
 10
44.631527
 20
30.7175
 10
44.630464
 20
30.726868
 10
44.627292
 20
30.736076
 10
44.622065
 20
30.744966
 10
44.614873
 20
30.753386
 10
44.605839
 20
30.761192
 10
44.595117
 20
30.76825
 10
44.582892
 20
30.77444
 10
44.569372
 20
30.779656
 10
44.554788
 20
30.783808
 10
44.53939
 20
30.786826
 10
44.523442
 20
30.788657
 10
44.507216
 20
30.789271
 10
44.49099
 20
30.788657
 10
44.475042
 20
30.786826
 10
44.459644
 20
30.783808
 10
44.44506
 20
30.779656
 10
44.43154
 20
30.77444
 10
44.419314
 20
30.76825
 10
44.408593
 20
30.761192
 10
44.399559
 20
30.753386
 10
44.392367
 20
30.744966
 10
44.38714
 20
30.736076
 10
44.383968
 20
30.726868
 10
44.382904
 20
30.7175
  0
LWPOLYLINE
  5
2F0
330
17
100
AcDbEntity
  8
KK-ANOT
100
AcDbPolyline
 90
48
 70
1
 10
44.59511738847307
 20
30.76825
 10
44.58289191995401
 20
30.774440030969885
 10
44.56937161221207
 20
30.77965580222312
 10
44.55478780146125
 20
30.783808070467472
 10
44.539390020746886
 20
30.78682578924206
 10
44.52344173036608
 20
30.788657324541973
 10
44.50721580998895
 20
30.789271338290433
 10
44.49098988961181
 20
30.788657324541973
 10
44.475041599231005
 20
30.78682578924206
 10
44.459643818516646
 20
30.783808070467472
 10
44.445060007765825
 20
30.77965580222312
 10
44.43153970002388
 20
30.774440030969885
 10
44.41931423150483
 20
30.76825
 10
44.408592783364554
 20
30.76119162245955
 10
44.399558802553294
 20
30.753385669145217
 10
44.39236686298742
 20
30.744965702082418
 10
44.387140020746884
 20
30.736075789242058
 10
44.38396770855158
 20
30.726868039497585
 10
44.3829042055427
 20
30.717499999999994
 10
44.38396770855158
 20
30.70813196050241
 10
44.387140020746884
 20
30.698924210757937
 10
44.39236686298742
 20
30.690034297917578
 10
44.399558802553294
 20
30.68161433085478
 10
44.408592783364554
 20
30.673808377540446
 10
44.41931423150483
 20
30.66675
 10
44.43153970002388
 20
30.66055996903011
 10
44.445060007765825
 20
30.655344197776877
 10
44.459643818516646
 20
30.651191929532523
 10
44.475041599231005
 20
30.648174210757936
 10
44.49098988961181
 20
30.646342675458023
 10
44.50721580998895
 20
30.645728661709562
 10
44.52344173036608
 20
30.646342675458023
 10
44.539390020746886
 20
30.648174210757936
 10
44.554787801461245
 20
30.651191929532523
 10
44.56937161221207
 20
30.655344197776877
 10
44.58289191995401
 20
30.66055996903011
 10
44.59511738847307
 20
30.66675
 10
44.60583883661334
 20
30.673808377540446
 10
44.6148728174246
 20
30.68161433085478
 10
44.622064756990476
 20
30.690034297917578
 10
44.62729159923101
 20
30.698924210757937
 10
44.63046391142631
 20
30.70813196050241
 10
44.63152741443519
 20
30.7175
 10
44.63046391142631
 20
30.726868039497585
 10
44.62729159923101
 20
30.736075789242058
 10
44.622064756990476
 20
30.744965702082418
 10
44.6148728174246
 20
30.753385669145217
 10
44.60583883661334
 20
30.76119162245955
  0
LWPOLYLINE
  5
2F1
330
17
100
AcDbEntity
  8
KK-OLCUM
100
AcDbPolyline
 90
6
 70
1
 10
45.486691
 20
20.002
 10
45.637379
 20
19.915
 10
45.788067
 20
20.002
 10
45.788067
 20
21.307
 10
45.637379
 20
21.394
 10
45.486691
 20
21.307
  0
LWPOLYLINE
  5
2F2
330
17
100
AcDbEntity
  8
KK-OLCUM
100
AcDbPolyline
 90
2
 70
0
 10
45.63737896192764
 20
21.22
 10
45.78806738218613
 20
21.307
  0
LWPOLYLINE
  5
2F3
330
17
100
AcDbEntity
  8
KK-OLCUM
100
AcDbPolyline
 90
2
 70
0
 10
45.63737896192764
 20
21.22
 10
45.48669054166915
 20
21.307
  0
LWPOLYLINE
  5
2F4
330
17
100
AcDbEntity
  8
KK-OLCUM
100
AcDbPolyline
 90
2
 70
0
 10
45.63737896192764
 20
21.22
 10
45.63737896192764
 20
19.915
  0
LWPOLYLINE
  5
2F5
330
17
100
AcDbEntity
  8
KK-OLCUM
100
AcDbPolyline
 90
6
 70
1
 10
45.235543
 20
21.0895
 10
45.637379
 20
20.8575
 10
46.039215
 20
21.0895
 10
46.039215
 20
21.597
 10
45.637379
 20
21.829
 10
45.235543
 20
21.597
  0
LWPOLYLINE
  5
2F6
330
17
100
AcDbEntity
  8
KK-OLCUM
100
AcDbPolyline
 90
2
 70
0
 10
45.63737896192764
 20
21.365
 10
46.039214749283616
 20
21.596999999999998
  0
LWPOLYLINE
  5
2F7
330
17
100
AcDbEntity
  8
KK-OLCUM
100
AcDbPolyline
 90
2
 70
0
 10
45.63737896192764
 20
21.365
 10
45.23554317457166
 20
21.596999999999998
  0
LWPOLYLINE
  5
2F8
330
17
100
AcDbEntity
  8
KK-OLCUM
100
AcDbPolyline
 90
2
 70
0
 10
45.63737896192764
 20
21.365
 10
45.63737896192764
 20
20.857499999999998
  0
LWPOLYLINE
  5
2F9
330
17
100
AcDbEntity
  8
KK-OLCUM
100
AcDbPolyline
 90
6
 70
1
 10
46.993575
 20
31.312
 10
47.144263
 20
31.225
 10
47.294952
 20
31.312
 10
47.294952
 20
32.617
 10
47.144263
 20
32.704
 10
46.993575
 20
32.617
  0
LWPOLYLINE
  5
2FA
330
17
100
AcDbEntity
  8
KK-OLCUM
100
AcDbPolyline
 90
2
 70
0
 10
47.144263164512566
 20
32.529999999999994
 10
47.294951584771056
 20
32.617
  0
LWPOLYLINE
  5
2FB
330
17
100
AcDbEntity
  8
KK-OLCUM
100
AcDbPolyline
 90
2
 70
0
 10
47.144263164512566
 20
32.529999999999994
 10
46.99357474425407
 20
32.617
  0
LWPOLYLINE
  5
2FC
330
17
100
AcDbEntity
  8
KK-OLCUM
100
AcDbPolyline
 90
2
 70
0
 10
47.144263164512566
 20
32.529999999999994
 10
47.144263164512566
 20
31.224999999999998
  0
LWPOLYLINE
  5
2FD
330
17
100
AcDbEntity
  8
KK-OLCUM
100
AcDbPolyline
 90
6
 70
1
 10
46.742427
 20
32.3995
 10
47.144263
 20
32.1675
 10
47.546099
 20
32.3995
 10
47.546099
 20
32.907
 10
47.144263
 20
33.139
 10
46.742427
 20
32.907
  0
LWPOLYLINE
  5
2FE
330
17
100
AcDbEntity
  8
KK-OLCUM
100
AcDbPolyline
 90
2
 70
0
 10
47.144263164512566
 20
32.675
 10
47.546098951868544
 20
32.907
  0
LWPOLYLINE
  5
2FF
330
17
100
AcDbEntity
  8
KK-OLCUM
100
AcDbPolyline
 90
2
 70
0
 10
47.144263164512566
 20
32.675
 10
46.74242737715658
 20
32.907
  0
LWPOLYLINE
  5
300
330
17
100
AcDbEntity
  8
KK-OLCUM
100
AcDbPolyline
 90
2
 70
0
 10
47.144263164512566
 20
32.675
 10
47.144263164512566
 20
32.1675
  0
LWPOLYLINE
  5
301
330
17
100
AcDbEntity
  8
KK-KABLO
100
AcDbPolyline
 90
5
 70
0
 10
52.104423664687936
 20
18.936249999999998
 10
52.104423664687936
 20
19.87875
 10
48.412557368354875
 20
17.747249999999998
 10
45.63737896192764
 20
19.3495
 10
45.63737896192764
 20
20.002
  0
LWPOLYLINE
  5
302
330
17
100
AcDbEntity
  8
KK-KABLO
100
AcDbPolyline
 90
5
 70
0
 10
50.97426051274924
 20
23.358749999999997
 10
50.97426051274924
 20
24.301249999999996
 10
44.01747844414885
 20
20.28475
 10
45.63737896192764
 20
19.3495
 10
45.63737896192764
 20
20.002
  0
LWPOLYLINE
  5
303
330
17
100
AcDbEntity
  8
KK-KABLO
100
AcDbPolyline
 90
4
 70
0
 10
49.90688420258492
 20
20.4225
 10
49.90688420258492
 20
20.785
 10
46.59173895689809
 20
18.871
 10
45.63737896192764
 20
19.421999999999997
  0
LWPOLYLINE
  5
304
330
17
100
AcDbEntity
  8
KK-KABLO
100
AcDbPolyline
 90
5
 70
0
 10
41.619021088367845
 20
29.485
 10
41.619021088367845
 20
30.064999999999998
 10
44.95928107076442
 20
31.993499999999997
 10
47.144263164512566
 20
30.732
 10
47.144263164512566
 20
31.311999999999998
  0
LWPOLYLINE
  5
305
330
17
100
AcDbEntity
  8
KK-KABLO
100
AcDbPolyline
 90
5
 70
0
 10
44.50721580998895
 20
30.7175
 10
44.50721580998895
 20
31.2975
 10
45.33600212141065
 20
31.775999999999996
 10
47.144263164512566
 20
30.732
 10
47.144263164512566
 20
31.311999999999998
  0
TEXT
  5
306
330
17
100
AcDbEntity
  8
YAZI
 62
2
100
AcDbText
 10
45.63737896192764
 20
21.7275
 30
0.0
 40
0.11
  1
ÖK-1
  7
ARIAL
 72
1
 11
45.63737896192764
 21
21.7275
 31
0.0
100
AcDbText
 73
1
  0
TEXT
  5
307
330
17
100
AcDbEntity
  8
YAZI
 62
2
100
AcDbText
 10
47.144263164512566
 20
33.037499999999994
 30
0.0
 40
0.11
  1
ÖK-2
  7
ARIAL
 72
1
 11
47.144263164512566
 21
33.037499999999994
 31
0.0
100
AcDbText
 73
1
  0
TEXT
  5
308
330
17
100
AcDbEntity
  8
YAZI
 62
6
100
AcDbText
 10
46.139673696122614
 20
28.542499999999997
 30
0.0
 40
0.1
  1
BASMA HATTI (toprak altı)
 50
-30.0
  7
ARIAL
 11
46.139673696122614
 21
28.542499999999997
 31
0.0
100
AcDbText
 73
1
  0
TEXT
  5
309
330
17
100
AcDbEntity
  8
YAZI
 62
6
100
AcDbText
 10
49.21622894306683
 20
27.05625
 30
0.0
 40
0.1
  1
GERİ DÖNÜŞ HATTI (toprak altı)
 50
-30.0
  7
ARIAL
 11
49.21622894306683
 21
27.05625
 31
0.0
100
AcDbText
 73
3
  0
TEXT
  5
30A
330
17
100
AcDbEntity
  8
YAZI
 62
6
100
AcDbText
 10
52.41835787355979
 20
26.15
 30
0.0
 40
0.1
  1
BY-PASS HATTI
 50
30.0
  7
ARIAL
 72
2
 11
52.41835787355979
 21
26.15
 31
0.0
100
AcDbText
 73
1
  0
TEXT
  5
30B
330
17
100
AcDbEntity
  8
YAZI
 62
6
100
AcDbText
 10
49.969671044359295
 20
24.15625
 30
0.0
 40
0.1
  1
EMİŞ HATTI
 50
-30.0
  7
ARIAL
 11
49.969671044359295
 21
24.15625
 31
0.0
100
AcDbText
 73
1
  0
CIRCLE
  5
30C
330
17
100
AcDbEntity
  8
BALON
100
AcDbCircle
 10
41.2
 20
31.24645833333333
 30
0.0
 40
0.17
  0
TEXT
  5
30D
330
17
100
AcDbEntity
  8
YAZI
100
AcDbText
 10
41.2
 20
31.24645833333333
 30
0.0
 40
0.1
  1
16
  7
ARIAL
 72
1
 11
41.2
 21
31.24645833333333
 31
0.0
100
AcDbText
 73
2
  0
LWPOLYLINE
  5
30E
330
17
100
AcDbEntity
  8
BALON
100
AcDbPolyline
 90
3
 70
0
 10
41.370000000000005
 20
31.24645833333333
 10
41.720000000000006
 20
31.24645833333333
 10
42.56082371498342
 20
31.55125
  0
HATCH
  5
30F
330
17
100
AcDbEntity
  8
BALON
 62
7
100
AcDbHatch
 10
0.0
 20
0.0
 30
0.0
210
0.0
220
0.0
230
1.0
  2
SOLID
 70
1
 71
0
 91
1
 92
1
 93
1
 72
2
 10
42.56082371498342
 20
31.55125
 40
0.02
 50
0
 51
360
 73
1
 97
0
 75
1
 76
1
 98
0
  0
CIRCLE
  5
310
330
17
100
AcDbEntity
  8
BALON
100
AcDbCircle
 10
41.2
 20
30.62645833333333
 30
0.0
 40
0.17
  0
TEXT
  5
311
330
17
100
AcDbEntity
  8
YAZI
100
AcDbText
 10
41.2
 20
30.62645833333333
 30
0.0
 40
0.1
  1
22
  7
ARIAL
 72
1
 11
41.2
 21
30.62645833333333
 31
0.0
100
AcDbText
 73
2
  0
LWPOLYLINE
  5
312
330
17
100
AcDbEntity
  8
BALON
100
AcDbPolyline
 90
3
 70
0
 10
41.370000000000005
 20
30.62645833333333
 10
41.720000000000006
 20
30.62645833333333
 10
43.62820002514774
 20
30.572499999999998
  0
HATCH
  5
313
330
17
100
AcDbEntity
  8
BALON
 62
7
100
AcDbHatch
 10
0.0
 20
0.0
 30
0.0
210
0.0
220
0.0
230
1.0
  2
SOLID
 70
1
 71
0
 91
1
 92
1
 93
1
 72
2
 10
43.62820002514774
 20
30.572499999999998
 40
0.02
 50
0
 51
360
 73
1
 97
0
 75
1
 76
1
 98
0
  0
CIRCLE
  5
314
330
17
100
AcDbEntity
  8
BALON
100
AcDbCircle
 10
41.2
 20
30.00645833333333
 30
0.0
 40
0.17
  0
TEXT
  5
315
330
17
100
AcDbEntity
  8
YAZI
100
AcDbText
 10
41.2
 20
30.00645833333333
 30
0.0
 40
0.1
  1
18
  7
ARIAL
 72
1
 11
41.2
 21
30.00645833333333
 31
0.0
100
AcDbText
 73
2
  0
LWPOLYLINE
  5
316
330
17
100
AcDbEntity
  8
BALON
100
AcDbPolyline
 90
3
 70
0
 10
41.370000000000005
 20
30.00645833333333
 10
41.720000000000006
 20
30.00645833333333
 10
43.62820002514774
 20
30.354999999999997
  0
HATCH
  5
317
330
17
100
AcDbEntity
  8
BALON
 62
7
100
AcDbHatch
 10
0.0
 20
0.0
 30
0.0
210
0.0
220
0.0
230
1.0
  2
SOLID
 70
1
 71
0
 91
1
 92
1
 93
1
 72
2
 10
43.62820002514774
 20
30.354999999999997
 40
0.02
 50
0
 51
360
 73
1
 97
0
 75
1
 76
1
 98
0
  0
CIRCLE
  5
318
330
17
100
AcDbEntity
  8
BALON
100
AcDbCircle
 10
41.2
 20
29.38645833333333
 30
0.0
 40
0.17
  0
TEXT
  5
319
330
17
100
AcDbEntity
  8
YAZI
100
AcDbText
 10
41.2
 20
29.38645833333333
 30
0.0
 40
0.1
  1
17
  7
ARIAL
 72
1
 11
41.2
 21
29.38645833333333
 31
0.0
100
AcDbText
 73
2
  0
LWPOLYLINE
  5
31A
330
17
100
AcDbEntity
  8
BALON
100
AcDbPolyline
 90
3
 70
0
 10
41.370000000000005
 20
29.38645833333333
 10
41.720000000000006
 20
29.38645833333333
 10
41.619021088367845
 20
29.231249999999996
  0
HATCH
  5
31B
330
17
100
AcDbEntity
  8
BALON
 62
7
100
AcDbHatch
 10
0.0
 20
0.0
 30
0.0
210
0.0
220
0.0
230
1.0
  2
SOLID
 70
1
 71
0
 91
1
 92
1
 93
1
 72
2
 10
41.619021088367845
 20
29.231249999999996
 40
0.02
 50
0
 51
360
 73
1
 97
0
 75
1
 76
1
 98
0
  0
CIRCLE
  5
31C
330
17
100
AcDbEntity
  8
BALON
100
AcDbCircle
 10
41.2
 20
28.76645833333333
 30
0.0
 40
0.17
  0
TEXT
  5
31D
330
17
100
AcDbEntity
  8
YAZI
100
AcDbText
 10
41.2
 20
28.76645833333333
 30
0.0
 40
0.1
  1
5
  7
ARIAL
 72
1
 11
41.2
 21
28.76645833333333
 31
0.0
100
AcDbText
 73
2
  0
LWPOLYLINE
  5
31E
330
17
100
AcDbEntity
  8
BALON
100
AcDbPolyline
 90
3
 70
0
 10
41.370000000000005
 20
28.76645833333333
 10
41.720000000000006
 20
28.76645833333333
 10
46.3908210632201
 20
28.324999999999996
  0
HATCH
  5
31F
330
17
100
AcDbEntity
  8
BALON
 62
7
100
AcDbHatch
 10
0.0
 20
0.0
 30
0.0
210
0.0
220
0.0
230
1.0
  2
SOLID
 70
1
 71
0
 91
1
 92
1
 93
1
 72
2
 10
46.3908210632201
 20
28.324999999999996
 40
0.02
 50
0
 51
360
 73
1
 97
0
 75
1
 76
1
 98
0
  0
CIRCLE
  5
320
330
17
100
AcDbEntity
  8
BALON
100
AcDbCircle
 10
41.2
 20
28.146458333333328
 30
0.0
 40
0.17
  0
TEXT
  5
321
330
17
100
AcDbEntity
  8
YAZI
100
AcDbText
 10
41.2
 20
28.146458333333328
 30
0.0
 40
0.1
  1
21
  7
ARIAL
 72
1
 11
41.2
 21
28.146458333333328
 31
0.0
100
AcDbText
 73
2
  0
LWPOLYLINE
  5
322
330
17
100
AcDbEntity
  8
BALON
100
AcDbPolyline
 90
3
 70
0
 10
41.370000000000005
 20
28.146458333333328
 10
41.720000000000006
 20
28.146458333333328
 10
47.45819737338442
 20
28.143749999999997
  0
HATCH
  5
323
330
17
100
AcDbEntity
  8
BALON
 62
7
100
AcDbHatch
 10
0.0
 20
0.0
 30
0.0
210
0.0
220
0.0
230
1.0
  2
SOLID
 70
1
 71
0
 91
1
 92
1
 93
1
 72
2
 10
47.45819737338442
 20
28.143749999999997
 40
0.02
 50
0
 51
360
 73
1
 97
0
 75
1
 76
1
 98
0
  0
CIRCLE
  5
324
330
17
100
AcDbEntity
  8
BALON
100
AcDbCircle
 10
56.2
 20
30.194526315789474
 30
0.0
 40
0.17
  0
TEXT
  5
325
330
17
100
AcDbEntity
  8
YAZI
100
AcDbText
 10
56.2
 20
30.194526315789474
 30
0.0
 40
0.1
  1
15
  7
ARIAL
 72
1
 11
56.2
 21
30.194526315789474
 31
0.0
100
AcDbText
 73
2
  0
LWPOLYLINE
  5
326
330
17
100
AcDbEntity
  8
BALON
100
AcDbPolyline
 90
3
 70
0
 10
56.03
 20
30.194526315789474
 10
55.68
 20
30.194526315789474
 10
49.530163151938694
 20
27.889999999999997
  0
HATCH
  5
327
330
17
100
AcDbEntity
  8
BALON
 62
7
100
AcDbHatch
 10
0.0
 20
0.0
 30
0.0
210
0.0
220
0.0
230
1.0
  2
SOLID
 70
1
 71
0
 91
1
 92
1
 93
1
 72
2
 10
49.530163151938694
 20
27.889999999999997
 40
0.02
 50
0
 51
360
 73
1
 97
0
 75
1
 76
1
 98
0
  0
CIRCLE
  5
328
330
17
100
AcDbEntity
  8
BALON
100
AcDbCircle
 10
56.2
 20
29.574526315789473
 30
0.0
 40
0.17
  0
TEXT
  5
329
330
17
100
AcDbEntity
  8
YAZI
100
AcDbText
 10
56.2
 20
29.574526315789473
 30
0.0
 40
0.1
  1
11
  7
ARIAL
 72
1
 11
56.2
 21
29.574526315789473
 31
0.0
100
AcDbText
 73
2
  0
LWPOLYLINE
  5
32A
330
17
100
AcDbEntity
  8
BALON
100
AcDbPolyline
 90
3
 70
0
 10
56.03
 20
29.574526315789473
 10
55.68
 20
29.574526315789473
 10
49.15344210129246
 20
27.744999999999997
  0
HATCH
  5
32B
330
17
100
AcDbEntity
  8
BALON
 62
7
100
AcDbHatch
 10
0.0
 20
0.0
 30
0.0
210
0.0
220
0.0
230
1.0
  2
SOLID
 70
1
 71
0
 91
1
 92
1
 93
1
 72
2
 10
49.15344210129246
 20
27.744999999999997
 40
0.02
 50
0
 51
360
 73
1
 97
0
 75
1
 76
1
 98
0
  0
CIRCLE
  5
32C
330
17
100
AcDbEntity
  8
BALON
100
AcDbCircle
 10
56.2
 20
28.954526315789476
 30
0.0
 40
0.17
  0
TEXT
  5
32D
330
17
100
AcDbEntity
  8
YAZI
100
AcDbText
 10
56.2
 20
28.954526315789476
 30
0.0
 40
0.1
  1
14
  7
ARIAL
 72
1
 11
56.2
 21
28.954526315789476
 31
0.0
100
AcDbText
 73
2
  0
LWPOLYLINE
  5
32E
330
17
100
AcDbEntity
  8
BALON
100
AcDbPolyline
 90
3
 70
0
 10
56.03
 20
28.954526315789476
 10
55.68
 20
28.954526315789476
 10
49.90688420258492
 20
27.6725
  0
HATCH
  5
32F
330
17
100
AcDbEntity
  8
BALON
 62
7
100
AcDbHatch
 10
0.0
 20
0.0
 30
0.0
210
0.0
220
0.0
230
1.0
  2
SOLID
 70
1
 71
0
 91
1
 92
1
 93
1
 72
2
 10
49.90688420258492
 20
27.6725
 40
0.02
 50
0
 51
360
 73
1
 97
0
 75
1
 76
1
 98
0
  0
CIRCLE
  5
330
330
17
100
AcDbEntity
  8
BALON
100
AcDbCircle
 10
56.2
 20
28.334526315789475
 30
0.0
 40
0.17
  0
TEXT
  5
331
330
17
100
AcDbEntity
  8
YAZI
100
AcDbText
 10
56.2
 20
28.334526315789475
 30
0.0
 40
0.1
  1
9
  7
ARIAL
 72
1
 11
56.2
 21
28.334526315789475
 31
0.0
100
AcDbText
 73
2
  0
LWPOLYLINE
  5
332
330
17
100
AcDbEntity
  8
BALON
100
AcDbPolyline
 90
3
 70
0
 10
56.03
 20
28.334526315789475
 10
55.68
 20
28.334526315789475
 10
50.66032630387738
 20
27.237499999999997
  0
HATCH
  5
333
330
17
100
AcDbEntity
  8
BALON
 62
7
100
AcDbHatch
 10
0.0
 20
0.0
 30
0.0
210
0.0
220
0.0
230
1.0
  2
SOLID
 70
1
 71
0
 91
1
 92
1
 93
1
 72
2
 10
50.66032630387738
 20
27.237499999999997
 40
0.02
 50
0
 51
360
 73
1
 97
0
 75
1
 76
1
 98
0
  0
CIRCLE
  5
334
330
17
100
AcDbEntity
  8
BALON
100
AcDbCircle
 10
56.2
 20
27.714526315789474
 30
0.0
 40
0.17
  0
TEXT
  5
335
330
17
100
AcDbEntity
  8
YAZI
100
AcDbText
 10
56.2
 20
27.714526315789474
 30
0.0
 40
0.1
  1
13
  7
ARIAL
 72
1
 11
56.2
 21
27.714526315789474
 31
0.0
100
AcDbText
 73
2
  0
LWPOLYLINE
  5
336
330
17
100
AcDbEntity
  8
BALON
100
AcDbPolyline
 90
3
 70
0
 10
56.03
 20
27.714526315789474
 10
55.68
 20
27.714526315789474
 10
49.15344210129246
 20
27.0925
  0
HATCH
  5
337
330
17
100
AcDbEntity
  8
BALON
 62
7
100
AcDbHatch
 10
0.0
 20
0.0
 30
0.0
210
0.0
220
0.0
230
1.0
  2
SOLID
 70
1
 71
0
 91
1
 92
1
 93
1
 72
2
 10
49.15344210129246
 20
27.0925
 40
0.02
 50
0
 51
360
 73
1
 97
0
 75
1
 76
1
 98
0
  0
CIRCLE
  5
338
330
17
100
AcDbEntity
  8
BALON
100
AcDbCircle
 10
56.2
 20
27.094526315789473
 30
0.0
 40
0.17
  0
TEXT
  5
339
330
17
100
AcDbEntity
  8
YAZI
100
AcDbText
 10
56.2
 20
27.094526315789473
 30
0.0
 40
0.1
  1
19
  7
ARIAL
 72
1
 11
56.2
 21
27.094526315789473
 31
0.0
100
AcDbText
 73
2
  0
LWPOLYLINE
  5
33A
330
17
100
AcDbEntity
  8
BALON
100
AcDbPolyline
 90
3
 70
0
 10
56.03
 20
27.094526315789473
 10
55.68
 20
27.094526315789473
 10
51.2881947216211
 20
26.875
  0
HATCH
  5
33B
330
17
100
AcDbEntity
  8
BALON
 62
7
100
AcDbHatch
 10
0.0
 20
0.0
 30
0.0
210
0.0
220
0.0
230
1.0
  2
SOLID
 70
1
 71
0
 91
1
 92
1
 93
1
 72
2
 10
51.2881947216211
 20
26.875
 40
0.02
 50
0
 51
360
 73
1
 97
0
 75
1
 76
1
 98
0
  0
CIRCLE
  5
33C
330
17
100
AcDbEntity
  8
BALON
100
AcDbCircle
 10
56.2
 20
26.474526315789475
 30
0.0
 40
0.17
  0
TEXT
  5
33D
330
17
100
AcDbEntity
  8
YAZI
100
AcDbText
 10
56.2
 20
26.474526315789475
 30
0.0
 40
0.1
  1
12
  7
ARIAL
 72
1
 11
56.2
 21
26.474526315789475
 31
0.0
100
AcDbText
 73
2
  0
LWPOLYLINE
  5
33E
330
17
100
AcDbEntity
  8
BALON
100
AcDbPolyline
 90
3
 70
0
 10
56.03
 20
26.474526315789475
 10
55.68
 20
26.474526315789475
 10
50.97426051274924
 20
26.693749999999998
  0
HATCH
  5
33F
330
17
100
AcDbEntity
  8
BALON
 62
7
100
AcDbHatch
 10
0.0
 20
0.0
 30
0.0
210
0.0
220
0.0
230
1.0
  2
SOLID
 70
1
 71
0
 91
1
 92
1
 93
1
 72
2
 10
50.97426051274924
 20
26.693749999999998
 40
0.02
 50
0
 51
360
 73
1
 97
0
 75
1
 76
1
 98
0
  0
CIRCLE
  5
340
330
17
100
AcDbEntity
  8
BALON
100
AcDbCircle
 10
56.2
 20
25.854526315789474
 30
0.0
 40
0.17
  0
TEXT
  5
341
330
17
100
AcDbEntity
  8
YAZI
100
AcDbText
 10
56.2
 20
25.854526315789474
 30
0.0
 40
0.1
  1
7
  7
ARIAL
 72
1
 11
56.2
 21
25.854526315789474
 31
0.0
100
AcDbText
 73
2
  0
LWPOLYLINE
  5
342
330
17
100
AcDbEntity
  8
BALON
100
AcDbPolyline
 90
3
 70
0
 10
56.03
 20
25.854526315789474
 10
55.68
 20
25.854526315789474
 10
49.02786841774372
 20
25.569999999999997
  0
HATCH
  5
343
330
17
100
AcDbEntity
  8
BALON
 62
7
100
AcDbHatch
 10
0.0
 20
0.0
 30
0.0
210
0.0
220
0.0
230
1.0
  2
SOLID
 70
1
 71
0
 91
1
 92
1
 93
1
 72
2
 10
49.02786841774372
 20
25.569999999999997
 40
0.02
 50
0
 51
360
 73
1
 97
0
 75
1
 76
1
 98
0
  0
CIRCLE
  5
344
330
17
100
AcDbEntity
  8
BALON
100
AcDbCircle
 10
56.2
 20
25.234526315789473
 30
0.0
 40
0.17
  0
TEXT
  5
345
330
17
100
AcDbEntity
  8
YAZI
100
AcDbText
 10
56.2
 20
25.234526315789473
 30
0.0
 40
0.1
  1
23
  7
ARIAL
 72
1
 11
56.2
 21
25.234526315789473
 31
0.0
100
AcDbText
 73
2
  0
LWPOLYLINE
  5
346
330
17
100
AcDbEntity
  8
BALON
100
AcDbPolyline
 90
3
 70
0
 10
56.03
 20
25.234526315789473
 10
55.68
 20
25.234526315789473
 10
51.2881947216211
 20
25.279999999999998
  0
HATCH
  5
347
330
17
100
AcDbEntity
  8
BALON
 62
7
100
AcDbHatch
 10
0.0
 20
0.0
 30
0.0
210
0.0
220
0.0
230
1.0
  2
SOLID
 70
1
 71
0
 91
1
 92
1
 93
1
 72
2
 10
51.2881947216211
 20
25.279999999999998
 40
0.02
 50
0
 51
360
 73
1
 97
0
 75
1
 76
1
 98
0
  0
CIRCLE
  5
348
330
17
100
AcDbEntity
  8
BALON
100
AcDbCircle
 10
56.2
 20
24.614526315789476
 30
0.0
 40
0.17
  0
TEXT
  5
349
330
17
100
AcDbEntity
  8
YAZI
100
AcDbText
 10
56.2
 20
24.614526315789476
 30
0.0
 40
0.1
  1
8
  7
ARIAL
 72
1
 11
56.2
 21
24.614526315789476
 31
0.0
100
AcDbText
 73
2
  0
LWPOLYLINE
  5
34A
330
17
100
AcDbEntity
  8
BALON
100
AcDbPolyline
 90
3
 70
0
 10
56.03
 20
24.614526315789476
 10
55.68
 20
24.614526315789476
 10
52.48114471533417
 20
24.73625
  0
HATCH
  5
34B
330
17
100
AcDbEntity
  8
BALON
 62
7
100
AcDbHatch
 10
0.0
 20
0.0
 30
0.0
210
0.0
220
0.0
230
1.0
  2
SOLID
 70
1
 71
0
 91
1
 92
1
 93
1
 72
2
 10
52.48114471533417
 20
24.73625
 40
0.02
 50
0
 51
360
 73
1
 97
0
 75
1
 76
1
 98
0
  0
CIRCLE
  5
34C
330
17
100
AcDbEntity
  8
BALON
100
AcDbCircle
 10
56.2
 20
23.994526315789475
 30
0.0
 40
0.17
  0
TEXT
  5
34D
330
17
100
AcDbEntity
  8
YAZI
100
AcDbText
 10
56.2
 20
23.994526315789475
 30
0.0
 40
0.1
  1
20
  7
ARIAL
 72
1
 11
56.2
 21
23.994526315789475
 31
0.0
100
AcDbText
 73
2
  0
LWPOLYLINE
  5
34E
330
17
100
AcDbEntity
  8
BALON
100
AcDbPolyline
 90
3
 70
0
 10
56.03
 20
23.994526315789475
 10
55.68
 20
23.994526315789475
 10
52.22999734823668
 20
24.59125
  0
HATCH
  5
34F
330
17
100
AcDbEntity
  8
BALON
 62
7
100
AcDbHatch
 10
0.0
 20
0.0
 30
0.0
210
0.0
220
0.0
230
1.0
  2
SOLID
 70
1
 71
0
 91
1
 92
1
 93
1
 72
2
 10
52.22999734823668
 20
24.59125
 40
0.02
 50
0
 51
360
 73
1
 97
0
 75
1
 76
1
 98
0
  0
CIRCLE
  5
350
330
17
100
AcDbEntity
  8
BALON
100
AcDbCircle
 10
56.2
 20
23.374526315789474
 30
0.0
 40
0.17
  0
TEXT
  5
351
330
17
100
AcDbEntity
  8
YAZI
100
AcDbText
 10
56.2
 20
23.374526315789474
 30
0.0
 40
0.1
  1
6
  7
ARIAL
 72
1
 11
56.2
 21
23.374526315789474
 31
0.0
100
AcDbText
 73
2
  0
LWPOLYLINE
  5
352
330
17
100
AcDbEntity
  8
BALON
100
AcDbPolyline
 90
3
 70
0
 10
56.03
 20
23.374526315789474
 10
55.68
 20
23.374526315789474
 10
49.27901578484121
 20
24.409999999999997
  0
HATCH
  5
353
330
17
100
AcDbEntity
  8
BALON
 62
7
100
AcDbHatch
 10
0.0
 20
0.0
 30
0.0
210
0.0
220
0.0
230
1.0
  2
SOLID
 70
1
 71
0
 91
1
 92
1
 93
1
 72
2
 10
49.27901578484121
 20
24.409999999999997
 40
0.02
 50
0
 51
360
 73
1
 97
0
 75
1
 76
1
 98
0
  0
CIRCLE
  5
354
330
17
100
AcDbEntity
  8
BALON
100
AcDbCircle
 10
56.2
 20
22.754526315789477
 30
0.0
 40
0.17
  0
TEXT
  5
355
330
17
100
AcDbEntity
  8
YAZI
100
AcDbText
 10
56.2
 20
22.754526315789477
 30
0.0
 40
0.1
  1
10
  7
ARIAL
 72
1
 11
56.2
 21
22.754526315789477
 31
0.0
100
AcDbText
 73
2
  0
LWPOLYLINE
  5
356
330
17
100
AcDbEntity
  8
BALON
100
AcDbPolyline
 90
3
 70
0
 10
56.03
 20
22.754526315789477
 10
55.68
 20
22.754526315789477
 10
51.2881947216211
 20
23.25
  0
HATCH
  5
357
330
17
100
AcDbEntity
  8
BALON
 62
7
100
AcDbHatch
 10
0.0
 20
0.0
 30
0.0
210
0.0
220
0.0
230
1.0
  2
SOLID
 70
1
 71
0
 91
1
 92
1
 93
1
 72
2
 10
51.2881947216211
 20
23.25
 40
0.02
 50
0
 51
360
 73
1
 97
0
 75
1
 76
1
 98
0
  0
CIRCLE
  5
358
330
17
100
AcDbEntity
  8
BALON
100
AcDbCircle
 10
56.2
 20
22.134526315789472
 30
0.0
 40
0.17
  0
TEXT
  5
359
330
17
100
AcDbEntity
  8
YAZI
100
AcDbText
 10
56.2
 20
22.134526315789472
 30
0.0
 40
0.1
  1
1
  7
ARIAL
 72
1
 11
56.2
 21
22.134526315789472
 31
0.0
100
AcDbText
 73
2
  0
LWPOLYLINE
  5
35A
330
17
100
AcDbEntity
  8
BALON
100
AcDbPolyline
 90
3
 70
0
 10
56.03
 20
22.134526315789472
 10
55.68
 20
22.134526315789472
 10
51.099834196297984
 20
23.112249999999996
  0
HATCH
  5
35B
330
17
100
AcDbEntity
  8
BALON
 62
7
100
AcDbHatch
 10
0.0
 20
0.0
 30
0.0
210
0.0
220
0.0
230
1.0
  2
SOLID
 70
1
 71
0
 91
1
 92
1
 93
1
 72
2
 10
51.099834196297984
 20
23.112249999999996
 40
0.02
 50
0
 51
360
 73
1
 97
0
 75
1
 76
1
 98
0
  0
CIRCLE
  5
35C
330
17
100
AcDbEntity
  8
BALON
100
AcDbCircle
 10
56.2
 20
21.514526315789475
 30
0.0
 40
0.17
  0
TEXT
  5
35D
330
17
100
AcDbEntity
  8
YAZI
100
AcDbText
 10
56.2
 20
21.514526315789475
 30
0.0
 40
0.1
  1
2
  7
ARIAL
 72
1
 11
56.2
 21
21.514526315789475
 31
0.0
100
AcDbText
 73
2
  0
LWPOLYLINE
  5
35E
330
17
100
AcDbEntity
  8
BALON
100
AcDbPolyline
 90
3
 70
0
 10
56.03
 20
21.514526315789475
 10
55.68
 20
21.514526315789475
 10
51.79048945581608
 20
23.104999999999997
  0
HATCH
  5
35F
330
17
100
AcDbEntity
  8
BALON
 62
7
100
AcDbHatch
 10
0.0
 20
0.0
 30
0.0
210
0.0
220
0.0
230
1.0
  2
SOLID
 70
1
 71
0
 91
1
 92
1
 93
1
 72
2
 10
51.79048945581608
 20
23.104999999999997
 40
0.02
 50
0
 51
360
 73
1
 97
0
 75
1
 76
1
 98
0
  0
CIRCLE
  5
360
330
17
100
AcDbEntity
  8
BALON
100
AcDbCircle
 10
56.2
 20
20.894526315789474
 30
0.0
 40
0.17
  0
TEXT
  5
361
330
17
100
AcDbEntity
  8
YAZI
100
AcDbText
 10
56.2
 20
20.894526315789474
 30
0.0
 40
0.1
  1
3
  7
ARIAL
 72
1
 11
56.2
 21
20.894526315789474
 31
0.0
100
AcDbText
 73
2
  0
LWPOLYLINE
  5
362
330
17
100
AcDbEntity
  8
BALON
100
AcDbPolyline
 90
3
 70
0
 10
56.03
 20
20.894526315789474
 10
55.68
 20
20.894526315789474
 10
50.53475262032864
 20
22.7425
  0
HATCH
  5
363
330
17
100
AcDbEntity
  8
BALON
 62
7
100
AcDbHatch
 10
0.0
 20
0.0
 30
0.0
210
0.0
220
0.0
230
1.0
  2
SOLID
 70
1
 71
0
 91
1
 92
1
 93
1
 72
2
 10
50.53475262032864
 20
22.7425
 40
0.02
 50
0
 51
360
 73
1
 97
0
 75
1
 76
1
 98
0
  0
CIRCLE
  5
364
330
17
100
AcDbEntity
  8
BALON
100
AcDbCircle
 10
56.2
 20
20.274526315789473
 30
0.0
 40
0.17
  0
TEXT
  5
365
330
17
100
AcDbEntity
  8
YAZI
100
AcDbText
 10
56.2
 20
20.274526315789473
 30
0.0
 40
0.1
  1
4
  7
ARIAL
 72
1
 11
56.2
 21
20.274526315789473
 31
0.0
100
AcDbText
 73
2
  0
LWPOLYLINE
  5
366
330
17
100
AcDbEntity
  8
BALON
100
AcDbPolyline
 90
3
 70
0
 10
56.03
 20
20.274526315789473
 10
55.68
 20
20.274526315789473
 10
50.03245788613366
 20
22.4525
  0
HATCH
  5
367
330
17
100
AcDbEntity
  8
BALON
 62
7
100
AcDbHatch
 10
0.0
 20
0.0
 30
0.0
210
0.0
220
0.0
230
1.0
  2
SOLID
 70
1
 71
0
 91
1
 92
1
 93
1
 72
2
 10
50.03245788613366
 20
22.4525
 40
0.02
 50
0
 51
360
 73
1
 97
0
 75
1
 76
1
 98
0
  0
CIRCLE
  5
368
330
17
100
AcDbEntity
  8
BALON
100
AcDbCircle
 10
56.2
 20
19.654526315789475
 30
0.0
 40
0.17
  0
TEXT
  5
369
330
17
100
AcDbEntity
  8
YAZI
100
AcDbText
 10
56.2
 20
19.654526315789475
 30
0.0
 40
0.1
  1
25
  7
ARIAL
 72
1
 11
56.2
 21
19.654526315789475
 31
0.0
100
AcDbText
 73
2
  0
LWPOLYLINE
  5
36A
330
17
100
AcDbEntity
  8
BALON
100
AcDbPolyline
 90
3
 70
0
 10
56.03
 20
19.654526315789475
 10
55.68
 20
19.654526315789475
 10
50.22081841145678
 20
18.71875
  0
HATCH
  5
36B
330
17
100
AcDbEntity
  8
BALON
 62
7
100
AcDbHatch
 10
0.0
 20
0.0
 30
0.0
210
0.0
220
0.0
230
1.0
  2
SOLID
 70
1
 71
0
 91
1
 92
1
 93
1
 72
2
 10
50.22081841145678
 20
18.71875
 40
0.02
 50
0
 51
360
 73
1
 97
0
 75
1
 76
1
 98
0
  0
CIRCLE
  5
36C
330
17
100
AcDbEntity
  8
BALON
100
AcDbCircle
 10
56.2
 20
19.034526315789474
 30
0.0
 40
0.17
  0
TEXT
  5
36D
330
17
100
AcDbEntity
  8
YAZI
100
AcDbText
 10
56.2
 20
19.034526315789474
 30
0.0
 40
0.1
  1
24
  7
ARIAL
 72
1
 11
56.2
 21
19.034526315789474
 31
0.0
100
AcDbText
 73
2
  0
LWPOLYLINE
  5
36E
330
17
100
AcDbEntity
  8
BALON
100
AcDbPolyline
 90
3
 70
0
 10
56.03
 20
19.034526315789474
 10
55.68
 20
19.034526315789474
 10
52.104423664687936
 20
18.50125
  0
HATCH
  5
36F
330
17
100
AcDbEntity
  8
BALON
 62
7
100
AcDbHatch
 10
0.0
 20
0.0
 30
0.0
210
0.0
220
0.0
230
1.0
  2
SOLID
 70
1
 71
0
 91
1
 92
1
 93
1
 72
2
 10
52.104423664687936
 20
18.50125
 40
0.02
 50
0
 51
360
 73
1
 97
0
 75
1
 76
1
 98
0
  0
TEXT
  5
370
330
17
100
AcDbEntity
  8
YAZI
 62
8
100
AcDbText
 10
40.4
 20
16.25
 30
0.0
 40
0.1
  1
Numaralar tesisat malzeme listesindeki poz numaralarıdır. Tüm toprak altı hatlar SCH80 dikişsiz çelik, 2 kat sargılıdır.
  7
ARIAL
 11
40.4
 21
16.25
 31
0.0
100
AcDbText
 73
1
  0
TEXT
  5
371
330
17
100
AcDbEntity
  8
BASLIK
100
AcDbText
 10
40.4
 20
15.15
 30
0.0
 40
0.1275
  1
TESİSAT MALZEME LİSTESİ
  7
ARIAL
 11
40.4
 21
15.15
 31
0.0
100
AcDbText
 73
1
  0
LWPOLYLINE
  5
372
330
17
100
AcDbEntity
  8
BASLIK
100
AcDbPolyline
 90
2
 70
0
 10
40.4
 20
15.1
 10
42.41815
 20
15.1
  0
LWPOLYLINE
  5
373
330
17
100
AcDbEntity
  8
YAZI
100
AcDbPolyline
 90
2
 70
0
 10
40.4
 20
15.06
 10
42.41815
 20
15.06
  0
LWPOLYLINE
  5
374
330
17
100
AcDbEntity
  8
TABLO
100
AcDbPolyline
 90
4
 70
1
 10
40.4
 20
14.49
 10
49.8
 20
14.49
 10
49.8
 20
14.85
 10
40.4
 20
14.85
  0
HATCH
  5
375
330
17
100
AcDbEntity
  8
TABLO-INCE
100
AcDbHatch
 10
0.0
 20
0.0
 30
0.0
210
0.0
220
0.0
230
1.0
  2
ANSI31
 70
0
 71
0
 91
1
 92
3
 72
0
 73
1
 93
4
 10
40.4
 20
14.49
 10
49.8
 20
14.49
 10
49.8
 20
14.85
 10
40.4
 20
14.85
 97
0
 75
1
 76
1
 52
0.0
 41
0.02
 77
0
 78
1
 53
45.0
 43
0.0
 44
0.0
 45
-0.0449012806
 46
0.0449012806
 79
0
 98
0
  0
TEXT
  5
376
330
17
100
AcDbEntity
  8
YAZI
100
AcDbText
 10
40.675
 20
14.67
 30
0.0
 40
0.1
  1
POZ
  7
ARIAL
 72
1
 11
40.675
 21
14.67
 31
0.0
100
AcDbText
 73
2
  0
TEXT
  5
377
330
17
100
AcDbEntity
  8
YAZI
100
AcDbText
 10
41.24999999999999
 20
14.67
 30
0.0
 40
0.1
  1
ADET
  7
ARIAL
 72
1
 11
41.24999999999999
 21
14.67
 31
0.0
100
AcDbText
 73
2
  0
TEXT
  5
378
330
17
100
AcDbEntity
  8
YAZI
100
AcDbText
 10
42.125
 20
14.67
 30
0.0
 40
0.1
  1
EBAT
  7
ARIAL
 72
1
 11
42.125
 21
14.67
 31
0.0
100
AcDbText
 73
2
  0
TEXT
  5
379
330
17
100
AcDbEntity
  8
YAZI
100
AcDbText
 10
43.37499999999999
 20
14.67
 30
0.0
 40
0.1
  1
MARKA
  7
ARIAL
 72
1
 11
43.37499999999999
 21
14.67
 31
0.0
100
AcDbText
 73
2
  0
TEXT
  5
37A
330
17
100
AcDbEntity
  8
YAZI
100
AcDbText
 10
44.474999999999994
 20
14.67
 30
0.0
 40
0.1
  1
SINIFI
  7
ARIAL
 72
1
 11
44.474999999999994
 21
14.67
 31
0.0
100
AcDbText
 73
2
  0
TEXT
  5
37B
330
17
100
AcDbEntity
  8
YAZI
100
AcDbText
 10
47.35
 20
14.67
 30
0.0
 40
0.1
  1
AÇIKLAMA
  7
ARIAL
 72
1
 11
47.35
 21
14.67
 31
0.0
100
AcDbText
 73
2
  0
LWPOLYLINE
  5
37C
330
17
100
AcDbEntity
  8
TABLO-INCE
100
AcDbPolyline
 90
2
 70
0
 10
40.4
 20
14.16
 10
49.8
 20
14.16
  0
TEXT
  5
37D
330
17
100
AcDbEntity
  8
YAZI
100
AcDbText
 10
40.675
 20
14.325000000000001
 30
0.0
 40
0.1
  1
1
  7
ARIAL
 72
1
 11
40.675
 21
14.325000000000001
 31
0.0
100
AcDbText
 73
2
  0
TEXT
  5
37E
330
17
100
AcDbEntity
  8
YAZI
100
AcDbText
 10
41.24999999999999
 20
14.325000000000001
 30
0.0
 40
0.1
  1
4
  7
ARIAL
 72
1
 11
41.24999999999999
 21
14.325000000000001
 31
0.0
100
AcDbText
 73
2
  0
TEXT
  5
37F
330
17
100
AcDbEntity
  8
YAZI
100
AcDbText
 10
42.125
 20
14.325000000000001
 30
0.0
 40
0.1
  1
DN25
  7
ARIAL
 72
1
 11
42.125
 21
14.325000000000001
 31
0.0
100
AcDbText
 73
2
  0
TEXT
  5
380
330
17
100
AcDbEntity
  8
YAZI
100
AcDbText
 10
43.37499999999999
 20
14.325000000000001
 30
0.0
 40
0.1
  1
OMAL
  7
ARIAL
 72
1
 11
43.37499999999999
 21
14.325000000000001
 31
0.0
100
AcDbText
 73
2
  0
TEXT
  5
381
330
17
100
AcDbEntity
  8
YAZI
100
AcDbText
 10
44.474999999999994
 20
14.325000000000001
 30
0.0
 40
0.1
  1
PN40
  7
ARIAL
 72
1
 11
44.474999999999994
 21
14.325000000000001
 31
0.0
100
AcDbText
 73
2
  0
TEXT
  5
382
330
17
100
AcDbEntity
  8
YAZI
100
AcDbText
 10
44.98
 20
14.325000000000001
 30
0.0
 40
0.1
  1
Tam geçişli, pnömatik aktüatörlü vana
  7
ARIAL
 11
44.98
 21
14.325000000000001
 31
0.0
100
AcDbText
 73
2
  0
LWPOLYLINE
  5
383
330
17
100
AcDbEntity
  8
TABLO-INCE
100
AcDbPolyline
 90
2
 70
0
 10
40.4
 20
13.83
 10
49.8
 20
13.83
  0
TEXT
  5
384
330
17
100
AcDbEntity
  8
YAZI
100
AcDbText
 10
40.675
 20
13.995000000000001
 30
0.0
 40
0.1
  1
2
  7
ARIAL
 72
1
 11
40.675
 21
13.995000000000001
 31
0.0
100
AcDbText
 73
2
  0
TEXT
  5
385
330
17
100
AcDbEntity
  8
YAZI
100
AcDbText
 10
41.24999999999999
 20
13.995000000000001
 30
0.0
 40
0.1
  1
1
  7
ARIAL
 72
1
 11
41.24999999999999
 21
13.995000000000001
 31
0.0
100
AcDbText
 73
2
  0
TEXT
  5
386
330
17
100
AcDbEntity
  8
YAZI
100
AcDbText
 10
42.125
 20
13.995000000000001
 30
0.0
 40
0.1
  1
-
  7
ARIAL
 72
1
 11
42.125
 21
13.995000000000001
 31
0.0
100
AcDbText
 73
2
  0
TEXT
  5
387
330
17
100
AcDbEntity
  8
YAZI
100
AcDbText
 10
43.37499999999999
 20
13.995000000000001
 30
0.0
 40
0.1
  1
PAKKENS
  7
ARIAL
 72
1
 11
43.37499999999999
 21
13.995000000000001
 31
0.0
100
AcDbText
 73
2
  0
TEXT
  5
388
330
17
100
AcDbEntity
  8
YAZI
100
AcDbText
 10
44.474999999999994
 20
13.995000000000001
 30
0.0
 40
0.1
  1
PN40
  7
ARIAL
 72
1
 11
44.474999999999994
 21
13.995000000000001
 31
0.0
100
AcDbText
 73
2
  0
TEXT
  5
389
330
17
100
AcDbEntity
  8
YAZI
100
AcDbText
 10
44.98
 20
13.995000000000001
 30
0.0
 40
0.1
  1
Tank manometresi Q63, 0-25 bar gliserinli
  7
ARIAL
 11
44.98
 21
13.995000000000001
 31
0.0
100
AcDbText
 73
2
  0
LWPOLYLINE
  5
38A
330
17
100
AcDbEntity
  8
TABLO-INCE
100
AcDbPolyline
 90
2
 70
0
 10
40.4
 20
13.5
 10
49.8
 20
13.5
  0
TEXT
  5
38B
330
17
100
AcDbEntity
  8
YAZI
100
AcDbText
 10
40.675
 20
13.665000000000001
 30
0.0
 40
0.1
  1
3
  7
ARIAL
 72
1
 11
40.675
 21
13.665000000000001
 31
0.0
100
AcDbText
 73
2
  0
TEXT
  5
38C
330
17
100
AcDbEntity
  8
YAZI
100
AcDbText
 10
41.24999999999999
 20
13.665000000000001
 30
0.0
 40
0.1
  1
1
  7
ARIAL
 72
1
 11
41.24999999999999
 21
13.665000000000001
 31
0.0
100
AcDbText
 73
2
  0
TEXT
  5
38D
330
17
100
AcDbEntity
  8
YAZI
100
AcDbText
 10
42.125
 20
13.665000000000001
 30
0.0
 40
0.1
  1
-
  7
ARIAL
 72
1
 11
42.125
 21
13.665000000000001
 31
0.0
100
AcDbText
 73
2
  0
TEXT
  5
38E
330
17
100
AcDbEntity
  8
YAZI
100
AcDbText
 10
43.37499999999999
 20
13.665000000000001
 30
0.0
 40
0.1
  1
REGO
  7
ARIAL
 72
1
 11
43.37499999999999
 21
13.665000000000001
 31
0.0
100
AcDbText
 73
2
  0
TEXT
  5
38F
330
17
100
AcDbEntity
  8
YAZI
100
AcDbText
 10
44.474999999999994
 20
13.665000000000001
 30
0.0
 40
0.1
  1
300#
  7
ARIAL
 72
1
 11
44.474999999999994
 21
13.665000000000001
 31
0.0
100
AcDbText
 73
2
  0
TEXT
  5
390
330
17
100
AcDbEntity
  8
YAZI
100
AcDbText
 10
44.98
 20
13.665000000000001
 30
0.0
 40
0.1
  1
Dolum valfi (REGO 7579C / OMEGA VRN 20)
  7
ARIAL
 11
44.98
 21
13.665000000000001
 31
0.0
100
AcDbText
 73
2
  0
LWPOLYLINE
  5
391
330
17
100
AcDbEntity
  8
TABLO-INCE
100
AcDbPolyline
 90
2
 70
0
 10
40.4
 20
13.17
 10
49.8
 20
13.17
  0
TEXT
  5
392
330
17
100
AcDbEntity
  8
YAZI
100
AcDbText
 10
40.675
 20
13.335
 30
0.0
 40
0.1
  1
4
  7
ARIAL
 72
1
 11
40.675
 21
13.335
 31
0.0
100
AcDbText
 73
2
  0
TEXT
  5
393
330
17
100
AcDbEntity
  8
YAZI
100
AcDbText
 10
41.24999999999999
 20
13.335
 30
0.0
 40
0.1
  1
1
  7
ARIAL
 72
1
 11
41.24999999999999
 21
13.335
 31
0.0
100
AcDbText
 73
2
  0
TEXT
  5
394
330
17
100
AcDbEntity
  8
YAZI
100
AcDbText
 10
42.125
 20
13.335
 30
0.0
 40
0.1
  1
-
  7
ARIAL
 72
1
 11
42.125
 21
13.335
 31
0.0
100
AcDbText
 73
2
  0
TEXT
  5
395
330
17
100
AcDbEntity
  8
YAZI
100
AcDbText
 10
43.37499999999999
 20
13.335
 30
0.0
 40
0.1
  1
ÖZEL
  7
ARIAL
 72
1
 11
43.37499999999999
 21
13.335
 31
0.0
100
AcDbText
 73
2
  0
TEXT
  5
396
330
17
100
AcDbEntity
  8
YAZI
100
AcDbText
 10
44.474999999999994
 20
13.335
 30
0.0
 40
0.1
  1
-
  7
ARIAL
 72
1
 11
44.474999999999994
 21
13.335
 31
0.0
100
AcDbText
 73
2
  0
TEXT
  5
397
330
17
100
AcDbEntity
  8
YAZI
100
AcDbText
 10
44.98
 20
13.335
 30
0.0
 40
0.1
  1
Dolum hattı by-pass adaptörü
  7
ARIAL
 11
44.98
 21
13.335
 31
0.0
100
AcDbText
 73
2
  0
LWPOLYLINE
  5
398
330
17
100
AcDbEntity
  8
TABLO-INCE
100
AcDbPolyline
 90
2
 70
0
 10
40.4
 20
12.84
 10
49.8
 20
12.84
  0
TEXT
  5
399
330
17
100
AcDbEntity
  8
YAZI
100
AcDbText
 10
40.675
 20
13.005
 30
0.0
 40
0.1
  1
5
  7
ARIAL
 72
1
 11
40.675
 21
13.005
 31
0.0
100
AcDbText
 73
2
  0
TEXT
  5
39A
330
17
100
AcDbEntity
  8
YAZI
100
AcDbText
 10
41.24999999999999
 20
13.005
 30
0.0
 40
0.1
  1
-
  7
ARIAL
 72
1
 11
41.24999999999999
 21
13.005
 31
0.0
100
AcDbText
 73
2
  0
TEXT
  5
39B
330
17
100
AcDbEntity
  8
YAZI
100
AcDbText
 10
42.125
 20
13.005
 30
0.0
 40
0.1
  1
DN15 (1/2")
  7
ARIAL
 72
1
 11
42.125
 21
13.005
 31
0.0
100
AcDbText
 73
2
  0
TEXT
  5
39C
330
17
100
AcDbEntity
  8
YAZI
100
AcDbText
 10
43.37499999999999
 20
13.005
 30
0.0
 40
0.1
  1
MHA
  7
ARIAL
 72
1
 11
43.37499999999999
 21
13.005
 31
0.0
100
AcDbText
 73
2
  0
TEXT
  5
39D
330
17
100
AcDbEntity
  8
YAZI
100
AcDbText
 10
44.474999999999994
 20
13.005
 30
0.0
 40
0.1
  1
PN500
  7
ARIAL
 72
1
 11
44.474999999999994
 21
13.005
 31
0.0
100
AcDbText
 73
2
  0
TEXT
  5
39E
330
17
100
AcDbEntity
  8
YAZI
100
AcDbText
 10
44.98
 20
13.005
 30
0.0
 40
0.1
  1
Termal tahliye valfi
  7
ARIAL
 11
44.98
 21
13.005
 31
0.0
100
AcDbText
 73
2
  0
LWPOLYLINE
  5
39F
330
17
100
AcDbEntity
  8
TABLO-INCE
100
AcDbPolyline
 90
2
 70
0
 10
40.4
 20
12.51
 10
49.8
 20
12.51
  0
TEXT
  5
3A0
330
17
100
AcDbEntity
  8
YAZI
100
AcDbText
 10
40.675
 20
12.675
 30
0.0
 40
0.1
  1
6
  7
ARIAL
 72
1
 11
40.675
 21
12.675
 31
0.0
100
AcDbText
 73
2
  0
TEXT
  5
3A1
330
17
100
AcDbEntity
  8
YAZI
100
AcDbText
 10
41.24999999999999
 20
12.675
 30
0.0
 40
0.1
  1
1
  7
ARIAL
 72
1
 11
41.24999999999999
 21
12.675
 31
0.0
100
AcDbText
 73
2
  0
TEXT
  5
3A2
330
17
100
AcDbEntity
  8
YAZI
100
AcDbText
 10
42.125
 20
12.675
 30
0.0
 40
0.1
  1
-
  7
ARIAL
 72
1
 11
42.125
 21
12.675
 31
0.0
100
AcDbText
 73
2
  0
TEXT
  5
3A3
330
17
100
AcDbEntity
  8
YAZI
100
AcDbText
 10
43.37499999999999
 20
12.675
 30
0.0
 40
0.1
  1
AYVAZ
  7
ARIAL
 72
1
 11
43.37499999999999
 21
12.675
 31
0.0
100
AcDbText
 73
2
  0
TEXT
  5
3A4
330
17
100
AcDbEntity
  8
YAZI
100
AcDbText
 10
44.474999999999994
 20
12.675
 30
0.0
 40
0.1
  1
PN40
  7
ARIAL
 72
1
 11
44.474999999999994
 21
12.675
 31
0.0
100
AcDbText
 73
2
  0
TEXT
  5
3A5
330
17
100
AcDbEntity
  8
YAZI
100
AcDbText
 10
44.98
 20
12.675
 30
0.0
 40
0.1
  1
Metal örgülü esnek bağlantı (30 cm)
  7
ARIAL
 11
44.98
 21
12.675
 31
0.0
100
AcDbText
 73
2
  0
LWPOLYLINE
  5
3A6
330
17
100
AcDbEntity
  8
TABLO-INCE
100
AcDbPolyline
 90
2
 70
0
 10
40.4
 20
12.18
 10
49.8
 20
12.18
  0
TEXT
  5
3A7
330
17
100
AcDbEntity
  8
YAZI
100
AcDbText
 10
40.675
 20
12.345
 30
0.0
 40
0.1
  1
7
  7
ARIAL
 72
1
 11
40.675
 21
12.345
 31
0.0
100
AcDbText
 73
2
  0
TEXT
  5
3A8
330
17
100
AcDbEntity
  8
YAZI
100
AcDbText
 10
41.24999999999999
 20
12.345
 30
0.0
 40
0.1
  1
1
  7
ARIAL
 72
1
 11
41.24999999999999
 21
12.345
 31
0.0
100
AcDbText
 73
2
  0
TEXT
  5
3A9
330
17
100
AcDbEntity
  8
YAZI
100
AcDbText
 10
42.125
 20
12.345
 30
0.0
 40
0.1
  1
-
  7
ARIAL
 72
1
 11
42.125
 21
12.345
 31
0.0
100
AcDbText
 73
2
  0
TEXT
  5
3AA
330
17
100
AcDbEntity
  8
YAZI
100
AcDbText
 10
43.37499999999999
 20
12.345
 30
0.0
 40
0.1
  1
-
  7
ARIAL
 72
1
 11
43.37499999999999
 21
12.345
 31
0.0
100
AcDbText
 73
2
  0
TEXT
  5
3AB
330
17
100
AcDbEntity
  8
YAZI
100
AcDbText
 10
44.474999999999994
 20
12.345
 30
0.0
 40
0.1
  1
-
  7
ARIAL
 72
1
 11
44.474999999999994
 21
12.345
 31
0.0
100
AcDbText
 73
2
  0
TEXT
  5
3AC
330
17
100
AcDbEntity
  8
YAZI
100
AcDbText
 10
44.98
 20
12.345
 30
0.0
 40
0.1
  1
Harici kademeli pompa
  7
ARIAL
 11
44.98
 21
12.345
 31
0.0
100
AcDbText
 73
2
  0
LWPOLYLINE
  5
3AD
330
17
100
AcDbEntity
  8
TABLO-INCE
100
AcDbPolyline
 90
2
 70
0
 10
40.4
 20
11.85
 10
49.8
 20
11.85
  0
TEXT
  5
3AE
330
17
100
AcDbEntity
  8
YAZI
100
AcDbText
 10
40.675
 20
12.015
 30
0.0
 40
0.1
  1
8
  7
ARIAL
 72
1
 11
40.675
 21
12.015
 31
0.0
100
AcDbText
 73
2
  0
TEXT
  5
3AF
330
17
100
AcDbEntity
  8
YAZI
100
AcDbText
 10
41.24999999999999
 20
12.015
 30
0.0
 40
0.1
  1
1
  7
ARIAL
 72
1
 11
41.24999999999999
 21
12.015
 31
0.0
100
AcDbText
 73
2
  0
TEXT
  5
3B0
330
17
100
AcDbEntity
  8
YAZI
100
AcDbText
 10
42.125
 20
12.015
 30
0.0
 40
0.1
  1
-
  7
ARIAL
 72
1
 11
42.125
 21
12.015
 31
0.0
100
AcDbText
 73
2
  0
TEXT
  5
3B1
330
17
100
AcDbEntity
  8
YAZI
100
AcDbText
 10
43.37499999999999
 20
12.015
 30
0.0
 40
0.1
  1
CORKEN
  7
ARIAL
 72
1
 11
43.37499999999999
 21
12.015
 31
0.0
100
AcDbText
 73
2
  0
TEXT
  5
3B2
330
17
100
AcDbEntity
  8
YAZI
100
AcDbText
 10
44.474999999999994
 20
12.015
 30
0.0
 40
0.1
  1
300#
  7
ARIAL
 72
1
 11
44.474999999999994
 21
12.015
 31
0.0
100
AcDbText
 73
2
  0
TEXT
  5
3B3
330
17
100
AcDbEntity
  8
YAZI
100
AcDbText
 10
44.98
 20
12.015
 30
0.0
 40
0.1
  1
CORKEN B166 by-pass valfi
  7
ARIAL
 11
44.98
 21
12.015
 31
0.0
100
AcDbText
 73
2
  0
LWPOLYLINE
  5
3B4
330
17
100
AcDbEntity
  8
TABLO-INCE
100
AcDbPolyline
 90
2
 70
0
 10
40.4
 20
11.52
 10
49.8
 20
11.52
  0
TEXT
  5
3B5
330
17
100
AcDbEntity
  8
YAZI
100
AcDbText
 10
40.675
 20
11.685
 30
0.0
 40
0.1
  1
9
  7
ARIAL
 72
1
 11
40.675
 21
11.685
 31
0.0
100
AcDbText
 73
2
  0
TEXT
  5
3B6
330
17
100
AcDbEntity
  8
YAZI
100
AcDbText
 10
41.24999999999999
 20
11.685
 30
0.0
 40
0.1
  1
1
  7
ARIAL
 72
1
 11
41.24999999999999
 21
11.685
 31
0.0
100
AcDbText
 73
2
  0
TEXT
  5
3B7
330
17
100
AcDbEntity
  8
YAZI
100
AcDbText
 10
42.125
 20
11.685
 30
0.0
 40
0.1
  1
-
  7
ARIAL
 72
1
 11
42.125
 21
11.685
 31
0.0
100
AcDbText
 73
2
  0
TEXT
  5
3B8
330
17
100
AcDbEntity
  8
YAZI
100
AcDbText
 10
43.37499999999999
 20
11.685
 30
0.0
 40
0.1
  1
-
  7
ARIAL
 72
1
 11
43.37499999999999
 21
11.685
 31
0.0
100
AcDbText
 73
2
  0
TEXT
  5
3B9
330
17
100
AcDbEntity
  8
YAZI
100
AcDbText
 10
44.474999999999994
 20
11.685
 30
0.0
 40
0.1
  1
PN40
  7
ARIAL
 72
1
 11
44.474999999999994
 21
11.685
 31
0.0
100
AcDbText
 73
2
  0
TEXT
  5
3BA
330
17
100
AcDbEntity
  8
YAZI
100
AcDbText
 10
44.98
 20
11.685
 30
0.0
 40
0.1
  1
Çek valf
  7
ARIAL
 11
44.98
 21
11.685
 31
0.0
100
AcDbText
 73
2
  0
LWPOLYLINE
  5
3BB
330
17
100
AcDbEntity
  8
TABLO-INCE
100
AcDbPolyline
 90
2
 70
0
 10
40.4
 20
11.19
 10
49.8
 20
11.19
  0
TEXT
  5
3BC
330
17
100
AcDbEntity
  8
YAZI
100
AcDbText
 10
40.675
 20
11.355
 30
0.0
 40
0.1
  1
10
  7
ARIAL
 72
1
 11
40.675
 21
11.355
 31
0.0
100
AcDbText
 73
2
  0
TEXT
  5
3BD
330
17
100
AcDbEntity
  8
YAZI
100
AcDbText
 10
41.24999999999999
 20
11.355
 30
0.0
 40
0.1
  1
5
  7
ARIAL
 72
1
 11
41.24999999999999
 21
11.355
 31
0.0
100
AcDbText
 73
2
  0
TEXT
  5
3BE
330
17
100
AcDbEntity
  8
YAZI
100
AcDbText
 10
42.125
 20
11.355
 30
0.0
 40
0.1
  1
-
  7
ARIAL
 72
1
 11
42.125
 21
11.355
 31
0.0
100
AcDbText
 73
2
  0
TEXT
  5
3BF
330
17
100
AcDbEntity
  8
YAZI
100
AcDbText
 10
43.37499999999999
 20
11.355
 30
0.0
 40
0.1
  1
REGO
  7
ARIAL
 72
1
 11
43.37499999999999
 21
11.355
 31
0.0
100
AcDbText
 73
2
  0
TEXT
  5
3C0
330
17
100
AcDbEntity
  8
YAZI
100
AcDbText
 10
44.474999999999994
 20
11.355
 30
0.0
 40
0.1
  1
300#
  7
ARIAL
 72
1
 11
44.474999999999994
 21
11.355
 31
0.0
100
AcDbText
 73
2
  0
TEXT
  5
3C1
330
17
100
AcDbEntity
  8
YAZI
100
AcDbText
 10
44.98
 20
11.355
 30
0.0
 40
0.1
  1
Emniyet valfi - REGO 3129
  7
ARIAL
 11
44.98
 21
11.355
 31
0.0
100
AcDbText
 73
2
  0
LWPOLYLINE
  5
3C2
330
17
100
AcDbEntity
  8
TABLO-INCE
100
AcDbPolyline
 90
2
 70
0
 10
40.4
 20
10.86
 10
49.8
 20
10.86
  0
TEXT
  5
3C3
330
17
100
AcDbEntity
  8
YAZI
100
AcDbText
 10
40.675
 20
11.025
 30
0.0
 40
0.1
  1
11
  7
ARIAL
 72
1
 11
40.675
 21
11.025
 31
0.0
100
AcDbText
 73
2
  0
TEXT
  5
3C4
330
17
100
AcDbEntity
  8
YAZI
100
AcDbText
 10
41.24999999999999
 20
11.025
 30
0.0
 40
0.1
  1
2
  7
ARIAL
 72
1
 11
41.24999999999999
 21
11.025
 31
0.0
100
AcDbText
 73
2
  0
TEXT
  5
3C5
330
17
100
AcDbEntity
  8
YAZI
100
AcDbText
 10
42.125
 20
11.025
 30
0.0
 40
0.1
  1
DN32
  7
ARIAL
 72
1
 11
42.125
 21
11.025
 31
0.0
100
AcDbText
 73
2
  0
TEXT
  5
3C6
330
17
100
AcDbEntity
  8
YAZI
100
AcDbText
 10
43.37499999999999
 20
11.025
 30
0.0
 40
0.1
  1
OMAL
  7
ARIAL
 72
1
 11
43.37499999999999
 21
11.025
 31
0.0
100
AcDbText
 73
2
  0
TEXT
  5
3C7
330
17
100
AcDbEntity
  8
YAZI
100
AcDbText
 10
44.474999999999994
 20
11.025
 30
0.0
 40
0.1
  1
PN40
  7
ARIAL
 72
1
 11
44.474999999999994
 21
11.025
 31
0.0
100
AcDbText
 73
2
  0
TEXT
  5
3C8
330
17
100
AcDbEntity
  8
YAZI
100
AcDbText
 10
44.98
 20
11.025
 30
0.0
 40
0.1
  1
Tam geçişli, pnömatik aktüatörlü vana
  7
ARIAL
 11
44.98
 21
11.025
 31
0.0
100
AcDbText
 73
2
  0
LWPOLYLINE
  5
3C9
330
17
100
AcDbEntity
  8
TABLO-INCE
100
AcDbPolyline
 90
2
 70
0
 10
40.4
 20
10.53
 10
49.8
 20
10.53
  0
TEXT
  5
3CA
330
17
100
AcDbEntity
  8
YAZI
100
AcDbText
 10
40.675
 20
10.695
 30
0.0
 40
0.1
  1
12
  7
ARIAL
 72
1
 11
40.675
 21
10.695
 31
0.0
100
AcDbText
 73
2
  0
TEXT
  5
3CB
330
17
100
AcDbEntity
  8
YAZI
100
AcDbText
 10
41.24999999999999
 20
10.695
 30
0.0
 40
0.1
  1
2
  7
ARIAL
 72
1
 11
41.24999999999999
 21
10.695
 31
0.0
100
AcDbText
 73
2
  0
TEXT
  5
3CC
330
17
100
AcDbEntity
  8
YAZI
100
AcDbText
 10
42.125
 20
10.695
 30
0.0
 40
0.1
  1
DN32
  7
ARIAL
 72
1
 11
42.125
 21
10.695
 31
0.0
100
AcDbText
 73
2
  0
TEXT
  5
3CD
330
17
100
AcDbEntity
  8
YAZI
100
AcDbText
 10
43.37499999999999
 20
10.695
 30
0.0
 40
0.1
  1
AYVAZ
  7
ARIAL
 72
1
 11
43.37499999999999
 21
10.695
 31
0.0
100
AcDbText
 73
2
  0
TEXT
  5
3CE
330
17
100
AcDbEntity
  8
YAZI
100
AcDbText
 10
44.474999999999994
 20
10.695
 30
0.0
 40
0.1
  1
PN40
  7
ARIAL
 72
1
 11
44.474999999999994
 21
10.695
 31
0.0
100
AcDbText
 73
2
  0
TEXT
  5
3CF
330
17
100
AcDbEntity
  8
YAZI
100
AcDbText
 10
44.98
 20
10.695
 30
0.0
 40
0.1
  1
Metal örgülü esnek bağlantı (30 cm)
  7
ARIAL
 11
44.98
 21
10.695
 31
0.0
100
AcDbText
 73
2
  0
LWPOLYLINE
  5
3D0
330
17
100
AcDbEntity
  8
TABLO-INCE
100
AcDbPolyline
 90
2
 70
0
 10
40.4
 20
10.2
 10
49.8
 20
10.2
  0
TEXT
  5
3D1
330
17
100
AcDbEntity
  8
YAZI
 62
30
100
AcDbText
 10
40.675
 20
10.365
 30
0.0
 40
0.1
  1
13
  7
ARIAL
 72
1
 11
40.675
 21
10.365
 31
0.0
100
AcDbText
 73
2
  0
TEXT
  5
3D2
330
17
100
AcDbEntity
  8
YAZI
 62
30
100
AcDbText
 10
41.24999999999999
 20
10.365
 30
0.0
 40
0.1
  1
6
  7
ARIAL
 72
1
 11
41.24999999999999
 21
10.365
 31
0.0
100
AcDbText
 73
2
  0
TEXT
  5
3D3
330
17
100
AcDbEntity
  8
YAZI
 62
30
100
AcDbText
 10
42.125
 20
10.365
 30
0.0
 40
0.1
  1
-
  7
ARIAL
 72
1
 11
42.125
 21
10.365
 31
0.0
100
AcDbText
 73
2
  0
TEXT
  5
3D4
330
17
100
AcDbEntity
  8
YAZI
 62
30
100
AcDbText
 10
43.37499999999999
 20
10.365
 30
0.0
 40
0.1
  1
YUY-SAN
  7
ARIAL
 72
1
 11
43.37499999999999
 21
10.365
 31
0.0
100
AcDbText
 73
2
  0
TEXT
  5
3D5
330
17
100
AcDbEntity
  8
YAZI
 62
30
100
AcDbText
 10
44.474999999999994
 20
10.365
 30
0.0
 40
0.1
  1
PN40
  7
ARIAL
 72
1
 11
44.474999999999994
 21
10.365
 31
0.0
100
AcDbText
 73
2
  0
TEXT
  5
3D6
330
17
100
AcDbEntity
  8
YAZI
 62
30
100
AcDbText
 10
44.98
 20
10.365
 30
0.0
 40
0.1
  1
İzole flanş kiti
  7
ARIAL
 11
44.98
 21
10.365
 31
0.0
100
AcDbText
 73
2
  0
LWPOLYLINE
  5
3D7
330
17
100
AcDbEntity
  8
TABLO-INCE
100
AcDbPolyline
 90
2
 70
0
 10
40.4
 20
9.87
 10
49.8
 20
9.87
  0
TEXT
  5
3D8
330
17
100
AcDbEntity
  8
YAZI
100
AcDbText
 10
40.675
 20
10.035
 30
0.0
 40
0.1
  1
14
  7
ARIAL
 72
1
 11
40.675
 21
10.035
 31
0.0
100
AcDbText
 73
2
  0
TEXT
  5
3D9
330
17
100
AcDbEntity
  8
YAZI
100
AcDbText
 10
41.24999999999999
 20
10.035
 30
0.0
 40
0.1
  1
2
  7
ARIAL
 72
1
 11
41.24999999999999
 21
10.035
 31
0.0
100
AcDbText
 73
2
  0
TEXT
  5
3DA
330
17
100
AcDbEntity
  8
YAZI
100
AcDbText
 10
42.125
 20
10.035
 30
0.0
 40
0.1
  1
DN32
  7
ARIAL
 72
1
 11
42.125
 21
10.035
 31
0.0
100
AcDbText
 73
2
  0
TEXT
  5
3DB
330
17
100
AcDbEntity
  8
YAZI
100
AcDbText
 10
43.37499999999999
 20
10.035
 30
0.0
 40
0.1
  1
-
  7
ARIAL
 72
1
 11
43.37499999999999
 21
10.035
 31
0.0
100
AcDbText
 73
2
  0
TEXT
  5
3DC
330
17
100
AcDbEntity
  8
YAZI
100
AcDbText
 10
44.474999999999994
 20
10.035
 30
0.0
 40
0.1
  1
PN40
  7
ARIAL
 72
1
 11
44.474999999999994
 21
10.035
 31
0.0
100
AcDbText
 73
2
  0
TEXT
  5
3DD
330
17
100
AcDbEntity
  8
YAZI
100
AcDbText
 10
44.98
 20
10.035
 30
0.0
 40
0.1
  1
Tam geçişli küresel gaz-fazı vanası (TSE 9809)
  7
ARIAL
 11
44.98
 21
10.035
 31
0.0
100
AcDbText
 73
2
  0
LWPOLYLINE
  5
3DE
330
17
100
AcDbEntity
  8
TABLO-INCE
100
AcDbPolyline
 90
2
 70
0
 10
40.4
 20
9.54
 10
49.8
 20
9.54
  0
TEXT
  5
3DF
330
17
100
AcDbEntity
  8
YAZI
100
AcDbText
 10
40.675
 20
9.705
 30
0.0
 40
0.1
  1
15
  7
ARIAL
 72
1
 11
40.675
 21
9.705
 31
0.0
100
AcDbText
 73
2
  0
TEXT
  5
3E0
330
17
100
AcDbEntity
  8
YAZI
100
AcDbText
 10
41.24999999999999
 20
9.705
 30
0.0
 40
0.1
  1
2
  7
ARIAL
 72
1
 11
41.24999999999999
 21
9.705
 31
0.0
100
AcDbText
 73
2
  0
TEXT
  5
3E1
330
17
100
AcDbEntity
  8
YAZI
100
AcDbText
 10
42.125
 20
9.705
 30
0.0
 40
0.1
  1
1/2"
  7
ARIAL
 72
1
 11
42.125
 21
9.705
 31
0.0
100
AcDbText
 73
2
  0
TEXT
  5
3E2
330
17
100
AcDbEntity
  8
YAZI
100
AcDbText
 10
43.37499999999999
 20
9.705
 30
0.0
 40
0.1
  1
PAKKENS
  7
ARIAL
 72
1
 11
43.37499999999999
 21
9.705
 31
0.0
100
AcDbText
 73
2
  0
TEXT
  5
3E3
330
17
100
AcDbEntity
  8
YAZI
100
AcDbText
 10
44.474999999999994
 20
9.705
 30
0.0
 40
0.1
  1
PN40
  7
ARIAL
 72
1
 11
44.474999999999994
 21
9.705
 31
0.0
100
AcDbText
 73
2
  0
TEXT
  5
3E4
330
17
100
AcDbEntity
  8
YAZI
100
AcDbText
 10
44.98
 20
9.705
 30
0.0
 40
0.1
  1
Q100 0-25 bar gliserinli manometre
  7
ARIAL
 11
44.98
 21
9.705
 31
0.0
100
AcDbText
 73
2
  0
LWPOLYLINE
  5
3E5
330
17
100
AcDbEntity
  8
TABLO-INCE
100
AcDbPolyline
 90
2
 70
0
 10
40.4
 20
9.209999999999999
 10
49.8
 20
9.209999999999999
  0
TEXT
  5
3E6
330
17
100
AcDbEntity
  8
YAZI
100
AcDbText
 10
40.675
 20
9.375
 30
0.0
 40
0.1
  1
16
  7
ARIAL
 72
1
 11
40.675
 21
9.375
 31
0.0
100
AcDbText
 73
2
  0
TEXT
  5
3E7
330
17
100
AcDbEntity
  8
YAZI
100
AcDbText
 10
41.24999999999999
 20
9.375
 30
0.0
 40
0.1
  1
2
  7
ARIAL
 72
1
 11
41.24999999999999
 21
9.375
 31
0.0
100
AcDbText
 73
2
  0
TEXT
  5
3E8
330
17
100
AcDbEntity
  8
YAZI
100
AcDbText
 10
42.125
 20
9.375
 30
0.0
 40
0.1
  1
3/4"
  7
ARIAL
 72
1
 11
42.125
 21
9.375
 31
0.0
100
AcDbText
 73
2
  0
TEXT
  5
3E9
330
17
100
AcDbEntity
  8
YAZI
100
AcDbText
 10
43.37499999999999
 20
9.375
 30
0.0
 40
0.1
  1
-
  7
ARIAL
 72
1
 11
43.37499999999999
 21
9.375
 31
0.0
100
AcDbText
 73
2
  0
TEXT
  5
3EA
330
17
100
AcDbEntity
  8
YAZI
100
AcDbText
 10
44.474999999999994
 20
9.375
 30
0.0
 40
0.1
  1
PN40
  7
ARIAL
 72
1
 11
44.474999999999994
 21
9.375
 31
0.0
100
AcDbText
 73
2
  0
TEXT
  5
3EB
330
17
100
AcDbEntity
  8
YAZI
100
AcDbText
 10
44.98
 20
9.375
 30
0.0
 40
0.1
  1
R1 esnek bağlantı hortumu
  7
ARIAL
 11
44.98
 21
9.375
 31
0.0
100
AcDbText
 73
2
  0
LWPOLYLINE
  5
3EC
330
17
100
AcDbEntity
  8
TABLO-INCE
100
AcDbPolyline
 90
2
 70
0
 10
40.4
 20
8.879999999999999
 10
49.8
 20
8.879999999999999
  0
TEXT
  5
3ED
330
17
100
AcDbEntity
  8
YAZI
 62
30
100
AcDbText
 10
40.675
 20
9.045
 30
0.0
 40
0.1
  1
17
  7
ARIAL
 72
1
 11
40.675
 21
9.045
 31
0.0
100
AcDbText
 73
2
  0
TEXT
  5
3EE
330
17
100
AcDbEntity
  8
YAZI
 62
30
100
AcDbText
 10
41.24999999999999
 20
9.045
 30
0.0
 40
0.1
  1
2
  7
ARIAL
 72
1
 11
41.24999999999999
 21
9.045
 31
0.0
100
AcDbText
 73
2
  0
TEXT
  5
3EF
330
17
100
AcDbEntity
  8
YAZI
 62
30
100
AcDbText
 10
42.125
 20
9.045
 30
0.0
 40
0.1
  1
-
  7
ARIAL
 72
1
 11
42.125
 21
9.045
 31
0.0
100
AcDbText
 73
2
  0
TEXT
  5
3F0
330
17
100
AcDbEntity
  8
YAZI
 62
30
100
AcDbText
 10
43.37499999999999
 20
9.045
 30
0.0
 40
0.1
  1
TSE belgeli
  7
ARIAL
 72
1
 11
43.37499999999999
 21
9.045
 31
0.0
100
AcDbText
 73
2
  0
TEXT
  5
3F1
330
17
100
AcDbEntity
  8
YAZI
 62
30
100
AcDbText
 10
44.474999999999994
 20
9.045
 30
0.0
 40
0.1
  1
-
  7
ARIAL
 72
1
 11
44.474999999999994
 21
9.045
 31
0.0
100
AcDbText
 73
2
  0
TEXT
  5
3F2
330
17
100
AcDbEntity
  8
YAZI
 62
30
100
AcDbText
 10
44.98
 20
9.045
 30
0.0
 40
0.1
  1
3,5 Lb magnezyum anot
  7
ARIAL
 11
44.98
 21
9.045
 31
0.0
100
AcDbText
 73
2
  0
LWPOLYLINE
  5
3F3
330
17
100
AcDbEntity
  8
TABLO-INCE
100
AcDbPolyline
 90
2
 70
0
 10
40.4
 20
8.549999999999999
 10
49.8
 20
8.549999999999999
  0
TEXT
  5
3F4
330
17
100
AcDbEntity
  8
YAZI
100
AcDbText
 10
40.675
 20
8.715
 30
0.0
 40
0.1
  1
18
  7
ARIAL
 72
1
 11
40.675
 21
8.715
 31
0.0
100
AcDbText
 73
2
  0
TEXT
  5
3F5
330
17
100
AcDbEntity
  8
YAZI
100
AcDbText
 10
41.24999999999999
 20
8.715
 30
0.0
 40
0.1
  1
2
  7
ARIAL
 72
1
 11
41.24999999999999
 21
8.715
 31
0.0
100
AcDbText
 73
2
  0
TEXT
  5
3F6
330
17
100
AcDbEntity
  8
YAZI
100
AcDbText
 10
42.125
 20
8.715
 30
0.0
 40
0.1
  1
DN25
  7
ARIAL
 72
1
 11
42.125
 21
8.715
 31
0.0
100
AcDbText
 73
2
  0
TEXT
  5
3F7
330
17
100
AcDbEntity
  8
YAZI
100
AcDbText
 10
43.37499999999999
 20
8.715
 30
0.0
 40
0.1
  1
-
  7
ARIAL
 72
1
 11
43.37499999999999
 21
8.715
 31
0.0
100
AcDbText
 73
2
  0
TEXT
  5
3F8
330
17
100
AcDbEntity
  8
YAZI
100
AcDbText
 10
44.474999999999994
 20
8.715
 30
0.0
 40
0.1
  1
PN40
  7
ARIAL
 72
1
 11
44.474999999999994
 21
8.715
 31
0.0
100
AcDbText
 73
2
  0
TEXT
  5
3F9
330
17
100
AcDbEntity
  8
YAZI
100
AcDbText
 10
44.98
 20
8.715
 30
0.0
 40
0.1
  1
Tam geçişli küresel gaz-fazı vanası (TSE 9809)
  7
ARIAL
 11
44.98
 21
8.715
 31
0.0
100
AcDbText
 73
2
  0
LWPOLYLINE
  5
3FA
330
17
100
AcDbEntity
  8
TABLO-INCE
100
AcDbPolyline
 90
2
 70
0
 10
40.4
 20
8.219999999999999
 10
49.8
 20
8.219999999999999
  0
TEXT
  5
3FB
330
17
100
AcDbEntity
  8
YAZI
100
AcDbText
 10
40.675
 20
8.385
 30
0.0
 40
0.1
  1
19
  7
ARIAL
 72
1
 11
40.675
 21
8.385
 31
0.0
100
AcDbText
 73
2
  0
TEXT
  5
3FC
330
17
100
AcDbEntity
  8
YAZI
100
AcDbText
 10
41.24999999999999
 20
8.385
 30
0.0
 40
0.1
  1
1
  7
ARIAL
 72
1
 11
41.24999999999999
 21
8.385
 31
0.0
100
AcDbText
 73
2
  0
TEXT
  5
3FD
330
17
100
AcDbEntity
  8
YAZI
100
AcDbText
 10
42.125
 20
8.385
 30
0.0
 40
0.1
  1
-
  7
ARIAL
 72
1
 11
42.125
 21
8.385
 31
0.0
100
AcDbText
 73
2
  0
TEXT
  5
3FE
330
17
100
AcDbEntity
  8
YAZI
100
AcDbText
 10
43.37499999999999
 20
8.385
 30
0.0
 40
0.1
  1
-
  7
ARIAL
 72
1
 11
43.37499999999999
 21
8.385
 31
0.0
100
AcDbText
 73
2
  0
TEXT
  5
3FF
330
17
100
AcDbEntity
  8
YAZI
100
AcDbText
 10
44.474999999999994
 20
8.385
 30
0.0
 40
0.1
  1
SCH80
  7
ARIAL
 72
1
 11
44.474999999999994
 21
8.385
 31
0.0
100
AcDbText
 73
2
  0
TEXT
  5
400
330
17
100
AcDbEntity
  8
YAZI
100
AcDbText
 10
44.98
 20
8.385
 30
0.0
 40
0.1
  1
Redüksiyon
  7
ARIAL
 11
44.98
 21
8.385
 31
0.0
100
AcDbText
 73
2
  0
LWPOLYLINE
  5
401
330
17
100
AcDbEntity
  8
TABLO-INCE
100
AcDbPolyline
 90
2
 70
0
 10
40.4
 20
7.889999999999999
 10
49.8
 20
7.889999999999999
  0
TEXT
  5
402
330
17
100
AcDbEntity
  8
YAZI
100
AcDbText
 10
40.675
 20
8.055
 30
0.0
 40
0.1
  1
20
  7
ARIAL
 72
1
 11
40.675
 21
8.055
 31
0.0
100
AcDbText
 73
2
  0
TEXT
  5
403
330
17
100
AcDbEntity
  8
YAZI
100
AcDbText
 10
41.24999999999999
 20
8.055
 30
0.0
 40
0.1
  1
-
  7
ARIAL
 72
1
 11
41.24999999999999
 21
8.055
 31
0.0
100
AcDbText
 73
2
  0
TEXT
  5
404
330
17
100
AcDbEntity
  8
YAZI
100
AcDbText
 10
42.125
 20
8.055
 30
0.0
 40
0.1
  1
1"
  7
ARIAL
 72
1
 11
42.125
 21
8.055
 31
0.0
100
AcDbText
 73
2
  0
TEXT
  5
405
330
17
100
AcDbEntity
  8
YAZI
100
AcDbText
 10
43.37499999999999
 20
8.055
 30
0.0
 40
0.1
  1
-
  7
ARIAL
 72
1
 11
43.37499999999999
 21
8.055
 31
0.0
100
AcDbText
 73
2
  0
TEXT
  5
406
330
17
100
AcDbEntity
  8
YAZI
100
AcDbText
 10
44.474999999999994
 20
8.055
 30
0.0
 40
0.1
  1
SCH80
  7
ARIAL
 72
1
 11
44.474999999999994
 21
8.055
 31
0.0
100
AcDbText
 73
2
  0
TEXT
  5
407
330
17
100
AcDbEntity
  8
YAZI
100
AcDbText
 10
44.98
 20
8.055
 30
0.0
 40
0.1
  1
Dikişsiz çelik çekme boru
  7
ARIAL
 11
44.98
 21
8.055
 31
0.0
100
AcDbText
 73
2
  0
LWPOLYLINE
  5
408
330
17
100
AcDbEntity
  8
TABLO-INCE
100
AcDbPolyline
 90
2
 70
0
 10
40.4
 20
7.559999999999999
 10
49.8
 20
7.559999999999999
  0
TEXT
  5
409
330
17
100
AcDbEntity
  8
YAZI
100
AcDbText
 10
40.675
 20
7.724999999999999
 30
0.0
 40
0.1
  1
21
  7
ARIAL
 72
1
 11
40.675
 21
7.724999999999999
 31
0.0
100
AcDbText
 73
2
  0
TEXT
  5
40A
330
17
100
AcDbEntity
  8
YAZI
100
AcDbText
 10
41.24999999999999
 20
7.724999999999999
 30
0.0
 40
0.1
  1
-
  7
ARIAL
 72
1
 11
41.24999999999999
 21
7.724999999999999
 31
0.0
100
AcDbText
 73
2
  0
TEXT
  5
40B
330
17
100
AcDbEntity
  8
YAZI
100
AcDbText
 10
42.125
 20
7.724999999999999
 30
0.0
 40
0.1
  1
1 1/2"
  7
ARIAL
 72
1
 11
42.125
 21
7.724999999999999
 31
0.0
100
AcDbText
 73
2
  0
TEXT
  5
40C
330
17
100
AcDbEntity
  8
YAZI
100
AcDbText
 10
43.37499999999999
 20
7.724999999999999
 30
0.0
 40
0.1
  1
-
  7
ARIAL
 72
1
 11
43.37499999999999
 21
7.724999999999999
 31
0.0
100
AcDbText
 73
2
  0
TEXT
  5
40D
330
17
100
AcDbEntity
  8
YAZI
100
AcDbText
 10
44.474999999999994
 20
7.724999999999999
 30
0.0
 40
0.1
  1
SCH80
  7
ARIAL
 72
1
 11
44.474999999999994
 21
7.724999999999999
 31
0.0
100
AcDbText
 73
2
  0
TEXT
  5
40E
330
17
100
AcDbEntity
  8
YAZI
100
AcDbText
 10
44.98
 20
7.724999999999999
 30
0.0
 40
0.1
  1
Dikişsiz çelik çekme boru
  7
ARIAL
 11
44.98
 21
7.724999999999999
 31
0.0
100
AcDbText
 73
2
  0
LWPOLYLINE
  5
40F
330
17
100
AcDbEntity
  8
TABLO-INCE
100
AcDbPolyline
 90
2
 70
0
 10
40.4
 20
7.229999999999999
 10
49.8
 20
7.229999999999999
  0
TEXT
  5
410
330
17
100
AcDbEntity
  8
YAZI
100
AcDbText
 10
40.675
 20
7.394999999999999
 30
0.0
 40
0.1
  1
22
  7
ARIAL
 72
1
 11
40.675
 21
7.394999999999999
 31
0.0
100
AcDbText
 73
2
  0
TEXT
  5
411
330
17
100
AcDbEntity
  8
YAZI
100
AcDbText
 10
41.24999999999999
 20
7.394999999999999
 30
0.0
 40
0.1
  1
1
  7
ARIAL
 72
1
 11
41.24999999999999
 21
7.394999999999999
 31
0.0
100
AcDbText
 73
2
  0
TEXT
  5
412
330
17
100
AcDbEntity
  8
YAZI
100
AcDbText
 10
42.125
 20
7.394999999999999
 30
0.0
 40
0.1
  1
DN25
  7
ARIAL
 72
1
 11
42.125
 21
7.394999999999999
 31
0.0
100
AcDbText
 73
2
  0
TEXT
  5
413
330
17
100
AcDbEntity
  8
YAZI
100
AcDbText
 10
43.37499999999999
 20
7.394999999999999
 30
0.0
 40
0.1
  1
AYVAZ
  7
ARIAL
 72
1
 11
43.37499999999999
 21
7.394999999999999
 31
0.0
100
AcDbText
 73
2
  0
TEXT
  5
414
330
17
100
AcDbEntity
  8
YAZI
100
AcDbText
 10
44.474999999999994
 20
7.394999999999999
 30
0.0
 40
0.1
  1
PN40
  7
ARIAL
 72
1
 11
44.474999999999994
 21
7.394999999999999
 31
0.0
100
AcDbText
 73
2
  0
TEXT
  5
415
330
17
100
AcDbEntity
  8
YAZI
100
AcDbText
 10
44.98
 20
7.394999999999999
 30
0.0
 40
0.1
  1
Metal örgülü esnek bağlantı (30 cm)
  7
ARIAL
 11
44.98
 21
7.394999999999999
 31
0.0
100
AcDbText
 73
2
  0
LWPOLYLINE
  5
416
330
17
100
AcDbEntity
  8
TABLO-INCE
100
AcDbPolyline
 90
2
 70
0
 10
40.4
 20
6.899999999999999
 10
49.8
 20
6.899999999999999
  0
TEXT
  5
417
330
17
100
AcDbEntity
  8
YAZI
100
AcDbText
 10
40.675
 20
7.064999999999999
 30
0.0
 40
0.1
  1
23
  7
ARIAL
 72
1
 11
40.675
 21
7.064999999999999
 31
0.0
100
AcDbText
 73
2
  0
TEXT
  5
418
330
17
100
AcDbEntity
  8
YAZI
100
AcDbText
 10
41.24999999999999
 20
7.064999999999999
 30
0.0
 40
0.1
  1
1
  7
ARIAL
 72
1
 11
41.24999999999999
 21
7.064999999999999
 31
0.0
100
AcDbText
 73
2
  0
TEXT
  5
419
330
17
100
AcDbEntity
  8
YAZI
100
AcDbText
 10
42.125
 20
7.064999999999999
 30
0.0
 40
0.1
  1
2"
  7
ARIAL
 72
1
 11
42.125
 21
7.064999999999999
 31
0.0
100
AcDbText
 73
2
  0
TEXT
  5
41A
330
17
100
AcDbEntity
  8
YAZI
100
AcDbText
 10
43.37499999999999
 20
7.064999999999999
 30
0.0
 40
0.1
  1
-
  7
ARIAL
 72
1
 11
43.37499999999999
 21
7.064999999999999
 31
0.0
100
AcDbText
 73
2
  0
TEXT
  5
41B
330
17
100
AcDbEntity
  8
YAZI
100
AcDbText
 10
44.474999999999994
 20
7.064999999999999
 30
0.0
 40
0.1
  1
-
  7
ARIAL
 72
1
 11
44.474999999999994
 21
7.064999999999999
 31
0.0
100
AcDbText
 73
2
  0
TEXT
  5
41C
330
17
100
AcDbEntity
  8
YAZI
100
AcDbText
 10
44.98
 20
7.064999999999999
 30
0.0
 40
0.1
  1
Emniyet ventili bacası (min. 1 m)
  7
ARIAL
 11
44.98
 21
7.064999999999999
 31
0.0
100
AcDbText
 73
2
  0
LWPOLYLINE
  5
41D
330
17
100
AcDbEntity
  8
TABLO-INCE
100
AcDbPolyline
 90
2
 70
0
 10
40.4
 20
6.5699999999999985
 10
49.8
 20
6.5699999999999985
  0
TEXT
  5
41E
330
17
100
AcDbEntity
  8
YAZI
 62
30
100
AcDbText
 10
40.675
 20
6.7349999999999985
 30
0.0
 40
0.1
  1
24
  7
ARIAL
 72
1
 11
40.675
 21
6.7349999999999985
 31
0.0
100
AcDbText
 73
2
  0
TEXT
  5
41F
330
17
100
AcDbEntity
  8
YAZI
 62
30
100
AcDbText
 10
41.24999999999999
 20
6.7349999999999985
 30
0.0
 40
0.1
  1
2
  7
ARIAL
 72
1
 11
41.24999999999999
 21
6.7349999999999985
 31
0.0
100
AcDbText
 73
2
  0
TEXT
  5
420
330
17
100
AcDbEntity
  8
YAZI
 62
30
100
AcDbText
 10
42.125
 20
6.7349999999999985
 30
0.0
 40
0.1
  1
-
  7
ARIAL
 72
1
 11
42.125
 21
6.7349999999999985
 31
0.0
100
AcDbText
 73
2
  0
TEXT
  5
421
330
17
100
AcDbEntity
  8
YAZI
 62
30
100
AcDbText
 10
43.37499999999999
 20
6.7349999999999985
 30
0.0
 40
0.1
  1
TSE belgeli
  7
ARIAL
 72
1
 11
43.37499999999999
 21
6.7349999999999985
 31
0.0
100
AcDbText
 73
2
  0
TEXT
  5
422
330
17
100
AcDbEntity
  8
YAZI
 62
30
100
AcDbText
 10
44.474999999999994
 20
6.7349999999999985
 30
0.0
 40
0.1
  1
-
  7
ARIAL
 72
1
 11
44.474999999999994
 21
6.7349999999999985
 31
0.0
100
AcDbText
 73
2
  0
TEXT
  5
423
330
17
100
AcDbEntity
  8
YAZI
 62
30
100
AcDbText
 10
44.98
 20
6.7349999999999985
 30
0.0
 40
0.1
  1
10 Lb magnezyum anot
  7
ARIAL
 11
44.98
 21
6.7349999999999985
 31
0.0
100
AcDbText
 73
2
  0
LWPOLYLINE
  5
424
330
17
100
AcDbEntity
  8
TABLO-INCE
100
AcDbPolyline
 90
2
 70
0
 10
40.4
 20
6.239999999999998
 10
49.8
 20
6.239999999999998
  0
TEXT
  5
425
330
17
100
AcDbEntity
  8
YAZI
100
AcDbText
 10
40.675
 20
6.4049999999999985
 30
0.0
 40
0.1
  1
25
  7
ARIAL
 72
1
 11
40.675
 21
6.4049999999999985
 31
0.0
100
AcDbText
 73
2
  0
TEXT
  5
426
330
17
100
AcDbEntity
  8
YAZI
100
AcDbText
 10
41.24999999999999
 20
6.4049999999999985
 30
0.0
 40
0.1
  1
1
  7
ARIAL
 72
1
 11
41.24999999999999
 21
6.4049999999999985
 31
0.0
100
AcDbText
 73
2
  0
TEXT
  5
427
330
17
100
AcDbEntity
  8
YAZI
100
AcDbText
 10
42.125
 20
6.4049999999999985
 30
0.0
 40
0.1
  1
10 m³
  7
ARIAL
 72
1
 11
42.125
 21
6.4049999999999985
 31
0.0
100
AcDbText
 73
2
  0
TEXT
  5
428
330
17
100
AcDbEntity
  8
YAZI
100
AcDbText
 10
43.37499999999999
 20
6.4049999999999985
 30
0.0
 40
0.1
  1
-
  7
ARIAL
 72
1
 11
43.37499999999999
 21
6.4049999999999985
 31
0.0
100
AcDbText
 73
2
  0
TEXT
  5
429
330
17
100
AcDbEntity
  8
YAZI
100
AcDbText
 10
44.474999999999994
 20
6.4049999999999985
 30
0.0
 40
0.1
  1
-
  7
ARIAL
 72
1
 11
44.474999999999994
 21
6.4049999999999985
 31
0.0
100
AcDbText
 73
2
  0
TEXT
  5
42A
330
17
100
AcDbEntity
  8
YAZI
100
AcDbText
 10
44.98
 20
6.4049999999999985
 30
0.0
 40
0.1
  1
LPG stok tankı (yeraltı)
  7
ARIAL
 11
44.98
 21
6.4049999999999985
 31
0.0
100
AcDbText
 73
2
  0
LWPOLYLINE
  5
42B
330
17
100
AcDbEntity
  8
TABLO
100
AcDbPolyline
 90
4
 70
1
 10
40.4
 20
6.239999999999998
 10
49.8
 20
6.239999999999998
 10
49.8
 20
14.85
 10
40.4
 20
14.85
  0
LWPOLYLINE
  5
42C
330
17
100
AcDbEntity
  8
TABLO-INCE
100
AcDbPolyline
 90
2
 70
0
 10
40.949999999999996
 20
6.239999999999998
 10
40.949999999999996
 20
14.85
  0
LWPOLYLINE
  5
42D
330
17
100
AcDbEntity
  8
TABLO-INCE
100
AcDbPolyline
 90
2
 70
0
 10
41.55
 20
6.239999999999998
 10
41.55
 20
14.85
  0
LWPOLYLINE
  5
42E
330
17
100
AcDbEntity
  8
TABLO-INCE
100
AcDbPolyline
 90
2
 70
0
 10
42.699999999999996
 20
6.239999999999998
 10
42.699999999999996
 20
14.85
  0
LWPOLYLINE
  5
42F
330
17
100
AcDbEntity
  8
TABLO-INCE
100
AcDbPolyline
 90
2
 70
0
 10
44.05
 20
6.239999999999998
 10
44.05
 20
14.85
  0
LWPOLYLINE
  5
430
330
17
100
AcDbEntity
  8
TABLO-INCE
100
AcDbPolyline
 90
2
 70
0
 10
44.9
 20
6.239999999999998
 10
44.9
 20
14.85
  0
TEXT
  5
431
330
17
100
AcDbEntity
  8
YAZI
 62
8
100
AcDbText
 10
40.4
 20
0.05
 30
0.0
 40
0.1
  1
Turuncu satırlar katodik koruma ile ilgili kalemlerdir.
  7
ARIAL
 11
40.4
 21
0.05
 31
0.0
100
AcDbText
 73
1
  0
TEXT
  5
432
330
17
100
AcDbEntity
  8
BASLIK
100
AcDbText
 10
58.6
 20
36.55
 30
0.0
 40
0.1275
  1
PERSPEKTİF GÖRÜNÜŞ - LPG TANKI ve KATODİK KORUMA
  7
ARIAL
 11
58.6
 21
36.55
 31
0.0
100
AcDbText
 73
1
  0
LWPOLYLINE
  5
433
330
17
100
AcDbEntity
  8
BASLIK
100
AcDbPolyline
 90
2
 70
0
 10
58.6
 20
36.5
 10
62.5944
 20
36.5
  0
LWPOLYLINE
  5
434
330
17
100
AcDbEntity
  8
YAZI
100
AcDbPolyline
 90
2
 70
0
 10
58.6
 20
36.459999999999994
 10
62.5944
 20
36.459999999999994
  0
TEXT
  5
435
330
17
100
AcDbEntity
  8
YAZI
100
AcDbText
 10
58.6
 20
36.39
 30
0.0
 40
0.1
  1
İzometrik görünüş - tank zemin altındadır, toprak gösterilmemiştir.
  7
ARIAL
 11
58.6
 21
36.39
 31
0.0
100
AcDbText
 73
3
  0
LWPOLYLINE
  5
436
330
17
100
AcDbEntity
  8
PERSPEKTIF-INCE
100
AcDbPolyline
 90
6
 70
1
 10
63.649
 20
28.015
 10
66.125833
 20
26.585
 10
72.430498
 20
30.225
 10
72.430498
 20
30.55
 10
69.953665
 20
31.98
 10
63.649
 20
28.34
  0
LWPOLYLINE
  5
437
330
17
100
AcDbEntity
  8
PERSPEKTIF-INCE
100
AcDbPolyline
 90
2
 70
0
 10
66.12583302491977
 20
26.909999999999997
 10
72.43049796447049
 20
30.55
  0
LWPOLYLINE
  5
438
330
17
100
AcDbEntity
  8
PERSPEKTIF-INCE
100
AcDbPolyline
 90
2
 70
0
 10
66.12583302491977
 20
26.909999999999997
 10
63.649000370096275
 20
28.34
  0
LWPOLYLINE
  5
439
330
17
100
AcDbEntity
  8
PERSPEKTIF-INCE
100
AcDbPolyline
 90
2
 70
0
 10
66.12583302491977
 20
26.909999999999997
 10
66.12583302491977
 20
26.585
  0
LWPOLYLINE
  5
43A
330
17
100
AcDbEntity
  8
PERSPEKTIF
100
AcDbPolyline
 90
90
 70
1
 10
64.443387
 20
29.725286
 10
64.44644
 20
29.64276
 10
64.455578
 20
29.557336
 10
64.470731
 20
29.469665
 10
64.481808
 20
29.415765
 10
64.500923
 20
29.334726
 10
64.525249
 20
29.252868
 10
64.554601
 20
29.170814
 10
64.588755
 20
29.08919
 10
64.627452
 20
29.008615
 10
64.670397
 20
28.929704
 10
64.717264
 20
28.853057
 10
64.767695
 20
28.779257
 10
64.821307
 20
28.708866
 10
64.877691
 20
28.642419
 10
64.936419
 20
28.580423
 10
64.997044
 20
28.52335
 10
65.038184
 20
28.486807
 10
65.106534
 20
28.429849
 10
65.175944
 20
28.379223
 10
65.245886
 20
28.335316
 10
65.315829
 20
28.298461
 10
65.385239
 20
28.268938
 10
65.459917
 20
28.239706
 10
65.532873
 20
28.216261
 10
65.604142
 20
28.201061
 10
65.673181
 20
28.194222
 10
65.755837
 20
28.191316
 10
65.824674
 20
28.19295
 10
65.890126
 20
28.20331
 10
65.951695
 20
28.222315
 10
66.02927
 20
28.249064
 10
66.087201
 20
28.276913
 10
71.266032
 20
31.266913
 10
71.319116
 20
31.303158
 10
71.381069
 20
31.356965
 10
71.428312
 20
31.400783
 10
71.47001
 20
31.452286
 10
71.505844
 20
31.511083
 10
71.544655
 20
31.584119
 10
71.573252
 20
31.647328
 10
71.595723
 20
31.716649
 10
71.611897
 20
31.791553
 10
71.62392
 20
31.870843
 10
71.633058
 20
31.945715
 10
71.636112
 20
32.024714
 10
71.633058
 20
32.10724
 10
71.62392
 20
32.192664
 10
71.608767
 20
32.280335
 10
71.59769
 20
32.334235
 10
71.578576
 20
32.415274
 10
71.55425
 20
32.497132
 10
71.524898
 20
32.579186
 10
71.490743
 20
32.66081
 10
71.452046
 20
32.741385
 10
71.409101
 20
32.820296
 10
71.362234
 20
32.896943
 10
71.311803
 20
32.970743
 10
71.258192
 20
33.041134
 10
71.201807
 20
33.107581
 10
71.143079
 20
33.169577
 10
71.082454
 20
33.22665
 10
71.041314
 20
33.263193
 10
70.972965
 20
33.320151
 10
70.903555
 20
33.370777
 10
70.833612
 20
33.414684
 10
70.76367
 20
33.451539
 10
70.69426
 20
33.481062
 10
70.619581
 20
33.510294
 10
70.546625
 20
33.533739
 10
70.475357
 20
33.548939
 10
70.406317
 20
33.555778
 10
70.323661
 20
33.558684
 10
70.254824
 20
33.55705
 10
70.189372
 20
33.54669
 10
70.127803
 20
33.527685
 10
70.050228
 20
33.500936
 10
69.992298
 20
33.473087
 10
64.813466
 20
30.483087
 10
64.760383
 20
30.446842
 10
64.69843
 20
30.393035
 10
64.651186
 20
30.349217
 10
64.609489
 20
30.297714
 10
64.573654
 20
30.238917
 10
64.534843
 20
30.165881
 10
64.506246
 20
30.102672
 10
64.483775
 20
30.033351
 10
64.467601
 20
29.958447
 10
64.455578
 20
29.879157
 10
64.44644
 20
29.804285
  0
LWPOLYLINE
  5
43B
330
17
100
AcDbEntity
  8
GIZLI
100
AcDbPolyline
 90
11
 70
0
 10
64.54966679003209
 20
29.9
 10
64.55309409767857
 20
29.988663215465273
 10
64.56334993673737
 20
30.072694136339955
 10
64.58035625408058
 20
30.151453236576938
 10
64.60398362136456
 20
30.224341111867368
 10
64.63405222005765
 20
30.290803041469385
 10
64.67033320996791
 20
30.350333209967907
 10
64.71255047085504
 20
30.402478556835362
 10
64.76038270387221
 20
30.446842224495867
 10
64.81346587684428
 20
30.48308657865101
 10
64.87139599477243
 20
30.510935777880736
  0
LWPOLYLINE
  5
43C
330
17
100
AcDbEntity
  8
PERSPEKTIF
100
AcDbPolyline
 90
36
 70
0
 10
64.87139599477243
 20
30.510935777880736
 10
64.93373217448007
 20
30.530177872963094
 10
65.0
 20
30.540666419935814
 10
65.06969513316642
 20
30.542321594623278
 10
65.14228715193285
 20
30.535130800146693
 10
65.21722358720422
 20
30.51914876279394
 10
65.29393412746026
 20
30.4944971155195
 10
65.37183495917053
 20
30.461363472244198
 10
65.45033320996791
 20
30.419999999999998
 10
65.52883146076529
 20
30.370721499786633
 10
65.60673229247556
 20
30.313903010745893
 10
65.6834428327316
 20
30.24997695588732
 10
65.75837926800297
 20
30.179429851087995
 10
65.8309712867694
 20
30.102798602412953
 10
65.90066641993582
 20
30.020666419935814
 10
65.96693424545575
 20
29.933658379158008
 10
66.02927042516339
 20
29.842436663806737
 10
66.08720054309154
 20
29.747695526217004
 10
66.1402837160636
 20
29.650156003652132
 10
66.18811594908078
 20
29.550560430774812
 10
66.23033320996791
 20
29.44966679003209
 10
66.26661419987816
 20
29.34824294295127
 10
66.29668279857125
 20
29.24706078625002
 10
66.32031016585523
 20
29.146890377236303
 10
66.33731648319845
 20
29.04849407320726
 10
66.34757232225724
 20
28.952620729449855
 10
66.35099962990373
 20
28.86
 10
66.34757232225724
 20
28.771336784534725
 10
66.33731648319845
 20
28.687305863660043
 10
66.32031016585523
 20
28.608546763423064
 10
66.29668279857125
 20
28.53565888813263
 10
66.26661419987816
 20
28.469196958530613
 10
66.23033320996791
 20
28.40966679003209
 10
66.18811594908078
 20
28.357521443164636
 10
66.1402837160636
 20
28.31315777550413
 10
66.08720054309154
 20
28.276913421348986
  0
LWPOLYLINE
  5
43D
330
17
100
AcDbEntity
  8
GIZLI
100
AcDbPolyline
 90
28
 70
0
 10
66.08720054309154
 20
28.276913421348986
 10
66.02927042516339
 20
28.249064222119262
 10
65.96693424545575
 20
28.229822127036904
 10
65.90066641993582
 20
28.219333580064184
 10
65.8309712867694
 20
28.21767840537672
 10
65.75837926800297
 20
28.224869199853305
 10
65.6834428327316
 20
28.24085123720606
 10
65.60673229247556
 20
28.265502884480497
 10
65.52883146076529
 20
28.2986365277558
 10
65.45033320996791
 20
28.34
 10
65.37183495917053
 20
28.389278500213365
 10
65.29393412746026
 20
28.446096989254105
 10
65.21722358720422
 20
28.51002304411268
 10
65.14228715193285
 20
28.580570148912003
 10
65.06969513316642
 20
28.657201397587045
 10
65.0
 20
28.739333580064184
 10
64.93373217448007
 20
28.82634162084199
 10
64.87139599477243
 20
28.91756333619326
 10
64.81346587684428
 20
29.012304473782994
 10
64.76038270387221
 20
29.109843996347866
 10
64.71255047085504
 20
29.209439569225186
 10
64.67033320996791
 20
29.310333209967908
 10
64.63405222005765
 20
29.411757057048728
 10
64.60398362136456
 20
29.512939213749977
 10
64.58035625408058
 20
29.613109622763695
 10
64.56334993673737
 20
29.71150592679274
 10
64.55309409767857
 20
29.807379270550143
 10
64.54966679003209
 20
29.9
  0
LWPOLYLINE
  5
43E
330
17
100
AcDbEntity
  8
GIZLI
100
AcDbPolyline
 90
11
 70
0
 10
69.72849870466304
 20
32.89
 10
69.73192601230951
 20
32.978663215465275
 10
69.74218185136831
 20
33.06269413633996
 10
69.75918816871153
 20
33.141453236576936
 10
69.7828155359955
 20
33.21434111186737
 10
69.8128841346886
 20
33.28080304146938
 10
69.84916512459885
 20
33.34033320996791
 10
69.89138238548598
 20
33.392478556835364
 10
69.93921461850316
 20
33.43684222449587
 10
69.99229779147522
 20
33.473086578651014
 10
70.05022790940338
 20
33.500935777880734
  0
LWPOLYLINE
  5
43F
330
17
100
AcDbEntity
  8
PERSPEKTIF
100
AcDbPolyline
 90
36
 70
0
 10
70.05022790940338
 20
33.500935777880734
 10
70.11256408911102
 20
33.520177872963096
 10
70.17883191463095
 20
33.53066641993581
 10
70.24852704779735
 20
33.532321594623276
 10
70.32111906656378
 20
33.52513080014669
 10
70.39605550183516
 20
33.50914876279394
 10
70.4727660420912
 20
33.4844971155195
 10
70.55066687380148
 20
33.451363472244196
 10
70.62916512459886
 20
33.41
 10
70.70766337539624
 20
33.360721499786635
 10
70.7855642071065
 20
33.30390301074589
 10
70.86227474736255
 20
33.23997695588732
 10
70.93721118263392
 20
33.169429851088
 10
71.00980320140035
 20
33.092798602412955
 10
71.07949833456676
 20
33.010666419935816
 10
71.1457661600867
 20
32.923658379158006
 10
71.20810233979432
 20
32.83243666380674
 10
71.26603245772247
 20
32.737695526217
 10
71.31911563069455
 20
32.64015600365213
 10
71.36694786371173
 20
32.54056043077481
 10
71.40916512459886
 20
32.43966679003209
 10
71.44544611450911
 20
32.33824294295127
 10
71.4755147132022
 20
32.23706078625002
 10
71.49914208048617
 20
32.136890377236305
 10
71.5161483978294
 20
32.03849407320726
 10
71.52640423688818
 20
31.942620729449857
 10
71.52983154453467
 20
31.849999999999998
 10
71.52640423688818
 20
31.761336784534727
 10
71.5161483978294
 20
31.677305863660045
 10
71.49914208048617
 20
31.598546763423062
 10
71.4755147132022
 20
31.525658888132632
 10
71.44544611450911
 20
31.459196958530615
 10
71.40916512459886
 20
31.399666790032093
 10
71.36694786371173
 20
31.347521443164634
 10
71.31911563069455
 20
31.30315777550413
 10
71.26603245772247
 20
31.266913421348985
  0
LWPOLYLINE
  5
440
330
17
100
AcDbEntity
  8
GIZLI
100
AcDbPolyline
 90
28
 70
0
 10
71.26603245772247
 20
31.266913421348985
 10
71.20810233979432
 20
31.23906422211926
 10
71.1457661600867
 20
31.219822127036903
 10
71.07949833456676
 20
31.209333580064182
 10
71.00980320140035
 20
31.20767840537672
 10
70.93721118263392
 20
31.214869199853307
 10
70.86227474736255
 20
31.230851237206057
 10
70.7855642071065
 20
31.2555028844805
 10
70.70766337539624
 20
31.288636527755802
 10
70.62916512459886
 20
31.33
 10
70.55066687380148
 20
31.379278500213367
 10
70.4727660420912
 20
31.436096989254107
 10
70.39605550183516
 20
31.50002304411268
 10
70.32111906656378
 20
31.570570148912
 10
70.24852704779735
 20
31.647201397587047
 10
70.17883191463095
 20
31.729333580064182
 10
70.11256408911102
 20
31.816341620841992
 10
70.05022790940338
 20
31.907563336193263
 10
69.99229779147522
 20
32.00230447378299
 10
69.93921461850316
 20
32.099843996347865
 10
69.89138238548598
 20
32.199439569225184
 10
69.84916512459885
 20
32.30033320996791
 10
69.8128841346886
 20
32.40175705704873
 10
69.7828155359955
 20
32.502939213749976
 10
69.75918816871153
 20
32.6031096227637
 10
69.74218185136831
 20
32.70150592679274
 10
69.73192601230951
 20
32.797379270550145
 10
69.72849870466304
 20
32.89
  0
LWPOLYLINE
  5
441
330
17
100
AcDbEntity
  8
PERSPEKTIF-INCE
100
AcDbPolyline
 90
2
 70
0
 10
66.3161093402701
 20
28.593481068062395
 10
71.49494125490105
 20
31.583481068062394
  0
LWPOLYLINE
  5
442
330
17
100
AcDbEntity
  8
PERSPEKTIF-INCE
100
AcDbPolyline
 90
2
 70
0
 10
66.24557445741911
 20
28.43261682641603
 10
71.42440637205004
 20
31.422616826416032
  0
LWPOLYLINE
  5
443
330
17
100
AcDbEntity
  8
PERSPEKTIF-INCE
100
AcDbPolyline
 90
2
 70
0
 10
66.17898764995883
 20
28.348014500540856
 10
71.35781956458978
 20
31.338014500540854
  0
LWPOLYLINE
  5
444
330
17
100
AcDbEntity
  8
PERSPEKTIF-INCE
100
AcDbPolyline
 90
2
 70
0
 10
66.13007478567842
 20
28.305249628134032
 10
71.30890670030936
 20
31.29524962813403
  0
LWPOLYLINE
  5
445
330
17
100
AcDbEntity
  8
PERSPEKTIF-INCE
100
AcDbPolyline
 90
2
 70
0
 10
66.09821841265627
 20
28.283498598546544
 10
71.27705032728721
 20
31.273498598546542
  0
LWPOLYLINE
  5
446
330
17
100
AcDbEntity
  8
PERSPEKTIF-INCE
100
AcDbPolyline
 90
14
 70
0
 10
65.33774990747592
 20
29.185
 10
65.5609818406626
 20
30.206851233617332
 10
65.54333778641902
 20
30.30893739904747
 10
65.53269735339552
 20
30.40840599319577
 10
65.52914152171229
 20
30.5045
 10
65.53269735339552
 20
30.59648808604522
 10
65.54333778641902
 20
30.683670166452703
 10
65.5609818406626
 20
30.76538273294857
 10
65.58549523421972
 20
30.84100390356239
 10
65.61669140536381
 20
30.909958155524485
 10
65.6543329323957
 20
30.971720705341703
 10
65.6981333405661
 20
31.02582150271669
 10
65.74775928232141
 20
31.071848807914463
 10
65.80283307427995
 20
31.109452325350425
  0
LWPOLYLINE
  5
447
330
17
100
AcDbEntity
  8
PERSPEKTIF-INCE
100
AcDbPolyline
 90
32
 70
0
 10
65.80283307427995
 20
31.109452325350425
 10
65.8629355716304
 20
31.138345869551266
 10
65.92760935807706
 20
31.15830954319921
 10
65.996362227054
 20
31.169191410683407
 10
66.06867092771415
 20
31.170908654421652
 10
66.14398514718432
 20
31.163448205152193
 10
66.22173169877837
 20
31.146866841398715
 10
66.301318884294
 20
31.12129075735148
 10
66.38214099719342
 20
31.086914602453355
 10
66.4635829323957
 20
31.044
 10
66.54502486759799
 20
30.99287355602863
 10
66.62584698049739
 20
30.933924373648864
 10
66.70543416601303
 20
30.867601091733093
 10
66.78318071760708
 20
30.794408470503797
 10
66.85849493707725
 20
30.714903550003438
 10
66.93080363773741
 20
30.62969141068341
 10
66.99955650671434
 20
30.539420568376432
 10
67.064230293161
 20
30.44477803869949
 10
67.12433279051146
 20
30.34648410845014
 10
67.17940658246998
 20
30.245286853789086
 10
67.2290325242253
 20
30.141956446928866
 10
67.2728329323957
 20
30.037279294658294
 10
67.31047445942758
 20
29.932052053311942
 10
67.34167063057167
 20
29.827075565734397
 10
67.3661840241288
 20
29.723148766382668
 10
67.38382807837239
 20
29.62106260095253
 10
67.39446851139589
 20
29.521594006804225
 10
67.39802434307911
 20
29.4255
 10
67.39446851139589
 20
29.33351191395478
 10
67.38382807837239
 20
29.246329833547296
 10
67.3661840241288
 20
29.164617267051426
 10
67.58941595731547
 20
27.884999999999998
  0
LWPOLYLINE
  5
448
330
17
100
AcDbEntity
  8
PERSPEKTIF-INCE
100
AcDbPolyline
 90
14
 70
0
 10
68.49008237725128
 20
31.005
 10
68.71331431043797
 20
32.02685123361733
 10
68.69567025619438
 20
32.128937399047466
 10
68.68502982317088
 20
32.22840599319577
 10
68.68147399148765
 20
32.3245
 10
68.68502982317088
 20
32.41648808604522
 10
68.69567025619438
 20
32.5036701664527
 10
68.71331431043797
 20
32.585382732948574
 10
68.73782770399508
 20
32.661003903562396
 10
68.76902387513917
 20
32.729958155524486
 10
68.80666540217106
 20
32.7917207053417
 10
68.85046581034146
 20
32.84582150271669
 10
68.90009175209677
 20
32.891848807914464
 10
68.95516554405529
 20
32.929452325350425
  0
LWPOLYLINE
  5
449
330
17
100
AcDbEntity
  8
PERSPEKTIF-INCE
100
AcDbPolyline
 90
32
 70
0
 10
68.95516554405529
 20
32.929452325350425
 10
69.01526804140575
 20
32.958345869551266
 10
69.07994182785242
 20
32.97830954319921
 10
69.14869469682935
 20
32.98919141068341
 10
69.22100339748951
 20
32.99090865442165
 10
69.29631761695968
 20
32.98344820515219
 10
69.37406416855373
 20
32.96686684139871
 10
69.45365135406936
 20
32.94129075735148
 10
69.53447346696878
 20
32.906914602453355
 10
69.61591540217105
 20
32.864
 10
69.69735733737335
 20
32.81287355602863
 10
69.77817945027275
 20
32.753924373648864
 10
69.8577666357884
 20
32.68760109173309
 10
69.93551318738244
 20
32.6144084705038
 10
70.01082740685261
 20
32.534903550003435
 10
70.08313610751276
 20
32.44969141068341
 10
70.15188897648969
 20
32.35942056837643
 10
70.21656276293636
 20
32.26477803869949
 10
70.27666526028682
 20
32.16648410845014
 10
70.33173905224534
 20
32.06528685378909
 10
70.38136499400066
 20
31.961956446928866
 10
70.42516540217106
 20
31.857279294658294
 10
70.46280692920294
 20
31.752052053311942
 10
70.49400310034703
 20
31.647075565734397
 10
70.51851649390416
 20
31.543148766382668
 10
70.53616054814775
 20
31.44106260095253
 10
70.54680098117124
 20
31.341594006804225
 10
70.55035681285446
 20
31.2455
 10
70.54680098117124
 20
31.15351191395478
 10
70.53616054814775
 20
31.066329833547293
 10
70.51851649390416
 20
30.984617267051426
 10
70.74174842709083
 20
29.705
  0
LWPOLYLINE
  5
44A
330
17
100
AcDbEntity
  8
PERSPEKTIF
100
AcDbPolyline
 90
50
 70
1
 10
68.214282
 20
32.3375
 10
68.219049
 20
32.295505
 10
68.23327
 20
32.254229
 10
68.256701
 20
32.214378
 10
68.28894
 20
32.176633
 10
68.329437
 20
32.141641
 10
68.377499
 20
32.11
 10
68.432303
 20
32.082252
 10
68.492911
 20
32.058871
 10
68.558287
 20
32.040257
 10
68.627311
 20
32.026729
 10
68.698804
 20
32.018519
 10
68.771541
 20
32.015766
 10
68.844278
 20
32.018519
 10
68.91577
 20
32.026729
 10
68.984794
 20
32.040257
 10
69.05017
 20
32.058871
 10
69.110778
 20
32.082252
 10
69.165582
 20
32.11
 10
69.213644
 20
32.141641
 10
69.254141
 20
32.176633
 10
69.286381
 20
32.214378
 10
69.309811
 20
32.254229
 10
69.324032
 20
32.295505
 10
69.3288
 20
32.3375
 10
69.3288
 20
33.3775
 10
69.324032
 20
33.419495
 10
69.309811
 20
33.460771
 10
69.286381
 20
33.500622
 10
69.254141
 20
33.538367
 10
69.213644
 20
33.573359
 10
69.165582
 20
33.605
 10
69.110778
 20
33.632748
 10
69.05017
 20
33.656129
 10
68.984794
 20
33.674743
 10
68.91577
 20
33.688271
 10
68.844278
 20
33.696481
 10
68.771541
 20
33.699234
 10
68.698804
 20
33.696481
 10
68.627311
 20
33.688271
 10
68.558287
 20
33.674743
 10
68.492911
 20
33.656129
 10
68.432303
 20
33.632748
 10
68.377499
 20
33.605
 10
68.329437
 20
33.573359
 10
68.28894
 20
33.538367
 10
68.256701
 20
33.500622
 10
68.23327
 20
33.460771
 10
68.219049
 20
33.419495
 10
68.214282
 20
33.3775
  0
LWPOLYLINE
  5
44B
330
17
100
AcDbEntity
  8
PERSPEKTIF
100
AcDbPolyline
 90
48
 70
1
 10
69.16558219220315
 20
33.605
 10
69.11077836780738
 20
33.6327484146926
 10
69.05017009172282
 20
33.65612945824159
 10
68.98479438835706
 20
33.67474307450937
 10
68.91576985412027
 20
33.68827077936096
 10
68.84427751793045
 20
33.69648111001574
 10
68.77154063348124
 20
33.69923358543988
 10
68.69880374903201
 20
33.69648111001574
 10
68.62731141284219
 20
33.68827077936096
 10
68.5582868786054
 20
33.67474307450937
 10
68.49291117523964
 20
33.65612945824159
 10
68.43230289915508
 20
33.6327484146926
 10
68.37749907475931
 20
33.605
 10
68.32943741068223
 20
33.57335899723248
 10
68.2889402553214
 20
33.53836679271994
 10
68.256700526233
 20
33.50062211278326
 10
68.23326985412027
 20
33.460770779360956
 10
68.21904914427925
 20
33.41949465981677
 10
68.21428171699806
 20
33.3775
 10
68.21904914427925
 20
33.335505340183225
 10
68.23326985412027
 20
33.29422922063904
 10
68.256700526233
 20
33.25437788721674
 10
68.2889402553214
 20
33.21663320728006
 10
68.32943741068223
 20
33.18164100276752
 10
68.37749907475931
 20
33.15
 10
68.43230289915508
 20
33.122251585307396
 10
68.49291117523964
 20
33.098870541758416
 10
68.5582868786054
 20
33.08025692549062
 10
68.62731141284219
 20
33.06672922063904
 10
68.69880374903201
 20
33.058518889984256
 10
68.77154063348124
 20
33.05576641456012
 10
68.84427751793045
 20
33.058518889984256
 10
68.91576985412027
 20
33.06672922063904
 10
68.98479438835706
 20
33.08025692549062
 10
69.05017009172282
 20
33.098870541758416
 10
69.11077836780738
 20
33.122251585307396
 10
69.16558219220315
 20
33.15
 10
69.21364385628023
 20
33.18164100276752
 10
69.25414101164105
 20
33.21663320728006
 10
69.28638074072946
 20
33.25437788721674
 10
69.3098114128422
 20
33.29422922063904
 10
69.3240321226832
 20
33.335505340183225
 10
69.3287995499644
 20
33.3775
 10
69.3240321226832
 20
33.41949465981677
 10
69.3098114128422
 20
33.460770779360956
 10
69.28638074072946
 20
33.50062211278326
 10
69.25414101164105
 20
33.53836679271994
 10
69.21364385628023
 20
33.57335899723248
  0
LWPOLYLINE
  5
44C
330
17
100
AcDbEntity
  8
PERSPEKTIF-INCE
100
AcDbPolyline
 90
6
 70
1
 10
67.082791
 20
33.2475
 10
68.771541
 20
32.2725
 10
70.46029
 20
33.2475
 10
70.46029
 20
33.3775
 10
68.771541
 20
34.3525
 10
67.082791
 20
33.3775
  0
LWPOLYLINE
  5
44D
330
17
100
AcDbEntity
  8
PERSPEKTIF-INCE
100
AcDbPolyline
 90
2
 70
0
 10
68.77154063348124
 20
32.402499999999996
 10
70.46029017086089
 20
33.3775
  0
LWPOLYLINE
  5
44E
330
17
100
AcDbEntity
  8
PERSPEKTIF-INCE
100
AcDbPolyline
 90
2
 70
0
 10
68.77154063348124
 20
32.402499999999996
 10
67.08279109610157
 20
33.3775
  0
LWPOLYLINE
  5
44F
330
17
100
AcDbEntity
  8
PERSPEKTIF-INCE
100
AcDbPolyline
 90
2
 70
0
 10
68.77154063348124
 20
32.402499999999996
 10
68.77154063348124
 20
32.2725
  0
LWPOLYLINE
  5
450
330
17
100
AcDbEntity
  8
PERSPEKTIF
100
AcDbPolyline
 90
50
 70
1
 10
68.055065
 20
33.3775
 10
68.061194
 20
33.323507
 10
68.079478
 20
33.270438
 10
68.109603
 20
33.2192
 10
68.151054
 20
33.170671
 10
68.203122
 20
33.125681
 10
68.264916
 20
33.085
 10
68.335378
 20
33.049323
 10
68.413303
 20
33.019262
 10
68.497357
 20
32.99533
 10
68.586103
 20
32.977938
 10
68.678022
 20
32.967381
 10
68.771541
 20
32.963843
 10
68.865059
 20
32.967381
 10
68.956978
 20
32.977938
 10
69.045724
 20
32.99533
 10
69.129779
 20
33.019262
 10
69.207703
 20
33.049323
 10
69.278165
 20
33.085
 10
69.339959
 20
33.125681
 10
69.392027
 20
33.170671
 10
69.433478
 20
33.2192
 10
69.463603
 20
33.270438
 10
69.481887
 20
33.323507
 10
69.488016
 20
33.3775
 10
69.488016
 20
33.5335
 10
69.481887
 20
33.587493
 10
69.463603
 20
33.640562
 10
69.433478
 20
33.6918
 10
69.392027
 20
33.740329
 10
69.339959
 20
33.785319
 10
69.278165
 20
33.826
 10
69.207703
 20
33.861677
 10
69.129779
 20
33.891738
 10
69.045724
 20
33.91567
 10
68.956978
 20
33.933062
 10
68.865059
 20
33.943619
 10
68.771541
 20
33.947157
 10
68.678022
 20
33.943619
 10
68.586103
 20
33.933062
 10
68.497357
 20
33.91567
 10
68.413303
 20
33.891738
 10
68.335378
 20
33.861677
 10
68.264916
 20
33.826
 10
68.203122
 20
33.785319
 10
68.151054
 20
33.740329
 10
68.109603
 20
33.6918
 10
68.079478
 20
33.640562
 10
68.061194
 20
33.587493
 10
68.055065
 20
33.5335
  0
LWPOLYLINE
  5
451
330
17
100
AcDbEntity
  8
PERSPEKTIF
100
AcDbPolyline
 90
48
 70
1
 10
69.27816549469513
 20
33.826
 10
69.2077034347577
 20
33.8616765331762
 10
69.12977850836327
 20
33.89173787488204
 10
69.0457240326073
 20
33.91566966722634
 10
68.95697820287428
 20
33.933062430606945
 10
68.86505948491595
 20
33.943618570020234
 10
68.77154063348124
 20
33.94715746699413
 10
68.67802178204651
 20
33.943618570020234
 10
68.58610306408818
 20
33.933062430606945
 10
68.49735723435516
 20
33.91566966722634
 10
68.41330275859919
 20
33.89173787488204
 10
68.33537783220476
 20
33.8616765331762
 10
68.26491577226733
 20
33.826
 10
68.20312220416822
 20
33.78531871072747
 10
68.15105443299004
 20
33.740328733497066
 10
68.10960335273352
 20
33.691799859292765
 10
68.07947820287428
 20
33.64056243060695
 10
68.06119443307868
 20
33.587493134050135
 10
68.05506488371715
 20
33.5335
 10
68.06119443307868
 20
33.479506865949865
 10
68.07947820287428
 20
33.42643756939305
 10
68.10960335273352
 20
33.375200140707236
 10
68.15105443299004
 20
33.326671266502935
 10
68.20312220416822
 20
33.28168128927253
 10
68.26491577226733
 20
33.241
 10
68.33537783220476
 20
33.20532346682379
 10
68.41330275859919
 20
33.17526212511796
 10
68.49735723435516
 20
33.15133033277366
 10
68.58610306408818
 20
33.133937569393055
 10
68.67802178204651
 20
33.123381429979766
 10
68.77154063348124
 20
33.11984253300587
 10
68.86505948491595
 20
33.123381429979766
 10
68.95697820287428
 20
33.133937569393055
 10
69.0457240326073
 20
33.15133033277366
 10
69.12977850836327
 20
33.17526212511796
 10
69.2077034347577
 20
33.20532346682379
 10
69.27816549469513
 20
33.241
 10
69.33995906279424
 20
33.28168128927253
 10
69.39202683397242
 20
33.326671266502935
 10
69.43347791422894
 20
33.375200140707236
 10
69.46360306408818
 20
33.42643756939305
 10
69.48188683388378
 20
33.479506865949865
 10
69.48801638324531
 20
33.5335
 10
69.48188683388378
 20
33.587493134050135
 10
69.46360306408818
 20
33.64056243060695
 10
69.43347791422894
 20
33.691799859292765
 10
69.39202683397242
 20
33.740328733497066
 10
69.33995906279424
 20
33.78531871072747
  0
TEXT
  5
452
330
17
100
AcDbEntity
  8
YAZI
 62
8
100
AcDbText
 10
68.77154063348124
 20
32.2725
 30
0.0
 40
0.1
  1
ZEMİN ±0.00
  7
ARIAL
 72
2
 11
68.77154063348124
 21
32.2725
 31
0.0
100
AcDbText
 73
3
  0
LWPOLYLINE
  5
453
330
17
100
AcDbEntity
  8
IZO-HAT
100
AcDbPolyline
 90
3
 70
0
 10
68.73776564273363
 20
33.358
 10
68.73776564273363
 20
33.722
 10
66.992724454108
 20
32.7145
  0
LWPOLYLINE
  5
454
330
17
100
AcDbEntity
  8
KK-IZOLASYON
100
AcDbPolyline
 90
2
 70
0
 10
68.64776564273363
 20
33.531000000000006
 10
68.82776564273364
 20
33.531000000000006
  0
LWPOLYLINE
  5
455
330
17
100
AcDbEntity
  8
KK-IZOLASYON
100
AcDbPolyline
 90
2
 70
0
 10
68.64776564273363
 20
33.601
 10
68.82776564273364
 20
33.601
  0
HATCH
  5
456
330
17
100
AcDbEntity
  8
KK-IZOLASYON
100
AcDbHatch
 10
0.0
 20
0.0
 30
0.0
210
0.0
220
0.0
230
1.0
  2
SOLID
 70
1
 71
0
 91
1
 92
3
 72
0
 73
1
 93
4
 10
68.66776564273364
 20
33.531000000000006
 10
68.66776564273364
 20
33.601
 10
68.80776564273363
 20
33.601
 10
68.80776564273363
 20
33.531000000000006
 97
0
 75
1
 76
1
 98
0
  0
LWPOLYLINE
  5
457
330
17
100
AcDbEntity
  8
IZO-HAT
100
AcDbPolyline
 90
3
 70
0
 10
68.46756571675289
 20
33.514
 10
68.46756571675289
 20
33.878
 10
66.72252452812725
 20
32.8705
  0
LWPOLYLINE
  5
458
330
17
100
AcDbEntity
  8
KK-IZOLASYON
100
AcDbPolyline
 90
2
 70
0
 10
68.37756571675288
 20
33.687000000000005
 10
68.55756571675289
 20
33.687000000000005
  0
LWPOLYLINE
  5
459
330
17
100
AcDbEntity
  8
KK-IZOLASYON
100
AcDbPolyline
 90
2
 70
0
 10
68.37756571675288
 20
33.757
 10
68.55756571675289
 20
33.757
  0
HATCH
  5
45A
330
17
100
AcDbEntity
  8
KK-IZOLASYON
100
AcDbHatch
 10
0.0
 20
0.0
 30
0.0
210
0.0
220
0.0
230
1.0
  2
SOLID
 70
1
 71
0
 91
1
 92
3
 72
0
 73
1
 93
4
 10
68.3975657167529
 20
33.687000000000005
 10
68.3975657167529
 20
33.757
 10
68.53756571675288
 20
33.757
 10
68.53756571675288
 20
33.687000000000005
 97
0
 75
1
 76
1
 98
0
  0
LWPOLYLINE
  5
45B
330
17
100
AcDbEntity
  8
KK-ANOT
100
AcDbPolyline
 90
50
 70
1
 10
67.799792
 20
28.405
 10
67.800882
 20
28.395401
 10
67.804133
 20
28.385967
 10
67.809488
 20
28.376858
 10
67.816857
 20
28.36823
 10
67.826114
 20
28.360232
 10
67.837099
 20
28.353
 10
67.849626
 20
28.346658
 10
67.863479
 20
28.341313
 10
67.878422
 20
28.337059
 10
67.894199
 20
28.333967
 10
67.91054
 20
28.33209
 10
67.927166
 20
28.331461
 10
67.943791
 20
28.33209
 10
67.960133
 20
28.333967
 10
67.97591
 20
28.337059
 10
67.990853
 20
28.341313
 10
68.004706
 20
28.346658
 10
68.017233
 20
28.353
 10
68.028218
 20
28.360232
 10
68.037475
 20
28.36823
 10
68.044844
 20
28.376858
 10
68.050199
 20
28.385967
 10
68.05345
 20
28.395401
 10
68.054539
 20
28.405
 10
68.054539
 20
29.055
 10
68.05345
 20
29.064599
 10
68.050199
 20
29.074033
 10
68.044844
 20
29.083142
 10
68.037475
 20
29.09177
 10
68.028218
 20
29.099768
 10
68.017233
 20
29.107
 10
68.004706
 20
29.113342
 10
67.990853
 20
29.118687
 10
67.97591
 20
29.122941
 10
67.960133
 20
29.126033
 10
67.943791
 20
29.12791
 10
67.927166
 20
29.128539
 10
67.91054
 20
29.12791
 10
67.894199
 20
29.126033
 10
67.878422
 20
29.122941
 10
67.863479
 20
29.118687
 10
67.849626
 20
29.113342
 10
67.837099
 20
29.107
 10
67.826114
 20
29.099768
 10
67.816857
 20
29.09177
 10
67.809488
 20
29.083142
 10
67.804133
 20
29.074033
 10
67.800882
 20
29.064599
 10
67.799792
 20
29.055
  0
LWPOLYLINE
  5
45C
330
17
100
AcDbEntity
  8
KK-ANOT
100
AcDbPolyline
 90
48
 70
1
 10
68.01723250678498
 20
29.107
 10
68.00470591835166
 20
29.11334249478688
 10
67.99085259810377
 20
29.118686733312362
 10
67.9759095801916
 20
29.12294127417357
 10
67.96013254379461
 20
29.12603332099679
 10
67.94379143837979
 20
29.127909968003596
 10
67.9271658647914
 20
29.1285391052434
 10
67.910540291203
 20
29.127909968003596
 10
67.8941991857882
 20
29.12603332099679
 10
67.87842214939121
 20
29.12294127417357
 10
67.86347913147904
 20
29.118686733312362
 10
67.84962581123114
 20
29.11334249478688
 10
67.83709922279782
 20
29.107
 10
67.8261136995802
 20
29.099767770795996
 10
67.8168572069263
 20
29.0917695526217
 10
67.8094881259918
 20
29.0831421972076
 10
67.80413254379461
 20
29.07403332099679
 10
67.80088209583096
 20
29.06459877938669
 10
67.79979239816667
 20
29.055
 10
67.80088209583096
 20
29.045401220613307
 10
67.80413254379461
 20
29.03596667900321
 10
67.8094881259918
 20
29.026857802792396
 10
67.8168572069263
 20
29.0182304473783
 10
67.8261136995802
 20
29.010232229204004
 10
67.83709922279782
 20
29.003
 10
67.84962581123114
 20
28.99665750521312
 10
67.86347913147904
 20
28.991313266687637
 10
67.87842214939121
 20
28.98705872582643
 10
67.8941991857882
 20
28.98396667900321
 10
67.910540291203
 20
28.9820900319964
 10
67.9271658647914
 20
28.981460894756598
 10
67.94379143837979
 20
28.9820900319964
 10
67.96013254379461
 20
28.98396667900321
 10
67.9759095801916
 20
28.987058725826426
 10
67.99085259810377
 20
28.991313266687637
 10
68.00470591835166
 20
28.99665750521312
 10
68.01723250678498
 20
29.003
 10
68.0282180300026
 20
29.010232229204004
 10
68.03747452265651
 20
29.0182304473783
 10
68.04484360359099
 20
29.026857802792396
 10
68.05019918578819
 20
29.03596667900321
 10
68.05344963375185
 20
29.045401220613307
 10
68.05453933141612
 20
29.055
 10
68.05344963375185
 20
29.06459877938669
 10
68.05019918578819
 20
29.07403332099679
 10
68.04484360359099
 20
29.0831421972076
 10
68.03747452265651
 20
29.0917695526217
 10
68.0282180300026
 20
29.099767770795996
  0
LWPOLYLINE
  5
45D
330
17
100
AcDbEntity
  8
KK-ANOT
100
AcDbPolyline
 90
50
 70
1
 10
67.912376
 20
32.63
 10
67.913465
 20
32.620401
 10
67.916716
 20
32.610967
 10
67.922071
 20
32.601858
 10
67.929441
 20
32.59323
 10
67.938697
 20
32.585232
 10
67.949683
 20
32.578
 10
67.962209
 20
32.571658
 10
67.976062
 20
32.566313
 10
67.991005
 20
32.562059
 10
68.006782
 20
32.558967
 10
68.023124
 20
32.55709
 10
68.039749
 20
32.556461
 10
68.056375
 20
32.55709
 10
68.072716
 20
32.558967
 10
68.088493
 20
32.562059
 10
68.103436
 20
32.566313
 10
68.117289
 20
32.571658
 10
68.129816
 20
32.578
 10
68.140801
 20
32.585232
 10
68.150058
 20
32.59323
 10
68.157427
 20
32.601858
 10
68.162782
 20
32.610967
 10
68.166033
 20
32.620401
 10
68.167123
 20
32.63
 10
68.167123
 20
33.28
 10
68.166033
 20
33.289599
 10
68.162782
 20
33.299033
 10
68.157427
 20
33.308142
 10
68.150058
 20
33.31677
 10
68.140801
 20
33.324768
 10
68.129816
 20
33.332
 10
68.117289
 20
33.338342
 10
68.103436
 20
33.343687
 10
68.088493
 20
33.347941
 10
68.072716
 20
33.351033
 10
68.056375
 20
33.35291
 10
68.039749
 20
33.353539
 10
68.023124
 20
33.35291
 10
68.006782
 20
33.351033
 10
67.991005
 20
33.347941
 10
67.976062
 20
33.343687
 10
67.962209
 20
33.338342
 10
67.949683
 20
33.332
 10
67.938697
 20
33.324768
 10
67.929441
 20
33.31677
 10
67.922071
 20
33.308142
 10
67.916716
 20
33.299033
 10
67.913465
 20
33.289599
 10
67.912376
 20
33.28
  0
LWPOLYLINE
  5
45E
330
17
100
AcDbEntity
  8
KK-ANOT
100
AcDbPolyline
 90
48
 70
1
 10
68.12981580927696
 20
33.332
 10
68.11728922084365
 20
33.33834249478688
 10
68.10343590059574
 20
33.34368673331236
 10
68.08849288268357
 20
33.34794127417357
 10
68.07271584628658
 20
33.35103332099679
 10
68.05637474087177
 20
33.352909968003594
 10
68.03974916728338
 20
33.3535391052434
 10
68.02312359369499
 20
33.352909968003594
 10
68.00678248828017
 20
33.35103332099679
 10
67.99100545188318
 20
33.34794127417357
 10
67.97606243397102
 20
33.34368673331236
 10
67.96220911372312
 20
33.33834249478688
 10
67.9496825252898
 20
33.332
 10
67.93869700207217
 20
33.324767770795994
 10
67.92944050941828
 20
33.3167695526217
 10
67.92207142848379
 20
33.3081421972076
 10
67.91671584628659
 20
33.29903332099679
 10
67.91346539832293
 20
33.28959877938669
 10
67.91237570065866
 20
33.28
 10
67.91346539832293
 20
33.27040122061331
 10
67.91671584628659
 20
33.26096667900321
 10
67.92207142848379
 20
33.251857802792394
 10
67.92944050941828
 20
33.2432304473783
 10
67.93869700207217
 20
33.235232229204
 10
67.9496825252898
 20
33.228
 10
67.96220911372312
 20
33.221657505213116
 10
67.97606243397102
 20
33.216313266687635
 10
67.99100545188318
 20
33.21205872582643
 10
68.00678248828017
 20
33.20896667900321
 10
68.02312359369499
 20
33.2070900319964
 10
68.03974916728338
 20
33.206460894756596
 10
68.05637474087177
 20
33.2070900319964
 10
68.07271584628658
 20
33.20896667900321
 10
68.08849288268357
 20
33.212058725826424
 10
68.10343590059574
 20
33.216313266687635
 10
68.11728922084365
 20
33.221657505213116
 10
68.12981580927696
 20
33.228
 10
68.14080133249458
 20
33.235232229204
 10
68.15005782514848
 20
33.2432304473783
 10
68.15742690608297
 20
33.251857802792394
 10
68.16278248828017
 20
33.26096667900321
 10
68.16603293624384
 20
33.27040122061331
 10
68.16712263390811
 20
33.28
 10
68.16603293624384
 20
33.28959877938669
 10
68.16278248828017
 20
33.29903332099679
 10
68.15742690608297
 20
33.3081421972076
 10
68.15005782514848
 20
33.3167695526217
 10
68.14080133249458
 20
33.324767770795994
  0
LWPOLYLINE
  5
45F
330
17
100
AcDbEntity
  8
KK-KABLO
100
AcDbPolyline
 90
5
 70
0
 10
67.9271658647914
 20
29.055
 10
67.9271658647914
 20
30.029999999999998
 10
65.85563309893902
 20
28.834
 10
66.12583302491977
 20
28.678
 10
66.12583302491977
 20
29.458
  0
LWPOLYLINE
  5
460
330
17
100
AcDbEntity
  8
KK-KABLO
100
AcDbPolyline
 90
5
 70
0
 10
68.03974916728338
 20
33.28
 10
68.03974916728338
 20
34.255
 10
62.74833395016046
 20
31.2
 10
66.5198745836417
 20
29.0225
 10
66.02450805267699
 20
28.7365
  0
LWPOLYLINE
  5
461
330
17
100
AcDbEntity
  8
KK-OLCUM
100
AcDbPolyline
 90
50
 70
1
 10
69.158187
 20
29.9325
 10
69.158732
 20
29.927701
 10
69.160357
 20
29.922983
 10
69.163035
 20
29.918429
 10
69.16672
 20
29.914115
 10
69.171348
 20
29.910116
 10
69.176841
 20
29.9065
 10
69.183104
 20
29.903329
 10
69.19003
 20
29.900657
 10
69.197502
 20
29.898529
 10
69.205391
 20
29.896983
 10
69.213561
 20
29.896045
 10
69.221874
 20
29.89573
 10
69.230187
 20
29.896045
 10
69.238357
 20
29.896983
 10
69.246246
 20
29.898529
 10
69.253717
 20
29.900657
 10
69.260644
 20
29.903329
 10
69.266907
 20
29.9065
 10
69.2724
 20
29.910116
 10
69.277028
 20
29.914115
 10
69.280713
 20
29.918429
 10
69.283391
 20
29.922983
 10
69.285016
 20
29.927701
 10
69.285561
 20
29.9325
 10
69.285561
 20
30.1925
 10
69.285016
 20
30.197299
 10
69.283391
 20
30.202017
 10
69.280713
 20
30.206571
 10
69.277028
 20
30.210885
 10
69.2724
 20
30.214884
 10
69.266907
 20
30.2185
 10
69.260644
 20
30.221671
 10
69.253717
 20
30.224343
 10
69.246246
 20
30.226471
 10
69.238357
 20
30.228017
 10
69.230187
 20
30.228955
 10
69.221874
 20
30.22927
 10
69.213561
 20
30.228955
 10
69.205391
 20
30.228017
 10
69.197502
 20
30.226471
 10
69.19003
 20
30.224343
 10
69.183104
 20
30.221671
 10
69.176841
 20
30.2185
 10
69.171348
 20
30.214884
 10
69.16672
 20
30.210885
 10
69.163035
 20
30.206571
 10
69.160357
 20
30.202017
 10
69.158732
 20
30.197299
 10
69.158187
 20
30.1925
  0
LWPOLYLINE
  5
462
330
17
100
AcDbEntity
  8
KK-OLCUM
100
AcDbPolyline
 90
48
 70
1
 10
69.26690716444593
 20
30.2185
 10
69.26064387022927
 20
30.22167124739344
 10
69.25371721010532
 20
30.224343366656182
 10
69.24624570114923
 20
30.226470637086784
 10
69.23835718295075
 20
30.228016660498394
 10
69.23018663024334
 20
30.2289549840018
 10
69.22187384344915
 20
30.2292695526217
 10
69.21356105665494
 20
30.2289549840018
 10
69.20539050394754
 20
30.228016660498394
 10
69.19750198574904
 20
30.226470637086784
 10
69.19003047679296
 20
30.224343366656182
 10
69.183103816669
 20
30.221671247393438
 10
69.17684052245235
 20
30.2185
 10
69.17134776084355
 20
30.214883885397995
 10
69.16671951451659
 20
30.21088477631085
 10
69.16303497404934
 20
30.2065710986038
 10
69.16035718295075
 20
30.202016660498394
 10
69.15873195896891
 20
30.197299389693345
 10
69.15818711013678
 20
30.1925
 10
69.15873195896891
 20
30.187700610306653
 10
69.16035718295075
 20
30.182983339501604
 10
69.16303497404934
 20
30.1784289013962
 10
69.16671951451659
 20
30.17411522368915
 10
69.17134776084355
 20
30.170116114602003
 10
69.17684052245235
 20
30.1665
 10
69.183103816669
 20
30.16332875260656
 10
69.19003047679296
 20
30.16065663334382
 10
69.19750198574904
 20
30.158529362913214
 10
69.20539050394754
 20
30.156983339501604
 10
69.21356105665494
 20
30.1560450159982
 10
69.22187384344915
 20
30.1557304473783
 10
69.23018663024334
 20
30.1560450159982
 10
69.23835718295075
 20
30.156983339501604
 10
69.24624570114923
 20
30.158529362913214
 10
69.25371721010532
 20
30.16065663334382
 10
69.26064387022927
 20
30.16332875260656
 10
69.26690716444593
 20
30.1665
 10
69.27239992605473
 20
30.170116114602003
 10
69.27702817238169
 20
30.17411522368915
 10
69.28071271284894
 20
30.1784289013962
 10
69.28339050394753
 20
30.182983339501604
 10
69.28501572792936
 20
30.187700610306653
 10
69.2855605767615
 20
30.1925
 10
69.28501572792936
 20
30.197299389693345
 10
69.28339050394753
 20
30.202016660498394
 10
69.28071271284894
 20
30.2065710986038
 10
69.27702817238169
 20
30.21088477631085
 10
69.27239992605473
 20
30.214883885397995
  0
LWPOLYLINE
  5
463
330
17
100
AcDbEntity
  8
KK-KABLO
100
AcDbPolyline
 90
4
 70
0
 10
69.22187384344915
 20
30.1925
 10
69.22187384344915
 20
31.232499999999998
 10
65.34900823772513
 20
28.996499999999997
 10
66.12583302491977
 20
28.548
  0
LWPOLYLINE
  5
464
330
17
100
AcDbEntity
  8
KK-KABLO
100
AcDbPolyline
 90
4
 70
0
 10
67.75829091105344
 20
30.7515
 10
67.75829091105344
 20
31.232499999999998
 10
64.67350842277327
 20
29.4515
 10
66.12583302491977
 20
28.613
  0
LWPOLYLINE
  5
465
330
17
100
AcDbEntity
  8
KK-OLCUM
100
AcDbPolyline
 90
6
 70
1
 10
65.990733
 20
29.458
 10
66.125833
 20
29.38
 10
66.260933
 20
29.458
 10
66.260933
 20
30.693
 10
66.125833
 20
30.771
 10
65.990733
 20
30.693
  0
LWPOLYLINE
  5
466
330
17
100
AcDbEntity
  8
KK-OLCUM
100
AcDbPolyline
 90
2
 70
0
 10
66.12583302491977
 20
30.615
 10
66.26093298791014
 20
30.692999999999998
  0
LWPOLYLINE
  5
467
330
17
100
AcDbEntity
  8
KK-OLCUM
100
AcDbPolyline
 90
2
 70
0
 10
66.12583302491977
 20
30.615
 10
65.9907330619294
 20
30.692999999999998
  0
LWPOLYLINE
  5
468
330
17
100
AcDbEntity
  8
KK-OLCUM
100
AcDbPolyline
 90
2
 70
0
 10
66.12583302491977
 20
30.615
 10
66.12583302491977
 20
29.38
  0
LWPOLYLINE
  5
469
330
17
100
AcDbEntity
  8
KK-OLCUM
100
AcDbPolyline
 90
6
 70
1
 10
65.765566
 20
30.498
 10
66.125833
 20
30.29
 10
66.4861
 20
30.498
 10
66.4861
 20
30.992
 10
66.125833
 20
31.2
 10
65.765566
 20
30.992
  0
LWPOLYLINE
  5
46A
330
17
100
AcDbEntity
  8
KK-OLCUM
100
AcDbPolyline
 90
2
 70
0
 10
66.12583302491977
 20
30.784
 10
66.48609959289409
 20
30.992
  0
LWPOLYLINE
  5
46B
330
17
100
AcDbEntity
  8
KK-OLCUM
100
AcDbPolyline
 90
2
 70
0
 10
66.12583302491977
 20
30.784
 10
65.76556645694545
 20
30.992
  0
LWPOLYLINE
  5
46C
330
17
100
AcDbEntity
  8
KK-OLCUM
100
AcDbPolyline
 90
2
 70
0
 10
66.12583302491977
 20
30.784
 10
66.12583302491977
 20
30.29
  0
LWPOLYLINE
  5
46D
330
17
100
AcDbEntity
  8
PERSPEKTIF-INCE
100
AcDbPolyline
 90
6
 70
1
 10
65.315233
 20
29.328
 10
66.125833
 20
28.86
 10
66.936433
 20
29.328
 10
66.936433
 20
29.458
 10
66.125833
 20
29.926
 10
65.315233
 20
29.458
  0
LWPOLYLINE
  5
46E
330
17
100
AcDbEntity
  8
PERSPEKTIF-INCE
100
AcDbPolyline
 90
2
 70
0
 10
66.12583302491977
 20
28.99
 10
66.936432802862
 20
29.458
  0
LWPOLYLINE
  5
46F
330
17
100
AcDbEntity
  8
PERSPEKTIF-INCE
100
AcDbPolyline
 90
2
 70
0
 10
66.12583302491977
 20
28.99
 10
65.31523324697754
 20
29.458
  0
LWPOLYLINE
  5
470
330
17
100
AcDbEntity
  8
PERSPEKTIF-INCE
100
AcDbPolyline
 90
2
 70
0
 10
66.12583302491977
 20
28.99
 10
66.12583302491977
 20
28.86
  0
LWPOLYLINE
  5
471
330
17
100
AcDbEntity
  8
BALON
100
AcDbPolyline
 90
3
 70
0
 10
67.4768326548235
 20
31.59
 10
66.2768326548235
 20
32.99
 10
64.3988326548235
 20
32.99
  0
HATCH
  5
472
330
17
100
AcDbEntity
  8
BALON
 62
7
100
AcDbHatch
 10
0.0
 20
0.0
 30
0.0
210
0.0
220
0.0
230
1.0
  2
SOLID
 70
1
 71
0
 91
1
 92
1
 93
1
 72
2
 10
67.4768326548235
 20
31.59
 40
0.025
 50
0
 51
360
 73
1
 97
0
 75
1
 76
1
 98
0
  0
TEXT
  5
473
330
17
100
AcDbEntity
  8
YAZI
100
AcDbText
 10
66.23683265482349
 20
33.025
 30
0.0
 40
0.1
  1
LPG STOK TANKI 10 m³
  7
ARIAL
 72
2
 11
66.23683265482349
 21
33.025
 31
0.0
100
AcDbText
 73
1
  0
TEXT
  5
474
330
17
100
AcDbEntity
  8
YAZI
100
AcDbText
 10
66.23683265482349
 20
32.955000000000005
 30
0.0
 40
0.1
  1
fabrika kaplamalı (PU/epoksi)
  7
ARIAL
 72
2
 11
66.23683265482349
 21
32.955000000000005
 31
0.0
100
AcDbText
 73
3
  0
LWPOLYLINE
  5
475
330
17
100
AcDbEntity
  8
BALON
100
AcDbPolyline
 90
3
 70
0
 10
67.9271658647914
 20
28.73
 10
66.32716586479141
 20
27.830000000000002
 10
64.07716586479141
 20
27.830000000000002
  0
HATCH
  5
476
330
17
100
AcDbEntity
  8
BALON
 62
7
100
AcDbHatch
 10
0.0
 20
0.0
 30
0.0
210
0.0
220
0.0
230
1.0
  2
SOLID
 70
1
 71
0
 91
1
 92
1
 93
1
 72
2
 10
67.9271658647914
 20
28.73
 40
0.025
 50
0
 51
360
 73
1
 97
0
 75
1
 76
1
 98
0
  0
TEXT
  5
477
330
17
100
AcDbEntity
  8
YAZI
100
AcDbText
 10
66.2871658647914
 20
27.865000000000002
 30
0.0
 40
0.1
  1
MA-1  Mg anot 10 Lb
  7
ARIAL
 72
2
 11
66.2871658647914
 21
27.865000000000002
 31
0.0
100
AcDbText
 73
1
  0
TEXT
  5
478
330
17
100
AcDbEntity
  8
YAZI
100
AcDbText
 10
66.2871658647914
 20
27.795
 30
0.0
 40
0.1
  1
tank ekseni kotunda, 0,8 m mesafede
  7
ARIAL
 72
2
 11
66.2871658647914
 21
27.795
 31
0.0
100
AcDbText
 73
3
  0
LWPOLYLINE
  5
479
330
17
100
AcDbEntity
  8
BALON
100
AcDbPolyline
 90
3
 70
0
 10
68.03974916728338
 20
32.955
 10
66.83974916728337
 20
35.555
 10
64.89974916728337
 20
35.555
  0
HATCH
  5
47A
330
17
100
AcDbEntity
  8
BALON
 62
7
100
AcDbHatch
 10
0.0
 20
0.0
 30
0.0
210
0.0
220
0.0
230
1.0
  2
SOLID
 70
1
 71
0
 91
1
 92
1
 93
1
 72
2
 10
68.03974916728338
 20
32.955
 40
0.025
 50
0
 51
360
 73
1
 97
0
 75
1
 76
1
 98
0
  0
TEXT
  5
47B
330
17
100
AcDbEntity
  8
YAZI
100
AcDbText
 10
66.79974916728337
 20
35.589999999999996
 30
0.0
 40
0.1
  1
MA-2  Mg anot 10 Lb
  7
ARIAL
 72
2
 11
66.79974916728337
 21
35.589999999999996
 31
0.0
100
AcDbText
 73
1
  0
TEXT
  5
47C
330
17
100
AcDbEntity
  8
YAZI
100
AcDbText
 10
66.79974916728337
 20
35.52
 30
0.0
 40
0.1
  1
çapraz yerleşim (homojen akım)
  7
ARIAL
 72
2
 11
66.79974916728337
 21
35.52
 31
0.0
100
AcDbText
 73
3
  0
LWPOLYLINE
  5
47D
330
17
100
AcDbEntity
  8
BALON
100
AcDbPolyline
 90
3
 70
0
 10
66.12583302491977
 20
30.68
 10
65.22583302491977
 20
31.58
 10
63.347833024919765
 20
31.58
  0
HATCH
  5
47E
330
17
100
AcDbEntity
  8
BALON
 62
7
100
AcDbHatch
 10
0.0
 20
0.0
 30
0.0
210
0.0
220
0.0
230
1.0
  2
SOLID
 70
1
 71
0
 91
1
 92
1
 93
1
 72
2
 10
66.12583302491977
 20
30.68
 40
0.025
 50
0
 51
360
 73
1
 97
0
 75
1
 76
1
 98
0
  0
TEXT
  5
47F
330
17
100
AcDbEntity
  8
YAZI
100
AcDbText
 10
65.18583302491976
 20
31.615
 30
0.0
 40
0.1
  1
ÖK-1 ölçüm kutusu
  7
ARIAL
 72
2
 11
65.18583302491976
 21
31.615
 31
0.0
100
AcDbText
 73
1
  0
TEXT
  5
480
330
17
100
AcDbEntity
  8
YAZI
100
AcDbText
 10
65.18583302491976
 20
31.544999999999998
 30
0.0
 40
0.1
  1
(şönt + köprü + RE terminali)
  7
ARIAL
 72
2
 11
65.18583302491976
 21
31.544999999999998
 31
0.0
100
AcDbText
 73
3
  0
LWPOLYLINE
  5
481
330
17
100
AcDbEntity
  8
BALON
100
AcDbPolyline
 90
3
 70
0
 10
67.75829091105344
 20
30.7515
 10
69.35829091105343
 20
28.5515
 10
71.29829091105343
 20
28.5515
  0
HATCH
  5
482
330
17
100
AcDbEntity
  8
BALON
 62
7
100
AcDbHatch
 10
0.0
 20
0.0
 30
0.0
210
0.0
220
0.0
230
1.0
  2
SOLID
 70
1
 71
0
 91
1
 92
1
 93
1
 72
2
 10
67.75829091105344
 20
30.7515
 40
0.025
 50
0
 51
360
 73
1
 97
0
 75
1
 76
1
 98
0
  0
TEXT
  5
483
330
17
100
AcDbEntity
  8
YAZI
100
AcDbText
 10
69.39829091105344
 20
28.5865
 30
0.0
 40
0.1
  1
Tank kablo bağlantısı (2 ad.)
  7
ARIAL
 11
69.39829091105344
 21
28.5865
 31
0.0
100
AcDbText
 73
1
  0
TEXT
  5
484
330
17
100
AcDbEntity
  8
YAZI
100
AcDbText
 10
69.39829091105344
 20
28.5165
 30
0.0
 40
0.1
  1
termit kaynak + kaplama tamiri
  7
ARIAL
 11
69.39829091105344
 21
28.5165
 31
0.0
100
AcDbText
 73
3
  0
LWPOLYLINE
  5
485
330
17
100
AcDbEntity
  8
BALON
100
AcDbPolyline
 90
3
 70
0
 10
69.22187384344915
 20
30.0625
 10
71.22187384344915
 20
28.6625
 10
73.53387384344914
 20
28.6625
  0
HATCH
  5
486
330
17
100
AcDbEntity
  8
BALON
 62
7
100
AcDbHatch
 10
0.0
 20
0.0
 30
0.0
210
0.0
220
0.0
230
1.0
  2
SOLID
 70
1
 71
0
 91
1
 92
1
 93
1
 72
2
 10
69.22187384344915
 20
30.0625
 40
0.025
 50
0
 51
360
 73
1
 97
0
 75
1
 76
1
 98
0
  0
TEXT
  5
487
330
17
100
AcDbEntity
  8
YAZI
100
AcDbText
 10
71.26187384344915
 20
28.6975
 30
0.0
 40
0.1
  1
RE kalıcı Cu/CuSO4 referans elektrot
  7
ARIAL
 11
71.26187384344915
 21
28.6975
 31
0.0
100
AcDbText
 73
1
  0
LWPOLYLINE
  5
488
330
17
100
AcDbEntity
  8
BALON
100
AcDbPolyline
 90
3
 70
0
 10
68.77154063348124
 20
33.5335
 10
69.97154063348124
 20
34.5335
 10
71.41554063348124
 20
34.5335
  0
HATCH
  5
489
330
17
100
AcDbEntity
  8
BALON
 62
7
100
AcDbHatch
 10
0.0
 20
0.0
 30
0.0
210
0.0
220
0.0
230
1.0
  2
SOLID
 70
1
 71
0
 91
1
 92
1
 93
1
 72
2
 10
68.77154063348124
 20
33.5335
 40
0.025
 50
0
 51
360
 73
1
 97
0
 75
1
 76
1
 98
0
  0
TEXT
  5
48A
330
17
100
AcDbEntity
  8
YAZI
100
AcDbText
 10
70.01154063348125
 20
34.56849999999999
 30
0.0
 40
0.1
  1
Menhol / armatür grubu
  7
ARIAL
 11
70.01154063348125
 21
34.56849999999999
 31
0.0
100
AcDbText
 73
1
  0
TEXT
  5
48B
330
17
100
AcDbEntity
  8
YAZI
100
AcDbText
 10
70.01154063348125
 20
34.4985
 30
0.0
 40
0.1
  1
İF-1/2 izole flanşlar
  7
ARIAL
 11
70.01154063348125
 21
34.4985
 31
0.0
100
AcDbText
 73
3
  0
LWPOLYLINE
  5
48C
330
17
100
AcDbEntity
  8
BALON
100
AcDbPolyline
 90
3
 70
0
 10
68.99670723846519
 20
32.948499999999996
 10
71.1967072384652
 20
32.948499999999996
 10
73.26070723846519
 20
32.948499999999996
  0
HATCH
  5
48D
330
17
100
AcDbEntity
  8
BALON
 62
7
100
AcDbHatch
 10
0.0
 20
0.0
 30
0.0
210
0.0
220
0.0
230
1.0
  2
SOLID
 70
1
 71
0
 91
1
 92
1
 93
1
 72
2
 10
68.99670723846519
 20
32.948499999999996
 40
0.025
 50
0
 51
360
 73
1
 97
0
 75
1
 76
1
 98
0
  0
TEXT
  5
48E
330
17
100
AcDbEntity
  8
YAZI
100
AcDbText
 10
71.2367072384652
 20
32.98349999999999
 30
0.0
 40
0.1
  1
Ankraj kayışı
  7
ARIAL
 11
71.2367072384652
 21
32.98349999999999
 31
0.0
100
AcDbText
 73
1
  0
TEXT
  5
48F
330
17
100
AcDbEntity
  8
YAZI
100
AcDbText
 10
71.2367072384652
 20
32.9135
 30
0.0
 40
0.1
  1
(tank ile arası izolasyon pedli)
  7
ARIAL
 11
71.2367072384652
 21
32.9135
 31
0.0
100
AcDbText
 73
3
  0
LWPOLYLINE
  5
490
330
17
100
AcDbEntity
  8
BALON
100
AcDbPolyline
 90
3
 70
0
 10
69.84108200715501
 20
31.616
 10
71.141082007155
 20
31.116
 10
73.205082007155
 20
31.116
  0
HATCH
  5
491
330
17
100
AcDbEntity
  8
BALON
 62
7
100
AcDbHatch
 10
0.0
 20
0.0
 30
0.0
210
0.0
220
0.0
230
1.0
  2
SOLID
 70
1
 71
0
 91
1
 92
1
 93
1
 72
2
 10
69.84108200715501
 20
31.616
 40
0.025
 50
0
 51
360
 73
1
 97
0
 75
1
 76
1
 98
0
  0
TEXT
  5
492
330
17
100
AcDbEntity
  8
YAZI
100
AcDbText
 10
71.18108200715501
 20
31.151
 30
0.0
 40
0.1
  1
Beton ankraj plağı
  7
ARIAL
 11
71.18108200715501
 21
31.151
 31
0.0
100
AcDbText
 73
1
  0
TEXT
  5
493
330
17
100
AcDbEntity
  8
YAZI
100
AcDbText
 10
71.18108200715501
 20
31.081
 30
0.0
 40
0.1
  1
üzerinde 30 cm elenmiş kum yatak
  7
ARIAL
 11
71.18108200715501
 21
31.081
 31
0.0
100
AcDbText
 73
3
  0
TEXT
  5
494
330
17
100
AcDbEntity
  8
BASLIK
100
AcDbText
 10
58.6
 20
24.95
 30
0.0
 40
0.1275
  1
KESİT A-A  (Ölçek 1/25)
  7
ARIAL
 11
58.6
 21
24.95
 31
0.0
100
AcDbText
 73
1
  0
LWPOLYLINE
  5
495
330
17
100
AcDbEntity
  8
BASLIK
100
AcDbPolyline
 90
2
 70
0
 10
58.6
 20
24.9
 10
60.61815
 20
24.9
  0
LWPOLYLINE
  5
496
330
17
100
AcDbEntity
  8
YAZI
100
AcDbPolyline
 90
2
 70
0
 10
58.6
 20
24.86
 10
60.61815
 20
24.86
  0
TEXT
  5
497
330
17
100
AcDbEntity
  8
YAZI
100
AcDbText
 10
58.6
 20
24.79
 30
0.0
 40
0.1
  1
Tank sahası enine kesiti
  7
ARIAL
 11
58.6
 21
24.79
 31
0.0
100
AcDbText
 73
3
  0
LWPOLYLINE
  5
498
330
17
100
AcDbEntity
  8
KESIT-INCE
100
AcDbPolyline
 90
4
 70
1
 10
65.0
 20
15.999999999999998
 10
69.4
 20
15.999999999999998
 10
71.0
 20
21.7
 10
63.400000000000006
 20
21.7
  0
LWPOLYLINE
  5
499
330
17
100
AcDbEntity
  8
KESIT
100
AcDbPolyline
 90
2
 70
0
 10
61.2
 20
21.9
 10
73.2
 20
21.9
  0
LWPOLYLINE
  5
49A
330
17
100
AcDbEntity
  8
KESIT-INCE
100
AcDbPolyline
 90
2
 70
0
 10
61.2
 20
21.7
 10
73.2
 20
21.7
  0
HATCH
  5
49B
330
17
100
AcDbEntity
  8
KESIT-TARAMA
100
AcDbHatch
 10
0.0
 20
0.0
 30
0.0
210
0.0
220
0.0
230
1.0
  2
GRAVEL
 70
0
 71
0
 91
1
 92
3
 72
0
 73
1
 93
4
 10
61.2
 20
21.9
 10
73.2
 20
21.9
 10
73.2
 20
21.7
 10
61.2
 20
21.7
 97
0
 75
1
 76
1
 52
0.0
 41
0.015
 77
0
 78
41
 53
228.0127875
 43
0.27432
 44
0.381
 45
-3.0480000002
 46
-3.4289999998
 79
2
 49
0.051258216
 49
-5.0745725459
 53
184.969741
 43
0.24003
 44
0.3429
 45
4.5719999982
 46
0.3810000217
 79
2
 49
0.087960708
 49
-8.708107334
 53
132.5104471
 43
0.1524
 44
0.33528
 45
3.8100000016
 46
-4.1909999985
 79
2
 49
0.062022228
 49
-6.1402084191
 53
267.273689
 43
0.00381
 44
0.24003
 45
0.3810000008
 46
7.62
 79
2
 49
0.080100678
 49
-7.9299656139
 53
292.83365418
 43
0.0
 44
0.16002
 45
-1.9050000002
 46
4.5719999999
 79
2
 49
0.078545055
 49
-7.7759711618
 53
357.273689
 43
0.03048
 44
0.08763
 45
-7.62
 46
0.3810000008
 79
2
 49
0.080100678
 49
-7.9299656139
 53
37.69424047
 43
0.11049
 44
0.08382
 45
-4.9529999998
 46
-3.8100000003
 79
2
 49
0.105929049
 49
-10.4869672971
 53
72.25532837
 43
0.19431
 44
0.14859
 45
2.6670000007
 46
8.3819999998
 79
2
 49
0.100007928
 49
-9.9007884903
 53
121.42956562
 43
0.22479
 44
0.24384
 45
-3.0480000004
 46
4.9529999997
 79
2
 49
0.08037195
 49
-7.9568318548
 53
175.2363583
 43
0.18288
 44
0.31242
 45
4.1909999999
 46
-0.3810000007
 79
2
 49
0.091756992
 49
-4.4960905425
 53
222.3974378
 43
0.09144
 44
0.32004
 45
-4.5719999999
 46
-4.1910000002
 79
2
 49
0.118661688
 49
-11.7475158768
 53
138.81407483
 43
0.381
 44
0.23622
 45
-2.6669999998
 46
2.2860000002
 79
2
 49
0.040500681
 49
-4.0095848737
 53
171.4692344
 43
0.35052
 44
0.26289
 45
4.9530000001
 46
-0.7619999991
 79
2
 49
0.077052297
 49
-7.6281958496
 53
225.0
 43
0.27432
 44
0.27432
 45
-0.0
 46
-0.381
 79
2
 49
0.053881401
 49
-0.4849339663
 53
203.19859051
 43
0.24765
 44
0.32004
 45
1.9050000001
 46
0.7619999999
 79
2
 49
0.029016198
 49
-2.8725933553
 53
291.80140949
 43
0.22098
 44
0.30861
 45
-0.3810000001
 46
1.143
 79
2
 49
0.041034843
 49
-2.0107129485
 53
30.96375653
 43
0.23622
 44
0.27051
 45
1.143
 46
0.762
 79
2
 49
0.066647949
 49
-2.1549447229
 53
161.56505118
 43
0.29337
 44
0.3048
 45
0.762
 46
-0.381
 79
2
 49
0.048193071
 49
-1.1566347175
 53
16.389540334
 43
0.0
 44
0.30861
 45
3.81
 46
1.143
 79
2
 49
0.0675132
 49
-6.6838240009
 53
70.34617594
 43
0.06477
 44
0.32766
 45
-1.5240000001
 46
-4.191
 79
2
 49
0.056639841
 49
-5.6073323517
 53
293.19859051
 43
0.29337
 44
0.381
 45
-0.7619999999
 46
1.9050000001
 79
2
 49
0.058032015
 49
-2.8435775383
 53
343.61045967
 43
0.31623
 44
0.32766
 45
-3.8100000001
 46
1.1429999997
 79
2
 49
0.0675132
 49
-6.6838240009
 53
339.44395478
 43
0.0
 44
0.07239
 45
-1.905
 46
0.762
 79
2
 49
0.06510528
 49
-3.190160147
 53
294.7751406
 43
0.06096
 44
0.04953
 45
-1.9050000023
 46
4.190999999
 79
2
 49
0.054550818
 49
-5.4005390071
 53
66.80140949
 43
0.29718
 44
0.0
 45
0.7619999999
 46
1.905
 79
2
 49
0.058032015
 49
-2.8435775383
 53
17.35402464
 43
0.32004
 44
0.05334
 45
-4.9529999999
 46
-1.5240000003
 79
2
 49
0.063867411
 49
-6.322856397
 53
69.44395478
 43
0.11049
 44
0.0
 45
-0.762
 46
-1.905
 79
2
 49
0.03255264
 49
-3.222712787
 53
101.309932474
 43
0.27432
 44
0.0
 45
-0.381
 46
1.524
 79
2
 49
0.01942719
 49
-1.9232992447
 53
165.963756532
 43
0.27051
 44
0.01905
 45
1.143
 46
-0.381
 79
2
 49
0.078545055
 49
-1.4923581884
 53
186.00900596
 43
0.19431
 44
0.0381
 45
3.81
 46
0.3810000002
 79
2
 49
0.07279005
 49
-7.2062047295
 53
303.69006753
 43
0.23622
 44
0.23622
 45
-0.3810000001
 46
0.762
 79
2
 49
0.054948582
 49
-1.318766454
 53
353.15722659
 43
0.2667
 44
0.1905
 45
6.477
 46
-0.7619999997
 79
2
 49
0.095933514
 49
-9.4974013598
 53
60.9453959
 43
0.36195
 44
0.17907
 45
-1.524
 46
-2.667
 79
2
 49
0.039226236
 49
-3.8834088477
 53
90.0
 43
0.381
 44
0.21336
 45
-0.381
 46
0.381
 79
2
 49
0.02286
 49
-0.35814
 53
120.25643716
 43
0.18669
 44
0.04953
 45
1.5239999998
 46
-2.6670000001
 79
2
 49
0.052930044
 49
-5.240091116
 53
48.0127875
 43
0.16002
 44
0.09525
 45
3.0480000003
 46
3.4289999998
 79
2
 49
0.102516432
 49
-5.0233143299
 53
0.0
 43
0.2286
 44
0.17145
 45
0.381
 46
0.381
 79
2
 49
0.09906
 49
-0.28194
 53
325.3048465
 43
0.32766
 44
0.17145
 45
3.8100000014
 46
-2.6669999979
 79
2
 49
0.060241434
 49
-5.9638975086
 53
254.0546041
 43
0.37719
 44
0.13716
 45
-0.381
 46
-1.524
 79
2
 49
0.055474362
 49
-2.7182475058
 53
207.64597536
 43
0.36195
 44
0.08382
 45
-7.2390000003
 46
-3.8099999995
 79
2
 49
0.090321765
 49
-8.9418696634
 53
175.42607874
 43
0.28194
 44
0.04191
 45
-4.953
 46
0.381
 79
2
 49
0.095554419
 49
-9.4598769684
 98
0
  0
HATCH
  5
49C
330
17
100
AcDbEntity
  8
KESIT-TARAMA
100
AcDbHatch
 10
0.0
 20
0.0
 30
0.0
210
0.0
220
0.0
230
1.0
  2
EARTH
 70
0
 71
0
 91
4
 92
3
 72
0
 73
1
 93
4
 10
61.2
 20
21.7
 10
73.2
 20
21.7
 10
73.2
 20
15.299999999999999
 10
61.2
 20
15.299999999999999
 97
0
 92
3
 72
0
 73
1
 93
4
 10
65.0
 20
15.999999999999998
 10
69.4
 20
15.999999999999998
 10
71.0
 20
21.7
 10
63.400000000000006
 20
21.7
 97
0
 92
3
 72
0
 73
1
 93
4
 10
63.86
 20
18.2
 10
64.14
 20
18.2
 10
64.14
 20
19.2
 10
63.86
 20
19.2
 97
0
 92
3
 72
0
 73
1
 93
4
 10
70.26
 20
18.2
 10
70.54
 20
18.2
 10
70.54
 20
19.2
 10
70.26
 20
19.2
 97
0
 75
1
 76
1
 52
0.0
 41
0.08
 77
0
 78
6
 53
0.0
 43
0.0
 44
0.0
 45
0.508
 46
0.508
 79
2
 49
0.508
 49
-0.508
 53
0.0
 43
0.0
 44
0.1905
 45
0.508
 46
0.508
 79
2
 49
0.508
 49
-0.508
 53
0.0
 43
0.0
 44
0.381
 45
0.508
 46
0.508
 79
2
 49
0.508
 49
-0.508
 53
90.0
 43
0.0635
 44
0.4445
 45
-0.508
 46
0.508
 79
2
 49
0.508
 49
-0.508
 53
90.0
 43
0.254
 44
0.4445
 45
-0.508
 46
0.508
 79
2
 49
0.508
 49
-0.508
 53
90.0
 43
0.4445
 44
0.4445
 45
-0.508
 46
0.508
 79
2
 49
0.508
 49
-0.508
 98
0
  0
LWPOLYLINE
  5
49D
330
17
100
AcDbEntity
  8
KESIT
100
AcDbPolyline
 90
4
 70
1
 10
65.0
 20
15.999999999999998
 10
69.4
 20
15.999999999999998
 10
69.4
 20
16.5
 10
65.0
 20
16.5
  0
HATCH
  5
49E
330
17
100
AcDbEntity
  8
KESIT-TARAMA
100
AcDbHatch
 10
0.0
 20
0.0
 30
0.0
210
0.0
220
0.0
230
1.0
  2
AR-CONC
 70
0
 71
0
 91
1
 92
3
 72
0
 73
1
 93
4
 10
65.0
 20
15.999999999999998
 10
69.4
 20
15.999999999999998
 10
69.4
 20
16.5
 10
65.0
 20
16.5
 97
0
 75
1
 76
1
 52
0.0
 41
0.006
 77
0
 78
13
 53
50.0
 43
0.0
 44
0.0
 45
1.093108014
 46
-0.0956345132
 79
2
 49
0.1143
 49
-1.2573
 53
355.0
 43
0.0
 44
0.0
 45
-0.2114605285
 46
1.1463410714
 79
2
 49
0.09144
 49
-1.005843505
 53
100.4514447
 43
0.091092042
 44
-0.007969521
 45
0.8816474825
 46
1.0507065115
 79
2
 49
0.0971400528
 49
-1.0685414676
 53
46.1842
 43
0.0
 44
0.3048
 45
1.6264742454
 46
-0.2522539676
 79
2
 49
0.17145
 49
-1.88595
 53
96.63555761
 43
0.1355394
 44
0.283779
 45
1.4244248043
 46
1.4845567476
 79
2
 49
0.1457101388
 49
-1.602813649
 53
351.18415117
 43
0.0
 44
0.3048
 45
1.4244248044
 46
1.4845567475
 79
2
 49
0.1371598024
 49
-1.5087583915
 53
21.0
 43
0.1524
 44
0.2286
 45
0.9096863476
 46
-0.6135911891
 79
2
 49
0.1143
 49
-1.2573
 53
326.0
 43
0.1524
 44
0.2286
 45
0.3708121701
 46
1.1051277967
 79
2
 49
0.09144
 49
-1.00584
 53
71.451445
 43
0.2282071956
 44
0.1774674006
 45
1.2804985157
 46
0.4915366133
 79
2
 49
0.0971400528
 49
-1.0685396256
 53
37.5
 43
0.0
 44
0.0
 45
0.0185316195
 46
0.5073302332
 79
6
 49
0.0
 49
-0.993648
 49
0.0
 49
-1.02108
 49
0.0
 49
-1.00965
 53
7.5
 43
0.0
 44
0.0
 45
0.4009179751
 46
0.6010834489
 79
6
 49
0.0
 49
-0.582168
 49
0.0
 49
-0.970788
 49
0.0
 49
-0.38481
 53
-32.5
 43
-0.339852
 44
0.0
 45
0.813543571
 46
-0.034372464
 79
6
 49
0.0
 49
-0.381
 49
0.0
 49
-1.18872
 49
0.0
 49
-1.57734
 53
-42.5
 43
-0.492252
 44
0.0
 45
0.8887750883
 46
0.1525589462
 79
6
 49
0.0
 49
-0.4953
 49
0.0
 49
-0.789432
 49
0.0
 49
-1.12014
 98
0
  0
HATCH
  5
49F
330
17
100
AcDbEntity
  8
KESIT-TARAMA
100
AcDbHatch
 10
0.0
 20
0.0
 30
0.0
210
0.0
220
0.0
230
1.0
  2
AR-SAND
 70
0
 71
0
 91
2
 92
3
 72
0
 73
1
 93
4
 10
64.85964912280701
 20
16.5
 10
69.54035087719299
 20
16.5
 10
71.0
 20
21.7
 10
63.400000000000006
 20
21.7
 97
0
 92
1
 93
1
 72
2
 10
67.2
 20
18.7
 40
1.6
 50
0
 51
360
 73
1
 97
0
 75
1
 76
1
 52
0.0
 41
0.008
 77
0
 78
4
 53
37.5
 43
0.0
 44
0.0
 45
-0.0128002504
 46
0.3915305899
 79
6
 49
0.0
 49
-0.308864
 49
0.0
 49
-0.34544
 49
0.0
 49
-0.3302
 53
7.5
 43
0.0
 44
0.0
 45
0.3596186265
 46
0.5734600805
 79
6
 49
0.0
 49
-0.166624
 49
0.0
 49
-0.278384
 49
0.0
 49
-0.10668
 53
-32.5
 43
-0.249936
 44
0.0
 45
0.6327938962
 46
0.0011497477
 79
6
 49
0.0
 49
-0.1016
 49
0.0
 49
-0.36576
 49
0.0
 49
-0.47752
 53
-42.5
 43
-0.249936
 44
0.0
 45
0.610845162
 46
0.1783434586
 79
6
 49
0.0
 49
-0.0508
 49
0.0
 49
-0.239776
 49
0.0
 49
-0.27432
 98
0
  0
CIRCLE
  5
4A0
330
17
100
AcDbEntity
  8
KESIT
100
AcDbCircle
 10
67.2
 20
18.7
 30
0.0
 40
1.6
  0
CIRCLE
  5
4A1
330
17
100
AcDbEntity
  8
KESIT-INCE
100
AcDbCircle
 10
67.2
 20
18.7
 30
0.0
 40
1.58
  0
CIRCLE
  5
4A2
330
17
100
AcDbEntity
  8
KESIT-INCE
100
AcDbCircle
 10
67.2
 20
18.7
 30
0.0
 40
1.63
  0
LWPOLYLINE
  5
4A3
330
17
100
AcDbEntity
  8
EKSEN
100
AcDbPolyline
 90
2
 70
0
 10
65.2
 20
18.7
 10
69.2
 20
18.7
  0
LWPOLYLINE
  5
4A4
330
17
100
AcDbEntity
  8
EKSEN
100
AcDbPolyline
 90
2
 70
0
 10
67.2
 20
20.599999999999998
 10
67.2
 20
16.799999999999997
  0
LWPOLYLINE
  5
4A5
330
17
100
AcDbEntity
  8
KESIT-INCE
100
AcDbPolyline
 90
4
 70
0
 10
65.3
 20
16.5
 10
65.54906669685815
 20
18.873260579986145
 42
-0.9005448113406384
 10
68.85093330314186
 20
18.873260579986145
 10
69.10000000000001
 20
16.5
  0
LWPOLYLINE
  5
4A6
330
17
100
AcDbEntity
  8
KESIT
100
AcDbPolyline
 90
4
 70
1
 10
65.24000000000001
 20
16.34
 10
65.36
 20
16.34
 10
65.36
 20
16.5
 10
65.24000000000001
 20
16.5
  0
LWPOLYLINE
  5
4A7
330
17
100
AcDbEntity
  8
KESIT
100
AcDbPolyline
 90
4
 70
1
 10
69.04
 20
16.34
 10
69.16
 20
16.34
 10
69.16
 20
16.5
 10
69.04
 20
16.5
  0
LWPOLYLINE
  5
4A8
330
17
100
AcDbEntity
  8
KK-ANOT
100
AcDbPolyline
 90
4
 70
1
 10
63.86
 20
18.2
 10
64.14
 20
18.2
 10
64.14
 20
19.2
 10
63.86
 20
19.2
  0
LWPOLYLINE
  5
4A9
330
17
100
AcDbEntity
  8
KK-ANOT
100
AcDbPolyline
 90
4
 70
1
 10
63.924
 20
18.34
 10
64.07600000000001
 20
18.34
 10
64.07600000000001
 20
19.06
 10
63.924
 20
19.06
  0
HATCH
  5
4AA
330
17
100
AcDbEntity
  8
KK-ANOT
100
AcDbHatch
 10
0.0
 20
0.0
 30
0.0
210
0.0
220
0.0
230
1.0
  2
ANSI31
 70
0
 71
0
 91
1
 92
3
 72
0
 73
1
 93
4
 10
63.924
 20
18.34
 10
64.07600000000001
 20
18.34
 10
64.07600000000001
 20
19.06
 10
63.924
 20
19.06
 97
0
 75
1
 76
1
 52
0.0
 41
0.02
 77
0
 78
1
 53
45.0
 43
0.0
 44
0.0
 45
-0.0449012806
 46
0.0449012806
 79
0
 98
0
  0
LWPOLYLINE
  5
4AB
330
17
100
AcDbEntity
  8
KK-ANOT
100
AcDbPolyline
 90
4
 70
1
 10
70.26
 20
18.2
 10
70.54
 20
18.2
 10
70.54
 20
19.2
 10
70.26
 20
19.2
  0
LWPOLYLINE
  5
4AC
330
17
100
AcDbEntity
  8
KK-ANOT
100
AcDbPolyline
 90
4
 70
1
 10
70.324
 20
18.34
 10
70.476
 20
18.34
 10
70.476
 20
19.06
 10
70.324
 20
19.06
  0
HATCH
  5
4AD
330
17
100
AcDbEntity
  8
KK-ANOT
100
AcDbHatch
 10
0.0
 20
0.0
 30
0.0
210
0.0
220
0.0
230
1.0
  2
ANSI31
 70
0
 71
0
 91
1
 92
3
 72
0
 73
1
 93
4
 10
70.324
 20
18.34
 10
70.476
 20
18.34
 10
70.476
 20
19.06
 10
70.324
 20
19.06
 97
0
 75
1
 76
1
 52
0.0
 41
0.02
 77
0
 78
1
 53
45.0
 43
0.0
 44
0.0
 45
-0.0449012806
 46
0.0449012806
 79
0
 98
0
  0
LWPOLYLINE
  5
4AE
330
17
100
AcDbEntity
  8
KK-OLCUM
100
AcDbPolyline
 90
4
 70
1
 10
69.38000000000001
 20
18.5
 10
69.5
 20
18.5
 10
69.5
 20
18.9
 10
69.38000000000001
 20
18.9
  0
LWPOLYLINE
  5
4AF
330
17
100
AcDbEntity
  8
KK-OLCUM
100
AcDbPolyline
 90
4
 70
1
 10
61.940000000000005
 20
21.9
 10
62.06
 20
21.9
 10
62.06
 20
23.799999999999997
 10
61.940000000000005
 20
23.799999999999997
  0
LWPOLYLINE
  5
4B0
330
17
100
AcDbEntity
  8
KK-OLCUM
100
AcDbPolyline
 90
4
 70
1
 10
61.7
 20
23.5
 10
62.300000000000004
 20
23.5
 10
62.300000000000004
 20
24.2
 10
61.7
 20
24.2
  0
HATCH
  5
4B1
330
17
100
AcDbEntity
  8
KK-OLCUM
100
AcDbHatch
 10
0.0
 20
0.0
 30
0.0
210
0.0
220
0.0
230
1.0
  2
ANSI37
 70
0
 71
0
 91
1
 92
3
 72
0
 73
1
 93
4
 10
61.7
 20
23.5
 10
62.300000000000004
 20
23.5
 10
62.300000000000004
 20
24.2
 10
61.7
 20
24.2
 97
0
 75
1
 76
1
 52
0.0
 41
0.03
 77
0
 78
2
 53
45.0
 43
0.0
 44
0.0
 45
-0.0673519209
 46
0.0673519209
 79
0
 53
135.0
 43
0.0
 44
0.0
 45
-0.0673519209
 46
-0.0673519209
 79
0
 98
0
  0
LWPOLYLINE
  5
4B2
330
17
100
AcDbEntity
  8
KESIT-INCE
100
AcDbPolyline
 90
4
 70
1
 10
61.760000000000005
 20
20.7
 10
62.24
 20
20.7
 10
62.24
 20
21.9
 10
61.760000000000005
 20
21.9
  0
LWPOLYLINE
  5
4B3
330
17
100
AcDbEntity
  8
KK-KABLO
100
AcDbPolyline
 90
3
 70
0
 10
64.0
 20
19.2
 10
64.0
 20
20.799999999999997
 10
62.040000000000006
 20
20.799999999999997
  0
LWPOLYLINE
  5
4B4
330
17
100
AcDbEntity
  8
KK-KABLO
100
AcDbPolyline
 90
3
 70
0
 10
70.4
 20
19.2
 10
70.4
 20
20.7
 10
62.040000000000006
 20
20.7
  0
LWPOLYLINE
  5
4B5
330
17
100
AcDbEntity
  8
KK-KABLO
100
AcDbPolyline
 90
3
 70
0
 10
66.44884549954257
 20
20.112716148574282
 10
66.44884549954257
 20
20.9
 10
62.040000000000006
 20
20.9
  0
LWPOLYLINE
  5
4B6
330
17
100
AcDbEntity
  8
KK-KABLO
100
AcDbPolyline
 90
3
 70
0
 10
69.44
 20
18.9
 10
69.44
 20
20.599999999999998
 10
62.040000000000006
 20
20.599999999999998
  0
LWPOLYLINE
  5
4B7
330
17
100
AcDbEntity
  8
KK-KABLO
100
AcDbPolyline
 90
2
 70
0
 10
62.040000000000006
 20
20.599999999999998
 10
62.040000000000006
 20
23.599999999999998
  0
LWPOLYLINE
  5
4B8
330
17
100
AcDbEntity
  8
KK-KABLO
 62
2
100
AcDbPolyline
 90
2
 70
0
 10
62.400000000000006
 20
21.299999999999997
 10
71.2
 20
21.299999999999997
  0
LWPOLYLINE
  5
4B9
330
17
100
AcDbEntity
  8
KESIT-INCE
100
AcDbPolyline
 90
3
 70
1
 10
71.9
 20
21.9
 10
71.84
 20
22.0
 10
71.96000000000001
 20
22.0
  0
HATCH
  5
4BA
330
17
100
AcDbEntity
  8
KESIT-INCE
100
AcDbHatch
 10
0.0
 20
0.0
 30
0.0
210
0.0
220
0.0
230
1.0
  2
SOLID
 70
1
 71
0
 91
1
 92
3
 72
0
 73
1
 93
3
 10
71.9
 20
21.9
 10
71.84
 20
22.0
 10
71.9
 20
22.0
 97
0
 75
1
 76
1
 98
0
  0
LWPOLYLINE
  5
4BB
330
17
100
AcDbEntity
  8
KESIT-INCE
100
AcDbPolyline
 90
2
 70
0
 10
71.72
 20
21.9
 10
72.63000000000001
 20
21.9
  0
TEXT
  5
4BC
330
17
100
AcDbEntity
  8
YAZI
100
AcDbText
 10
72.0
 20
22.049999999999997
 30
0.0
 40
0.1
  1
±0.00
  7
ARIAL
 11
72.0
 21
22.049999999999997
 31
0.0
100
AcDbText
 73
1
  0
LWPOLYLINE
  5
4BD
330
17
100
AcDbEntity
  8
KESIT-INCE
100
AcDbPolyline
 90
3
 70
1
 10
71.9
 20
20.299999999999997
 10
71.84
 20
20.4
 10
71.96000000000001
 20
20.4
  0
HATCH
  5
4BE
330
17
100
AcDbEntity
  8
KESIT-INCE
100
AcDbHatch
 10
0.0
 20
0.0
 30
0.0
210
0.0
220
0.0
230
1.0
  2
SOLID
 70
1
 71
0
 91
1
 92
3
 72
0
 73
1
 93
3
 10
71.9
 20
20.299999999999997
 10
71.84
 20
20.4
 10
71.9
 20
20.4
 97
0
 75
1
 76
1
 98
0
  0
LWPOLYLINE
  5
4BF
330
17
100
AcDbEntity
  8
KESIT-INCE
100
AcDbPolyline
 90
2
 70
0
 10
71.72
 20
20.299999999999997
 10
72.63000000000001
 20
20.299999999999997
  0
TEXT
  5
4C0
330
17
100
AcDbEntity
  8
YAZI
100
AcDbText
 10
72.0
 20
20.449999999999996
 30
0.0
 40
0.1
  1
-0.80
  7
ARIAL
 11
72.0
 21
20.449999999999996
 31
0.0
100
AcDbText
 73
1
  0
LWPOLYLINE
  5
4C1
330
17
100
AcDbEntity
  8
KESIT-INCE
100
AcDbPolyline
 90
3
 70
1
 10
71.9
 20
18.7
 10
71.84
 20
18.8
 10
71.96000000000001
 20
18.8
  0
HATCH
  5
4C2
330
17
100
AcDbEntity
  8
KESIT-INCE
100
AcDbHatch
 10
0.0
 20
0.0
 30
0.0
210
0.0
220
0.0
230
1.0
  2
SOLID
 70
1
 71
0
 91
1
 92
3
 72
0
 73
1
 93
3
 10
71.9
 20
18.7
 10
71.84
 20
18.8
 10
71.9
 20
18.8
 97
0
 75
1
 76
1
 98
0
  0
LWPOLYLINE
  5
4C3
330
17
100
AcDbEntity
  8
KESIT-INCE
100
AcDbPolyline
 90
2
 70
0
 10
71.72
 20
18.7
 10
72.63000000000001
 20
18.7
  0
TEXT
  5
4C4
330
17
100
AcDbEntity
  8
YAZI
100
AcDbText
 10
72.0
 20
18.849999999999998
 30
0.0
 40
0.1
  1
-1.60
  7
ARIAL
 11
72.0
 21
18.849999999999998
 31
0.0
100
AcDbText
 73
1
  0
LWPOLYLINE
  5
4C5
330
17
100
AcDbEntity
  8
KESIT-INCE
100
AcDbPolyline
 90
3
 70
1
 10
71.9
 20
17.099999999999998
 10
71.84
 20
17.2
 10
71.96000000000001
 20
17.2
  0
HATCH
  5
4C6
330
17
100
AcDbEntity
  8
KESIT-INCE
100
AcDbHatch
 10
0.0
 20
0.0
 30
0.0
210
0.0
220
0.0
230
1.0
  2
SOLID
 70
1
 71
0
 91
1
 92
3
 72
0
 73
1
 93
3
 10
71.9
 20
17.099999999999998
 10
71.84
 20
17.2
 10
71.9
 20
17.2
 97
0
 75
1
 76
1
 98
0
  0
LWPOLYLINE
  5
4C7
330
17
100
AcDbEntity
  8
KESIT-INCE
100
AcDbPolyline
 90
2
 70
0
 10
71.72
 20
17.099999999999998
 10
72.63000000000001
 20
17.099999999999998
  0
TEXT
  5
4C8
330
17
100
AcDbEntity
  8
YAZI
100
AcDbText
 10
72.0
 20
17.249999999999996
 30
0.0
 40
0.1
  1
-2.40
  7
ARIAL
 11
72.0
 21
17.249999999999996
 31
0.0
100
AcDbText
 73
1
  0
LWPOLYLINE
  5
4C9
330
17
100
AcDbEntity
  8
KESIT-INCE
100
AcDbPolyline
 90
3
 70
1
 10
71.9
 20
16.5
 10
71.84
 20
16.6
 10
71.96000000000001
 20
16.6
  0
HATCH
  5
4CA
330
17
100
AcDbEntity
  8
KESIT-INCE
100
AcDbHatch
 10
0.0
 20
0.0
 30
0.0
210
0.0
220
0.0
230
1.0
  2
SOLID
 70
1
 71
0
 91
1
 92
3
 72
0
 73
1
 93
3
 10
71.9
 20
16.5
 10
71.84
 20
16.6
 10
71.9
 20
16.6
 97
0
 75
1
 76
1
 98
0
  0
LWPOLYLINE
  5
4CB
330
17
100
AcDbEntity
  8
KESIT-INCE
100
AcDbPolyline
 90
2
 70
0
 10
71.72
 20
16.5
 10
72.63000000000001
 20
16.5
  0
TEXT
  5
4CC
330
17
100
AcDbEntity
  8
YAZI
100
AcDbText
 10
72.0
 20
16.65
 30
0.0
 40
0.1
  1
-2.70
  7
ARIAL
 11
72.0
 21
16.65
 31
0.0
100
AcDbText
 73
1
  0
LWPOLYLINE
  5
4CD
330
17
100
AcDbEntity
  8
KESIT-INCE
100
AcDbPolyline
 90
3
 70
1
 10
71.9
 20
15.999999999999998
 10
71.84
 20
16.099999999999998
 10
71.96000000000001
 20
16.099999999999998
  0
HATCH
  5
4CE
330
17
100
AcDbEntity
  8
KESIT-INCE
100
AcDbHatch
 10
0.0
 20
0.0
 30
0.0
210
0.0
220
0.0
230
1.0
  2
SOLID
 70
1
 71
0
 91
1
 92
3
 72
0
 73
1
 93
3
 10
71.9
 20
15.999999999999998
 10
71.84
 20
16.099999999999998
 10
71.9
 20
16.099999999999998
 97
0
 75
1
 76
1
 98
0
  0
LWPOLYLINE
  5
4CF
330
17
100
AcDbEntity
  8
KESIT-INCE
100
AcDbPolyline
 90
2
 70
0
 10
71.72
 20
15.999999999999998
 10
72.63000000000001
 20
15.999999999999998
  0
TEXT
  5
4D0
330
17
100
AcDbEntity
  8
YAZI
100
AcDbText
 10
72.0
 20
16.15
 30
0.0
 40
0.1
  1
-2.95
  7
ARIAL
 11
72.0
 21
16.15
 31
0.0
100
AcDbText
 73
1
  0
DIMENSION
  5
4D1
330
17
100
AcDbEntity
  8
OLCU
100
AcDbDimension
280
0
  2
*D7
  3
KK25
 10
67.90010000000001
 20
21.9
 30
0.0
 11
67.98010000000001
 21
21.099999999999998
 31
0.0
 70
32
 71
5
  1
<>
100
AcDbAlignedDimension
 13
67.9
 23
21.9
 33
0.0
 14
67.9
 24
20.299999999999997
 34
0.0
 50
-90.0
100
AcDbRotatedDimension
  0
DIMENSION
  5
4E0
330
17
100
AcDbEntity
  8
OLCU
100
AcDbDimension
280
0
  2
*D8
  3
KK25
 10
66.5001
 20
20.299999999999997
 30
0.0
 11
66.5801
 21
18.699999999999996
 31
0.0
 70
32
 71
5
  1
<>
100
AcDbAlignedDimension
 13
66.5
 23
20.299999999999997
 33
0.0
 14
66.5
 24
17.099999999999998
 34
0.0
 50
-90.0
100
AcDbRotatedDimension
  0
DIMENSION
  5
4EF
330
17
100
AcDbEntity
  8
OLCU
100
AcDbDimension
280
0
  2
*D9
  3
KK25
 10
66.95
 20
17.099999999999998
 30
0.0
 11
67.03
 21
16.799999999999997
 31
0.0
 70
32
 71
5
  1
<>
100
AcDbAlignedDimension
 13
67.2
 23
17.099999999999998
 33
0.0
 14
67.2
 24
16.5
 34
0.0
 50
-90.0
100
AcDbRotatedDimension
  0
DIMENSION
  5
4FE
330
17
100
AcDbEntity
  8
OLCU
100
AcDbDimension
280
0
  2
*D10
  3
KK25
 10
68.8
 20
17.599999999999998
 30
0.0
 11
69.6
 21
17.679999999999996
 31
0.0
 70
32
 71
5
  1
<>
100
AcDbAlignedDimension
 13
68.8
 23
18.7
 33
0.0
 14
70.4
 24
18.7
 34
0.0
 50
0.0
100
AcDbRotatedDimension
  0
DIMENSION
  5
50D
330
17
100
AcDbEntity
  8
OLCU
100
AcDbDimension
280
0
  2
*D11
  3
KK25
 10
70.19000000000001
 20
19.2
 30
0.0
 11
70.27000000000001
 21
18.7
 31
0.0
 70
32
 71
5
  1
<>
100
AcDbAlignedDimension
 13
70.54
 23
19.2
 33
0.0
 14
70.54
 24
18.2
 34
0.0
 50
-90.0
100
AcDbRotatedDimension
  0
DIMENSION
  5
51C
330
17
100
AcDbEntity
  8
OLCU
100
AcDbDimension
280
0
  2
*D12
  3
KK25
 10
62.55
 20
21.9
 30
0.0
 11
62.629999999999995
 21
21.349999999999998
 31
0.0
 70
32
 71
5
  1
<>
100
AcDbAlignedDimension
 13
62.0
 23
21.9
 33
0.0
 14
62.0
 24
20.799999999999997
 34
0.0
 50
-90.0
100
AcDbRotatedDimension
  0
LWPOLYLINE
  5
52B
330
17
100
AcDbEntity
  8
BALON
100
AcDbPolyline
 90
3
 70
0
 10
62.0
 20
23.9
 10
60.900000000000006
 20
23.9
 10
58.96000000000001
 20
23.9
  0
HATCH
  5
52C
330
17
100
AcDbEntity
  8
BALON
 62
7
100
AcDbHatch
 10
0.0
 20
0.0
 30
0.0
210
0.0
220
0.0
230
1.0
  2
SOLID
 70
1
 71
0
 91
1
 92
1
 93
1
 72
2
 10
62.0
 20
23.9
 40
0.025
 50
0
 51
360
 73
1
 97
0
 75
1
 76
1
 98
0
  0
TEXT
  5
52D
330
17
100
AcDbEntity
  8
YAZI
100
AcDbText
 10
60.86000000000001
 20
23.935
 30
0.0
 40
0.1
  1
ÖK-1 ölçüm kutusu (direk üstü)
  7
ARIAL
 72
2
 11
60.86000000000001
 21
23.935
 31
0.0
100
AcDbText
 73
1
  0
LWPOLYLINE
  5
52E
330
17
100
AcDbEntity
  8
BALON
100
AcDbPolyline
 90
3
 70
0
 10
61.400000000000006
 20
21.799999999999997
 10
60.900000000000006
 20
22.599999999999998
 10
59.642
 20
22.599999999999998
  0
HATCH
  5
52F
330
17
100
AcDbEntity
  8
BALON
 62
7
100
AcDbHatch
 10
0.0
 20
0.0
 30
0.0
210
0.0
220
0.0
230
1.0
  2
SOLID
 70
1
 71
0
 91
1
 92
1
 93
1
 72
2
 10
61.400000000000006
 20
21.799999999999997
 40
0.025
 50
0
 51
360
 73
1
 97
0
 75
1
 76
1
 98
0
  0
TEXT
  5
530
330
17
100
AcDbEntity
  8
YAZI
100
AcDbText
 10
60.86000000000001
 20
22.634999999999998
 30
0.0
 40
0.1
  1
Çakıl kaplama 10 cm
  7
ARIAL
 72
2
 11
60.86000000000001
 21
22.634999999999998
 31
0.0
100
AcDbText
 73
1
  0
LWPOLYLINE
  5
531
330
17
100
AcDbEntity
  8
BALON
100
AcDbPolyline
 90
3
 70
0
 10
62.800000000000004
 20
21.299999999999997
 10
60.900000000000006
 20
21.299999999999997
 10
59.27
 20
21.299999999999997
  0
HATCH
  5
532
330
17
100
AcDbEntity
  8
BALON
 62
7
100
AcDbHatch
 10
0.0
 20
0.0
 30
0.0
210
0.0
220
0.0
230
1.0
  2
SOLID
 70
1
 71
0
 91
1
 92
1
 93
1
 72
2
 10
62.800000000000004
 20
21.299999999999997
 40
0.025
 50
0
 51
360
 73
1
 97
0
 75
1
 76
1
 98
0
  0
TEXT
  5
533
330
17
100
AcDbEntity
  8
YAZI
100
AcDbText
 10
60.86000000000001
 20
21.334999999999997
 30
0.0
 40
0.1
  1
Kablo ikaz bandı (-30 cm)
  7
ARIAL
 72
2
 11
60.86000000000001
 21
21.334999999999997
 31
0.0
100
AcDbText
 73
1
  0
LWPOLYLINE
  5
534
330
17
100
AcDbEntity
  8
BALON
100
AcDbPolyline
 90
3
 70
0
 10
64.0
 20
18.7
 10
60.900000000000006
 20
18.7
 10
59.27
 20
18.7
  0
HATCH
  5
535
330
17
100
AcDbEntity
  8
BALON
 62
7
100
AcDbHatch
 10
0.0
 20
0.0
 30
0.0
210
0.0
220
0.0
230
1.0
  2
SOLID
 70
1
 71
0
 91
1
 92
1
 93
1
 72
2
 10
64.0
 20
18.7
 40
0.025
 50
0
 51
360
 73
1
 97
0
 75
1
 76
1
 98
0
  0
TEXT
  5
536
330
17
100
AcDbEntity
  8
YAZI
100
AcDbText
 10
60.86000000000001
 20
18.735
 30
0.0
 40
0.1
  1
MA-1  Mg anot 10 Lb
  7
ARIAL
 72
2
 11
60.86000000000001
 21
18.735
 31
0.0
100
AcDbText
 73
1
  0
TEXT
  5
537
330
17
100
AcDbEntity
  8
YAZI
100
AcDbText
 10
60.86000000000001
 20
18.665
 30
0.0
 40
0.1
  1
doğal zemine, ıslatılarak
  7
ARIAL
 72
2
 11
60.86000000000001
 21
18.665
 31
0.0
100
AcDbText
 73
3
  0
LWPOLYLINE
  5
538
330
17
100
AcDbEntity
  8
BALON
100
AcDbPolyline
 90
3
 70
0
 10
65.928
 20
17.631999999999998
 10
60.900000000000006
 20
17.299999999999997
 10
58.96000000000001
 20
17.299999999999997
  0
HATCH
  5
539
330
17
100
AcDbEntity
  8
BALON
 62
7
100
AcDbHatch
 10
0.0
 20
0.0
 30
0.0
210
0.0
220
0.0
230
1.0
  2
SOLID
 70
1
 71
0
 91
1
 92
1
 93
1
 72
2
 10
65.928
 20
17.631999999999998
 40
0.025
 50
0
 51
360
 73
1
 97
0
 75
1
 76
1
 98
0
  0
TEXT
  5
53A
330
17
100
AcDbEntity
  8
YAZI
100
AcDbText
 10
60.86000000000001
 20
17.334999999999997
 30
0.0
 40
0.1
  1
Ankraj kayışı + izolasyon pedi
  7
ARIAL
 72
2
 11
60.86000000000001
 21
17.334999999999997
 31
0.0
100
AcDbText
 73
1
  0
LWPOLYLINE
  5
53B
330
17
100
AcDbEntity
  8
BALON
100
AcDbPolyline
 90
3
 70
0
 10
66.0
 20
16.2
 10
60.900000000000006
 20
16.2
 10
59.70400000000001
 20
16.2
  0
HATCH
  5
53C
330
17
100
AcDbEntity
  8
BALON
 62
7
100
AcDbHatch
 10
0.0
 20
0.0
 30
0.0
210
0.0
220
0.0
230
1.0
  2
SOLID
 70
1
 71
0
 91
1
 92
1
 93
1
 72
2
 10
66.0
 20
16.2
 40
0.025
 50
0
 51
360
 73
1
 97
0
 75
1
 76
1
 98
0
  0
TEXT
  5
53D
330
17
100
AcDbEntity
  8
YAZI
100
AcDbText
 10
60.86000000000001
 20
16.235
 30
0.0
 40
0.1
  1
Beton ankraj plağı
  7
ARIAL
 72
2
 11
60.86000000000001
 21
16.235
 31
0.0
100
AcDbText
 73
1
  0
LWPOLYLINE
  5
53E
330
17
100
AcDbEntity
  8
BALON
100
AcDbPolyline
 90
3
 70
0
 10
69.44
 20
18.7
 10
73.5
 20
19.9
 10
75.44
 20
19.9
  0
HATCH
  5
53F
330
17
100
AcDbEntity
  8
BALON
 62
7
100
AcDbHatch
 10
0.0
 20
0.0
 30
0.0
210
0.0
220
0.0
230
1.0
  2
SOLID
 70
1
 71
0
 91
1
 92
1
 93
1
 72
2
 10
69.44
 20
18.7
 40
0.025
 50
0
 51
360
 73
1
 97
0
 75
1
 76
1
 98
0
  0
TEXT
  5
540
330
17
100
AcDbEntity
  8
YAZI
100
AcDbText
 10
73.54
 20
19.935
 30
0.0
 40
0.1
  1
RE  Cu/CuSO4 referans elektrot
  7
ARIAL
 11
73.54
 21
19.935
 31
0.0
100
AcDbText
 73
1
  0
LWPOLYLINE
  5
541
330
17
100
AcDbEntity
  8
BALON
100
AcDbPolyline
 90
3
 70
0
 10
70.4
 20
18.7
 10
73.5
 20
19.299999999999997
 10
74.758
 20
19.299999999999997
  0
HATCH
  5
542
330
17
100
AcDbEntity
  8
BALON
 62
7
100
AcDbHatch
 10
0.0
 20
0.0
 30
0.0
210
0.0
220
0.0
230
1.0
  2
SOLID
 70
1
 71
0
 91
1
 92
1
 93
1
 72
2
 10
70.4
 20
18.7
 40
0.025
 50
0
 51
360
 73
1
 97
0
 75
1
 76
1
 98
0
  0
TEXT
  5
543
330
17
100
AcDbEntity
  8
YAZI
100
AcDbText
 10
73.54
 20
19.334999999999997
 30
0.0
 40
0.1
  1
MA-2  Mg anot 10 Lb
  7
ARIAL
 11
73.54
 21
19.334999999999997
 31
0.0
100
AcDbText
 73
1
  0
LWPOLYLINE
  5
544
330
17
100
AcDbEntity
  8
BALON
100
AcDbPolyline
 90
3
 70
0
 10
67.8
 20
16.799999999999997
 10
73.5
 20
16.799999999999997
 10
75.13
 20
16.799999999999997
  0
HATCH
  5
545
330
17
100
AcDbEntity
  8
BALON
 62
7
100
AcDbHatch
 10
0.0
 20
0.0
 30
0.0
210
0.0
220
0.0
230
1.0
  2
SOLID
 70
1
 71
0
 91
1
 92
1
 93
1
 72
2
 10
67.8
 20
16.799999999999997
 40
0.025
 50
0
 51
360
 73
1
 97
0
 75
1
 76
1
 98
0
  0
TEXT
  5
546
330
17
100
AcDbEntity
  8
YAZI
100
AcDbText
 10
73.54
 20
16.834999999999997
 30
0.0
 40
0.1
  1
Elenmiş kum yatak / dolgu
  7
ARIAL
 11
73.54
 21
16.834999999999997
 31
0.0
100
AcDbText
 73
1
  0
LWPOLYLINE
  5
547
330
17
100
AcDbEntity
  8
BALON
100
AcDbPolyline
 90
3
 70
0
 10
67.9
 20
19.4
 10
69.7
 20
24.0
 10
71.33
 20
24.0
  0
HATCH
  5
548
330
17
100
AcDbEntity
  8
BALON
 62
7
100
AcDbHatch
 10
0.0
 20
0.0
 30
0.0
210
0.0
220
0.0
230
1.0
  2
SOLID
 70
1
 71
0
 91
1
 92
1
 93
1
 72
2
 10
67.9
 20
19.4
 40
0.025
 50
0
 51
360
 73
1
 97
0
 75
1
 76
1
 98
0
  0
TEXT
  5
549
330
17
100
AcDbEntity
  8
YAZI
100
AcDbText
 10
69.74000000000001
 20
24.035
 30
0.0
 40
0.1
  1
LPG TANKI Ø160 cm (10 m³)
  7
ARIAL
 11
69.74000000000001
 21
24.035
 31
0.0
100
AcDbText
 73
1
  0
TEXT
  5
54A
330
17
100
AcDbEntity
  8
YAZI
100
AcDbText
 10
69.74000000000001
 20
23.965
 30
0.0
 40
0.1
  1
fabrika kaplamalı
  7
ARIAL
 11
69.74000000000001
 21
23.965
 31
0.0
100
AcDbText
 73
3
  0
LWPOLYLINE
  5
54B
330
17
100
AcDbEntity
  8
BALON
100
AcDbPolyline
 90
3
 70
0
 10
66.44884549954257
 20
20.112716148574282
 10
69.0
 20
23.0
 10
71.002
 20
23.0
  0
HATCH
  5
54C
330
17
100
AcDbEntity
  8
BALON
 62
7
100
AcDbHatch
 10
0.0
 20
0.0
 30
0.0
210
0.0
220
0.0
230
1.0
  2
SOLID
 70
1
 71
0
 91
1
 92
1
 93
1
 72
2
 10
66.44884549954257
 20
20.112716148574282
 40
0.025
 50
0
 51
360
 73
1
 97
0
 75
1
 76
1
 98
0
  0
TEXT
  5
54D
330
17
100
AcDbEntity
  8
YAZI
100
AcDbText
 10
69.04
 20
23.035
 30
0.0
 40
0.1
  1
Termit kaynak bağlantısı (tank)
  7
ARIAL
 11
69.04
 21
23.035
 31
0.0
100
AcDbText
 73
1
  0
TEXT
  5
54E
330
17
100
AcDbEntity
  8
BASLIK
100
AcDbText
 10
58.6
 20
11.55
 30
0.0
 40
0.1275
  1
DETAY-1: HAZIR DOLGULU Mg ANOT  (Ölçek 1/5)
  7
ARIAL
 11
58.6
 21
11.55
 31
0.0
100
AcDbText
 73
1
  0
LWPOLYLINE
  5
54F
330
17
100
AcDbEntity
  8
BASLIK
100
AcDbPolyline
 90
2
 70
0
 10
58.6
 20
11.5
 10
62.19915
 20
11.5
  0
LWPOLYLINE
  5
550
330
17
100
AcDbEntity
  8
YAZI
100
AcDbPolyline
 90
2
 70
0
 10
58.6
 20
11.46
 10
62.19915
 20
11.46
  0
TEXT
  5
551
330
17
100
AcDbEntity
  8
YAZI
100
AcDbText
 10
58.6
 20
11.39
 30
0.0
 40
0.1
  1
Ölçüler mm'dir.
  7
ARIAL
 11
58.6
 21
11.39
 31
0.0
100
AcDbText
 73
3
  0
LWPOLYLINE
  5
552
330
17
100
AcDbEntity
  8
DETAY
100
AcDbPolyline
 90
6
 70
1
 10
60.599999999999994
 20
1.2
 10
62.0
 20
1.2
 10
62.0
 20
6.2
 10
61.51
 20
6.4
 10
61.089999999999996
 20
6.4
 10
60.599999999999994
 20
6.2
  0
HATCH
  5
553
330
17
100
AcDbEntity
  8
DETAY-TARAMA
100
AcDbHatch
 10
0.0
 20
0.0
 30
0.0
210
0.0
220
0.0
230
1.0
  2
DOTS
 70
0
 71
0
 91
2
 92
3
 72
0
 73
1
 93
6
 10
60.599999999999994
 20
1.2
 10
62.0
 20
1.2
 10
62.0
 20
6.2
 10
61.51
 20
6.4
 10
61.089999999999996
 20
6.4
 10
60.599999999999994
 20
6.2
 97
0
 92
3
 72
0
 73
1
 93
4
 10
60.919999999999995
 20
1.9200000000000002
 10
61.68
 20
1.9200000000000002
 10
61.68
 20
5.4799999999999995
 10
60.919999999999995
 20
5.4799999999999995
 97
0
 75
1
 76
1
 52
0.0
 41
0.03
 77
0
 78
1
 53
0.0
 43
0.0
 44
0.0
 45
0.0238125
 46
0.047625
 79
2
 49
0.0
 49
-0.047625
 98
0
  0
LWPOLYLINE
  5
554
330
17
100
AcDbEntity
  8
KK-ANOT
100
AcDbPolyline
 90
4
 70
1
 10
60.919999999999995
 20
1.9200000000000002
 10
61.68
 20
1.9200000000000002
 10
61.68
 20
5.4799999999999995
 10
60.919999999999995
 20
5.4799999999999995
  0
HATCH
  5
555
330
17
100
AcDbEntity
  8
KK-ANOT
100
AcDbHatch
 10
0.0
 20
0.0
 30
0.0
210
0.0
220
0.0
230
1.0
  2
ANSI31
 70
0
 71
0
 91
1
 92
3
 72
0
 73
1
 93
4
 10
60.919999999999995
 20
1.9200000000000002
 10
61.68
 20
1.9200000000000002
 10
61.68
 20
5.4799999999999995
 10
60.919999999999995
 20
5.4799999999999995
 97
0
 75
1
 76
1
 52
0.0
 41
0.04
 77
0
 78
1
 53
45.0
 43
0.0
 44
0.0
 45
-0.0898025612
 46
0.0898025612
 79
0
 98
0
  0
LWPOLYLINE
  5
556
330
17
100
AcDbEntity
  8
DETAY
100
AcDbPolyline
 90
2
 70
0
 10
61.3
 20
1.7700000000000002
 10
61.3
 20
5.63
  0
LWPOLYLINE
  5
557
330
17
100
AcDbEntity
  8
DETAY
100
AcDbPolyline
 90
2
 70
0
 10
61.18
 20
6.4
 10
61.419999999999995
 20
6.4
  0
LWPOLYLINE
  5
558
330
17
100
AcDbEntity
  8
KK-KABLO
100
AcDbPolyline
 90
4
 70
0
 10
61.3
 20
5.63
 10
61.3
 20
7.0
 10
61.699999999999996
 20
7.4
 10
62.3
 20
7.4
  0
DIMENSION
  5
559
330
17
100
AcDbEntity
  8
OLCU
100
AcDbDimension
280
0
  2
*D13
  3
KK5
 10
60.14999999999999
 20
1.2
 30
0.0
 11
60.06999999999999
 21
3.7
 31
0.0
 70
32
 71
5
  1
<>
100
AcDbAlignedDimension
 13
60.599999999999994
 23
1.2
 33
0.0
 14
60.599999999999994
 24
6.2
 34
0.0
 50
90.0
100
AcDbRotatedDimension
  0
DIMENSION
  5
568
330
17
100
AcDbEntity
  8
OLCU
100
AcDbDimension
280
0
  2
*D14
  3
KK5
 10
60.599999999999994
 20
0.7999999999999999
 30
0.0
 11
61.3
 21
0.8799999999999999
 31
0.0
 70
32
 71
5
  1
<>
100
AcDbAlignedDimension
 13
60.599999999999994
 23
1.2
 33
0.0
 14
62.0
 24
1.2
 34
0.0
 50
0.0
100
AcDbRotatedDimension
  0
DIMENSION
  5
577
330
17
100
AcDbEntity
  8
OLCU
100
AcDbDimension
280
0
  2
*D15
  3
KK5
 10
62.35
 20
1.9200000000000002
 30
0.0
 11
62.27
 21
3.7
 31
0.0
 70
32
 71
5
  1
<>
100
AcDbAlignedDimension
 13
61.68
 23
1.9200000000000002
 33
0.0
 14
61.68
 24
5.4799999999999995
 34
0.0
 50
90.0
100
AcDbRotatedDimension
  0
TEXT
  5
586
330
17
100
AcDbEntity
  8
YAZI
100
AcDbText
 10
61.3
 20
0.44999999999999996
 30
0.0
 40
0.1275
  1
Mg ANOT 10 Lb (MA-1, MA-2)
  7
ARIAL
 72
1
 11
61.3
 21
0.44999999999999996
 31
0.0
100
AcDbText
 73
3
  0
LWPOLYLINE
  5
587
330
17
100
AcDbEntity
  8
DETAY
100
AcDbPolyline
 90
6
 70
1
 10
64.9
 20
1.2
 10
65.9
 20
1.2
 10
65.9
 20
4.7
 10
65.55000000000001
 20
4.9
 10
65.25
 20
4.9
 10
64.9
 20
4.7
  0
HATCH
  5
588
330
17
100
AcDbEntity
  8
DETAY-TARAMA
100
AcDbHatch
 10
0.0
 20
0.0
 30
0.0
210
0.0
220
0.0
230
1.0
  2
DOTS
 70
0
 71
0
 91
2
 92
3
 72
0
 73
1
 93
6
 10
64.9
 20
1.2
 10
65.9
 20
1.2
 10
65.9
 20
4.7
 10
65.55000000000001
 20
4.9
 10
65.25
 20
4.9
 10
64.9
 20
4.7
 97
0
 92
3
 72
0
 73
1
 93
4
 10
65.14500000000001
 20
1.805
 10
65.655
 20
1.805
 10
65.655
 20
4.095
 10
65.14500000000001
 20
4.095
 97
0
 75
1
 76
1
 52
0.0
 41
0.03
 77
0
 78
1
 53
0.0
 43
0.0
 44
0.0
 45
0.0238125
 46
0.047625
 79
2
 49
0.0
 49
-0.047625
 98
0
  0
LWPOLYLINE
  5
589
330
17
100
AcDbEntity
  8
KK-ANOT
100
AcDbPolyline
 90
4
 70
1
 10
65.14500000000001
 20
1.805
 10
65.655
 20
1.805
 10
65.655
 20
4.095
 10
65.14500000000001
 20
4.095
  0
HATCH
  5
58A
330
17
100
AcDbEntity
  8
KK-ANOT
100
AcDbHatch
 10
0.0
 20
0.0
 30
0.0
210
0.0
220
0.0
230
1.0
  2
ANSI31
 70
0
 71
0
 91
1
 92
3
 72
0
 73
1
 93
4
 10
65.14500000000001
 20
1.805
 10
65.655
 20
1.805
 10
65.655
 20
4.095
 10
65.14500000000001
 20
4.095
 97
0
 75
1
 76
1
 52
0.0
 41
0.04
 77
0
 78
1
 53
45.0
 43
0.0
 44
0.0
 45
-0.0898025612
 46
0.0898025612
 79
0
 98
0
  0
LWPOLYLINE
  5
58B
330
17
100
AcDbEntity
  8
DETAY
100
AcDbPolyline
 90
2
 70
0
 10
65.4
 20
1.655
 10
65.4
 20
4.245
  0
LWPOLYLINE
  5
58C
330
17
100
AcDbEntity
  8
DETAY
100
AcDbPolyline
 90
2
 70
0
 10
65.28
 20
4.9
 10
65.52000000000001
 20
4.9
  0
LWPOLYLINE
  5
58D
330
17
100
AcDbEntity
  8
KK-KABLO
100
AcDbPolyline
 90
4
 70
0
 10
65.4
 20
4.245
 10
65.4
 20
5.5
 10
65.80000000000001
 20
5.9
 10
66.4
 20
5.9
  0
DIMENSION
  5
58E
330
17
100
AcDbEntity
  8
OLCU
100
AcDbDimension
280
0
  2
*D16
  3
KK5
 10
64.45
 20
1.2
 30
0.0
 11
64.37
 21
2.95
 31
0.0
 70
32
 71
5
  1
<>
100
AcDbAlignedDimension
 13
64.9
 23
1.2
 33
0.0
 14
64.9
 24
4.7
 34
0.0
 50
90.0
100
AcDbRotatedDimension
  0
DIMENSION
  5
59D
330
17
100
AcDbEntity
  8
OLCU
100
AcDbDimension
280
0
  2
*D17
  3
KK5
 10
64.9
 20
0.7999999999999999
 30
0.0
 11
65.4
 21
0.8799999999999999
 31
0.0
 70
32
 71
5
  1
<>
100
AcDbAlignedDimension
 13
64.9
 23
1.2
 33
0.0
 14
65.9
 24
1.2
 34
0.0
 50
0.0
100
AcDbRotatedDimension
  0
DIMENSION
  5
5AC
330
17
100
AcDbEntity
  8
OLCU
100
AcDbDimension
280
0
  2
*D18
  3
KK5
 10
66.25
 20
1.805
 30
0.0
 11
66.17
 21
2.95
 31
0.0
 70
32
 71
5
  1
<>
100
AcDbAlignedDimension
 13
65.655
 23
1.805
 33
0.0
 14
65.655
 24
4.095
 34
0.0
 50
90.0
100
AcDbRotatedDimension
  0
TEXT
  5
5BB
330
17
100
AcDbEntity
  8
YAZI
100
AcDbText
 10
65.4
 20
0.44999999999999996
 30
0.0
 40
0.1275
  1
Mg ANOT 3,5 Lb (MA-3, MA-4)
  7
ARIAL
 72
1
 11
65.4
 21
0.44999999999999996
 31
0.0
100
AcDbText
 73
3
  0
LWPOLYLINE
  5
5BC
330
17
100
AcDbEntity
  8
BALON
100
AcDbPolyline
 90
3
 70
0
 10
66.4
 20
5.9
 10
67.6
 20
7.0
 10
69.22999999999999
 20
7.0
  0
HATCH
  5
5BD
330
17
100
AcDbEntity
  8
BALON
 62
7
100
AcDbHatch
 10
0.0
 20
0.0
 30
0.0
210
0.0
220
0.0
230
1.0
  2
SOLID
 70
1
 71
0
 91
1
 92
1
 93
1
 72
2
 10
66.4
 20
5.9
 40
0.025
 50
0
 51
360
 73
1
 97
0
 75
1
 76
1
 98
0
  0
TEXT
  5
5BE
330
17
100
AcDbEntity
  8
YAZI
100
AcDbText
 10
67.64
 20
7.035
 30
0.0
 40
0.1
  1
NYY 1x6 mm² anot kablosu,
  7
ARIAL
 11
67.64
 21
7.035
 31
0.0
100
AcDbText
 73
1
  0
TEXT
  5
5BF
330
17
100
AcDbEntity
  8
YAZI
100
AcDbText
 10
67.64
 20
6.965
 30
0.0
 40
0.1
  1
fabrika çıkışlı min. 3 m
  7
ARIAL
 11
67.64
 21
6.965
 31
0.0
100
AcDbText
 73
3
  0
LWPOLYLINE
  5
5C0
330
17
100
AcDbEntity
  8
BALON
100
AcDbPolyline
 90
3
 70
0
 10
65.52000000000001
 20
4.9
 10
67.6
 20
6.08
 10
68.3
 20
6.08
  0
HATCH
  5
5C1
330
17
100
AcDbEntity
  8
BALON
 62
7
100
AcDbHatch
 10
0.0
 20
0.0
 30
0.0
210
0.0
220
0.0
230
1.0
  2
SOLID
 70
1
 71
0
 91
1
 92
1
 93
1
 72
2
 10
65.52000000000001
 20
4.9
 40
0.025
 50
0
 51
360
 73
1
 97
0
 75
1
 76
1
 98
0
  0
TEXT
  5
5C2
330
17
100
AcDbEntity
  8
YAZI
100
AcDbText
 10
67.64
 20
6.115
 30
0.0
 40
0.1
  1
Torba bağı
  7
ARIAL
 11
67.64
 21
6.115
 31
0.0
100
AcDbText
 73
1
  0
LWPOLYLINE
  5
5C3
330
17
100
AcDbEntity
  8
BALON
100
AcDbPolyline
 90
3
 70
0
 10
65.4
 20
4.175
 10
67.6
 20
5.16
 10
69.53999999999999
 20
5.16
  0
HATCH
  5
5C4
330
17
100
AcDbEntity
  8
BALON
 62
7
100
AcDbHatch
 10
0.0
 20
0.0
 30
0.0
210
0.0
220
0.0
230
1.0
  2
SOLID
 70
1
 71
0
 91
1
 92
1
 93
1
 72
2
 10
65.4
 20
4.175
 40
0.025
 50
0
 51
360
 73
1
 97
0
 75
1
 76
1
 98
0
  0
TEXT
  5
5C5
330
17
100
AcDbEntity
  8
YAZI
100
AcDbText
 10
67.64
 20
5.195
 30
0.0
 40
0.1
  1
Kablo-çekirdek bağlantısı
  7
ARIAL
 11
67.64
 21
5.195
 31
0.0
100
AcDbText
 73
1
  0
TEXT
  5
5C6
330
17
100
AcDbEntity
  8
YAZI
100
AcDbText
 10
67.64
 20
5.125
 30
0.0
 40
0.1
  1
gümüş lehim + epoksi izolasyon
  7
ARIAL
 11
67.64
 21
5.125
 31
0.0
100
AcDbText
 73
3
  0
LWPOLYLINE
  5
5C7
330
17
100
AcDbEntity
  8
BALON
100
AcDbPolyline
 90
3
 70
0
 10
65.78
 20
4.3
 10
67.6
 20
4.24
 10
69.91199999999999
 20
4.24
  0
HATCH
  5
5C8
330
17
100
AcDbEntity
  8
BALON
 62
7
100
AcDbHatch
 10
0.0
 20
0.0
 30
0.0
210
0.0
220
0.0
230
1.0
  2
SOLID
 70
1
 71
0
 91
1
 92
1
 93
1
 72
2
 10
65.78
 20
4.3
 40
0.025
 50
0
 51
360
 73
1
 97
0
 75
1
 76
1
 98
0
  0
TEXT
  5
5C9
330
17
100
AcDbEntity
  8
YAZI
100
AcDbText
 10
67.64
 20
4.275
 30
0.0
 40
0.1
  1
Hazır dolgu: %75 alçı + %20 bentonit
  7
ARIAL
 11
67.64
 21
4.275
 31
0.0
100
AcDbText
 73
1
  0
TEXT
  5
5CA
330
17
100
AcDbEntity
  8
YAZI
100
AcDbText
 10
67.64
 20
4.205
 30
0.0
 40
0.1
  1
+ %5 sodyum sülfat
  7
ARIAL
 11
67.64
 21
4.205
 31
0.0
100
AcDbText
 73
3
  0
LWPOLYLINE
  5
5CB
330
17
100
AcDbEntity
  8
BALON
100
AcDbPolyline
 90
3
 70
0
 10
65.575
 20
3.0645
 10
67.6
 20
3.32
 10
69.91199999999999
 20
3.32
  0
HATCH
  5
5CC
330
17
100
AcDbEntity
  8
BALON
 62
7
100
AcDbHatch
 10
0.0
 20
0.0
 30
0.0
210
0.0
220
0.0
230
1.0
  2
SOLID
 70
1
 71
0
 91
1
 92
1
 93
1
 72
2
 10
65.575
 20
3.0645
 40
0.025
 50
0
 51
360
 73
1
 97
0
 75
1
 76
1
 98
0
  0
TEXT
  5
5CD
330
17
100
AcDbEntity
  8
YAZI
100
AcDbText
 10
67.64
 20
3.355
 30
0.0
 40
0.1
  1
Mg alaşım külçe, yüksek potansiyelli
  7
ARIAL
 11
67.64
 21
3.355
 31
0.0
100
AcDbText
 73
1
  0
TEXT
  5
5CE
330
17
100
AcDbEntity
  8
YAZI
100
AcDbText
 10
67.64
 20
3.2849999999999997
 30
0.0
 40
0.1
  1
(Ecorr ≤ -1,70 V Cu/CuSO4)
  7
ARIAL
 11
67.64
 21
3.2849999999999997
 31
0.0
100
AcDbText
 73
3
  0
LWPOLYLINE
  5
5CF
330
17
100
AcDbEntity
  8
BALON
100
AcDbPolyline
 90
3
 70
0
 10
65.4
 20
1.7049999999999998
 10
67.6
 20
2.3999999999999995
 10
69.354
 20
2.3999999999999995
  0
HATCH
  5
5D0
330
17
100
AcDbEntity
  8
BALON
 62
7
100
AcDbHatch
 10
0.0
 20
0.0
 30
0.0
210
0.0
220
0.0
230
1.0
  2
SOLID
 70
1
 71
0
 91
1
 92
1
 93
1
 72
2
 10
65.4
 20
1.7049999999999998
 40
0.025
 50
0
 51
360
 73
1
 97
0
 75
1
 76
1
 98
0
  0
TEXT
  5
5D1
330
17
100
AcDbEntity
  8
YAZI
100
AcDbText
 10
67.64
 20
2.4349999999999996
 30
0.0
 40
0.1
  1
Çelik çekirdek (galvanizli)
  7
ARIAL
 11
67.64
 21
2.4349999999999996
 31
0.0
100
AcDbText
 73
1
  0
LWPOLYLINE
  5
5D2
330
17
100
AcDbEntity
  8
BALON
100
AcDbPolyline
 90
3
 70
0
 10
65.9
 20
1.45
 10
67.6
 20
1.4799999999999995
 10
68.982
 20
1.4799999999999995
  0
HATCH
  5
5D3
330
17
100
AcDbEntity
  8
BALON
 62
7
100
AcDbHatch
 10
0.0
 20
0.0
 30
0.0
210
0.0
220
0.0
230
1.0
  2
SOLID
 70
1
 71
0
 91
1
 92
1
 93
1
 72
2
 10
65.9
 20
1.45
 40
0.025
 50
0
 51
360
 73
1
 97
0
 75
1
 76
1
 98
0
  0
TEXT
  5
5D4
330
17
100
AcDbEntity
  8
YAZI
100
AcDbText
 10
67.64
 20
1.5149999999999995
 30
0.0
 40
0.1
  1
Pamuklu / kağıt torba
  7
ARIAL
 11
67.64
 21
1.5149999999999995
 31
0.0
100
AcDbText
 73
1
  0
LWPOLYLINE
  5
5D5
330
17
100
AcDbEntity
  8
TABLO
100
AcDbPolyline
 90
4
 70
1
 10
71.1
 20
10.690000000000001
 10
77.1
 20
10.690000000000001
 10
77.1
 20
11.05
 10
71.1
 20
11.05
  0
HATCH
  5
5D6
330
17
100
AcDbEntity
  8
TABLO-INCE
100
AcDbHatch
 10
0.0
 20
0.0
 30
0.0
210
0.0
220
0.0
230
1.0
  2
ANSI31
 70
0
 71
0
 91
1
 92
3
 72
0
 73
1
 93
4
 10
71.1
 20
10.690000000000001
 10
77.1
 20
10.690000000000001
 10
77.1
 20
11.05
 10
71.1
 20
11.05
 97
0
 75
1
 76
1
 52
0.0
 41
0.02
 77
0
 78
1
 53
45.0
 43
0.0
 44
0.0
 45
-0.0449012806
 46
0.0449012806
 79
0
 98
0
  0
TEXT
  5
5D7
330
17
100
AcDbEntity
  8
YAZI
100
AcDbText
 10
71.5
 20
10.870000000000001
 30
0.0
 40
0.1
  1
ANOT
  7
ARIAL
 72
1
 11
71.5
 21
10.870000000000001
 31
0.0
100
AcDbText
 73
2
  0
TEXT
  5
5D8
330
17
100
AcDbEntity
  8
YAZI
100
AcDbText
 10
72.27499999999999
 20
10.870000000000001
 30
0.0
 40
0.1
  1
NET
  7
ARIAL
 72
1
 11
72.27499999999999
 21
10.870000000000001
 31
0.0
100
AcDbText
 73
2
  0
TEXT
  5
5D9
330
17
100
AcDbEntity
  8
YAZI
100
AcDbText
 10
73.225
 20
10.870000000000001
 30
0.0
 40
0.1
  1
TORBA mm
  7
ARIAL
 72
1
 11
73.225
 21
10.870000000000001
 31
0.0
100
AcDbText
 73
2
  0
TEXT
  5
5DA
330
17
100
AcDbEntity
  8
YAZI
100
AcDbText
 10
74.475
 20
10.870000000000001
 30
0.0
 40
0.1
  1
KÜLÇE mm
  7
ARIAL
 72
1
 11
74.475
 21
10.870000000000001
 31
0.0
100
AcDbText
 73
2
  0
TEXT
  5
5DB
330
17
100
AcDbEntity
  8
YAZI
100
AcDbText
 10
75.425
 20
10.870000000000001
 30
0.0
 40
0.1
  1
ADET
  7
ARIAL
 72
1
 11
75.425
 21
10.870000000000001
 31
0.0
100
AcDbText
 73
2
  0
TEXT
  5
5DC
330
17
100
AcDbEntity
  8
YAZI
100
AcDbText
 10
76.39999999999999
 20
10.870000000000001
 30
0.0
 40
0.1
  1
YERİ
  7
ARIAL
 72
1
 11
76.39999999999999
 21
10.870000000000001
 31
0.0
100
AcDbText
 73
2
  0
LWPOLYLINE
  5
5DD
330
17
100
AcDbEntity
  8
TABLO-INCE
100
AcDbPolyline
 90
2
 70
0
 10
71.1
 20
10.39
 10
77.1
 20
10.39
  0
TEXT
  5
5DE
330
17
100
AcDbEntity
  8
YAZI
100
AcDbText
 10
71.5
 20
10.540000000000001
 30
0.0
 40
0.1
  1
10 Lb
  7
ARIAL
 72
1
 11
71.5
 21
10.540000000000001
 31
0.0
100
AcDbText
 73
2
  0
TEXT
  5
5DF
330
17
100
AcDbEntity
  8
YAZI
100
AcDbText
 10
72.27499999999999
 20
10.540000000000001
 30
0.0
 40
0.1
  1
4.5 kg
  7
ARIAL
 72
1
 11
72.27499999999999
 21
10.540000000000001
 31
0.0
100
AcDbText
 73
2
  0
TEXT
  5
5E0
330
17
100
AcDbEntity
  8
YAZI
100
AcDbText
 10
73.225
 20
10.540000000000001
 30
0.0
 40
0.1
  1
Ø140x500
  7
ARIAL
 72
1
 11
73.225
 21
10.540000000000001
 31
0.0
100
AcDbText
 73
2
  0
TEXT
  5
5E1
330
17
100
AcDbEntity
  8
YAZI
100
AcDbText
 10
74.475
 20
10.540000000000001
 30
0.0
 40
0.1
  1
76x76x356
  7
ARIAL
 72
1
 11
74.475
 21
10.540000000000001
 31
0.0
100
AcDbText
 73
2
  0
TEXT
  5
5E2
330
17
100
AcDbEntity
  8
YAZI
100
AcDbText
 10
75.425
 20
10.540000000000001
 30
0.0
 40
0.1
  1
2
  7
ARIAL
 72
1
 11
75.425
 21
10.540000000000001
 31
0.0
100
AcDbText
 73
2
  0
TEXT
  5
5E3
330
17
100
AcDbEntity
  8
YAZI
100
AcDbText
 10
76.39999999999999
 20
10.540000000000001
 30
0.0
 40
0.1
  1
Tank
  7
ARIAL
 72
1
 11
76.39999999999999
 21
10.540000000000001
 31
0.0
100
AcDbText
 73
2
  0
LWPOLYLINE
  5
5E4
330
17
100
AcDbEntity
  8
TABLO-INCE
100
AcDbPolyline
 90
2
 70
0
 10
71.1
 20
10.09
 10
77.1
 20
10.09
  0
TEXT
  5
5E5
330
17
100
AcDbEntity
  8
YAZI
100
AcDbText
 10
71.5
 20
10.24
 30
0.0
 40
0.1
  1
3,5 Lb
  7
ARIAL
 72
1
 11
71.5
 21
10.24
 31
0.0
100
AcDbText
 73
2
  0
TEXT
  5
5E6
330
17
100
AcDbEntity
  8
YAZI
100
AcDbText
 10
72.27499999999999
 20
10.24
 30
0.0
 40
0.1
  1
1.6 kg
  7
ARIAL
 72
1
 11
72.27499999999999
 21
10.24
 31
0.0
100
AcDbText
 73
2
  0
TEXT
  5
5E7
330
17
100
AcDbEntity
  8
YAZI
100
AcDbText
 10
73.225
 20
10.24
 30
0.0
 40
0.1
  1
Ø100x350
  7
ARIAL
 72
1
 11
73.225
 21
10.24
 31
0.0
100
AcDbText
 73
2
  0
TEXT
  5
5E8
330
17
100
AcDbEntity
  8
YAZI
100
AcDbText
 10
74.475
 20
10.24
 30
0.0
 40
0.1
  1
51x51x229
  7
ARIAL
 72
1
 11
74.475
 21
10.24
 31
0.0
100
AcDbText
 73
2
  0
TEXT
  5
5E9
330
17
100
AcDbEntity
  8
YAZI
100
AcDbText
 10
75.425
 20
10.24
 30
0.0
 40
0.1
  1
2
  7
ARIAL
 72
1
 11
75.425
 21
10.24
 31
0.0
100
AcDbText
 73
2
  0
TEXT
  5
5EA
330
17
100
AcDbEntity
  8
YAZI
100
AcDbText
 10
76.39999999999999
 20
10.24
 30
0.0
 40
0.1
  1
Hat / dispenser
  7
ARIAL
 72
1
 11
76.39999999999999
 21
10.24
 31
0.0
100
AcDbText
 73
2
  0
LWPOLYLINE
  5
5EB
330
17
100
AcDbEntity
  8
TABLO
100
AcDbPolyline
 90
4
 70
1
 10
71.1
 20
10.09
 10
77.1
 20
10.09
 10
77.1
 20
11.05
 10
71.1
 20
11.05
  0
LWPOLYLINE
  5
5EC
330
17
100
AcDbEntity
  8
TABLO-INCE
100
AcDbPolyline
 90
2
 70
0
 10
71.89999999999999
 20
10.09
 10
71.89999999999999
 20
11.05
  0
LWPOLYLINE
  5
5ED
330
17
100
AcDbEntity
  8
TABLO-INCE
100
AcDbPolyline
 90
2
 70
0
 10
72.64999999999999
 20
10.09
 10
72.64999999999999
 20
11.05
  0
LWPOLYLINE
  5
5EE
330
17
100
AcDbEntity
  8
TABLO-INCE
100
AcDbPolyline
 90
2
 70
0
 10
73.8
 20
10.09
 10
73.8
 20
11.05
  0
LWPOLYLINE
  5
5EF
330
17
100
AcDbEntity
  8
TABLO-INCE
100
AcDbPolyline
 90
2
 70
0
 10
75.14999999999999
 20
10.09
 10
75.14999999999999
 20
11.05
  0
LWPOLYLINE
  5
5F0
330
17
100
AcDbEntity
  8
TABLO-INCE
100
AcDbPolyline
 90
2
 70
0
 10
75.69999999999999
 20
10.09
 10
75.69999999999999
 20
11.05
  0
TEXT
  5
5F1
330
17
100
AcDbEntity
  8
BASLIK
100
AcDbText
 10
78.6
 20
36.55
 30
0.0
 40
0.1275
  1
DETAY-2: ÖLÇÜM KUTUSU ÖK-1 BAĞLANTI ŞEMASI
  7
ARIAL
 11
78.6
 21
36.55
 31
0.0
100
AcDbText
 73
1
  0
LWPOLYLINE
  5
5F2
330
17
100
AcDbEntity
  8
BASLIK
100
AcDbPolyline
 90
2
 70
0
 10
78.6
 20
36.5
 10
82.1201
 20
36.5
  0
LWPOLYLINE
  5
5F3
330
17
100
AcDbEntity
  8
YAZI
100
AcDbPolyline
 90
2
 70
0
 10
78.6
 20
36.459999999999994
 10
82.1201
 20
36.459999999999994
  0
TEXT
  5
5F4
330
17
100
AcDbEntity
  8
YAZI
100
AcDbText
 10
78.6
 20
36.39
 30
0.0
 40
0.1
  1
Ölçeksiz. ÖK-2 aynı düzende (MA-3, MA-4, hat).
  7
ARIAL
 11
78.6
 21
36.39
 31
0.0
100
AcDbText
 73
3
  0
LWPOLYLINE
  5
5F5
330
17
100
AcDbEntity
  8
KK-OLCUM
100
AcDbPolyline
 90
8
 70
1
 10
79.05
 20
30.4
 10
86.14999999999999
 20
30.4
 42
0.41421356237309503
 10
86.3
 20
30.549999999999997
 10
86.3
 20
35.25
 42
0.41421356237309503
 10
86.14999999999999
 20
35.4
 10
79.05
 20
35.4
 42
0.41421356237309503
 10
78.89999999999999
 20
35.25
 10
78.89999999999999
 20
30.549999999999997
 42
0.41421356237309503
  0
LWPOLYLINE
  5
5F6
330
17
100
AcDbEntity
  8
KK-OLCUM
100
AcDbPolyline
 90
8
 70
1
 10
79.11999999999999
 20
30.52
 10
86.08
 20
30.52
 42
0.41421356237309503
 10
86.17999999999999
 20
30.62
 10
86.17999999999999
 20
35.18
 42
0.41421356237309503
 10
86.08
 20
35.28
 10
79.11999999999999
 20
35.28
 42
0.41421356237309503
 10
79.02
 20
35.18
 10
79.02
 20
30.62
 42
0.41421356237309503
  0
TEXT
  5
5F7
330
17
100
AcDbEntity
  8
YAZI
 62
2
100
AcDbText
 10
82.6
 20
35.05
 30
0.0
 40
0.1
  1
IP65 POLYESTER KUTU - kilitli kapak
  7
ARIAL
 72
1
 11
82.6
 21
35.05
 31
0.0
100
AcDbText
 73
2
  0
LWPOLYLINE
  5
5F8
330
17
100
AcDbEntity
  8
DETAY
100
AcDbPolyline
 90
4
 70
1
 10
79.49999999999999
 20
34.44
 10
85.7
 20
34.44
 10
85.7
 20
34.56
 10
79.49999999999999
 20
34.56
  0
HATCH
  5
5F9
330
17
100
AcDbEntity
  8
DETAY
100
AcDbHatch
 10
0.0
 20
0.0
 30
0.0
210
0.0
220
0.0
230
1.0
  2
SOLID
 70
1
 71
0
 91
1
 92
3
 72
0
 73
1
 93
4
 10
79.49999999999999
 20
34.44
 10
85.7
 20
34.44
 10
85.7
 20
34.56
 10
79.49999999999999
 20
34.56
 97
0
 75
1
 76
1
 98
0
  0
TEXT
  5
5FA
330
17
100
AcDbEntity
  8
YAZI
100
AcDbText
 10
82.6
 20
34.7
 30
0.0
 40
0.1
  1
YAPI (TANK) BARASI - bakır
  7
ARIAL
 72
1
 11
82.6
 21
34.7
 31
0.0
100
AcDbText
 73
1
  0
CIRCLE
  5
5FB
330
17
100
AcDbEntity
  8
DETAY
100
AcDbCircle
 10
79.89999999999999
 20
31.65
 30
0.0
 40
0.12
  0
LWPOLYLINE
  5
5FC
330
17
100
AcDbEntity
  8
DETAY
100
AcDbPolyline
 90
2
 70
0
 10
79.82
 20
31.57
 10
79.97999999999999
 20
31.729999999999997
  0
TEXT
  5
5FD
330
17
100
AcDbEntity
  8
YAZI
100
AcDbText
 10
79.89999999999999
 20
31.43
 30
0.0
 40
0.1
  1
T1
  7
ARIAL
 72
1
 11
79.89999999999999
 21
31.43
 31
0.0
100
AcDbText
 73
3
  0
LWPOLYLINE
  5
5FE
330
17
100
AcDbEntity
  8
KK-KABLO
100
AcDbPolyline
 90
2
 70
0
 10
79.89999999999999
 20
31.529999999999998
 10
79.89999999999999
 20
29.799999999999997
  0
TEXT
  5
5FF
330
17
100
AcDbEntity
  8
YAZI
 62
8
100
AcDbText
 10
79.89999999999999
 20
29.7
 30
0.0
 40
0.1
  1
Tank kablosu 1
  7
ARIAL
 72
1
 11
79.89999999999999
 21
29.7
 31
0.0
100
AcDbText
 73
3
  0
LWPOLYLINE
  5
600
330
17
100
AcDbEntity
  8
DETAY
100
AcDbPolyline
 90
2
 70
0
 10
79.89999999999999
 20
31.77
 10
79.89999999999999
 20
34.44
  0
CIRCLE
  5
601
330
17
100
AcDbEntity
  8
DETAY
100
AcDbCircle
 10
81.3
 20
31.65
 30
0.0
 40
0.12
  0
LWPOLYLINE
  5
602
330
17
100
AcDbEntity
  8
DETAY
100
AcDbPolyline
 90
2
 70
0
 10
81.22
 20
31.57
 10
81.38
 20
31.729999999999997
  0
TEXT
  5
603
330
17
100
AcDbEntity
  8
YAZI
100
AcDbText
 10
81.3
 20
31.43
 30
0.0
 40
0.1
  1
T2
  7
ARIAL
 72
1
 11
81.3
 21
31.43
 31
0.0
100
AcDbText
 73
3
  0
LWPOLYLINE
  5
604
330
17
100
AcDbEntity
  8
KK-KABLO
100
AcDbPolyline
 90
2
 70
0
 10
81.3
 20
31.529999999999998
 10
81.3
 20
29.799999999999997
  0
TEXT
  5
605
330
17
100
AcDbEntity
  8
YAZI
 62
8
100
AcDbText
 10
81.3
 20
29.7
 30
0.0
 40
0.1
  1
Tank kablosu 2
  7
ARIAL
 72
1
 11
81.3
 21
29.7
 31
0.0
100
AcDbText
 73
3
  0
LWPOLYLINE
  5
606
330
17
100
AcDbEntity
  8
DETAY
100
AcDbPolyline
 90
2
 70
0
 10
81.3
 20
31.77
 10
81.3
 20
34.44
  0
CIRCLE
  5
607
330
17
100
AcDbEntity
  8
DETAY
100
AcDbCircle
 10
82.69999999999999
 20
31.65
 30
0.0
 40
0.12
  0
LWPOLYLINE
  5
608
330
17
100
AcDbEntity
  8
DETAY
100
AcDbPolyline
 90
2
 70
0
 10
82.61999999999999
 20
31.57
 10
82.77999999999999
 20
31.729999999999997
  0
TEXT
  5
609
330
17
100
AcDbEntity
  8
YAZI
100
AcDbText
 10
82.69999999999999
 20
31.43
 30
0.0
 40
0.1
  1
MA-1
  7
ARIAL
 72
1
 11
82.69999999999999
 21
31.43
 31
0.0
100
AcDbText
 73
3
  0
LWPOLYLINE
  5
60A
330
17
100
AcDbEntity
  8
KK-KABLO
100
AcDbPolyline
 90
2
 70
0
 10
82.69999999999999
 20
31.529999999999998
 10
82.69999999999999
 20
29.799999999999997
  0
TEXT
  5
60B
330
17
100
AcDbEntity
  8
YAZI
 62
8
100
AcDbText
 10
82.69999999999999
 20
29.7
 30
0.0
 40
0.1
  1
Anot 10 Lb
  7
ARIAL
 72
1
 11
82.69999999999999
 21
29.7
 31
0.0
100
AcDbText
 73
3
  0
LWPOLYLINE
  5
60C
330
17
100
AcDbEntity
  8
DETAY
100
AcDbPolyline
 90
2
 70
0
 10
82.69999999999999
 20
31.77
 10
82.69999999999999
 20
32.15
  0
LWPOLYLINE
  5
60D
330
17
100
AcDbEntity
  8
DETAY
100
AcDbPolyline
 90
8
 70
0
 10
82.69999999999999
 20
32.15
 10
82.77999999999999
 20
32.21666666666667
 10
82.61999999999999
 20
32.349999999999994
 10
82.77999999999999
 20
32.483333333333334
 10
82.61999999999999
 20
32.61666666666666
 10
82.77999999999999
 20
32.75
 10
82.61999999999999
 20
32.883333333333326
 10
82.69999999999999
 20
32.949999999999996
  0
TEXT
  5
60E
330
17
100
AcDbEntity
  8
YAZI
100
AcDbText
 10
82.85
 20
32.55
 30
0.0
 40
0.1
  1
şönt 0,01 Ω
  7
ARIAL
 11
82.85
 21
32.55
 31
0.0
100
AcDbText
 73
2
  0
LWPOLYLINE
  5
60F
330
17
100
AcDbEntity
  8
DETAY
100
AcDbPolyline
 90
2
 70
0
 10
82.69999999999999
 20
32.949999999999996
 10
82.69999999999999
 20
33.199999999999996
  0
LWPOLYLINE
  5
610
330
17
100
AcDbEntity
  8
DETAY
100
AcDbPolyline
 90
2
 70
0
 10
82.69999999999999
 20
33.199999999999996
 10
82.88
 20
33.5
  0
CIRCLE
  5
611
330
17
100
AcDbEntity
  8
DETAY
100
AcDbCircle
 10
82.69999999999999
 20
33.199999999999996
 30
0.0
 40
0.03
  0
CIRCLE
  5
612
330
17
100
AcDbEntity
  8
DETAY
100
AcDbCircle
 10
82.69999999999999
 20
33.65
 30
0.0
 40
0.03
  0
LWPOLYLINE
  5
613
330
17
100
AcDbEntity
  8
DETAY
100
AcDbPolyline
 90
2
 70
0
 10
82.69999999999999
 20
33.65
 10
82.69999999999999
 20
34.44
  0
TEXT
  5
614
330
17
100
AcDbEntity
  8
YAZI
100
AcDbText
 10
82.57999999999998
 20
33.43
 30
0.0
 40
0.1
  1
köprü
  7
ARIAL
 72
2
 11
82.57999999999998
 21
33.43
 31
0.0
100
AcDbText
 73
2
  0
CIRCLE
  5
615
330
17
100
AcDbEntity
  8
DETAY
100
AcDbCircle
 10
84.1
 20
31.65
 30
0.0
 40
0.12
  0
LWPOLYLINE
  5
616
330
17
100
AcDbEntity
  8
DETAY
100
AcDbPolyline
 90
2
 70
0
 10
84.02
 20
31.57
 10
84.17999999999999
 20
31.729999999999997
  0
TEXT
  5
617
330
17
100
AcDbEntity
  8
YAZI
100
AcDbText
 10
84.1
 20
31.43
 30
0.0
 40
0.1
  1
MA-2
  7
ARIAL
 72
1
 11
84.1
 21
31.43
 31
0.0
100
AcDbText
 73
3
  0
LWPOLYLINE
  5
618
330
17
100
AcDbEntity
  8
KK-KABLO
100
AcDbPolyline
 90
2
 70
0
 10
84.1
 20
31.529999999999998
 10
84.1
 20
29.799999999999997
  0
TEXT
  5
619
330
17
100
AcDbEntity
  8
YAZI
 62
8
100
AcDbText
 10
84.1
 20
29.7
 30
0.0
 40
0.1
  1
Anot 10 Lb
  7
ARIAL
 72
1
 11
84.1
 21
29.7
 31
0.0
100
AcDbText
 73
3
  0
LWPOLYLINE
  5
61A
330
17
100
AcDbEntity
  8
DETAY
100
AcDbPolyline
 90
2
 70
0
 10
84.1
 20
31.77
 10
84.1
 20
32.15
  0
LWPOLYLINE
  5
61B
330
17
100
AcDbEntity
  8
DETAY
100
AcDbPolyline
 90
8
 70
0
 10
84.1
 20
32.15
 10
84.17999999999999
 20
32.21666666666667
 10
84.02
 20
32.349999999999994
 10
84.17999999999999
 20
32.483333333333334
 10
84.02
 20
32.61666666666666
 10
84.17999999999999
 20
32.75
 10
84.02
 20
32.883333333333326
 10
84.1
 20
32.949999999999996
  0
TEXT
  5
61C
330
17
100
AcDbEntity
  8
YAZI
100
AcDbText
 10
84.25
 20
32.55
 30
0.0
 40
0.1
  1
şönt 0,01 Ω
  7
ARIAL
 11
84.25
 21
32.55
 31
0.0
100
AcDbText
 73
2
  0
LWPOLYLINE
  5
61D
330
17
100
AcDbEntity
  8
DETAY
100
AcDbPolyline
 90
2
 70
0
 10
84.1
 20
32.949999999999996
 10
84.1
 20
33.199999999999996
  0
LWPOLYLINE
  5
61E
330
17
100
AcDbEntity
  8
DETAY
100
AcDbPolyline
 90
2
 70
0
 10
84.1
 20
33.199999999999996
 10
84.28
 20
33.5
  0
CIRCLE
  5
61F
330
17
100
AcDbEntity
  8
DETAY
100
AcDbCircle
 10
84.1
 20
33.199999999999996
 30
0.0
 40
0.03
  0
CIRCLE
  5
620
330
17
100
AcDbEntity
  8
DETAY
100
AcDbCircle
 10
84.1
 20
33.65
 30
0.0
 40
0.03
  0
LWPOLYLINE
  5
621
330
17
100
AcDbEntity
  8
DETAY
100
AcDbPolyline
 90
2
 70
0
 10
84.1
 20
33.65
 10
84.1
 20
34.44
  0
TEXT
  5
622
330
17
100
AcDbEntity
  8
YAZI
100
AcDbText
 10
83.97999999999999
 20
33.43
 30
0.0
 40
0.1
  1
köprü
  7
ARIAL
 72
2
 11
83.97999999999999
 21
33.43
 31
0.0
100
AcDbText
 73
2
  0
CIRCLE
  5
623
330
17
100
AcDbEntity
  8
DETAY
100
AcDbCircle
 10
85.49999999999999
 20
31.65
 30
0.0
 40
0.12
  0
LWPOLYLINE
  5
624
330
17
100
AcDbEntity
  8
DETAY
100
AcDbPolyline
 90
2
 70
0
 10
85.41999999999999
 20
31.57
 10
85.57999999999998
 20
31.729999999999997
  0
TEXT
  5
625
330
17
100
AcDbEntity
  8
YAZI
100
AcDbText
 10
85.49999999999999
 20
31.43
 30
0.0
 40
0.1
  1
RE
  7
ARIAL
 72
1
 11
85.49999999999999
 21
31.43
 31
0.0
100
AcDbText
 73
3
  0
LWPOLYLINE
  5
626
330
17
100
AcDbEntity
  8
KK-KABLO
100
AcDbPolyline
 90
2
 70
0
 10
85.49999999999999
 20
31.529999999999998
 10
85.49999999999999
 20
29.799999999999997
  0
TEXT
  5
627
330
17
100
AcDbEntity
  8
YAZI
 62
8
100
AcDbText
 10
85.49999999999999
 20
29.7
 30
0.0
 40
0.1
  1
Referans elektrot
  7
ARIAL
 72
1
 11
85.49999999999999
 21
29.7
 31
0.0
100
AcDbText
 73
3
  0
LWPOLYLINE
  5
628
330
17
100
AcDbEntity
  8
DETAY
100
AcDbPolyline
 90
2
 70
0
 10
85.49999999999999
 20
31.77
 10
85.49999999999999
 20
32.449999999999996
  0
CIRCLE
  5
629
330
17
100
AcDbEntity
  8
DETAY
100
AcDbCircle
 10
85.49999999999999
 20
32.55
 30
0.0
 40
0.1
  0
TEXT
  5
62A
330
17
100
AcDbEntity
  8
YAZI
100
AcDbText
 10
85.49999999999999
 20
32.75
 30
0.0
 40
0.1
  1
ölçüm
  7
ARIAL
 72
1
 11
85.49999999999999
 21
32.75
 31
0.0
100
AcDbText
 73
1
  0
TEXT
  5
62B
330
17
100
AcDbEntity
  8
BASLIK
100
AcDbText
 10
88.0
 20
36.55
 30
0.0
 40
0.1275
  1
DETAY-3: İZOLE FLANŞ KİTİ (Ölçek 1/2,5)
  7
ARIAL
 11
88.0
 21
36.55
 31
0.0
100
AcDbText
 73
1
  0
LWPOLYLINE
  5
62C
330
17
100
AcDbEntity
  8
BASLIK
100
AcDbPolyline
 90
2
 70
0
 10
88.0
 20
36.5
 10
91.28295
 20
36.5
  0
LWPOLYLINE
  5
62D
330
17
100
AcDbEntity
  8
YAZI
100
AcDbPolyline
 90
2
 70
0
 10
88.0
 20
36.459999999999994
 10
91.28295
 20
36.459999999999994
  0
TEXT
  5
62E
330
17
100
AcDbEntity
  8
YAZI
100
AcDbText
 10
88.0
 20
36.39
 30
0.0
 40
0.1
  1
DN32 PN40 - İF-1...İF-6
  7
ARIAL
 11
88.0
 21
36.39
 31
0.0
100
AcDbText
 73
3
  0
LWPOLYLINE
  5
62F
330
17
100
AcDbEntity
  8
DETAY
100
AcDbPolyline
 90
4
 70
1
 10
90.83999999999999
 20
31.976
 10
90.43999999999998
 20
31.976
 10
90.43999999999998
 20
31.0
 10
90.83999999999999
 20
31.0
  0
HATCH
  5
630
330
17
100
AcDbEntity
  8
DETAY-TARAMA
100
AcDbHatch
 10
0.0
 20
0.0
 30
0.0
210
0.0
220
0.0
230
1.0
  2
ANSI31
 70
0
 71
0
 91
1
 92
3
 72
0
 73
1
 93
4
 10
90.83999999999999
 20
31.976
 10
90.43999999999998
 20
31.976
 10
90.43999999999998
 20
31.0
 10
90.83999999999999
 20
31.0
 97
0
 75
1
 76
1
 52
0.0
 41
0.03
 77
0
 78
1
 53
45.0
 43
0.0
 44
0.0
 45
-0.0673519209
 46
0.0673519209
 79
0
 98
0
  0
LWPOLYLINE
  5
631
330
17
100
AcDbEntity
  8
DETAY
100
AcDbPolyline
 90
4
 70
1
 10
90.83999999999999
 20
32.824
 10
90.43999999999998
 20
32.824
 10
90.43999999999998
 20
33.8
 10
90.83999999999999
 20
33.8
  0
HATCH
  5
632
330
17
100
AcDbEntity
  8
DETAY-TARAMA
100
AcDbHatch
 10
0.0
 20
0.0
 30
0.0
210
0.0
220
0.0
230
1.0
  2
ANSI31
 70
0
 71
0
 91
1
 92
3
 72
0
 73
1
 93
4
 10
90.83999999999999
 20
32.824
 10
90.43999999999998
 20
32.824
 10
90.43999999999998
 20
33.8
 10
90.83999999999999
 20
33.8
 97
0
 75
1
 76
1
 52
0.0
 41
0.03
 77
0
 78
1
 53
45.0
 43
0.0
 44
0.0
 45
-0.0673519209
 46
0.0673519209
 79
0
 98
0
  0
LWPOLYLINE
  5
633
330
17
100
AcDbEntity
  8
DETAY
100
AcDbPolyline
 90
2
 70
0
 10
90.43999999999998
 20
32.824
 10
88.53999999999998
 20
32.824
  0
LWPOLYLINE
  5
634
330
17
100
AcDbEntity
  8
DETAY
100
AcDbPolyline
 90
2
 70
0
 10
90.43999999999998
 20
31.976
 10
88.53999999999998
 20
31.976
  0
LWPOLYLINE
  5
635
330
17
100
AcDbEntity
  8
DETAY-INCE
100
AcDbPolyline
 90
3
 70
0
 10
88.53999999999998
 20
32.903999999999996
 10
88.61999999999999
 20
32.4
 10
88.53999999999998
 20
31.896
  0
LWPOLYLINE
  5
636
330
17
100
AcDbEntity
  8
DETAY
100
AcDbPolyline
 90
4
 70
1
 10
90.96
 20
31.976
 10
91.36
 20
31.976
 10
91.36
 20
31.0
 10
90.96
 20
31.0
  0
HATCH
  5
637
330
17
100
AcDbEntity
  8
DETAY-TARAMA
100
AcDbHatch
 10
0.0
 20
0.0
 30
0.0
210
0.0
220
0.0
230
1.0
  2
ANSI31
 70
0
 71
0
 91
1
 92
3
 72
0
 73
1
 93
4
 10
90.96
 20
31.976
 10
91.36
 20
31.976
 10
91.36
 20
31.0
 10
90.96
 20
31.0
 97
0
 75
1
 76
1
 52
90.0
 41
0.03
 77
0
 78
1
 53
135.0
 43
0.0
 44
0.0
 45
-0.0673519209
 46
-0.0673519209
 79
0
 98
0
  0
LWPOLYLINE
  5
638
330
17
100
AcDbEntity
  8
DETAY
100
AcDbPolyline
 90
4
 70
1
 10
90.96
 20
32.824
 10
91.36
 20
32.824
 10
91.36
 20
33.8
 10
90.96
 20
33.8
  0
HATCH
  5
639
330
17
100
AcDbEntity
  8
DETAY-TARAMA
100
AcDbHatch
 10
0.0
 20
0.0
 30
0.0
210
0.0
220
0.0
230
1.0
  2
ANSI31
 70
0
 71
0
 91
1
 92
3
 72
0
 73
1
 93
4
 10
90.96
 20
32.824
 10
91.36
 20
32.824
 10
91.36
 20
33.8
 10
90.96
 20
33.8
 97
0
 75
1
 76
1
 52
90.0
 41
0.03
 77
0
 78
1
 53
135.0
 43
0.0
 44
0.0
 45
-0.0673519209
 46
-0.0673519209
 79
0
 98
0
  0
LWPOLYLINE
  5
63A
330
17
100
AcDbEntity
  8
DETAY
100
AcDbPolyline
 90
2
 70
0
 10
91.36
 20
32.824
 10
93.26
 20
32.824
  0
LWPOLYLINE
  5
63B
330
17
100
AcDbEntity
  8
DETAY
100
AcDbPolyline
 90
2
 70
0
 10
91.36
 20
31.976
 10
93.26
 20
31.976
  0
LWPOLYLINE
  5
63C
330
17
100
AcDbEntity
  8
DETAY-INCE
100
AcDbPolyline
 90
3
 70
0
 10
93.26
 20
32.903999999999996
 10
93.17999999999999
 20
32.4
 10
93.26
 20
31.896
  0
LWPOLYLINE
  5
63D
330
17
100
AcDbEntity
  8
KK-IZOLASYON
100
AcDbPolyline
 90
4
 70
1
 10
90.83999999999999
 20
32.824
 10
90.96
 20
32.824
 10
90.96
 20
33.779999999999994
 10
90.83999999999999
 20
33.779999999999994
  0
HATCH
  5
63E
330
17
100
AcDbEntity
  8
KK-IZOLASYON
 62
140
100
AcDbHatch
 10
0.0
 20
0.0
 30
0.0
210
0.0
220
0.0
230
1.0
  2
SOLID
 70
1
 71
0
 91
1
 92
3
 72
0
 73
1
 93
4
 10
90.83999999999999
 20
32.824
 10
90.96
 20
32.824
 10
90.96
 20
33.779999999999994
 10
90.83999999999999
 20
33.779999999999994
 97
0
 75
1
 76
1
 98
0
  0
LWPOLYLINE
  5
63F
330
17
100
AcDbEntity
  8
KK-IZOLASYON
100
AcDbPolyline
 90
4
 70
1
 10
90.83999999999999
 20
31.976
 10
90.96
 20
31.976
 10
90.96
 20
31.020000000000003
 10
90.83999999999999
 20
31.020000000000003
  0
HATCH
  5
640
330
17
100
AcDbEntity
  8
KK-IZOLASYON
 62
140
100
AcDbHatch
 10
0.0
 20
0.0
 30
0.0
210
0.0
220
0.0
230
1.0
  2
SOLID
 70
1
 71
0
 91
1
 92
3
 72
0
 73
1
 93
4
 10
90.83999999999999
 20
31.976
 10
90.96
 20
31.976
 10
90.96
 20
31.020000000000003
 10
90.83999999999999
 20
31.020000000000003
 97
0
 75
1
 76
1
 98
0
  0
LWPOLYLINE
  5
641
330
17
100
AcDbEntity
  8
DETAY
100
AcDbPolyline
 90
2
 70
0
 10
89.99
 20
33.38
 10
91.80999999999999
 20
33.38
  0
LWPOLYLINE
  5
642
330
17
100
AcDbEntity
  8
DETAY
100
AcDbPolyline
 90
2
 70
0
 10
89.99
 20
33.62
 10
91.80999999999999
 20
33.62
  0
LWPOLYLINE
  5
643
330
17
100
AcDbEntity
  8
KK-IZOLASYON
100
AcDbPolyline
 90
4
 70
1
 10
90.43999999999998
 20
33.34
 10
91.36
 20
33.34
 10
91.36
 20
33.66
 10
90.43999999999998
 20
33.66
  0
LWPOLYLINE
  5
644
330
17
100
AcDbEntity
  8
KK-IZOLASYON
100
AcDbPolyline
 90
4
 70
1
 10
90.44
 20
33.14
 10
90.36
 20
33.14
 10
90.36
 20
33.86
 10
90.44
 20
33.86
  0
HATCH
  5
645
330
17
100
AcDbEntity
  8
KK-IZOLASYON
 62
140
100
AcDbHatch
 10
0.0
 20
0.0
 30
0.0
210
0.0
220
0.0
230
1.0
  2
SOLID
 70
1
 71
0
 91
1
 92
3
 72
0
 73
1
 93
4
 10
90.44
 20
33.14
 10
90.36
 20
33.14
 10
90.36
 20
33.86
 10
90.44
 20
33.86
 97
0
 75
1
 76
1
 98
0
  0
LWPOLYLINE
  5
646
330
17
100
AcDbEntity
  8
DETAY
100
AcDbPolyline
 90
4
 70
1
 10
90.36
 20
33.14
 10
90.3
 20
33.14
 10
90.3
 20
33.86
 10
90.36
 20
33.86
  0
LWPOLYLINE
  5
647
330
17
100
AcDbEntity
  8
DETAY
100
AcDbPolyline
 90
4
 70
1
 10
90.3
 20
33.22
 10
90.03999999999999
 20
33.22
 10
90.03999999999999
 20
33.78
 10
90.3
 20
33.78
  0
LWPOLYLINE
  5
648
330
17
100
AcDbEntity
  8
KK-IZOLASYON
100
AcDbPolyline
 90
4
 70
1
 10
91.35999999999999
 20
33.14
 10
91.43999999999998
 20
33.14
 10
91.43999999999998
 20
33.86
 10
91.35999999999999
 20
33.86
  0
HATCH
  5
649
330
17
100
AcDbEntity
  8
KK-IZOLASYON
 62
140
100
AcDbHatch
 10
0.0
 20
0.0
 30
0.0
210
0.0
220
0.0
230
1.0
  2
SOLID
 70
1
 71
0
 91
1
 92
3
 72
0
 73
1
 93
4
 10
91.35999999999999
 20
33.14
 10
91.43999999999998
 20
33.14
 10
91.43999999999998
 20
33.86
 10
91.35999999999999
 20
33.86
 97
0
 75
1
 76
1
 98
0
  0
LWPOLYLINE
  5
64A
330
17
100
AcDbEntity
  8
DETAY
100
AcDbPolyline
 90
4
 70
1
 10
91.43999999999998
 20
33.14
 10
91.49999999999999
 20
33.14
 10
91.49999999999999
 20
33.86
 10
91.43999999999998
 20
33.86
  0
LWPOLYLINE
  5
64B
330
17
100
AcDbEntity
  8
DETAY
100
AcDbPolyline
 90
4
 70
1
 10
91.49999999999999
 20
33.22
 10
91.75999999999999
 20
33.22
 10
91.75999999999999
 20
33.78
 10
91.49999999999999
 20
33.78
  0
LWPOLYLINE
  5
64C
330
17
100
AcDbEntity
  8
DETAY
100
AcDbPolyline
 90
2
 70
0
 10
89.99
 20
31.179999999999996
 10
91.80999999999999
 20
31.179999999999996
  0
LWPOLYLINE
  5
64D
330
17
100
AcDbEntity
  8
DETAY
100
AcDbPolyline
 90
2
 70
0
 10
89.99
 20
31.419999999999998
 10
91.80999999999999
 20
31.419999999999998
  0
LWPOLYLINE
  5
64E
330
17
100
AcDbEntity
  8
KK-IZOLASYON
100
AcDbPolyline
 90
4
 70
1
 10
90.43999999999998
 20
31.139999999999997
 10
91.36
 20
31.139999999999997
 10
91.36
 20
31.459999999999997
 10
90.43999999999998
 20
31.459999999999997
  0
LWPOLYLINE
  5
64F
330
17
100
AcDbEntity
  8
KK-IZOLASYON
100
AcDbPolyline
 90
4
 70
1
 10
90.44
 20
30.939999999999998
 10
90.36
 20
30.939999999999998
 10
90.36
 20
31.659999999999997
 10
90.44
 20
31.659999999999997
  0
HATCH
  5
650
330
17
100
AcDbEntity
  8
KK-IZOLASYON
 62
140
100
AcDbHatch
 10
0.0
 20
0.0
 30
0.0
210
0.0
220
0.0
230
1.0
  2
SOLID
 70
1
 71
0
 91
1
 92
3
 72
0
 73
1
 93
4
 10
90.44
 20
30.939999999999998
 10
90.36
 20
30.939999999999998
 10
90.36
 20
31.659999999999997
 10
90.44
 20
31.659999999999997
 97
0
 75
1
 76
1
 98
0
  0
LWPOLYLINE
  5
651
330
17
100
AcDbEntity
  8
DETAY
100
AcDbPolyline
 90
4
 70
1
 10
90.36
 20
30.939999999999998
 10
90.3
 20
30.939999999999998
 10
90.3
 20
31.659999999999997
 10
90.36
 20
31.659999999999997
  0
LWPOLYLINE
  5
652
330
17
100
AcDbEntity
  8
DETAY
100
AcDbPolyline
 90
4
 70
1
 10
90.3
 20
31.019999999999996
 10
90.03999999999999
 20
31.019999999999996
 10
90.03999999999999
 20
31.58
 10
90.3
 20
31.58
  0
LWPOLYLINE
  5
653
330
17
100
AcDbEntity
  8
KK-IZOLASYON
100
AcDbPolyline
 90
4
 70
1
 10
91.35999999999999
 20
30.939999999999998
 10
91.43999999999998
 20
30.939999999999998
 10
91.43999999999998
 20
31.659999999999997
 10
91.35999999999999
 20
31.659999999999997
  0
HATCH
  5
654
330
17
100
AcDbEntity
  8
KK-IZOLASYON
 62
140
100
AcDbHatch
 10
0.0
 20
0.0
 30
0.0
210
0.0
220
0.0
230
1.0
  2
SOLID
 70
1
 71
0
 91
1
 92
3
 72
0
 73
1
 93
4
 10
91.35999999999999
 20
30.939999999999998
 10
91.43999999999998
 20
30.939999999999998
 10
91.43999999999998
 20
31.659999999999997
 10
91.35999999999999
 20
31.659999999999997
 97
0
 75
1
 76
1
 98
0
  0
LWPOLYLINE
  5
655
330
17
100
AcDbEntity
  8
DETAY
100
AcDbPolyline
 90
4
 70
1
 10
91.43999999999998
 20
30.939999999999998
 10
91.49999999999999
 20
30.939999999999998
 10
91.49999999999999
 20
31.659999999999997
 10
91.43999999999998
 20
31.659999999999997
  0
LWPOLYLINE
  5
656
330
17
100
AcDbEntity
  8
DETAY
100
AcDbPolyline
 90
4
 70
1
 10
91.49999999999999
 20
31.019999999999996
 10
91.75999999999999
 20
31.019999999999996
 10
91.75999999999999
 20
31.58
 10
91.49999999999999
 20
31.58
  0
LWPOLYLINE
  5
657
330
17
100
AcDbEntity
  8
EKSEN
100
AcDbPolyline
 90
2
 70
0
 10
88.49999999999999
 20
32.4
 10
93.3
 20
32.4
  0
LWPOLYLINE
  5
658
330
17
100
AcDbEntity
  8
BALON
100
AcDbPolyline
 90
3
 70
0
 10
90.89999999999999
 20
33.074
 10
92.89999999999999
 20
35.0
 10
95.14999999999999
 20
35.0
  0
HATCH
  5
659
330
17
100
AcDbEntity
  8
BALON
 62
7
100
AcDbHatch
 10
0.0
 20
0.0
 30
0.0
210
0.0
220
0.0
230
1.0
  2
SOLID
 70
1
 71
0
 91
1
 92
1
 93
1
 72
2
 10
90.89999999999999
 20
33.074
 40
0.025
 50
0
 51
360
 73
1
 97
0
 75
1
 76
1
 98
0
  0
TEXT
  5
65A
330
17
100
AcDbEntity
  8
YAZI
100
AcDbText
 10
92.94
 20
35.035
 30
0.0
 40
0.1
  1
İzolasyon contası (fiber / neopren)
  7
ARIAL
 11
92.94
 21
35.035
 31
0.0
100
AcDbText
 73
1
  0
LWPOLYLINE
  5
65B
330
17
100
AcDbEntity
  8
BALON
100
AcDbPolyline
 90
3
 70
0
 10
90.94999999999999
 20
33.64
 10
92.89999999999999
 20
34.45
 10
94.46799999999999
 20
34.45
  0
HATCH
  5
65C
330
17
100
AcDbEntity
  8
BALON
 62
7
100
AcDbHatch
 10
0.0
 20
0.0
 30
0.0
210
0.0
220
0.0
230
1.0
  2
SOLID
 70
1
 71
0
 91
1
 92
1
 93
1
 72
2
 10
90.94999999999999
 20
33.64
 40
0.025
 50
0
 51
360
 73
1
 97
0
 75
1
 76
1
 98
0
  0
TEXT
  5
65D
330
17
100
AcDbEntity
  8
YAZI
100
AcDbText
 10
92.94
 20
34.485
 30
0.0
 40
0.1
  1
İzolasyon manşonu (G-10)
  7
ARIAL
 11
92.94
 21
34.485
 31
0.0
100
AcDbText
 73
1
  0
LWPOLYLINE
  5
65E
330
17
100
AcDbEntity
  8
BALON
100
AcDbPolyline
 90
3
 70
0
 10
91.4
 20
33.8
 10
92.89999999999999
 20
33.9
 10
94.282
 20
33.9
  0
HATCH
  5
65F
330
17
100
AcDbEntity
  8
BALON
 62
7
100
AcDbHatch
 10
0.0
 20
0.0
 30
0.0
210
0.0
220
0.0
230
1.0
  2
SOLID
 70
1
 71
0
 91
1
 92
1
 93
1
 72
2
 10
91.4
 20
33.8
 40
0.025
 50
0
 51
360
 73
1
 97
0
 75
1
 76
1
 98
0
  0
TEXT
  5
660
330
17
100
AcDbEntity
  8
YAZI
100
AcDbText
 10
92.94
 20
33.934999999999995
 30
0.0
 40
0.1
  1
İzolasyon pulu (G-10)
  7
ARIAL
 11
92.94
 21
33.934999999999995
 31
0.0
100
AcDbText
 73
1
  0
LWPOLYLINE
  5
661
330
17
100
AcDbEntity
  8
BALON
100
AcDbPolyline
 90
3
 70
0
 10
91.66
 20
33.7
 10
92.89999999999999
 20
33.35
 10
94.59199999999998
 20
33.35
  0
HATCH
  5
662
330
17
100
AcDbEntity
  8
BALON
 62
7
100
AcDbHatch
 10
0.0
 20
0.0
 30
0.0
210
0.0
220
0.0
230
1.0
  2
SOLID
 70
1
 71
0
 91
1
 92
1
 93
1
 72
2
 10
91.66
 20
33.7
 40
0.025
 50
0
 51
360
 73
1
 97
0
 75
1
 76
1
 98
0
  0
TEXT
  5
663
330
17
100
AcDbEntity
  8
YAZI
100
AcDbText
 10
92.94
 20
33.385
 30
0.0
 40
0.1
  1
Çelik pul + somun + cıvata
  7
ARIAL
 11
92.94
 21
33.385
 31
0.0
100
AcDbText
 73
1
  0
LWPOLYLINE
  5
664
330
17
100
AcDbEntity
  8
BALON
100
AcDbPolyline
 90
3
 70
0
 10
90.63999999999999
 20
31.3
 10
88.99999999999999
 20
30.5
 10
88.29999999999998
 20
30.5
  0
HATCH
  5
665
330
17
100
AcDbEntity
  8
BALON
 62
7
100
AcDbHatch
 10
0.0
 20
0.0
 30
0.0
210
0.0
220
0.0
230
1.0
  2
SOLID
 70
1
 71
0
 91
1
 92
1
 93
1
 72
2
 10
90.63999999999999
 20
31.3
 40
0.025
 50
0
 51
360
 73
1
 97
0
 75
1
 76
1
 98
0
  0
TEXT
  5
666
330
17
100
AcDbEntity
  8
YAZI
100
AcDbText
 10
88.95999999999998
 20
30.535
 30
0.0
 40
0.1
  1
Flanş PN40
  7
ARIAL
 72
2
 11
88.95999999999998
 21
30.535
 31
0.0
100
AcDbText
 73
1
  0
LWPOLYLINE
  5
667
330
17
100
AcDbEntity
  8
BALON
100
AcDbPolyline
 90
3
 70
0
 10
89.3
 20
31.976
 10
88.99999999999999
 20
29.95
 10
88.29999999999998
 20
29.95
  0
HATCH
  5
668
330
17
100
AcDbEntity
  8
BALON
 62
7
100
AcDbHatch
 10
0.0
 20
0.0
 30
0.0
210
0.0
220
0.0
230
1.0
  2
SOLID
 70
1
 71
0
 91
1
 92
1
 93
1
 72
2
 10
89.3
 20
31.976
 40
0.025
 50
0
 51
360
 73
1
 97
0
 75
1
 76
1
 98
0
  0
TEXT
  5
669
330
17
100
AcDbEntity
  8
YAZI
100
AcDbText
 10
88.95999999999998
 20
29.985
 30
0.0
 40
0.1
  1
SCH80 boru
  7
ARIAL
 72
2
 11
88.95999999999998
 21
29.985
 31
0.0
100
AcDbText
 73
1
  0
TEXT
  5
66A
330
17
100
AcDbEntity
  8
BASLIK
100
AcDbText
 10
78.6
 20
28.3
 30
0.0
 40
0.1275
  1
DETAY-4: TANK KABLO BAĞLANTISI (Ölçek 1/5)
  7
ARIAL
 11
78.6
 21
28.3
 31
0.0
100
AcDbText
 73
1
  0
LWPOLYLINE
  5
66B
330
17
100
AcDbEntity
  8
BASLIK
100
AcDbPolyline
 90
2
 70
0
 10
78.6
 20
28.25
 10
82.1201
 20
28.25
  0
LWPOLYLINE
  5
66C
330
17
100
AcDbEntity
  8
YAZI
100
AcDbPolyline
 90
2
 70
0
 10
78.6
 20
28.21
 10
82.1201
 20
28.21
  0
TEXT
  5
66D
330
17
100
AcDbEntity
  8
YAZI
100
AcDbText
 10
78.6
 20
28.14
 30
0.0
 40
0.1
  1
Termit kaynak / pin brazing
  7
ARIAL
 11
78.6
 21
28.14
 31
0.0
100
AcDbText
 73
3
  0
LWPOLYLINE
  5
66E
330
17
100
AcDbEntity
  8
DETAY
100
AcDbPolyline
 90
2
 70
0
 10
79.19999999999999
 20
24.6
 10
83.19999999999999
 20
24.6
  0
LWPOLYLINE
  5
66F
330
17
100
AcDbEntity
  8
DETAY
100
AcDbPolyline
 90
2
 70
0
 10
79.19999999999999
 20
24.5
 10
83.19999999999999
 20
24.5
  0
HATCH
  5
670
330
17
100
AcDbEntity
  8
DETAY-TARAMA
100
AcDbHatch
 10
0.0
 20
0.0
 30
0.0
210
0.0
220
0.0
230
1.0
  2
ANSI31
 70
0
 71
0
 91
1
 92
3
 72
0
 73
1
 93
4
 10
79.19999999999999
 20
24.5
 10
83.19999999999999
 20
24.5
 10
83.19999999999999
 20
24.6
 10
79.19999999999999
 20
24.6
 97
0
 75
1
 76
1
 52
0.0
 41
0.02
 77
0
 78
1
 53
45.0
 43
0.0
 44
0.0
 45
-0.0449012806
 46
0.0449012806
 79
0
 98
0
  0
LWPOLYLINE
  5
671
330
17
100
AcDbEntity
  8
DETAY-INCE
100
AcDbPolyline
 90
2
 70
0
 10
79.19999999999999
 20
24.650000000000002
 10
80.64999999999999
 20
24.650000000000002
  0
LWPOLYLINE
  5
672
330
17
100
AcDbEntity
  8
DETAY-INCE
100
AcDbPolyline
 90
2
 70
0
 10
81.74999999999999
 20
24.650000000000002
 10
83.19999999999999
 20
24.650000000000002
  0
ARC
  5
673
330
17
100
AcDbEntity
  8
DETAY
100
AcDbCircle
 10
81.19999999999999
 20
24.6
 30
0.0
 40
0.55
100
AcDbArc
 50
0.0
 51
180.0
  0
LWPOLYLINE
  5
674
330
17
100
AcDbEntity
  8
DETAY
100
AcDbPolyline
 90
4
 70
1
 10
81.01999999999998
 20
24.6
 10
81.07999999999998
 20
24.720000000000002
 10
81.32
 20
24.720000000000002
 10
81.38
 20
24.6
  0
HATCH
  5
675
330
17
100
AcDbEntity
  8
DETAY
100
AcDbHatch
 10
0.0
 20
0.0
 30
0.0
210
0.0
220
0.0
230
1.0
  2
SOLID
 70
1
 71
0
 91
1
 92
3
 72
0
 73
1
 93
4
 10
81.01999999999998
 20
24.6
 10
81.07999999999998
 20
24.720000000000002
 10
81.32
 20
24.720000000000002
 10
81.38
 20
24.6
 97
0
 75
1
 76
1
 98
0
  0
LWPOLYLINE
  5
676
330
17
100
AcDbEntity
  8
KK-KABLO
100
AcDbPolyline
 90
5
 70
0
 10
81.19999999999999
 20
24.720000000000002
 10
81.39999999999999
 20
24.900000000000002
 10
82.1
 20
24.900000000000002
 10
82.49999999999999
 20
25.400000000000002
 10
83.19999999999999
 20
25.400000000000002
  0
LWPOLYLINE
  5
677
330
17
100
AcDbEntity
  8
BALON
100
AcDbPolyline
 90
3
 70
0
 10
79.69999999999999
 20
24.55
 10
79.99999999999999
 20
23.85
 10
78.74199999999999
 20
23.85
  0
HATCH
  5
678
330
17
100
AcDbEntity
  8
BALON
 62
7
100
AcDbHatch
 10
0.0
 20
0.0
 30
0.0
210
0.0
220
0.0
230
1.0
  2
SOLID
 70
1
 71
0
 91
1
 92
1
 93
1
 72
2
 10
79.69999999999999
 20
24.55
 40
0.025
 50
0
 51
360
 73
1
 97
0
 75
1
 76
1
 98
0
  0
TEXT
  5
679
330
17
100
AcDbEntity
  8
YAZI
100
AcDbText
 10
79.95999999999998
 20
23.885
 30
0.0
 40
0.1
  1
Tank cidarı (çelik)
  7
ARIAL
 72
2
 11
79.95999999999998
 21
23.885
 31
0.0
100
AcDbText
 73
1
  0
LWPOLYLINE
  5
67A
330
17
100
AcDbEntity
  8
BALON
100
AcDbPolyline
 90
3
 70
0
 10
79.99999999999999
 20
24.650000000000002
 10
80.19999999999999
 20
25.25
 10
79.06599999999999
 20
25.25
  0
HATCH
  5
67B
330
17
100
AcDbEntity
  8
BALON
 62
7
100
AcDbHatch
 10
0.0
 20
0.0
 30
0.0
210
0.0
220
0.0
230
1.0
  2
SOLID
 70
1
 71
0
 91
1
 92
1
 93
1
 72
2
 10
79.99999999999999
 20
24.650000000000002
 40
0.025
 50
0
 51
360
 73
1
 97
0
 75
1
 76
1
 98
0
  0
TEXT
  5
67C
330
17
100
AcDbEntity
  8
YAZI
100
AcDbText
 10
80.15999999999998
 20
25.285
 30
0.0
 40
0.1
  1
Fabrika kaplaması
  7
ARIAL
 72
2
 11
80.15999999999998
 21
25.285
 31
0.0
100
AcDbText
 73
1
  0
LWPOLYLINE
  5
67D
330
17
100
AcDbEntity
  8
BALON
100
AcDbPolyline
 90
3
 70
0
 10
81.19999999999999
 20
24.66
 10
80.85
 20
23.700000000000003
 10
81.73599999999999
 20
23.700000000000003
  0
HATCH
  5
67E
330
17
100
AcDbEntity
  8
BALON
 62
7
100
AcDbHatch
 10
0.0
 20
0.0
 30
0.0
210
0.0
220
0.0
230
1.0
  2
SOLID
 70
1
 71
0
 91
1
 92
1
 93
1
 72
2
 10
81.19999999999999
 20
24.66
 40
0.025
 50
0
 51
360
 73
1
 97
0
 75
1
 76
1
 98
0
  0
TEXT
  5
67F
330
17
100
AcDbEntity
  8
YAZI
100
AcDbText
 10
80.89
 20
23.735000000000003
 30
0.0
 40
0.1
  1
Termit kaynak
  7
ARIAL
 11
80.89
 21
23.735000000000003
 31
0.0
100
AcDbText
 73
1
  0
LWPOLYLINE
  5
680
330
17
100
AcDbEntity
  8
BALON
100
AcDbPolyline
 90
3
 70
0
 10
80.89999999999999
 20
25.07
 10
80.29999999999998
 20
25.75
 10
78.48399999999998
 20
25.75
  0
HATCH
  5
681
330
17
100
AcDbEntity
  8
BALON
 62
7
100
AcDbHatch
 10
0.0
 20
0.0
 30
0.0
210
0.0
220
0.0
230
1.0
  2
SOLID
 70
1
 71
0
 91
1
 92
1
 93
1
 72
2
 10
80.89999999999999
 20
25.07
 40
0.025
 50
0
 51
360
 73
1
 97
0
 75
1
 76
1
 98
0
  0
TEXT
  5
682
330
17
100
AcDbEntity
  8
YAZI
100
AcDbText
 10
80.25999999999998
 20
25.785
 30
0.0
 40
0.1
  1
Epoksi kaplama tamir başlığı
  7
ARIAL
 72
2
 11
80.25999999999998
 21
25.785
 31
0.0
100
AcDbText
 73
1
  0
LWPOLYLINE
  5
683
330
17
100
AcDbEntity
  8
BALON
100
AcDbPolyline
 90
3
 70
0
 10
82.79999999999998
 20
25.400000000000002
 10
83.1
 20
25.85
 10
83.92399999999999
 20
25.85
  0
HATCH
  5
684
330
17
100
AcDbEntity
  8
BALON
 62
7
100
AcDbHatch
 10
0.0
 20
0.0
 30
0.0
210
0.0
220
0.0
230
1.0
  2
SOLID
 70
1
 71
0
 91
1
 92
1
 93
1
 72
2
 10
82.79999999999998
 20
25.400000000000002
 40
0.025
 50
0
 51
360
 73
1
 97
0
 75
1
 76
1
 98
0
  0
TEXT
  5
685
330
17
100
AcDbEntity
  8
YAZI
100
AcDbText
 10
83.14
 20
25.885
 30
0.0
 40
0.1
  1
NYY 1x10 mm²
  7
ARIAL
 11
83.14
 21
25.885
 31
0.0
100
AcDbText
 73
1
  0
TEXT
  5
686
330
17
100
AcDbEntity
  8
BASLIK
100
AcDbText
 10
88.0
 20
28.3
 30
0.0
 40
0.1275
  1
DETAY-5: KALICI REFERANS ELEKTROT (Ölçek 1/10)
  7
ARIAL
 11
88.0
 21
28.3
 31
0.0
100
AcDbText
 73
1
  0
LWPOLYLINE
  5
687
330
17
100
AcDbEntity
  8
BASLIK
100
AcDbPolyline
 90
2
 70
0
 10
88.0
 20
28.25
 10
91.8363
 20
28.25
  0
LWPOLYLINE
  5
688
330
17
100
AcDbEntity
  8
YAZI
100
AcDbPolyline
 90
2
 70
0
 10
88.0
 20
28.21
 10
91.8363
 20
28.21
  0
TEXT
  5
689
330
17
100
AcDbEntity
  8
YAZI
100
AcDbText
 10
88.0
 20
28.14
 30
0.0
 40
0.1
  1
Cu/CuSO4, tank yanına, tank ekseni kotunda
  7
ARIAL
 11
88.0
 21
28.14
 31
0.0
100
AcDbText
 73
3
  0
LWPOLYLINE
  5
68A
330
17
100
AcDbEntity
  8
DETAY
100
AcDbPolyline
 90
4
 70
1
 10
89.62
 20
23.4
 10
90.38
 20
23.4
 10
90.38
 20
24.9
 10
89.62
 20
24.9
  0
HATCH
  5
68B
330
17
100
AcDbEntity
  8
DETAY-TARAMA
100
AcDbHatch
 10
0.0
 20
0.0
 30
0.0
210
0.0
220
0.0
230
1.0
  2
DOTS
 70
0
 71
0
 91
2
 92
3
 72
0
 73
1
 93
4
 10
89.62
 20
23.4
 10
90.38
 20
23.4
 10
90.38
 20
24.9
 10
89.62
 20
24.9
 97
0
 92
3
 72
0
 73
1
 93
4
 10
89.87
 20
23.65
 10
90.13
 20
23.65
 10
90.13
 20
24.65
 10
89.87
 20
24.65
 97
0
 75
1
 76
1
 52
0.0
 41
0.03
 77
0
 78
1
 53
0.0
 43
0.0
 44
0.0
 45
0.0238125
 46
0.047625
 79
2
 49
0.0
 49
-0.047625
 98
0
  0
LWPOLYLINE
  5
68C
330
17
100
AcDbEntity
  8
KK-OLCUM
100
AcDbPolyline
 90
4
 70
1
 10
89.87
 20
23.65
 10
90.13
 20
23.65
 10
90.13
 20
24.65
 10
89.87
 20
24.65
  0
LWPOLYLINE
  5
68D
330
17
100
AcDbEntity
  8
KK-OLCUM
100
AcDbPolyline
 90
4
 70
1
 10
89.9
 20
23.65
 10
90.1
 20
23.65
 10
90.1
 20
23.799999999999997
 10
89.9
 20
23.799999999999997
  0
HATCH
  5
68E
330
17
100
AcDbEntity
  8
KK-OLCUM
 62
8
100
AcDbHatch
 10
0.0
 20
0.0
 30
0.0
210
0.0
220
0.0
230
1.0
  2
SOLID
 70
1
 71
0
 91
1
 92
3
 72
0
 73
1
 93
4
 10
89.9
 20
23.65
 10
90.1
 20
23.65
 10
90.1
 20
23.799999999999997
 10
89.9
 20
23.799999999999997
 97
0
 75
1
 76
1
 98
0
  0
LWPOLYLINE
  5
68F
330
17
100
AcDbEntity
  8
DETAY
100
AcDbPolyline
 90
2
 70
0
 10
90.0
 20
23.799999999999997
 10
90.0
 20
24.599999999999998
  0
LWPOLYLINE
  5
690
330
17
100
AcDbEntity
  8
KK-KABLO
100
AcDbPolyline
 90
4
 70
0
 10
90.0
 20
24.65
 10
90.0
 20
25.5
 10
90.5
 20
25.9
 10
91.2
 20
25.9
  0
DIMENSION
  5
691
330
17
100
AcDbEntity
  8
OLCU
100
AcDbDimension
280
0
  2
*D19
  3
KK10
 10
89.32000000000001
 20
23.4
 30
0.0
 11
89.24000000000001
 21
24.15
 31
0.0
 70
32
 71
5
  1
<>
100
AcDbAlignedDimension
 13
89.62
 23
23.4
 33
0.0
 14
89.62
 24
24.9
 34
0.0
 50
90.0
100
AcDbRotatedDimension
  0
DIMENSION
  5
6A0
330
17
100
AcDbEntity
  8
OLCU
100
AcDbDimension
280
0
  2
*D20
  3
KK10
 10
89.62
 20
23.099999999999998
 30
0.0
 11
90.0
 21
23.179999999999996
 31
0.0
 70
32
 71
5
  1
<>
100
AcDbAlignedDimension
 13
89.62
 23
23.4
 33
0.0
 14
90.38
 24
23.4
 34
0.0
 50
0.0
100
AcDbRotatedDimension
  0
LWPOLYLINE
  5
6AF
330
17
100
AcDbEntity
  8
BALON
100
AcDbPolyline
 90
3
 70
0
 10
90.0
 20
23.72
 10
91.1
 20
23.65
 10
92.41999999999999
 20
23.65
  0
HATCH
  5
6B0
330
17
100
AcDbEntity
  8
BALON
 62
7
100
AcDbHatch
 10
0.0
 20
0.0
 30
0.0
210
0.0
220
0.0
230
1.0
  2
SOLID
 70
1
 71
0
 91
1
 92
1
 93
1
 72
2
 10
90.0
 20
23.72
 40
0.025
 50
0
 51
360
 73
1
 97
0
 75
1
 76
1
 98
0
  0
TEXT
  5
6B1
330
17
100
AcDbEntity
  8
YAZI
100
AcDbText
 10
91.14
 20
23.685
 30
0.0
 40
0.1
  1
Seramik gözenekli uç
  7
ARIAL
 11
91.14
 21
23.685
 31
0.0
100
AcDbText
 73
1
  0
LWPOLYLINE
  5
6B2
330
17
100
AcDbEntity
  8
BALON
100
AcDbPolyline
 90
3
 70
0
 10
90.05
 20
24.2
 10
91.1
 20
24.15
 10
93.10199999999999
 20
24.15
  0
HATCH
  5
6B3
330
17
100
AcDbEntity
  8
BALON
 62
7
100
AcDbHatch
 10
0.0
 20
0.0
 30
0.0
210
0.0
220
0.0
230
1.0
  2
SOLID
 70
1
 71
0
 91
1
 92
1
 93
1
 72
2
 10
90.05
 20
24.2
 40
0.025
 50
0
 51
360
 73
1
 97
0
 75
1
 76
1
 98
0
  0
TEXT
  5
6B4
330
17
100
AcDbEntity
  8
YAZI
100
AcDbText
 10
91.14
 20
24.185
 30
0.0
 40
0.1
  1
Cu çubuk + CuSO4 doygun çözelti
  7
ARIAL
 11
91.14
 21
24.185
 31
0.0
100
AcDbText
 73
1
  0
LWPOLYLINE
  5
6B5
330
17
100
AcDbEntity
  8
BALON
100
AcDbPolyline
 90
3
 70
0
 10
90.3
 20
24.5
 10
91.1
 20
24.65
 10
92.916
 20
24.65
  0
HATCH
  5
6B6
330
17
100
AcDbEntity
  8
BALON
 62
7
100
AcDbHatch
 10
0.0
 20
0.0
 30
0.0
210
0.0
220
0.0
230
1.0
  2
SOLID
 70
1
 71
0
 91
1
 92
1
 93
1
 72
2
 10
90.3
 20
24.5
 40
0.025
 50
0
 51
360
 73
1
 97
0
 75
1
 76
1
 98
0
  0
TEXT
  5
6B7
330
17
100
AcDbEntity
  8
YAZI
100
AcDbText
 10
91.14
 20
24.685
 30
0.0
 40
0.1
  1
Özel dolgu (jips + bentonit)
  7
ARIAL
 11
91.14
 21
24.685
 31
0.0
100
AcDbText
 73
1
  0
LWPOLYLINE
  5
6B8
330
17
100
AcDbEntity
  8
BALON
100
AcDbPolyline
 90
3
 70
0
 10
90.9
 20
25.9
 10
91.4
 20
26.299999999999997
 10
93.65
 20
26.299999999999997
  0
HATCH
  5
6B9
330
17
100
AcDbEntity
  8
BALON
 62
7
100
AcDbHatch
 10
0.0
 20
0.0
 30
0.0
210
0.0
220
0.0
230
1.0
  2
SOLID
 70
1
 71
0
 91
1
 92
1
 93
1
 72
2
 10
90.9
 20
25.9
 40
0.025
 50
0
 51
360
 73
1
 97
0
 75
1
 76
1
 98
0
  0
TEXT
  5
6BA
330
17
100
AcDbEntity
  8
YAZI
100
AcDbText
 10
91.44000000000001
 20
26.334999999999997
 30
0.0
 40
0.1
  1
Kablo 1x6 mm² (ÖK-1 RE terminaline)
  7
ARIAL
 11
91.44000000000001
 21
26.334999999999997
 31
0.0
100
AcDbText
 73
1
  0
TEXT
  5
6BB
330
17
100
AcDbEntity
  8
BASLIK
100
AcDbText
 10
78.6
 20
21.0
 30
0.0
 40
0.1275
  1
KATODİK KORUMA HESABI
  7
ARIAL
 11
78.6
 21
21.0
 31
0.0
100
AcDbText
 73
1
  0
LWPOLYLINE
  5
6BC
330
17
100
AcDbEntity
  8
BASLIK
100
AcDbPolyline
 90
2
 70
0
 10
78.6
 20
20.95
 10
80.46005
 20
20.95
  0
LWPOLYLINE
  5
6BD
330
17
100
AcDbEntity
  8
YAZI
100
AcDbPolyline
 90
2
 70
0
 10
78.6
 20
20.91
 10
80.46005
 20
20.91
  0
LWPOLYLINE
  5
6BE
330
17
100
AcDbEntity
  8
TABLO
100
AcDbPolyline
 90
4
 70
1
 10
78.6
 20
20.39
 10
96.69999999999999
 20
20.39
 10
96.69999999999999
 20
20.75
 10
78.6
 20
20.75
  0
HATCH
  5
6BF
330
17
100
AcDbEntity
  8
TABLO-INCE
100
AcDbHatch
 10
0.0
 20
0.0
 30
0.0
210
0.0
220
0.0
230
1.0
  2
ANSI31
 70
0
 71
0
 91
1
 92
3
 72
0
 73
1
 93
4
 10
78.6
 20
20.39
 10
96.69999999999999
 20
20.39
 10
96.69999999999999
 20
20.75
 10
78.6
 20
20.75
 97
0
 75
1
 76
1
 52
0.0
 41
0.02
 77
0
 78
1
 53
45.0
 43
0.0
 44
0.0
 45
-0.0449012806
 46
0.0449012806
 79
0
 98
0
  0
TEXT
  5
6C0
330
17
100
AcDbEntity
  8
YAZI
100
AcDbText
 10
83.69999999999999
 20
20.57
 30
0.0
 40
0.1
  1
PARAMETRE
  7
ARIAL
 72
1
 11
83.69999999999999
 21
20.57
 31
0.0
100
AcDbText
 73
2
  0
TEXT
  5
6C1
330
17
100
AcDbEntity
  8
YAZI
100
AcDbText
 10
92.75
 20
20.57
 30
0.0
 40
0.1
  1
DEĞER
  7
ARIAL
 72
1
 11
92.75
 21
20.57
 31
0.0
100
AcDbText
 73
2
  0
LWPOLYLINE
  5
6C2
330
17
100
AcDbEntity
  8
TABLO-INCE
100
AcDbPolyline
 90
2
 70
0
 10
78.6
 20
20.09
 10
96.69999999999999
 20
20.09
  0
TEXT
  5
6C3
330
17
100
AcDbEntity
  8
YAZI
100
AcDbText
 10
78.67999999999999
 20
20.240000000000002
 30
0.0
 40
0.1
  1
Korunan yapı
  7
ARIAL
 11
78.67999999999999
 21
20.240000000000002
 31
0.0
100
AcDbText
 73
2
  0
TEXT
  5
6C4
330
17
100
AcDbEntity
  8
YAZI
100
AcDbText
 10
88.88
 20
20.240000000000002
 30
0.0
 40
0.1
  1
LPG tankı 10 m³ + toprak altı LPG hatları
  7
ARIAL
 11
88.88
 21
20.240000000000002
 31
0.0
100
AcDbText
 73
2
  0
LWPOLYLINE
  5
6C5
330
17
100
AcDbEntity
  8
TABLO-INCE
100
AcDbPolyline
 90
2
 70
0
 10
78.6
 20
19.79
 10
96.69999999999999
 20
19.79
  0
TEXT
  5
6C6
330
17
100
AcDbEntity
  8
YAZI
100
AcDbText
 10
78.67999999999999
 20
19.94
 30
0.0
 40
0.1
  1
Tank yüzeyi (Ø1,60 x 5,40 m, 2:1 bombeli)
  7
ARIAL
 11
78.67999999999999
 21
19.94
 31
0.0
100
AcDbText
 73
2
  0
TEXT
  5
6C7
330
17
100
AcDbEntity
  8
YAZI
100
AcDbText
 10
88.88
 20
19.94
 30
0.0
 40
0.1
  1
At = 28.7 m²
  7
ARIAL
 11
88.88
 21
19.94
 31
0.0
100
AcDbText
 73
2
  0
LWPOLYLINE
  5
6C8
330
17
100
AcDbEntity
  8
TABLO-INCE
100
AcDbPolyline
 90
2
 70
0
 10
78.6
 20
19.49
 10
96.69999999999999
 20
19.49
  0
TEXT
  5
6C9
330
17
100
AcDbEntity
  8
YAZI
100
AcDbText
 10
78.67999999999999
 20
19.64
 30
0.0
 40
0.1
  1
Hat yüzeyi (26 m, ort. Ø42 mm)
  7
ARIAL
 11
78.67999999999999
 21
19.64
 31
0.0
100
AcDbText
 73
2
  0
TEXT
  5
6CA
330
17
100
AcDbEntity
  8
YAZI
100
AcDbText
 10
88.88
 20
19.64
 30
0.0
 40
0.1
  1
Ah = 3.5 m²
  7
ARIAL
 11
88.88
 21
19.64
 31
0.0
100
AcDbText
 73
2
  0
LWPOLYLINE
  5
6CB
330
17
100
AcDbEntity
  8
TABLO-INCE
100
AcDbPolyline
 90
2
 70
0
 10
78.6
 20
19.189999999999998
 10
96.69999999999999
 20
19.189999999999998
  0
TEXT
  5
6CC
330
17
100
AcDbEntity
  8
YAZI
100
AcDbText
 10
78.67999999999999
 20
19.34
 30
0.0
 40
0.1
  1
Toplam yüzey
  7
ARIAL
 11
78.67999999999999
 21
19.34
 31
0.0
100
AcDbText
 73
2
  0
TEXT
  5
6CD
330
17
100
AcDbEntity
  8
YAZI
100
AcDbText
 10
88.88
 20
19.34
 30
0.0
 40
0.1
  1
A = 32.2 m²
  7
ARIAL
 11
88.88
 21
19.34
 31
0.0
100
AcDbText
 73
2
  0
LWPOLYLINE
  5
6CE
330
17
100
AcDbEntity
  8
TABLO-INCE
100
AcDbPolyline
 90
2
 70
0
 10
78.6
 20
18.889999999999997
 10
96.69999999999999
 20
18.889999999999997
  0
TEXT
  5
6CF
330
17
100
AcDbEntity
  8
YAZI
100
AcDbText
 10
78.67999999999999
 20
19.04
 30
0.0
 40
0.1
  1
Çıplak çelik akım yoğunluğu (zemin)
  7
ARIAL
 11
78.67999999999999
 21
19.04
 31
0.0
100
AcDbText
 73
2
  0
TEXT
  5
6D0
330
17
100
AcDbEntity
  8
YAZI
100
AcDbText
 10
88.88
 20
19.04
 30
0.0
 40
0.1
  1
ib = 20 mA/m²
  7
ARIAL
 11
88.88
 21
19.04
 31
0.0
100
AcDbText
 73
2
  0
LWPOLYLINE
  5
6D1
330
17
100
AcDbEntity
  8
TABLO-INCE
100
AcDbPolyline
 90
2
 70
0
 10
78.6
 20
18.589999999999996
 10
96.69999999999999
 20
18.589999999999996
  0
TEXT
  5
6D2
330
17
100
AcDbEntity
  8
YAZI
100
AcDbText
 10
78.67999999999999
 20
18.74
 30
0.0
 40
0.1
  1
Ortalama kaplama verimi / emniyet katsayısı
  7
ARIAL
 11
78.67999999999999
 21
18.74
 31
0.0
100
AcDbText
 73
2
  0
TEXT
  5
6D3
330
17
100
AcDbEntity
  8
YAZI
100
AcDbText
 10
88.88
 20
18.74
 30
0.0
 40
0.1
  1
%95  /  1.25
  7
ARIAL
 11
88.88
 21
18.74
 31
0.0
100
AcDbText
 73
2
  0
LWPOLYLINE
  5
6D4
330
17
100
AcDbEntity
  8
TABLO-INCE
100
AcDbPolyline
 90
2
 70
0
 10
78.6
 20
18.289999999999996
 10
96.69999999999999
 20
18.289999999999996
  0
TEXT
  5
6D5
330
17
100
AcDbEntity
  8
YAZI
100
AcDbText
 10
78.67999999999999
 20
18.439999999999998
 30
0.0
 40
0.1
  1
Tasarım akım yoğunluğu  i = ib x (1-η) x k
  7
ARIAL
 11
78.67999999999999
 21
18.439999999999998
 31
0.0
100
AcDbText
 73
2
  0
TEXT
  5
6D6
330
17
100
AcDbEntity
  8
YAZI
100
AcDbText
 10
88.88
 20
18.439999999999998
 30
0.0
 40
0.1
  1
i = 1.25 mA/m²
  7
ARIAL
 11
88.88
 21
18.439999999999998
 31
0.0
100
AcDbText
 73
2
  0
LWPOLYLINE
  5
6D7
330
17
100
AcDbEntity
  8
TABLO-INCE
100
AcDbPolyline
 90
2
 70
0
 10
78.6
 20
17.989999999999995
 10
96.69999999999999
 20
17.989999999999995
  0
TEXT
  5
6D8
330
17
100
AcDbEntity
  8
YAZI
100
AcDbText
 10
78.67999999999999
 20
18.139999999999997
 30
0.0
 40
0.1
  1
Gerekli koruma akımı  I = A x i
  7
ARIAL
 11
78.67999999999999
 21
18.139999999999997
 31
0.0
100
AcDbText
 73
2
  0
TEXT
  5
6D9
330
17
100
AcDbEntity
  8
YAZI
100
AcDbText
 10
88.88
 20
18.139999999999997
 30
0.0
 40
0.1
  1
I = 40 mA
  7
ARIAL
 11
88.88
 21
18.139999999999997
 31
0.0
100
AcDbText
 73
2
  0
LWPOLYLINE
  5
6DA
330
17
100
AcDbEntity
  8
TABLO-INCE
100
AcDbPolyline
 90
2
 70
0
 10
78.6
 20
17.689999999999994
 10
96.69999999999999
 20
17.689999999999994
  0
TEXT
  5
6DB
330
17
100
AcDbEntity
  8
YAZI
100
AcDbText
 10
78.67999999999999
 20
17.839999999999996
 30
0.0
 40
0.1
  1
Zemin özdirenci
  7
ARIAL
 11
78.67999999999999
 21
17.839999999999996
 31
0.0
100
AcDbText
 73
2
  0
TEXT
  5
6DC
330
17
100
AcDbEntity
  8
YAZI
100
AcDbText
 10
88.88
 20
17.839999999999996
 30
0.0
 40
0.1
  1
ρ = 30 Ω·m
  7
ARIAL
 11
88.88
 21
17.839999999999996
 31
0.0
100
AcDbText
 73
2
  0
LWPOLYLINE
  5
6DD
330
17
100
AcDbEntity
  8
TABLO-INCE
100
AcDbPolyline
 90
2
 70
0
 10
78.6
 20
17.389999999999993
 10
96.69999999999999
 20
17.389999999999993
  0
TEXT
  5
6DE
330
17
100
AcDbEntity
  8
YAZI
100
AcDbText
 10
78.67999999999999
 20
17.539999999999996
 30
0.0
 40
0.1
  1
Anot direnci (Dwight)  R = ρ/(2πL)·[ln(8L/d) - 1]
  7
ARIAL
 11
78.67999999999999
 21
17.539999999999996
 31
0.0
100
AcDbText
 73
2
  0
TEXT
  5
6DF
330
17
100
AcDbEntity
  8
YAZI
100
AcDbText
 10
88.88
 20
17.539999999999996
 30
0.0
 40
0.1
  1
10 Lb: 22.5 Ω  /  3,5 Lb: 31.8 Ω
  7
ARIAL
 11
88.88
 21
17.539999999999996
 31
0.0
100
AcDbText
 73
2
  0
LWPOLYLINE
  5
6E0
330
17
100
AcDbEntity
  8
TABLO-INCE
100
AcDbPolyline
 90
2
 70
0
 10
78.6
 20
17.089999999999993
 10
96.69999999999999
 20
17.089999999999993
  0
TEXT
  5
6E1
330
17
100
AcDbEntity
  8
YAZI
100
AcDbText
 10
78.67999999999999
 20
17.239999999999995
 30
0.0
 40
0.1
  1
Sürücü gerilim  ΔE = |-1.75| - |-0.85|
  7
ARIAL
 11
78.67999999999999
 21
17.239999999999995
 31
0.0
100
AcDbText
 73
2
  0
TEXT
  5
6E2
330
17
100
AcDbEntity
  8
YAZI
100
AcDbText
 10
88.88
 20
17.239999999999995
 30
0.0
 40
0.1
  1
ΔE = 0.90 V
  7
ARIAL
 11
88.88
 21
17.239999999999995
 31
0.0
100
AcDbText
 73
2
  0
LWPOLYLINE
  5
6E3
330
17
100
AcDbEntity
  8
TABLO-INCE
100
AcDbPolyline
 90
2
 70
0
 10
78.6
 20
16.789999999999992
 10
96.69999999999999
 20
16.789999999999992
  0
TEXT
  5
6E4
330
17
100
AcDbEntity
  8
YAZI
100
AcDbText
 10
78.67999999999999
 20
16.939999999999994
 30
0.0
 40
0.1
  1
Anot çıkış akımı  Ia = ΔE / R
  7
ARIAL
 11
78.67999999999999
 21
16.939999999999994
 31
0.0
100
AcDbText
 73
2
  0
TEXT
  5
6E5
330
17
100
AcDbEntity
  8
YAZI
100
AcDbText
 10
88.88
 20
16.939999999999994
 30
0.0
 40
0.1
  1
10 Lb: 40 mA  /  3,5 Lb: 28 mA
  7
ARIAL
 11
88.88
 21
16.939999999999994
 31
0.0
100
AcDbText
 73
2
  0
LWPOLYLINE
  5
6E6
330
17
100
AcDbEntity
  8
TABLO-INCE
100
AcDbPolyline
 90
2
 70
0
 10
78.6
 20
16.48999999999999
 10
96.69999999999999
 20
16.48999999999999
  0
TEXT
  5
6E7
330
17
100
AcDbEntity
  8
YAZI
 62
30
100
AcDbText
 10
78.67999999999999
 20
16.639999999999993
 30
0.0
 40
0.1
  1
Toplam anot kapasitesi (2 x 10 Lb + 2 x 3,5 Lb)
  7
ARIAL
 11
78.67999999999999
 21
16.639999999999993
 31
0.0
100
AcDbText
 73
2
  0
TEXT
  5
6E8
330
17
100
AcDbEntity
  8
YAZI
 62
30
100
AcDbText
 10
88.88
 20
16.639999999999993
 30
0.0
 40
0.1
  1
137 mA  ≥  40 mA  UYGUN
  7
ARIAL
 11
88.88
 21
16.639999999999993
 31
0.0
100
AcDbText
 73
2
  0
LWPOLYLINE
  5
6E9
330
17
100
AcDbEntity
  8
TABLO-INCE
100
AcDbPolyline
 90
2
 70
0
 10
78.6
 20
16.18999999999999
 10
96.69999999999999
 20
16.18999999999999
  0
TEXT
  5
6EA
330
17
100
AcDbEntity
  8
YAZI
 62
30
100
AcDbText
 10
78.67999999999999
 20
16.339999999999993
 30
0.0
 40
0.1
  1
Gerekli anot kütlesi (20 yıl, Q=1230 Ah/kg, u=0.85)
  7
ARIAL
 11
78.67999999999999
 21
16.339999999999993
 31
0.0
100
AcDbText
 73
2
  0
TEXT
  5
6EB
330
17
100
AcDbEntity
  8
YAZI
 62
30
100
AcDbText
 10
88.88
 20
16.339999999999993
 30
0.0
 40
0.1
  1
6.7 kg  ≤  12.2 kg  UYGUN
  7
ARIAL
 11
88.88
 21
16.339999999999993
 31
0.0
100
AcDbText
 73
2
  0
LWPOLYLINE
  5
6EC
330
17
100
AcDbEntity
  8
TABLO-INCE
100
AcDbPolyline
 90
2
 70
0
 10
78.6
 20
15.88999999999999
 10
96.69999999999999
 20
15.88999999999999
  0
TEXT
  5
6ED
330
17
100
AcDbEntity
  8
YAZI
 62
30
100
AcDbText
 10
78.67999999999999
 20
16.039999999999992
 30
0.0
 40
0.1
  1
Hesaplanan anot ömrü  t = M·Q·u / (I·8760)
  7
ARIAL
 11
78.67999999999999
 21
16.039999999999992
 31
0.0
100
AcDbText
 73
2
  0
TEXT
  5
6EE
330
17
100
AcDbEntity
  8
YAZI
 62
30
100
AcDbText
 10
88.88
 20
16.039999999999992
 30
0.0
 40
0.1
  1
t ≈ 36 yıl  ≥  20 yıl  UYGUN
  7
ARIAL
 11
88.88
 21
16.039999999999992
 31
0.0
100
AcDbText
 73
2
  0
LWPOLYLINE
  5
6EF
330
17
100
AcDbEntity
  8
TABLO
100
AcDbPolyline
 90
4
 70
1
 10
78.6
 20
15.88999999999999
 10
96.69999999999999
 20
15.88999999999999
 10
96.69999999999999
 20
20.75
 10
78.6
 20
20.75
  0
LWPOLYLINE
  5
6F0
330
17
100
AcDbEntity
  8
TABLO-INCE
100
AcDbPolyline
 90
2
 70
0
 10
88.8
 20
15.88999999999999
 10
88.8
 20
20.75
  0
TEXT
  5
6F1
330
17
100
AcDbEntity
  8
YAZI
 62
3
100
AcDbText
 10
78.6
 20
15.64
 30
0.0
 40
0.1
  1
Sonuç: 4 adet Mg anot ile tank ve hatlar için gerekli koruma akımı ve 20 yıllık ömür sağlanmaktadır.
  7
ARIAL
 11
78.6
 21
15.64
 31
0.0
100
AcDbText
 73
3
  0
TEXT
  5
6F2
330
17
100
AcDbEntity
  8
YAZI
 62
3
100
AcDbText
 10
78.6
 20
15.41
 30
0.0
 40
0.1
  1
Devreye alma ve periyodik ölçümlerde Eoff ≤ -850 mV sağlanamazsa ilave anot tesis edilecektir.
  7
ARIAL
 11
78.6
 21
15.41
 31
0.0
100
AcDbText
 73
3
  0
LWPOLYLINE
  5
6F3
330
17
100
AcDbEntity
  8
PAFTA
100
AcDbPolyline
 90
4
 70
1
 10
-12.26
 20
-0.71
 10
97.6
 20
-0.71
 10
97.6
 20
37.3
 10
-12.26
 20
37.3
  0
LWPOLYLINE
  5
6F4
330
17
100
AcDbEntity
  8
ANTET-INCE
100
AcDbPolyline
 90
2
 70
0
 10
39.9
 20
-0.71
 10
39.9
 20
37.3
  0
LWPOLYLINE
  5
6F5
330
17
100
AcDbEntity
  8
ANTET-INCE
100
AcDbPolyline
 90
2
 70
0
 10
58.2
 20
-0.71
 10
58.2
 20
37.3
  0
LWPOLYLINE
  5
6F6
330
17
100
AcDbEntity
  8
ANTET-INCE
100
AcDbPolyline
 90
2
 70
0
 10
78.2
 20
-0.71
 10
78.2
 20
37.3
  0
LWPOLYLINE
  5
6F7
330
17
100
AcDbEntity
  8
ANTET-INCE
100
AcDbPolyline
 90
2
 70
0
 10
39.9
 20
15.75
 10
58.2
 20
15.75
  0
LWPOLYLINE
  5
6F8
330
17
100
AcDbEntity
  8
ANTET-INCE
100
AcDbPolyline
 90
2
 70
0
 10
58.2
 20
25.65
 10
78.2
 20
25.65
  0
LWPOLYLINE
  5
6F9
330
17
100
AcDbEntity
  8
ANTET-INCE
100
AcDbPolyline
 90
2
 70
0
 10
58.2
 20
12.2
 10
78.2
 20
12.2
  0
LWPOLYLINE
  5
6FA
330
17
100
AcDbEntity
  8
ANTET-INCE
100
AcDbPolyline
 90
2
 70
0
 10
78.2
 20
29.0
 10
97.6
 20
29.0
  0
LWPOLYLINE
  5
6FB
330
17
100
AcDbEntity
  8
ANTET-INCE
100
AcDbPolyline
 90
2
 70
0
 10
78.2
 20
21.65
 10
97.6
 20
21.65
  0
LWPOLYLINE
  5
6FC
330
17
100
AcDbEntity
  8
ANTET-INCE
100
AcDbPolyline
 90
2
 70
0
 10
87.2
 20
29.0
 10
87.2
 20
37.3
  0
LWPOLYLINE
  5
6FD
330
17
100
AcDbEntity
  8
ANTET-INCE
100
AcDbPolyline
 90
2
 70
0
 10
87.2
 20
21.65
 10
87.2
 20
29.0
  0
TEXT
  5
6FE
330
17
100
AcDbEntity
  8
BASLIK
100
AcDbText
 10
78.6
 20
13.05
 30
0.0
 40
0.1275
  1
DEVREYE ALMA / PERİYODİK ÖLÇÜM FORMU
  7
ARIAL
 11
78.6
 21
13.05
 31
0.0
100
AcDbText
 73
1
  0
LWPOLYLINE
  5
6FF
330
17
100
AcDbEntity
  8
BASLIK
100
AcDbPolyline
 90
2
 70
0
 10
78.6
 20
13.0
 10
81.6458
 20
13.0
  0
LWPOLYLINE
  5
700
330
17
100
AcDbEntity
  8
YAZI
100
AcDbPolyline
 90
2
 70
0
 10
78.6
 20
12.96
 10
81.6458
 20
12.96
  0
LWPOLYLINE
  5
701
330
17
100
AcDbEntity
  8
TABLO
100
AcDbPolyline
 90
4
 70
1
 10
78.6
 20
12.39
 10
97.69999999999999
 20
12.39
 10
97.69999999999999
 20
12.75
 10
78.6
 20
12.75
  0
HATCH
  5
702
330
17
100
AcDbEntity
  8
TABLO-INCE
100
AcDbHatch
 10
0.0
 20
0.0
 30
0.0
210
0.0
220
0.0
230
1.0
  2
ANSI31
 70
0
 71
0
 91
1
 92
3
 72
0
 73
1
 93
4
 10
78.6
 20
12.39
 10
97.69999999999999
 20
12.39
 10
97.69999999999999
 20
12.75
 10
78.6
 20
12.75
 97
0
 75
1
 76
1
 52
0.0
 41
0.02
 77
0
 78
1
 53
45.0
 43
0.0
 44
0.0
 45
-0.0449012806
 46
0.0449012806
 79
0
 98
0
  0
TEXT
  5
703
330
17
100
AcDbEntity
  8
YAZI
100
AcDbText
 10
80.25
 20
12.57
 30
0.0
 40
0.1
  1
ÖLÇÜM NOKTASI
  7
ARIAL
 72
1
 11
80.25
 21
12.57
 31
0.0
100
AcDbText
 73
2
  0
TEXT
  5
704
330
17
100
AcDbEntity
  8
YAZI
100
AcDbText
 10
85.1
 20
12.57
 30
0.0
 40
0.1
  1
ÖLÇÜM
  7
ARIAL
 72
1
 11
85.1
 21
12.57
 31
0.0
100
AcDbText
 73
2
  0
TEXT
  5
705
330
17
100
AcDbEntity
  8
YAZI
100
AcDbText
 10
89.8
 20
12.57
 30
0.0
 40
0.1
  1
KRİTER
  7
ARIAL
 72
1
 11
89.8
 21
12.57
 31
0.0
100
AcDbText
 73
2
  0
TEXT
  5
706
330
17
100
AcDbEntity
  8
YAZI
100
AcDbText
 10
92.7
 20
12.57
 30
0.0
 40
0.1
  1
ÖLÇÜLEN
  7
ARIAL
 72
1
 11
92.7
 21
12.57
 31
0.0
100
AcDbText
 73
2
  0
TEXT
  5
707
330
17
100
AcDbEntity
  8
YAZI
100
AcDbText
 10
95.89999999999999
 20
12.57
 30
0.0
 40
0.1
  1
TARİH / İMZA
  7
ARIAL
 72
1
 11
95.89999999999999
 21
12.57
 31
0.0
100
AcDbText
 73
2
  0
LWPOLYLINE
  5
708
330
17
100
AcDbEntity
  8
TABLO-INCE
100
AcDbPolyline
 90
2
 70
0
 10
78.6
 20
12.09
 10
97.69999999999999
 20
12.09
  0
TEXT
  5
709
330
17
100
AcDbEntity
  8
YAZI
100
AcDbText
 10
78.67999999999999
 20
12.24
 30
0.0
 40
0.1
  1
ÖK-1 / T1
  7
ARIAL
 11
78.67999999999999
 21
12.24
 31
0.0
100
AcDbText
 73
2
  0
TEXT
  5
70A
330
17
100
AcDbEntity
  8
YAZI
100
AcDbText
 10
81.97999999999999
 20
12.24
 30
0.0
 40
0.1
  1
Tank-zemin potansiyeli Eon / Eoff
  7
ARIAL
 11
81.97999999999999
 21
12.24
 31
0.0
100
AcDbText
 73
2
  0
TEXT
  5
70B
330
17
100
AcDbEntity
  8
YAZI
100
AcDbText
 10
89.8
 20
12.24
 30
0.0
 40
0.1
  1
Eoff ≤ -850 mV
  7
ARIAL
 72
1
 11
89.8
 21
12.24
 31
0.0
100
AcDbText
 73
2
  0
TEXT
  5
70C
330
17
100
AcDbEntity
  8
YAZI
100
AcDbText
 10
92.7
 20
12.24
 30
0.0
 40
0.1
  1

  7
ARIAL
 72
1
 11
92.7
 21
12.24
 31
0.0
100
AcDbText
 73
2
  0
TEXT
  5
70D
330
17
100
AcDbEntity
  8
YAZI
100
AcDbText
 10
95.89999999999999
 20
12.24
 30
0.0
 40
0.1
  1

  7
ARIAL
 72
1
 11
95.89999999999999
 21
12.24
 31
0.0
100
AcDbText
 73
2
  0
LWPOLYLINE
  5
70E
330
17
100
AcDbEntity
  8
TABLO-INCE
100
AcDbPolyline
 90
2
 70
0
 10
78.6
 20
11.79
 10
97.69999999999999
 20
11.79
  0
TEXT
  5
70F
330
17
100
AcDbEntity
  8
YAZI
100
AcDbText
 10
78.67999999999999
 20
11.94
 30
0.0
 40
0.1
  1
ÖK-1 / MA-1
  7
ARIAL
 11
78.67999999999999
 21
11.94
 31
0.0
100
AcDbText
 73
2
  0
TEXT
  5
710
330
17
100
AcDbEntity
  8
YAZI
100
AcDbText
 10
81.97999999999999
 20
11.94
 30
0.0
 40
0.1
  1
Anot akımı (şönt mV / 0,01 Ω)
  7
ARIAL
 11
81.97999999999999
 21
11.94
 31
0.0
100
AcDbText
 73
2
  0
TEXT
  5
711
330
17
100
AcDbEntity
  8
YAZI
100
AcDbText
 10
89.8
 20
11.94
 30
0.0
 40
0.1
  1
> 0 mA
  7
ARIAL
 72
1
 11
89.8
 21
11.94
 31
0.0
100
AcDbText
 73
2
  0
TEXT
  5
712
330
17
100
AcDbEntity
  8
YAZI
100
AcDbText
 10
92.7
 20
11.94
 30
0.0
 40
0.1
  1

  7
ARIAL
 72
1
 11
92.7
 21
11.94
 31
0.0
100
AcDbText
 73
2
  0
TEXT
  5
713
330
17
100
AcDbEntity
  8
YAZI
100
AcDbText
 10
95.89999999999999
 20
11.94
 30
0.0
 40
0.1
  1

  7
ARIAL
 72
1
 11
95.89999999999999
 21
11.94
 31
0.0
100
AcDbText
 73
2
  0
LWPOLYLINE
  5
714
330
17
100
AcDbEntity
  8
TABLO-INCE
100
AcDbPolyline
 90
2
 70
0
 10
78.6
 20
11.489999999999998
 10
97.69999999999999
 20
11.489999999999998
  0
TEXT
  5
715
330
17
100
AcDbEntity
  8
YAZI
100
AcDbText
 10
78.67999999999999
 20
11.639999999999999
 30
0.0
 40
0.1
  1
ÖK-1 / MA-2
  7
ARIAL
 11
78.67999999999999
 21
11.639999999999999
 31
0.0
100
AcDbText
 73
2
  0
TEXT
  5
716
330
17
100
AcDbEntity
  8
YAZI
100
AcDbText
 10
81.97999999999999
 20
11.639999999999999
 30
0.0
 40
0.1
  1
Anot akımı (şönt mV / 0,01 Ω)
  7
ARIAL
 11
81.97999999999999
 21
11.639999999999999
 31
0.0
100
AcDbText
 73
2
  0
TEXT
  5
717
330
17
100
AcDbEntity
  8
YAZI
100
AcDbText
 10
89.8
 20
11.639999999999999
 30
0.0
 40
0.1
  1
> 0 mA
  7
ARIAL
 72
1
 11
89.8
 21
11.639999999999999
 31
0.0
100
AcDbText
 73
2
  0
TEXT
  5
718
330
17
100
AcDbEntity
  8
YAZI
100
AcDbText
 10
92.7
 20
11.639999999999999
 30
0.0
 40
0.1
  1

  7
ARIAL
 72
1
 11
92.7
 21
11.639999999999999
 31
0.0
100
AcDbText
 73
2
  0
TEXT
  5
719
330
17
100
AcDbEntity
  8
YAZI
100
AcDbText
 10
95.89999999999999
 20
11.639999999999999
 30
0.0
 40
0.1
  1

  7
ARIAL
 72
1
 11
95.89999999999999
 21
11.639999999999999
 31
0.0
100
AcDbText
 73
2
  0
LWPOLYLINE
  5
71A
330
17
100
AcDbEntity
  8
TABLO-INCE
100
AcDbPolyline
 90
2
 70
0
 10
78.6
 20
11.189999999999998
 10
97.69999999999999
 20
11.189999999999998
  0
TEXT
  5
71B
330
17
100
AcDbEntity
  8
YAZI
100
AcDbText
 10
78.67999999999999
 20
11.339999999999998
 30
0.0
 40
0.1
  1
ÖK-2 / Hat
  7
ARIAL
 11
78.67999999999999
 21
11.339999999999998
 31
0.0
100
AcDbText
 73
2
  0
TEXT
  5
71C
330
17
100
AcDbEntity
  8
YAZI
100
AcDbText
 10
81.97999999999999
 20
11.339999999999998
 30
0.0
 40
0.1
  1
Hat-zemin potansiyeli Eon / Eoff
  7
ARIAL
 11
81.97999999999999
 21
11.339999999999998
 31
0.0
100
AcDbText
 73
2
  0
TEXT
  5
71D
330
17
100
AcDbEntity
  8
YAZI
100
AcDbText
 10
89.8
 20
11.339999999999998
 30
0.0
 40
0.1
  1
Eoff ≤ -850 mV
  7
ARIAL
 72
1
 11
89.8
 21
11.339999999999998
 31
0.0
100
AcDbText
 73
2
  0
TEXT
  5
71E
330
17
100
AcDbEntity
  8
YAZI
100
AcDbText
 10
92.7
 20
11.339999999999998
 30
0.0
 40
0.1
  1

  7
ARIAL
 72
1
 11
92.7
 21
11.339999999999998
 31
0.0
100
AcDbText
 73
2
  0
TEXT
  5
71F
330
17
100
AcDbEntity
  8
YAZI
100
AcDbText
 10
95.89999999999999
 20
11.339999999999998
 30
0.0
 40
0.1
  1

  7
ARIAL
 72
1
 11
95.89999999999999
 21
11.339999999999998
 31
0.0
100
AcDbText
 73
2
  0
LWPOLYLINE
  5
720
330
17
100
AcDbEntity
  8
TABLO-INCE
100
AcDbPolyline
 90
2
 70
0
 10
78.6
 20
10.889999999999997
 10
97.69999999999999
 20
10.889999999999997
  0
TEXT
  5
721
330
17
100
AcDbEntity
  8
YAZI
100
AcDbText
 10
78.67999999999999
 20
11.039999999999997
 30
0.0
 40
0.1
  1
ÖK-2 / MA-3, MA-4
  7
ARIAL
 11
78.67999999999999
 21
11.039999999999997
 31
0.0
100
AcDbText
 73
2
  0
TEXT
  5
722
330
17
100
AcDbEntity
  8
YAZI
100
AcDbText
 10
81.97999999999999
 20
11.039999999999997
 30
0.0
 40
0.1
  1
Anot akımları
  7
ARIAL
 11
81.97999999999999
 21
11.039999999999997
 31
0.0
100
AcDbText
 73
2
  0
TEXT
  5
723
330
17
100
AcDbEntity
  8
YAZI
100
AcDbText
 10
89.8
 20
11.039999999999997
 30
0.0
 40
0.1
  1
> 0 mA
  7
ARIAL
 72
1
 11
89.8
 21
11.039999999999997
 31
0.0
100
AcDbText
 73
2
  0
TEXT
  5
724
330
17
100
AcDbEntity
  8
YAZI
100
AcDbText
 10
92.7
 20
11.039999999999997
 30
0.0
 40
0.1
  1

  7
ARIAL
 72
1
 11
92.7
 21
11.039999999999997
 31
0.0
100
AcDbText
 73
2
  0
TEXT
  5
725
330
17
100
AcDbEntity
  8
YAZI
100
AcDbText
 10
95.89999999999999
 20
11.039999999999997
 30
0.0
 40
0.1
  1

  7
ARIAL
 72
1
 11
95.89999999999999
 21
11.039999999999997
 31
0.0
100
AcDbText
 73
2
  0
LWPOLYLINE
  5
726
330
17
100
AcDbEntity
  8
TABLO-INCE
100
AcDbPolyline
 90
2
 70
0
 10
78.6
 20
10.589999999999996
 10
97.69999999999999
 20
10.589999999999996
  0
TEXT
  5
727
330
17
100
AcDbEntity
  8
YAZI
100
AcDbText
 10
78.67999999999999
 20
10.739999999999997
 30
0.0
 40
0.1
  1
İF-1 ... İF-6
  7
ARIAL
 11
78.67999999999999
 21
10.739999999999997
 31
0.0
100
AcDbText
 73
2
  0
TEXT
  5
728
330
17
100
AcDbEntity
  8
YAZI
100
AcDbText
 10
81.97999999999999
 20
10.739999999999997
 30
0.0
 40
0.1
  1
İzolasyon kontrolü (potansiyel farkı)
  7
ARIAL
 11
81.97999999999999
 21
10.739999999999997
 31
0.0
100
AcDbText
 73
2
  0
TEXT
  5
729
330
17
100
AcDbEntity
  8
YAZI
100
AcDbText
 10
89.8
 20
10.739999999999997
 30
0.0
 40
0.1
  1
Yalıtım var
  7
ARIAL
 72
1
 11
89.8
 21
10.739999999999997
 31
0.0
100
AcDbText
 73
2
  0
TEXT
  5
72A
330
17
100
AcDbEntity
  8
YAZI
100
AcDbText
 10
92.7
 20
10.739999999999997
 30
0.0
 40
0.1
  1

  7
ARIAL
 72
1
 11
92.7
 21
10.739999999999997
 31
0.0
100
AcDbText
 73
2
  0
TEXT
  5
72B
330
17
100
AcDbEntity
  8
YAZI
100
AcDbText
 10
95.89999999999999
 20
10.739999999999997
 30
0.0
 40
0.1
  1

  7
ARIAL
 72
1
 11
95.89999999999999
 21
10.739999999999997
 31
0.0
100
AcDbText
 73
2
  0
LWPOLYLINE
  5
72C
330
17
100
AcDbEntity
  8
TABLO-INCE
100
AcDbPolyline
 90
2
 70
0
 10
78.6
 20
10.289999999999996
 10
97.69999999999999
 20
10.289999999999996
  0
TEXT
  5
72D
330
17
100
AcDbEntity
  8
YAZI
100
AcDbText
 10
78.67999999999999
 20
10.439999999999996
 30
0.0
 40
0.1
  1
Tank sahası
  7
ARIAL
 11
78.67999999999999
 21
10.439999999999996
 31
0.0
100
AcDbText
 73
2
  0
TEXT
  5
72E
330
17
100
AcDbEntity
  8
YAZI
100
AcDbText
 10
81.97999999999999
 20
10.439999999999996
 30
0.0
 40
0.1
  1
Zemin özdirenci (Wenner)
  7
ARIAL
 11
81.97999999999999
 21
10.439999999999996
 31
0.0
100
AcDbText
 73
2
  0
TEXT
  5
72F
330
17
100
AcDbEntity
  8
YAZI
100
AcDbText
 10
89.8
 20
10.439999999999996
 30
0.0
 40
0.1
  1
Ω·m
  7
ARIAL
 72
1
 11
89.8
 21
10.439999999999996
 31
0.0
100
AcDbText
 73
2
  0
TEXT
  5
730
330
17
100
AcDbEntity
  8
YAZI
100
AcDbText
 10
92.7
 20
10.439999999999996
 30
0.0
 40
0.1
  1

  7
ARIAL
 72
1
 11
92.7
 21
10.439999999999996
 31
0.0
100
AcDbText
 73
2
  0
TEXT
  5
731
330
17
100
AcDbEntity
  8
YAZI
100
AcDbText
 10
95.89999999999999
 20
10.439999999999996
 30
0.0
 40
0.1
  1

  7
ARIAL
 72
1
 11
95.89999999999999
 21
10.439999999999996
 31
0.0
100
AcDbText
 73
2
  0
LWPOLYLINE
  5
732
330
17
100
AcDbEntity
  8
TABLO
100
AcDbPolyline
 90
4
 70
1
 10
78.6
 20
10.289999999999996
 10
97.69999999999999
 20
10.289999999999996
 10
97.69999999999999
 20
12.75
 10
78.6
 20
12.75
  0
LWPOLYLINE
  5
733
330
17
100
AcDbEntity
  8
TABLO-INCE
100
AcDbPolyline
 90
2
 70
0
 10
81.89999999999999
 20
10.289999999999996
 10
81.89999999999999
 20
12.75
  0
LWPOLYLINE
  5
734
330
17
100
AcDbEntity
  8
TABLO-INCE
100
AcDbPolyline
 90
2
 70
0
 10
88.3
 20
10.289999999999996
 10
88.3
 20
12.75
  0
LWPOLYLINE
  5
735
330
17
100
AcDbEntity
  8
TABLO-INCE
100
AcDbPolyline
 90
2
 70
0
 10
91.3
 20
10.289999999999996
 10
91.3
 20
12.75
  0
LWPOLYLINE
  5
736
330
17
100
AcDbEntity
  8
TABLO-INCE
100
AcDbPolyline
 90
2
 70
0
 10
94.1
 20
10.289999999999996
 10
94.1
 20
12.75
  0
LWPOLYLINE
  5
737
330
17
100
AcDbEntity
  8
ANTET
100
AcDbPolyline
 90
4
 70
1
 10
78.2
 20
-0.71
 10
97.6
 20
-0.71
 10
97.6
 20
7.5
 10
78.2
 20
7.5
  0
LWPOLYLINE
  5
738
330
17
100
AcDbEntity
  8
ANTET
100
AcDbPolyline
 90
2
 70
0
 10
78.2
 20
0.29000000000000004
 10
97.6
 20
0.29000000000000004
  0
LWPOLYLINE
  5
739
330
17
100
AcDbEntity
  8
ANTET-INCE
100
AcDbPolyline
 90
2
 70
0
 10
78.2
 20
0.67
 10
97.6
 20
0.67
  0
LWPOLYLINE
  5
73A
330
17
100
AcDbEntity
  8
ANTET-INCE
100
AcDbPolyline
 90
2
 70
0
 10
78.2
 20
1.05
 10
97.6
 20
1.05
  0
LWPOLYLINE
  5
73B
330
17
100
AcDbEntity
  8
ANTET
100
AcDbPolyline
 90
2
 70
0
 10
78.2
 20
1.4000000000000001
 10
97.6
 20
1.4000000000000001
  0
LWPOLYLINE
  5
73C
330
17
100
AcDbEntity
  8
ANTET
100
AcDbPolyline
 90
2
 70
0
 10
78.2
 20
3.7
 10
97.6
 20
3.7
  0
LWPOLYLINE
  5
73D
330
17
100
AcDbEntity
  8
ANTET
100
AcDbPolyline
 90
2
 70
0
 10
78.2
 20
4.1000000000000005
 10
97.6
 20
4.1000000000000005
  0
LWPOLYLINE
  5
73E
330
17
100
AcDbEntity
  8
ANTET
100
AcDbPolyline
 90
2
 70
0
 10
78.2
 20
4.65
 10
97.6
 20
4.65
  0
LWPOLYLINE
  5
73F
330
17
100
AcDbEntity
  8
ANTET
100
AcDbPolyline
 90
2
 70
0
 10
78.2
 20
5.200000000000001
 10
97.6
 20
5.200000000000001
  0
LWPOLYLINE
  5
740
330
17
100
AcDbEntity
  8
ANTET
100
AcDbPolyline
 90
2
 70
0
 10
78.2
 20
5.9
 10
97.6
 20
5.9
  0
LWPOLYLINE
  5
741
330
17
100
AcDbEntity
  8
ANTET
100
AcDbPolyline
 90
2
 70
0
 10
78.2
 20
6.65
 10
97.6
 20
6.65
  0
TEXT
  5
742
330
17
100
AcDbEntity
  8
YAZI
 62
8
100
AcDbText
 10
78.4
 20
7.28
 30
0.0
 40
0.1
  1
PROJE
  7
ARIAL
 11
78.4
 21
7.28
 31
0.0
100
AcDbText
 73
2
  0
TEXT
  5
743
330
17
100
AcDbEntity
  8
YAZI
100
AcDbText
 10
78.4
 20
6.95
 30
0.0
 40
0.1275
  1
AKARYAKIT VE LPG İKMAL İSTASYONU - LPG TANKI VE HATLARI KATODİK KORUMA PROJESİ
  7
ARIAL
 11
78.4
 21
6.95
 31
0.0
100
AcDbText
 73
2
  0
TEXT
  5
744
330
17
100
AcDbEntity
  8
YAZI
 62
8
100
AcDbText
 10
78.4
 20
6.45
 30
0.0
 40
0.1
  1
PAFTA İÇERİĞİ
  7
ARIAL
 11
78.4
 21
6.45
 31
0.0
100
AcDbText
 73
2
  0
TEXT
  5
745
330
17
100
AcDbEntity
  8
YAZI
100
AcDbText
 10
78.4
 20
6.15
 30
0.0
 40
0.11
  1
Vaziyet ve KK uygulama planı, kesit A-A, perspektif, izometrik tesisat şeması, detaylar, hesap
  7
ARIAL
 11
78.4
 21
6.15
 31
0.0
100
AcDbText
 73
2
  0
LWPOLYLINE
  5
746
330
17
100
AcDbEntity
  8
ANTET
100
AcDbPolyline
 90
2
 70
0
 10
81.8
 20
4.1000000000000005
 10
81.8
 20
5.9
  0
TEXT
  5
747
330
17
100
AcDbEntity
  8
YAZI
 62
8
100
AcDbText
 10
78.4
 20
5.550000000000001
 30
0.0
 40
0.1
  1
İŞVEREN / MAL SAHİBİ
  7
ARIAL
 11
78.4
 21
5.550000000000001
 31
0.0
100
AcDbText
 73
2
  0
TEXT
  5
748
330
17
100
AcDbEntity
  8
YAZI
100
AcDbText
 10
82.0
 20
5.550000000000001
 30
0.0
 40
0.1275
  1
ZİVER PETROL A.Ş.
  7
ARIAL
 11
82.0
 21
5.550000000000001
 31
0.0
100
AcDbText
 73
2
  0
TEXT
  5
749
330
17
100
AcDbEntity
  8
YAZI
 62
8
100
AcDbText
 10
78.4
 20
4.925000000000001
 30
0.0
 40
0.1
  1
ADRES
  7
ARIAL
 11
78.4
 21
4.925000000000001
 31
0.0
100
AcDbText
 73
2
  0
TEXT
  5
74A
330
17
100
AcDbEntity
  8
YAZI
100
AcDbText
 10
82.0
 20
4.925000000000001
 30
0.0
 40
0.11
  1
Yenimahalle Mah. Hekimsuyu Cad. No:19/A  Gaziosmanpaşa / İSTANBUL
  7
ARIAL
 11
82.0
 21
4.925000000000001
 31
0.0
100
AcDbText
 73
2
  0
TEXT
  5
74B
330
17
100
AcDbEntity
  8
YAZI
 62
8
100
AcDbText
 10
78.4
 20
4.375
 30
0.0
 40
0.1
  1
PROJE KONUSU
  7
ARIAL
 11
78.4
 21
4.375
 31
0.0
100
AcDbText
 73
2
  0
TEXT
  5
74C
330
17
100
AcDbEntity
  8
YAZI
100
AcDbText
 10
82.0
 20
4.375
 30
0.0
 40
0.11
  1
LPG tankı (10 m³) ve hatları galvanik anotlu katodik koruma sistemi
  7
ARIAL
 11
82.0
 21
4.375
 31
0.0
100
AcDbText
 73
2
  0
LWPOLYLINE
  5
74D
330
17
100
AcDbEntity
  8
ANTET
100
AcDbPolyline
 90
2
 70
0
 10
84.8
 20
1.4000000000000001
 10
84.8
 20
4.1000000000000005
  0
LWPOLYLINE
  5
74E
330
17
100
AcDbEntity
  8
ANTET
100
AcDbPolyline
 90
2
 70
0
 10
91.8
 20
1.4000000000000001
 10
91.8
 20
4.1000000000000005
  0
TEXT
  5
74F
330
17
100
AcDbEntity
  8
YAZI
 62
8
100
AcDbText
 10
78.4
 20
3.9000000000000004
 30
0.0
 40
0.1
  1
ÇİZEN FİRMA
  7
ARIAL
 11
78.4
 21
3.9000000000000004
 31
0.0
100
AcDbText
 73
2
  0
TEXT
  5
750
330
17
100
AcDbEntity
  8
YAZI
 62
8
100
AcDbText
 10
85.0
 20
3.9000000000000004
 30
0.0
 40
0.1
  1
PROJE MÜELLİFİ
  7
ARIAL
 11
85.0
 21
3.9000000000000004
 31
0.0
100
AcDbText
 73
2
  0
TEXT
  5
751
330
17
100
AcDbEntity
  8
YAZI
 62
8
100
AcDbText
 10
92.0
 20
3.9000000000000004
 30
0.0
 40
0.1
  1
ONAY
  7
ARIAL
 11
92.0
 21
3.9000000000000004
 31
0.0
100
AcDbText
 73
2
  0
LWPOLYLINE
  5
752
330
17
100
AcDbEntity
  8
ANTET-LOGO
100
AcDbPolyline
 90
4
 70
1
 10
78.55
 20
1.7000000000000002
 10
84.45
 20
1.7000000000000002
 10
84.45
 20
3.4000000000000004
 10
78.55
 20
3.4000000000000004
  0
LWPOLYLINE
  5
753
330
17
100
AcDbEntity
  8
ANTET-INCE
100
AcDbPolyline
 90
4
 70
1
 10
78.63
 20
1.7800000000000002
 10
84.37
 20
1.7800000000000002
 10
84.37
 20
3.3200000000000003
 10
78.63
 20
3.3200000000000003
  0
TEXT
  5
754
330
17
100
AcDbEntity
  8
YAZI
100
AcDbText
 10
81.5
 20
2.83
 30
0.0
 40
0.1275
  1
SMA MÜHENDİSLİK
  7
ARIAL
 72
1
 11
81.5
 21
2.83
 31
0.0
100
AcDbText
 73
2
  0
LWPOLYLINE
  5
755
330
17
100
AcDbEntity
  8
ANTET-LOGO
100
AcDbPolyline
 90
2
 70
0
 10
80.15
 20
2.6
 10
82.85
 20
2.6
  0
TEXT
  5
756
330
17
100
AcDbEntity
  8
YAZI
100
AcDbText
 10
81.5
 20
2.35
 30
0.0
 40
0.1
  1
BÜRO TESCİL NO: 34341110000786
  7
ARIAL
 72
1
 11
81.5
 21
2.35
 31
0.0
100
AcDbText
 73
2
  0
TEXT
  5
757
330
17
100
AcDbEntity
  8
YAZI
100
AcDbText
 10
85.0
 20
3.25
 30
0.0
 40
0.1275
  1
ABDULLAH SUPHİ AYDIN
  7
ARIAL
 11
85.0
 21
3.25
 31
0.0
100
AcDbText
 73
2
  0
TEXT
  5
758
330
17
100
AcDbEntity
  8
YAZI
100
AcDbText
 10
85.0
 20
2.85
 30
0.0
 40
0.11
  1
EMO SİCİL NO: 34 34 5644
  7
ARIAL
 11
85.0
 21
2.85
 31
0.0
100
AcDbText
 73
2
  0
TEXT
  5
759
330
17
100
AcDbEntity
  8
YAZI
100
AcDbText
 10
85.0
 20
2.5
 30
0.0
 40
0.11
  1
BÜRO TESCİL NO: 34341110000786
  7
ARIAL
 11
85.0
 21
2.5
 31
0.0
100
AcDbText
 73
2
  0
TEXT
  5
75A
330
17
100
AcDbEntity
  8
YAZI
 62
8
100
AcDbText
 10
85.0
 20
1.75
 30
0.0
 40
0.1
  1
İMZA:
  7
ARIAL
 11
85.0
 21
1.75
 31
0.0
100
AcDbText
 73
2
  0
LWPOLYLINE
  5
75B
330
17
100
AcDbEntity
  8
ANTET-INCE
100
AcDbPolyline
 90
2
 70
0
 10
85.8
 20
1.6800000000000002
 10
91.39999999999999
 20
1.6800000000000002
  0
TEXT
  5
75C
330
17
100
AcDbEntity
  8
YAZI
 62
8
100
AcDbText
 10
78.4
 20
1.225
 30
0.0
 40
0.1
  1
REVİZYONLAR
  7
ARIAL
 11
78.4
 21
1.225
 31
0.0
100
AcDbText
 73
2
  0
LWPOLYLINE
  5
75D
330
17
100
AcDbEntity
  8
ANTET-INCE
100
AcDbPolyline
 90
2
 70
0
 10
79.2
 20
0.29000000000000004
 10
79.2
 20
1.05
  0
LWPOLYLINE
  5
75E
330
17
100
AcDbEntity
  8
ANTET-INCE
100
AcDbPolyline
 90
2
 70
0
 10
81.2
 20
0.29000000000000004
 10
81.2
 20
1.05
  0
LWPOLYLINE
  5
75F
330
17
100
AcDbEntity
  8
ANTET-INCE
100
AcDbPolyline
 90
2
 70
0
 10
91.8
 20
0.29000000000000004
 10
91.8
 20
1.05
  0
LWPOLYLINE
  5
760
330
17
100
AcDbEntity
  8
ANTET-INCE
100
AcDbPolyline
 90
2
 70
0
 10
94.5
 20
0.29000000000000004
 10
94.5
 20
1.05
  0
TEXT
  5
761
330
17
100
AcDbEntity
  8
YAZI
 62
8
100
AcDbText
 10
78.7
 20
0.8600000000000001
 30
0.0
 40
0.1
  1
REV
  7
ARIAL
 72
1
 11
78.7
 21
0.8600000000000001
 31
0.0
100
AcDbText
 73
2
  0
TEXT
  5
762
330
17
100
AcDbEntity
  8
YAZI
100
AcDbText
 10
78.7
 20
0.48000000000000004
 30
0.0
 40
0.1
  1
R1
  7
ARIAL
 72
1
 11
78.7
 21
0.48000000000000004
 31
0.0
100
AcDbText
 73
2
  0
TEXT
  5
763
330
17
100
AcDbEntity
  8
YAZI
 62
8
100
AcDbText
 10
80.2
 20
0.8600000000000001
 30
0.0
 40
0.1
  1
TARİH
  7
ARIAL
 72
1
 11
80.2
 21
0.8600000000000001
 31
0.0
100
AcDbText
 73
2
  0
TEXT
  5
764
330
17
100
AcDbEntity
  8
YAZI
100
AcDbText
 10
80.2
 20
0.48000000000000004
 30
0.0
 40
0.1
  1
10.2026
  7
ARIAL
 72
1
 11
80.2
 21
0.48000000000000004
 31
0.0
100
AcDbText
 73
2
  0
TEXT
  5
765
330
17
100
AcDbEntity
  8
YAZI
 62
8
100
AcDbText
 10
86.5
 20
0.8600000000000001
 30
0.0
 40
0.1
  1
AÇIKLAMA
  7
ARIAL
 72
1
 11
86.5
 21
0.8600000000000001
 31
0.0
100
AcDbText
 73
2
  0
TEXT
  5
766
330
17
100
AcDbEntity
  8
YAZI
100
AcDbText
 10
86.5
 20
0.48000000000000004
 30
0.0
 40
0.1
  1
Uygulama projesi
  7
ARIAL
 72
1
 11
86.5
 21
0.48000000000000004
 31
0.0
100
AcDbText
 73
2
  0
TEXT
  5
767
330
17
100
AcDbEntity
  8
YAZI
 62
8
100
AcDbText
 10
93.15
 20
0.8600000000000001
 30
0.0
 40
0.1
  1
ÇİZEN
  7
ARIAL
 72
1
 11
93.15
 21
0.8600000000000001
 31
0.0
100
AcDbText
 73
2
  0
TEXT
  5
768
330
17
100
AcDbEntity
  8
YAZI
100
AcDbText
 10
93.15
 20
0.48000000000000004
 30
0.0
 40
0.1
  1
SMA
  7
ARIAL
 72
1
 11
93.15
 21
0.48000000000000004
 31
0.0
100
AcDbText
 73
2
  0
TEXT
  5
769
330
17
100
AcDbEntity
  8
YAZI
 62
8
100
AcDbText
 10
96.05
 20
0.8600000000000001
 30
0.0
 40
0.1
  1
KONTROL
  7
ARIAL
 72
1
 11
96.05
 21
0.8600000000000001
 31
0.0
100
AcDbText
 73
2
  0
TEXT
  5
76A
330
17
100
AcDbEntity
  8
YAZI
100
AcDbText
 10
96.05
 20
0.48000000000000004
 30
0.0
 40
0.1
  1
A.S.A.
  7
ARIAL
 72
1
 11
96.05
 21
0.48000000000000004
 31
0.0
100
AcDbText
 73
2
  0
LWPOLYLINE
  5
76B
330
17
100
AcDbEntity
  8
ANTET
100
AcDbPolyline
 90
2
 70
0
 10
82.60000000000001
 20
-0.71
 10
82.60000000000001
 20
0.29000000000000004
  0
LWPOLYLINE
  5
76C
330
17
100
AcDbEntity
  8
ANTET
100
AcDbPolyline
 90
2
 70
0
 10
86.2
 20
-0.71
 10
86.2
 20
0.29000000000000004
  0
LWPOLYLINE
  5
76D
330
17
100
AcDbEntity
  8
ANTET
100
AcDbPolyline
 90
2
 70
0
 10
89.8
 20
-0.71
 10
89.8
 20
0.29000000000000004
  0
LWPOLYLINE
  5
76E
330
17
100
AcDbEntity
  8
ANTET
100
AcDbPolyline
 90
2
 70
0
 10
93.0
 20
-0.71
 10
93.0
 20
0.29000000000000004
  0
TEXT
  5
76F
330
17
100
AcDbEntity
  8
YAZI
 62
8
100
AcDbText
 10
78.35000000000001
 20
0.11000000000000004
 30
0.0
 40
0.1
  1
ÖLÇEK
  7
ARIAL
 11
78.35000000000001
 21
0.11000000000000004
 31
0.0
100
AcDbText
 73
2
  0
TEXT
  5
770
330
17
100
AcDbEntity
  8
YAZI
100
AcDbText
 10
80.4
 20
-0.36
 30
0.0
 40
0.1275
  1
1/50 (aksi belirtilmedikçe)
  7
ARIAL
 72
1
 11
80.4
 21
-0.36
 31
0.0
100
AcDbText
 73
2
  0
TEXT
  5
771
330
17
100
AcDbEntity
  8
YAZI
 62
8
100
AcDbText
 10
82.75000000000001
 20
0.11000000000000004
 30
0.0
 40
0.1
  1
TARİH
  7
ARIAL
 11
82.75000000000001
 21
0.11000000000000004
 31
0.0
100
AcDbText
 73
2
  0
TEXT
  5
772
330
17
100
AcDbEntity
  8
YAZI
100
AcDbText
 10
84.4
 20
-0.36
 30
0.0
 40
0.1275
  1
10.2026
  7
ARIAL
 72
1
 11
84.4
 21
-0.36
 31
0.0
100
AcDbText
 73
2
  0
TEXT
  5
773
330
17
100
AcDbEntity
  8
YAZI
 62
8
100
AcDbText
 10
86.35000000000001
 20
0.11000000000000004
 30
0.0
 40
0.1
  1
PAFTA NO
  7
ARIAL
 11
86.35000000000001
 21
0.11000000000000004
 31
0.0
100
AcDbText
 73
2
  0
TEXT
  5
774
330
17
100
AcDbEntity
  8
YAZI
100
AcDbText
 10
88.0
 20
-0.36
 30
0.0
 40
0.1275
  1
KK-01
  7
ARIAL
 72
1
 11
88.0
 21
-0.36
 31
0.0
100
AcDbText
 73
2
  0
TEXT
  5
775
330
17
100
AcDbEntity
  8
YAZI
 62
8
100
AcDbText
 10
89.95
 20
0.11000000000000004
 30
0.0
 40
0.1
  1
REVİZYON
  7
ARIAL
 11
89.95
 21
0.11000000000000004
 31
0.0
100
AcDbText
 73
2
  0
TEXT
  5
776
330
17
100
AcDbEntity
  8
YAZI
100
AcDbText
 10
91.4
 20
-0.36
 30
0.0
 40
0.1275
  1
R1
  7
ARIAL
 72
1
 11
91.4
 21
-0.36
 31
0.0
100
AcDbText
 73
2
  0
TEXT
  5
777
330
17
100
AcDbEntity
  8
YAZI
 62
8
100
AcDbText
 10
93.15
 20
0.11000000000000004
 30
0.0
 40
0.1
  1
PAFTA
  7
ARIAL
 11
93.15
 21
0.11000000000000004
 31
0.0
100
AcDbText
 73
2
  0
TEXT
  5
778
330
17
100
AcDbEntity
  8
YAZI
100
AcDbText
 10
95.3
 20
-0.36
 30
0.0
 40
0.1275
  1
1 / 1
  7
ARIAL
 72
1
 11
95.3
 21
-0.36
 31
0.0
100
AcDbText
 73
2
  0
ENDSEC
  0
SECTION
  2
OBJECTS
  0
DICTIONARY
  5
A
330
0
100
AcDbDictionary
281
1
  3
ACAD_COLOR
350
B
  3
ACAD_GROUP
350
C
  3
ACAD_LAYOUT
350
D
  3
ACAD_MATERIAL
350
E
  3
ACAD_MLEADERSTYLE
350
F
  3
ACAD_MLINESTYLE
350
10
  3
ACAD_PLOTSETTINGS
350
11
  3
ACAD_PLOTSTYLENAME
350
12
  3
ACAD_SCALELIST
350
14
  3
ACAD_TABLESTYLE
350
15
  3
ACAD_VISUALSTYLE
350
16
  3
SMA_META
350
77B
  0
DICTIONARY
  5
B
330
A
100
AcDbDictionary
281
1
  0
DICTIONARY
  5
C
330
A
100
AcDbDictionary
281
1
  0
DICTIONARY
  5
D
330
A
100
AcDbDictionary
281
1
  3
Model
350
1A
  3
Layout1
350
1E
  0
DICTIONARY
  5
E
330
A
100
AcDbDictionary
281
1
  3
ByBlock
350
1F
  3
ByLayer
350
20
  3
Global
350
21
  0
DICTIONARY
  5
F
330
A
100
AcDbDictionary
281
1
  3
Standard
350
2C
  0
DICTIONARY
  5
10
330
A
100
AcDbDictionary
281
1
  3
Standard
350
22
  0
DICTIONARY
  5
11
330
A
100
AcDbDictionary
281
1
  0
ACDBDICTIONARYWDFLT
  5
12
330
A
100
AcDbDictionary
281
1
  3
Normal
350
13
100
AcDbDictionaryWithDefault
340
13
  0
ACDBPLACEHOLDER
  5
13
330
12
  0
DICTIONARY
  5
14
330
A
100
AcDbDictionary
281
1
  0
DICTIONARY
  5
15
330
A
100
AcDbDictionary
281
1
  0
DICTIONARY
  5
16
330
A
100
AcDbDictionary
281
1
  3
2dWireframe
350
5A
  3
Basic
350
5B
  3
Brighten
350
5C
  3
ColorChange
350
5D
  3
Conceptual
350
5E
  3
Dim
350
5F
  3
EdgeColorOff
350
60
  3
Facepattern
350
61
  3
Flat
350
62
  3
FlatWithEdges
350
63
  3
Gouraud
350
64
  3
GouraudWithEdges
350
65
  3
Hidden
350
66
  3
JitterOff
350
67
  3
Linepattern
350
68
  3
Modeling
350
69
  3
OverhangOff
350
6A
  3
Realistic
350
6B
  3
Shaded
350
6C
  3
Shaded with edges
350
6D
  3
Shades of Gray
350
6E
  3
Sketchy
350
6F
  3
Thicken
350
70
  3
Wireframe
350
71
  3
X-Ray
350
72
  0
LAYOUT
  5
1A
330
D
100
AcDbPlotSettings
  1

  4
A3
  6

 40
7.5
 41
20.0
 42
7.5
 43
20.0
 44
420.0
 45
297.0
 46
0.0
 47
0.0
 48
0.0
 49
0.0
140
0.0
141
0.0
142
1.0
143
1.0
 70
1024
 72
1
 73
0
 74
5
  7

 75
16
 76
0
 77
2
 78
300
147
1.0
148
0.0
149
0.0
100
AcDbLayout
  1
Model
 70
1
 71
0
 10
0.0
 20
0.0
 11
420.0
 21
297.0
 12
0.0
 22
0.0
 32
0.0
 14
1e+20
 24
1e+20
 34
1e+20
 15
-1e+20
 25
-1e+20
 35
-1e+20
146
0.0
 13
0.0
 23
0.0
 33
0.0
 16
1.0
 26
0.0
 36
0.0
 17
0.0
 27
1.0
 37
0.0
 76
1
330
17
  0
LAYOUT
  5
1E
330
D
100
AcDbPlotSettings
  1

  4
A3
  6

 40
7.5
 41
20.0
 42
7.5
 43
20.0
 44
420.0
 45
297.0
 46
0.0
 47
0.0
 48
0.0
 49
0.0
140
0.0
141
0.0
142
1.0
143
1.0
 70
0
 72
1
 73
0
 74
5
  7

 75
16
 76
0
 77
2
 78
300
147
1.0
148
0.0
149
0.0
100
AcDbLayout
  1
Layout1
 70
1
 71
1
 10
0.0
 20
0.0
 11
420.0
 21
297.0
 12
0.0
 22
0.0
 32
0.0
 14
1e+20
 24
1e+20
 34
1e+20
 15
-1e+20
 25
-1e+20
 35
-1e+20
146
0.0
 13
0.0
 23
0.0
 33
0.0
 16
1.0
 26
0.0
 36
0.0
 17
0.0
 27
1.0
 37
0.0
 76
1
330
1B
  0
MATERIAL
  5
1F
102
{ACAD_REACTORS
330
E
102
}
330
E
100
AcDbMaterial
  1
ByBlock
  2

 70
0
 40
1.0
 71
1
 41
1.0
 91
-1023410177
 42
1.0
 72
1
  3

 73
1
 74
1
 75
1
 44
0.5
 73
0
 45
1.0
 46
1.0
 77
1
  4

 78
1
 79
1
170
1
 48
1.0
171
1
  6

172
1
173
1
174
1
140
1.0
141
1.0
175
1
  7

176
1
177
1
178
1
143
1.0
179
1
  8

270
1
271
1
272
1
145
1.0
146
1.0
273
1
  9

274
1
275
1
276
1
 42
1.0
 72
1
  3

 73
1
 74
1
 75
1
 94
63
  0
MATERIAL
  5
20
102
{ACAD_REACTORS
330
E
102
}
330
E
100
AcDbMaterial
  1
ByLayer
  2

 70
0
 40
1.0
 71
1
 41
1.0
 91
-1023410177
 42
1.0
 72
1
  3

 73
1
 74
1
 75
1
 44
0.5
 73
0
 45
1.0
 46
1.0
 77
1
  4

 78
1
 79
1
170
1
 48
1.0
171
1
  6

172
1
173
1
174
1
140
1.0
141
1.0
175
1
  7

176
1
177
1
178
1
143
1.0
179
1
  8

270
1
271
1
272
1
145
1.0
146
1.0
273
1
  9

274
1
275
1
276
1
 42
1.0
 72
1
  3

 73
1
 74
1
 75
1
 94
63
  0
MATERIAL
  5
21
102
{ACAD_REACTORS
330
E
102
}
330
E
100
AcDbMaterial
  1
Global
  2

 70
0
 40
1.0
 71
1
 41
1.0
 91
-1023410177
 42
1.0
 72
1
  3

 73
1
 74
1
 75
1
 44
0.5
 73
0
 45
1.0
 46
1.0
 77
1
  4

 78
1
 79
1
170
1
 48
1.0
171
1
  6

172
1
173
1
174
1
140
1.0
141
1.0
175
1
  7

176
1
177
1
178
1
143
1.0
179
1
  8

270
1
271
1
272
1
145
1.0
146
1.0
273
1
  9

274
1
275
1
276
1
 42
1.0
 72
1
  3

 73
1
 74
1
 75
1
 94
63
  0
MLINESTYLE
  5
22
102
{ACAD_REACTORS
330
10
102
}
330
10
100
AcDbMlineStyle
  2
Standard
 70
0
  3

 62
256
 51
90.0
 52
90.0
 71
2
 49
0.5
 62
256
  6
BYLAYER
 49
-0.5
 62
256
  6
BYLAYER
  0
MLEADERSTYLE
  5
2C
102
{ACAD_REACTORS
330
F
102
}
330
F
100
AcDbMLeaderStyle
179
2
170
2
171
1
172
0
 90
2
 40
0.0
 41
0.0
173
1
 91
-1056964608
 92
-2
290
1
 42
2.0
291
1
 43
8.0
  3
Standard
 44
4.0
300

342
29
174
1
175
1
176
0
178
1
 93
-1056964608
 45
4.0
292
0
297
0
 46
4.0
 94
-1056964608
 47
1.0
 49
1.0
140
1.0
294
1
141
0.0
177
0
142
1.0
295
0
296
0
143
3.75
271
0
272
9
273
9
  0
DICTIONARY
  5
2D
330
A
100
AcDbDictionary
280
1
281
1
  3
CREATED_BY
350
2E
  0
DICTIONARYVAR
  5
2E
330
2D
100
DictionaryVariables
280
0
  1
SMA MUHENDISLIK
  0
VISUALSTYLE
  5
5A
102
{ACAD_REACTORS
330
16
102
}
330
16
100
AcDbVisualStyle
  2
2dWireframe
 70
4
 90
0
 40
0.6
 62
7
290
0
291
0
  0
VISUALSTYLE
  5
5B
102
{ACAD_REACTORS
330
16
102
}
330
16
100
AcDbVisualStyle
  2
Basic
 70
7
 90
1
 40
0.6
 62
7
290
0
291
1
  0
VISUALSTYLE
  5
5C
102
{ACAD_REACTORS
330
16
102
}
330
16
100
AcDbVisualStyle
  2
Brighten
 70
12
 90
2
 40
0.6
 62
7
290
0
291
1
  0
VISUALSTYLE
  5
5D
102
{ACAD_REACTORS
330
16
102
}
330
16
100
AcDbVisualStyle
  2
ColorChange
 70
16
 90
2
 40
0.6
 62
8
290
0
291
1
  0
VISUALSTYLE
  5
5E
102
{ACAD_REACTORS
330
16
102
}
330
16
100
AcDbVisualStyle
  2
Conceptual
 70
9
 90
3
 40
0.6
 62
7
290
0
291
0
  0
VISUALSTYLE
  5
5F
102
{ACAD_REACTORS
330
16
102
}
330
16
100
AcDbVisualStyle
  2
Dim
 70
11
 90
2
 40
0.6
 62
7
290
0
291
1
  0
VISUALSTYLE
  5
60
102
{ACAD_REACTORS
330
16
102
}
330
16
100
AcDbVisualStyle
  2
EdgeColorOff
 70
22
 90
2
 40
0.6
 62
7
290
0
291
1
  0
VISUALSTYLE
  5
61
102
{ACAD_REACTORS
330
16
102
}
330
16
100
AcDbVisualStyle
  2
Facepattern
 70
15
 90
2
 40
0.6
 62
7
290
0
291
1
  0
VISUALSTYLE
  5
62
102
{ACAD_REACTORS
330
16
102
}
330
16
100
AcDbVisualStyle
  2
Flat
 70
0
 90
2
 40
0.6
 62
7
290
0
291
1
  0
VISUALSTYLE
  5
63
102
{ACAD_REACTORS
330
16
102
}
330
16
100
AcDbVisualStyle
  2
FlatWithEdges
 70
1
 90
2
 40
0.6
 62
7
290
0
291
1
  0
VISUALSTYLE
  5
64
102
{ACAD_REACTORS
330
16
102
}
330
16
100
AcDbVisualStyle
  2
Gouraud
 70
2
 90
2
 40
0.6
 62
7
290
0
291
1
  0
VISUALSTYLE
  5
65
102
{ACAD_REACTORS
330
16
102
}
330
16
100
AcDbVisualStyle
  2
GouraudWithEdges
 70
3
 90
2
 40
0.6
 62
7
290
0
291
1
  0
VISUALSTYLE
  5
66
102
{ACAD_REACTORS
330
16
102
}
330
16
100
AcDbVisualStyle
  2
Hidden
 70
6
 90
1
 40
0.6
 62
7
290
0
291
0
  0
VISUALSTYLE
  5
67
102
{ACAD_REACTORS
330
16
102
}
330
16
100
AcDbVisualStyle
  2
JitterOff
 70
20
 90
2
 40
0.6
 62
7
290
0
291
1
  0
VISUALSTYLE
  5
68
102
{ACAD_REACTORS
330
16
102
}
330
16
100
AcDbVisualStyle
  2
Linepattern
 70
14
 90
2
 40
0.6
 62
7
290
0
291
1
  0
VISUALSTYLE
  5
69
102
{ACAD_REACTORS
330
16
102
}
330
16
100
AcDbVisualStyle
  2
Modeling
 70
10
 90
2
 40
0.6
 62
7
290
0
291
0
  0
VISUALSTYLE
  5
6A
102
{ACAD_REACTORS
330
16
102
}
330
16
100
AcDbVisualStyle
  2
OverhangOff
 70
21
 90
2
 40
0.6
 62
7
290
0
291
1
  0
VISUALSTYLE
  5
6B
102
{ACAD_REACTORS
330
16
102
}
330
16
100
AcDbVisualStyle
  2
Realistic
 70
8
 90
2
 40
0.6
 62
7
290
0
291
0
  0
VISUALSTYLE
  5
6C
102
{ACAD_REACTORS
330
16
102
}
330
16
100
AcDbVisualStyle
  2
Shaded
 70
27
 90
2
 40
0.6
 62
7
290
0
291
0
  0
VISUALSTYLE
  5
6D
102
{ACAD_REACTORS
330
16
102
}
330
16
100
AcDbVisualStyle
  2
Shaded with edges
 70
26
 90
2
 40
0.6
 62
7
290
0
291
0
  0
VISUALSTYLE
  5
6E
102
{ACAD_REACTORS
330
16
102
}
330
16
100
AcDbVisualStyle
  2
Shades of Gray
 70
23
 90
2
 40
0.6
 62
7
290
0
291
0
  0
VISUALSTYLE
  5
6F
102
{ACAD_REACTORS
330
16
102
}
330
16
100
AcDbVisualStyle
  2
Sketchy
 70
24
 90
1
 40
0.6
 62
7
290
0
291
0
  0
VISUALSTYLE
  5
70
102
{ACAD_REACTORS
330
16
102
}
330
16
100
AcDbVisualStyle
  2
Thicken
 70
13
 90
2
 40
0.6
 62
7
290
0
291
1
  0
VISUALSTYLE
  5
71
102
{ACAD_REACTORS
330
16
102
}
330
16
100
AcDbVisualStyle
  2
Wireframe
 70
5
 90
0
 40
0.6
 62
7
290
0
291
0
  0
VISUALSTYLE
  5
72
102
{ACAD_REACTORS
330
16
102
}
330
16
100
AcDbVisualStyle
  2
X-Ray
 70
25
 90
2
 40
0.5
 62
7
290
0
291
0
  0
DICTIONARY
  5
77B
330
A
100
AcDbDictionary
280
1
281
1
  3
SAVED_BY
350
77C
  0
DICTIONARYVAR
  5
77C
330
77B
100
DictionaryVariables
280
0
  1
SMA MUHENDISLIK
  0
ENDSEC
  0
EOF
